p1_common_opponents_score,p1_strength_of_schedule_score,match_competitiveness,p2_ranking_momentum_score,p2_ranking,p1_surface_specialization_score,p2_surface_specialization_score,ranking_diff,p2_current_streak_count,common_opponents_count,p1_ranking,p2_regional_comfort_win_rate,p2_form_recent_score,p2_pts,ranking_ratio,elo_diff,p2_form_win_percentage,p2_elo,p1_pts,p2_common_opponents_score,p2_form_losses,p1_ranking_momentum_score,p1_current_streak_count,p1_elo,p1_form_win_percentage,p1_form_recent_score,surface_Clay,surface_Grass,surface_Hard,tipo_cancha_Clay,tipo_cancha_Grass,tipo_cancha_Hard,tipo_cancha_Harditf women: 12finisheddmitruk k.khomutsianskaya d.mansouri y.milovanovic e.207575--,p1_form_status_Buena,p1_form_status_Excelente,p1_form_status_Mala,p1_form_status_Regular,p1_current_streak_type_derrotas,p1_current_streak_type_victorias,p2_form_status_Buena,p2_form_status_Excelente,p2_form_status_Mala,p2_form_status_Regular,p2_current_streak_type_derrotas,p2_current_streak_type_victorias,actual_winner_player1,actual_winner_player2
0.8854166666666667,0.0,0.6666666666666666,1.0,0.034888989578613507,0.0,0.0,0.5008165487207404,0.45,0.42857142857142855,0.02757352941176471,0.375,0.3670212765957446,0.17164948453608248,0.06468461289964415,0.29795158286778395,0.5555555555555556,0.7559429477020605,0.26157485637039535,0.47560975609756095,0.5714285714285714,0.8965517241379312,0.13043478260869565,0.5555555555555554,0.4542974079126876,0.37704918032786877,False,False,False,False,False,False,True,False,False,False,True,True,False,False,False,False,True,True,False,False,True
0.0,0.0,0.3333333333333333,1.0,0.038966923425464435,0.0,0.0,0.5242242787152968,0.45,0.2857142857142857,0.07123161764705882,0.5,0.37765957446808507,0.16082474226804125,0.14641059430966322,0.26070763500931093,0.6111111111111112,0.6973058637083995,0.11625549172017573,0.8048780487804879,0.49999999999999994,0.9827586206896551,0.3913043478260869,0.4722222222222219,0.6589358799454298,0.4262295081967213,False,False,False,False,False,False,True,True,False,False,False,False,True,False,False,False,True,True,False,False,True
0.9583333333333335,0.0,0.3333333333333333,0.920353982300885,0.029451744449478935,0.0,0.0,0.487751769188895,0.35,0.5714285714285714,0.0,0.4,0.3617021276595745,0.19639175257731958,0.004667503166066542,1.0,0.5,0.6402535657686212,1.0,0.0,0.6428571428571428,0.9310344827586208,0.4782608695652174,0.9999999999999996,0.7953615279672578,0.4699453551912568,False,False,False,False,False,False,True,False,True,False,False,False,True,False,False,False,True,True,False,True,False
0.33333333333333337,0.0,0.3333333333333333,1.0,0.02492070684186679,0.0,0.0,0.523135547087643,0.45,0.14285714285714285,0.05514705882352941,0.429,0.3617021276595745,0.21829896907216495,0.17296495927758213,0.43389199255121036,0.5,0.7131537242472268,0.15309226089895234,0.5975609756097561,0.6428571428571428,0.9913793103448276,0.3913043478260869,0.6228070175438596,0.5907230559345157,0.42076502732240434,False,False,False,False,False,False,True,True,False,False,False,False,True,False,False,False,True,True,False,False,True
0.625,0.0,0.6666666666666666,0.9026548672566372,0.04893520616221115,0.0,0.0,0.49537289058247147,0.55,0.2857142857142857,0.03262867647058823,0.5,0.37765957446808507,0.12809278350515466,0.05362629765835711,0.41713221601489753,0.5555555555555556,0.6529318541996831,0.23622845555931057,0.0,0.5714285714285714,0.8879310344827587,0.21739130434782608,0.5540935672514617,0.5907230559345157,0.3934426229508196,False,False,False,False,False,False,True,True,False,False,False,True,False,False,False,False,True,False,True,False,True
0.875,0.0,0.6666666666666666,0.920353982300885,0.022655188038060717,0.0,0.0,0.495100707675558,0.4,0.6428571428571428,0.0055147058823529415,0.0,0.35106382978723405,0.22886597938144332,0.026050776788862612,0.9813780260707634,0.4444444444444445,0.5166402535657686,0.5488340655626901,0.573170731707317,0.7142857142857142,0.9913793103448276,0.21739130434782608,0.871345029239766,0.5907230559345157,0.3934426229508196,False,False,False,False,False,False,True,True,False,False,False,True,False,False,False,False,True,True,False,True,False
0.8229166666666667,0.0,0.6666666666666666,1.0,0.025826914363389217,0.0,0.0,0.49591725639629836,0.45,0.6428571428571428,0.010110294117647058,0.636,0.37765957446808507,0.2175257731958763,0.035818444986929945,0.7411545623836127,0.6111111111111112,0.7638668779714739,0.45082798242649536,0.9999999999999999,0.49999999999999994,0.9051724137931035,0.30434782608695654,0.9108187134502921,0.7953615279672578,0.42076502732240434,False,False,False,False,False,False,True,False,True,False,False,False,True,False,False,False,True,True,False,True,False
0.0,0.0,1.0,1.0,0.038060715903942006,0.0,0.0,0.5073489384866631,0.45,0.21428571428571427,0.04181985294117647,0.429,0.37765957446808507,0.16237113402061856,0.08872866750896714,0.17318435754189943,0.6111111111111112,0.7686212361331219,0.20108144643460626,0.8292682926829269,0.49999999999999994,0.8879310344827587,0.21739130434782608,0.4692982456140351,0.5225102319236017,0.38797814207650266,False,False,False,False,False,False,True,False,False,False,True,True,False,False,False,False,True,True,False,True,False
1.0,0.0,0.6666666666666666,0.920353982300885,0.027639329406434078,0.0,0.0,0.4972781709308656,0.4,0.7142857142857142,0.014246323529411766,0.625,0.35106382978723405,0.20335051546391752,0.04468448227440645,0.48603351955307256,0.4444444444444445,0.7099841521394614,0.37918215613382894,0.7926829268292683,0.7142857142857142,0.9051724137931035,0.13043478260869565,0.6608187134502921,0.3860845839017736,0.3715846994535519,False,False,False,False,False,False,True,False,False,False,True,True,False,False,False,False,True,True,False,False,True
0.8020833333333334,0.0,0.6666666666666666,0.9115044247787611,0.035795197100135935,0.0,0.0,0.4970059880239522,0.4,0.42857142857142855,0.022058823529411766,0.5,0.3617021276595745,0.1711340206185567,0.05093100854512853,0.7243947858472998,0.5,0.6133122028526148,0.29638391348428517,0.5121951219512195,0.6428571428571428,0.8965517241379312,0.21739130434782608,0.7587719298245612,0.5225102319236017,0.38797814207650266,False,False,False,False,False,False,True,False,False,False,True,True,False,False,False,False,True,True,False,True,False
0.0,0.37037037037037035,1.0,0.4601769911504425,0.0,1.0,0.9999999999999999,0.5062602068590093,0.75,0.07142857142857142,0.0013786764705882347,0.667,0.8297872340425532,1.0,0.12940439413251528,0.5381750465549348,0.9444444444444445,0.4817749603803487,0.8469077391010477,0.36585365853658536,0.07142857142857142,0.4482758620689656,1.0,0.49122807017543835,1.0000000000000002,0.8524590163934426,True,False,False,True,False,False,False,False,True,False,False,False,True,False,True,False,False,False,True,False,True
0.0,0.37037037037037035,1.0,0.4601769911504425,0.0,1.0,0.9999999999999999,0.5062602068590093,0.75,0.07142857142857142,0.0013786764705882347,0.667,0.8297872340425532,1.0,0.12940439413251528,0.5381750465549348,0.9444444444444445,0.4817749603803487,0.8469077391010477,0.36585365853658536,0.07142857142857142,0.4482758620689656,1.0,0.49122807017543835,1.0000000000000002,0.8524590163934426,True,False,False,True,False,False,False,False,True,False,False,False,True,False,True,False,False,False,True,False,True
0.0,0.37037037037037035,1.0,0.4601769911504425,0.0,1.0,0.9999999999999999,0.5062602068590093,0.75,0.07142857142857142,0.0013786764705882347,0.667,0.8297872340425532,1.0,0.12940439413251528,0.5381750465549348,0.9444444444444445,0.4817749603803487,0.8469077391010477,0.36585365853658536,0.07142857142857142,0.4482758620689656,1.0,0.49122807017543835,1.0000000000000002,0.8524590163934426,True,False,False,True,False,False,False,False,True,False,False,False,True,False,True,False,False,False,True,False,True
0.0,0.37037037037037035,1.0,0.4601769911504425,0.0,1.0,0.9999999999999999,0.5062602068590093,0.75,0.07142857142857142,0.0013786764705882347,0.667,0.8297872340425532,1.0,0.12940439413251528,0.5381750465549348,0.9444444444444445,0.4817749603803487,0.8469077391010477,0.36585365853658536,0.07142857142857142,0.4482758620689656,1.0,0.49122807017543835,1.0000000000000002,0.8524590163934426,True,False,False,True,False,False,False,False,True,False,False,False,True,False,True,False,False,False,True,False,True
0.0,0.37037037037037035,1.0,0.4601769911504425,0.0,1.0,0.9999999999999999,0.5062602068590093,0.75,0.07142857142857142,0.0013786764705882347,0.667,0.8297872340425532,1.0,0.12940439413251528,0.5381750465549348,0.9444444444444445,0.4817749603803487,0.8469077391010477,0.36585365853658536,0.07142857142857142,0.4482758620689656,1.0,0.49122807017543835,1.0000000000000002,0.8524590163934426,True,False,False,True,False,False,False,False,True,False,False,False,True,False,True,False,False,False,True,False,True
0.0,0.37037037037037035,1.0,0.4601769911504425,0.0,1.0,0.9999999999999999,0.5062602068590093,0.75,0.07142857142857142,0.0013786764705882347,0.667,0.8297872340425532,1.0,0.12940439413251528,0.5381750465549348,0.9444444444444445,0.4817749603803487,0.8469077391010477,0.36585365853658536,0.07142857142857142,0.4482758620689656,1.0,0.49122807017543835,1.0000000000000002,0.8524590163934426,True,False,False,True,False,False,False,False,True,False,False,False,True,False,True,False,False,False,True,False,True
0.0,0.37037037037037035,0.3333333333333333,0.4513274336283186,0.036701404621658364,0.9058823529411765,0.9512195121951219,0.4861186717474143,0.9,0.07142857142857142,0.004595588235294118,0.6,0.8297872340425532,0.21623711340206186,0.012175678886992594,0.35009310986964615,0.888888888888889,0.4326465927099843,0.6269009800608314,0.36585365853658536,0.14285714285714285,0.4482758620689656,0.4782608695652174,0.29824561403508776,0.5907230559345157,0.8469945355191256,True,False,False,True,False,False,False,True,False,False,False,False,True,False,True,False,False,False,True,False,True
0.0,0.37037037037037035,0.3333333333333333,0.4513274336283186,0.036701404621658364,0.9058823529411765,0.9512195121951219,0.4861186717474143,0.9,0.07142857142857142,0.004595588235294118,0.6,0.8297872340425532,0.21623711340206186,0.012175678886992594,0.35009310986964615,0.888888888888889,0.4326465927099843,0.6269009800608314,0.36585365853658536,0.14285714285714285,0.4482758620689656,0.4782608695652174,0.29824561403508776,0.5907230559345157,0.8469945355191256,True,False,False,True,False,False,False,True,False,False,False,False,True,False,True,False,False,False,True,False,True
0.0,0.37037037037037035,0.3333333333333333,0.4513274336283186,0.036701404621658364,0.9058823529411765,0.9512195121951219,0.4861186717474143,0.9,0.07142857142857142,0.004595588235294118,0.6,0.8297872340425532,0.21623711340206186,0.012175678886992594,0.35009310986964615,0.888888888888889,0.4326465927099843,0.6269009800608314,0.36585365853658536,0.14285714285714285,0.4482758620689656,0.4782608695652174,0.29824561403508776,0.5907230559345157,0.8469945355191256,True,False,False,True,False,False,False,True,False,False,False,False,True,False,True,False,False,False,True,False,True
0.0,0.37037037037037035,0.3333333333333333,0.4513274336283186,0.036701404621658364,0.9058823529411765,0.9512195121951219,0.4861186717474143,0.9,0.07142857142857142,0.004595588235294118,0.6,0.8297872340425532,0.21623711340206186,0.012175678886992594,0.35009310986964615,0.888888888888889,0.4326465927099843,0.6269009800608314,0.36585365853658536,0.14285714285714285,0.4482758620689656,0.4782608695652174,0.29824561403508776,0.5907230559345157,0.8469945355191256,True,False,False,True,False,False,False,True,False,False,False,False,True,False,True,False,False,False,True,False,True
0.0,0.37037037037037035,0.3333333333333333,0.4513274336283186,0.036701404621658364,0.9058823529411765,0.9512195121951219,0.4861186717474143,0.9,0.07142857142857142,0.004595588235294118,0.6,0.8297872340425532,0.21623711340206186,0.012175678886992594,0.35009310986964615,0.888888888888889,0.4326465927099843,0.6269009800608314,0.36585365853658536,0.14285714285714285,0.4482758620689656,0.4782608695652174,0.29824561403508776,0.5907230559345157,0.8469945355191256,True,False,False,True,False,False,False,True,False,False,False,False,True,False,True,False,False,False,True,False,True
0.0,0.37037037037037035,0.3333333333333333,0.4513274336283186,0.036701404621658364,0.9058823529411765,0.9512195121951219,0.4861186717474143,0.9,0.07142857142857142,0.004595588235294118,0.6,0.8297872340425532,0.21623711340206186,0.012175678886992594,0.35009310986964615,0.888888888888889,0.4326465927099843,0.6269009800608314,0.36585365853658536,0.14285714285714285,0.4482758620689656,0.4782608695652174,0.29824561403508776,0.5907230559345157,0.8469945355191256,True,False,False,True,False,False,False,True,False,False,False,False,True,False,True,False,False,False,True,False,True
0.0,0.37037037037037035,1.0,0.4601769911504425,0.0,1.0,0.9999999999999999,0.5062602068590093,0.75,0.07142857142857142,0.0013786764705882347,0.667,0.8297872340425532,1.0,0.12940439413251528,0.5381750465549348,0.9444444444444445,0.4817749603803487,0.8469077391010477,0.36585365853658536,0.07142857142857142,0.4482758620689656,1.0,0.49122807017543835,1.0000000000000002,0.8524590163934426,True,False,False,True,False,False,False,False,True,False,False,False,True,False,True,False,False,False,True,False,True
0.0,0.37037037037037035,1.0,0.4601769911504425,0.0,1.0,0.9999999999999999,0.5062602068590093,0.75,0.07142857142857142,0.0013786764705882347,0.667,0.8297872340425532,1.0,0.12940439413251528,0.5381750465549348,0.9444444444444445,0.4817749603803487,0.8469077391010477,0.36585365853658536,0.07142857142857142,0.4482758620689656,1.0,0.49122807017543835,1.0000000000000002,0.8524590163934426,True,False,False,True,False,False,False,False,True,False,False,False,True,False,True,False,False,False,True,False,True
0.0,0.37037037037037035,1.0,0.4601769911504425,0.0,1.0,0.9999999999999999,0.5062602068590093,0.75,0.07142857142857142,0.0013786764705882347,0.667,0.8297872340425532,1.0,0.12940439413251528,0.5381750465549348,0.9444444444444445,0.4817749603803487,0.8469077391010477,0.36585365853658536,0.07142857142857142,0.4482758620689656,1.0,0.49122807017543835,1.0000000000000002,0.8524590163934426,True,False,False,True,False,False,False,False,True,False,False,False,True,False,True,False,False,False,True,False,True
0.0,0.37037037037037035,1.0,0.4601769911504425,0.0,1.0,0.9999999999999999,0.5062602068590093,0.75,0.07142857142857142,0.0013786764705882347,0.667,0.8297872340425532,1.0,0.12940439413251528,0.5381750465549348,0.9444444444444445,0.4817749603803487,0.8469077391010477,0.36585365853658536,0.07142857142857142,0.4482758620689656,1.0,0.49122807017543835,1.0000000000000002,0.8524590163934426,True,False,False,True,False,False,False,False,True,False,False,False,True,False,True,False,False,False,True,False,True
0.0,0.37037037037037035,1.0,0.4601769911504425,0.0,1.0,0.9999999999999999,0.5062602068590093,0.75,0.07142857142857142,0.0013786764705882347,0.667,0.8297872340425532,1.0,0.12940439413251528,0.5381750465549348,0.9444444444444445,0.4817749603803487,0.8469077391010477,0.36585365853658536,0.07142857142857142,0.4482758620689656,1.0,0.49122807017543835,1.0000000000000002,0.8524590163934426,True,False,False,True,False,False,False,False,True,False,False,False,True,False,True,False,False,False,True,False,True
0.0,0.37037037037037035,1.0,0.4601769911504425,0.0,1.0,0.9999999999999999,0.5062602068590093,0.75,0.07142857142857142,0.0013786764705882347,0.667,0.8297872340425532,1.0,0.12940439413251528,0.5381750465549348,0.9444444444444445,0.4817749603803487,0.8469077391010477,0.36585365853658536,0.07142857142857142,0.4482758620689656,1.0,0.49122807017543835,1.0000000000000002,0.8524590163934426,True,False,False,True,False,False,False,False,True,False,False,False,True,False,True,False,False,False,True,False,True
0.0,0.37037037037037035,0.3333333333333333,0.4513274336283186,0.036701404621658364,0.9058823529411765,0.9512195121951219,0.4861186717474143,0.9,0.07142857142857142,0.004595588235294118,0.6,0.8297872340425532,0.21623711340206186,0.012175678886992594,0.35009310986964615,0.888888888888889,0.4326465927099843,0.6269009800608314,0.36585365853658536,0.14285714285714285,0.4482758620689656,0.4782608695652174,0.29824561403508776,0.5907230559345157,0.8469945355191256,True,False,False,True,False,False,False,True,False,False,False,False,True,False,True,False,False,False,True,False,True
0.0,0.37037037037037035,0.3333333333333333,0.4513274336283186,0.036701404621658364,0.9058823529411765,0.9512195121951219,0.4861186717474143,0.9,0.07142857142857142,0.004595588235294118,0.6,0.8297872340425532,0.21623711340206186,0.012175678886992594,0.35009310986964615,0.888888888888889,0.4326465927099843,0.6269009800608314,0.36585365853658536,0.14285714285714285,0.4482758620689656,0.4782608695652174,0.29824561403508776,0.5907230559345157,0.8469945355191256,True,False,False,True,False,False,False,True,False,False,False,False,True,False,True,False,False,False,True,False,True
0.0,0.37037037037037035,0.3333333333333333,0.4513274336283186,0.036701404621658364,0.9058823529411765,0.9512195121951219,0.4861186717474143,0.9,0.07142857142857142,0.004595588235294118,0.6,0.8297872340425532,0.21623711340206186,0.012175678886992594,0.35009310986964615,0.888888888888889,0.4326465927099843,0.6269009800608314,0.36585365853658536,0.14285714285714285,0.4482758620689656,0.4782608695652174,0.29824561403508776,0.5907230559345157,0.8469945355191256,True,False,False,True,False,False,False,True,False,False,False,False,True,False,True,False,False,False,True,False,True
0.0,0.37037037037037035,0.3333333333333333,0.4513274336283186,0.036701404621658364,0.9058823529411765,0.9512195121951219,0.4861186717474143,0.9,0.07142857142857142,0.004595588235294118,0.6,0.8297872340425532,0.21623711340206186,0.012175678886992594,0.35009310986964615,0.888888888888889,0.4326465927099843,0.6269009800608314,0.36585365853658536,0.14285714285714285,0.4482758620689656,0.4782608695652174,0.29824561403508776,0.5907230559345157,0.8469945355191256,True,False,False,True,False,False,False,True,False,False,False,False,True,False,True,False,False,False,True,False,True
0.0,0.37037037037037035,0.3333333333333333,0.4513274336283186,0.036701404621658364,0.9058823529411765,0.9512195121951219,0.4861186717474143,0.9,0.07142857142857142,0.004595588235294118,0.6,0.8297872340425532,0.21623711340206186,0.012175678886992594,0.35009310986964615,0.888888888888889,0.4326465927099843,0.6269009800608314,0.36585365853658536,0.14285714285714285,0.4482758620689656,0.4782608695652174,0.29824561403508776,0.5907230559345157,0.8469945355191256,True,False,False,True,False,False,False,True,False,False,False,False,True,False,True,False,False,False,True,False,True
0.0,0.37037037037037035,0.3333333333333333,0.4513274336283186,0.036701404621658364,0.9058823529411765,0.9512195121951219,0.4861186717474143,0.9,0.07142857142857142,0.004595588235294118,0.6,0.8297872340425532,0.21623711340206186,0.012175678886992594,0.35009310986964615,0.888888888888889,0.4326465927099843,0.6269009800608314,0.36585365853658536,0.14285714285714285,0.4482758620689656,0.4782608695652174,0.29824561403508776,0.5907230559345157,0.8469945355191256,True,False,False,True,False,False,False,True,False,False,False,False,True,False,True,False,False,False,True,False,True
0.78125,0.37037037037037035,1.0,0.4601769911504425,0.0,0.8588235294117648,0.8170731707317074,0.5062602068590093,0.75,0.6428571428571428,0.0013786764705882347,0.667,0.7340425531914893,1.0,0.12940439413251528,0.5772811918063314,0.9444444444444445,1.0,0.8469077391010477,0.0,0.07142857142857142,0.4482758620689656,1.0,0.9999999999999996,1.0000000000000002,0.7540983606557375,True,False,False,True,False,False,False,False,True,False,False,False,True,False,True,False,False,False,True,False,True
0.78125,0.37037037037037035,1.0,0.4601769911504425,0.0,0.8588235294117648,0.8170731707317074,0.5062602068590093,0.75,0.6428571428571428,0.0013786764705882347,0.667,0.7340425531914893,1.0,0.12940439413251528,0.5772811918063314,0.9444444444444445,1.0,0.8469077391010477,0.0,0.07142857142857142,0.4482758620689656,1.0,0.9999999999999996,1.0000000000000002,0.7540983606557375,True,False,False,True,False,False,False,False,True,False,False,False,True,False,True,False,False,False,True,False,True
0.78125,0.37037037037037035,1.0,0.4601769911504425,0.0,0.8588235294117648,0.8170731707317074,0.5062602068590093,0.75,0.6428571428571428,0.0013786764705882347,0.667,0.7340425531914893,1.0,0.12940439413251528,0.5772811918063314,0.9444444444444445,1.0,0.8469077391010477,0.0,0.07142857142857142,0.4482758620689656,1.0,0.9999999999999996,1.0000000000000002,0.7540983606557375,True,False,False,True,False,False,False,False,True,False,False,False,True,False,True,False,False,False,True,False,True
0.78125,0.37037037037037035,1.0,0.4601769911504425,0.0,0.8588235294117648,0.8170731707317074,0.5062602068590093,0.75,0.6428571428571428,0.0013786764705882347,0.667,0.7340425531914893,1.0,0.12940439413251528,0.5772811918063314,0.9444444444444445,1.0,0.8469077391010477,0.0,0.07142857142857142,0.4482758620689656,1.0,0.9999999999999996,1.0000000000000002,0.7540983606557375,True,False,False,True,False,False,False,False,True,False,False,False,True,False,True,False,False,False,True,False,True
0.78125,0.37037037037037035,1.0,0.4601769911504425,0.0,0.8588235294117648,0.8170731707317074,0.5062602068590093,0.75,0.6428571428571428,0.0013786764705882347,0.667,0.7340425531914893,1.0,0.12940439413251528,0.5772811918063314,0.9444444444444445,1.0,0.8469077391010477,0.0,0.07142857142857142,0.4482758620689656,1.0,0.9999999999999996,1.0000000000000002,0.7540983606557375,True,False,False,True,False,False,False,False,True,False,False,False,True,False,True,False,False,False,True,False,True
0.78125,0.37037037037037035,1.0,0.4601769911504425,0.0,0.8588235294117648,0.8170731707317074,0.5062602068590093,0.75,0.6428571428571428,0.0013786764705882347,0.667,0.7340425531914893,1.0,0.12940439413251528,0.5772811918063314,0.9444444444444445,1.0,0.8469077391010477,0.0,0.07142857142857142,0.4482758620689656,1.0,0.9999999999999996,1.0000000000000002,0.7540983606557375,True,False,False,True,False,False,False,False,True,False,False,False,True,False,True,False,False,False,True,False,True
0.0,0.37037037037037035,0.3333333333333333,0.4513274336283186,0.036701404621658364,0.7529411764705882,0.6341463414634146,0.4861186717474143,0.9,0.21428571428571427,0.004595588235294118,0.6,0.8138297872340425,0.21623711340206186,0.012175678886992594,0.6685288640595903,0.888888888888889,0.7179080824088748,0.6269009800608314,0.6341463414634146,0.14285714285714285,0.4482758620689656,0.4782608695652174,0.8114035087719298,0.5907230559345157,0.8306010928961748,True,False,False,True,False,False,False,True,False,False,False,False,True,False,True,False,False,False,True,False,True
0.0,0.37037037037037035,0.3333333333333333,0.4513274336283186,0.036701404621658364,0.7529411764705882,0.6341463414634146,0.4861186717474143,0.9,0.21428571428571427,0.004595588235294118,0.6,0.8138297872340425,0.21623711340206186,0.012175678886992594,0.6685288640595903,0.888888888888889,0.7179080824088748,0.6269009800608314,0.6341463414634146,0.14285714285714285,0.4482758620689656,0.4782608695652174,0.8114035087719298,0.5907230559345157,0.8306010928961748,True,False,False,True,False,False,False,True,False,False,False,False,True,False,True,False,False,False,True,False,True
0.0,0.37037037037037035,0.3333333333333333,0.4513274336283186,0.036701404621658364,0.7529411764705882,0.6341463414634146,0.4861186717474143,0.9,0.21428571428571427,0.004595588235294118,0.6,0.8138297872340425,0.21623711340206186,0.012175678886992594,0.6685288640595903,0.888888888888889,0.7179080824088748,0.6269009800608314,0.6341463414634146,0.14285714285714285,0.4482758620689656,0.4782608695652174,0.8114035087719298,0.5907230559345157,0.8306010928961748,True,False,False,True,False,False,False,True,False,False,False,False,True,False,True,False,False,False,True,False,True
0.0,0.37037037037037035,0.3333333333333333,0.4513274336283186,0.036701404621658364,0.7529411764705882,0.6341463414634146,0.4861186717474143,0.9,0.21428571428571427,0.004595588235294118,0.6,0.8138297872340425,0.21623711340206186,0.012175678886992594,0.6685288640595903,0.888888888888889,0.7179080824088748,0.6269009800608314,0.6341463414634146,0.14285714285714285,0.4482758620689656,0.4782608695652174,0.8114035087719298,0.5907230559345157,0.8306010928961748,True,False,False,True,False,False,False,True,False,False,False,False,True,False,True,False,False,False,True,False,True
0.0,0.37037037037037035,0.3333333333333333,0.4513274336283186,0.036701404621658364,0.7529411764705882,0.6341463414634146,0.4861186717474143,0.9,0.21428571428571427,0.004595588235294118,0.6,0.8138297872340425,0.21623711340206186,0.012175678886992594,0.6685288640595903,0.888888888888889,0.7179080824088748,0.6269009800608314,0.6341463414634146,0.14285714285714285,0.4482758620689656,0.4782608695652174,0.8114035087719298,0.5907230559345157,0.8306010928961748,True,False,False,True,False,False,False,True,False,False,False,False,True,False,True,False,False,False,True,False,True
0.0,0.37037037037037035,0.3333333333333333,0.4513274336283186,0.036701404621658364,0.7529411764705882,0.6341463414634146,0.4861186717474143,0.9,0.21428571428571427,0.004595588235294118,0.6,0.8138297872340425,0.21623711340206186,0.012175678886992594,0.6685288640595903,0.888888888888889,0.7179080824088748,0.6269009800608314,0.6341463414634146,0.14285714285714285,0.4482758620689656,0.4782608695652174,0.8114035087719298,0.5907230559345157,0.8306010928961748,True,False,False,True,False,False,False,True,False,False,False,False,True,False,True,False,False,False,True,False,True
0.78125,0.37037037037037035,1.0,0.4601769911504425,0.0,0.8588235294117648,0.8170731707317074,0.5062602068590093,0.75,0.6428571428571428,0.0013786764705882347,0.667,0.7340425531914893,1.0,0.12940439413251528,0.5772811918063314,0.9444444444444445,1.0,0.8469077391010477,0.0,0.07142857142857142,0.4482758620689656,1.0,0.9999999999999996,1.0000000000000002,0.7540983606557375,True,False,False,True,False,False,False,False,True,False,False,False,True,False,True,False,False,False,True,False,True
0.78125,0.37037037037037035,1.0,0.4601769911504425,0.0,0.8588235294117648,0.8170731707317074,0.5062602068590093,0.75,0.6428571428571428,0.0013786764705882347,0.667,0.7340425531914893,1.0,0.12940439413251528,0.5772811918063314,0.9444444444444445,1.0,0.8469077391010477,0.0,0.07142857142857142,0.4482758620689656,1.0,0.9999999999999996,1.0000000000000002,0.7540983606557375,True,False,False,True,False,False,False,False,True,False,False,False,True,False,True,False,False,False,True,False,True
0.78125,0.37037037037037035,1.0,0.4601769911504425,0.0,0.8588235294117648,0.8170731707317074,0.5062602068590093,0.75,0.6428571428571428,0.0013786764705882347,0.667,0.7340425531914893,1.0,0.12940439413251528,0.5772811918063314,0.9444444444444445,1.0,0.8469077391010477,0.0,0.07142857142857142,0.4482758620689656,1.0,0.9999999999999996,1.0000000000000002,0.7540983606557375,True,False,False,True,False,False,False,False,True,False,False,False,True,False,True,False,False,False,True,False,True
0.78125,0.37037037037037035,1.0,0.4601769911504425,0.0,0.8588235294117648,0.8170731707317074,0.5062602068590093,0.75,0.6428571428571428,0.0013786764705882347,0.667,0.7340425531914893,1.0,0.12940439413251528,0.5772811918063314,0.9444444444444445,1.0,0.8469077391010477,0.0,0.07142857142857142,0.4482758620689656,1.0,0.9999999999999996,1.0000000000000002,0.7540983606557375,True,False,False,True,False,False,False,False,True,False,False,False,True,False,True,False,False,False,True,False,True
0.78125,0.37037037037037035,1.0,0.4601769911504425,0.0,0.8588235294117648,0.8170731707317074,0.5062602068590093,0.75,0.6428571428571428,0.0013786764705882347,0.667,0.7340425531914893,1.0,0.12940439413251528,0.5772811918063314,0.9444444444444445,1.0,0.8469077391010477,0.0,0.07142857142857142,0.4482758620689656,1.0,0.9999999999999996,1.0000000000000002,0.7540983606557375,True,False,False,True,False,False,False,False,True,False,False,False,True,False,True,False,False,False,True,False,True
0.78125,0.37037037037037035,1.0,0.4601769911504425,0.0,0.8588235294117648,0.8170731707317074,0.5062602068590093,0.75,0.6428571428571428,0.0013786764705882347,0.667,0.7340425531914893,1.0,0.12940439413251528,0.5772811918063314,0.9444444444444445,1.0,0.8469077391010477,0.0,0.07142857142857142,0.4482758620689656,1.0,0.9999999999999996,1.0000000000000002,0.7540983606557375,True,False,False,True,False,False,False,False,True,False,False,False,True,False,True,False,False,False,True,False,True
0.0,0.37037037037037035,0.3333333333333333,0.4513274336283186,0.036701404621658364,0.7529411764705882,0.6341463414634146,0.4861186717474143,0.9,0.21428571428571427,0.004595588235294118,0.6,0.8138297872340425,0.21623711340206186,0.012175678886992594,0.6685288640595903,0.888888888888889,0.7179080824088748,0.6269009800608314,0.6341463414634146,0.14285714285714285,0.4482758620689656,0.4782608695652174,0.8114035087719298,0.5907230559345157,0.8306010928961748,True,False,False,True,False,False,False,True,False,False,False,False,True,False,True,False,False,False,True,False,True
0.0,0.37037037037037035,0.3333333333333333,0.4513274336283186,0.036701404621658364,0.7529411764705882,0.6341463414634146,0.4861186717474143,0.9,0.21428571428571427,0.004595588235294118,0.6,0.8138297872340425,0.21623711340206186,0.012175678886992594,0.6685288640595903,0.888888888888889,0.7179080824088748,0.6269009800608314,0.6341463414634146,0.14285714285714285,0.4482758620689656,0.4782608695652174,0.8114035087719298,0.5907230559345157,0.8306010928961748,True,False,False,True,False,False,False,True,False,False,False,False,True,False,True,False,False,False,True,False,True
0.0,0.37037037037037035,0.3333333333333333,0.4513274336283186,0.036701404621658364,0.7529411764705882,0.6341463414634146,0.4861186717474143,0.9,0.21428571428571427,0.004595588235294118,0.6,0.8138297872340425,0.21623711340206186,0.012175678886992594,0.6685288640595903,0.888888888888889,0.7179080824088748,0.6269009800608314,0.6341463414634146,0.14285714285714285,0.4482758620689656,0.4782608695652174,0.8114035087719298,0.5907230559345157,0.8306010928961748,True,False,False,True,False,False,False,True,False,False,False,False,True,False,True,False,False,False,True,False,True
0.0,0.37037037037037035,0.3333333333333333,0.4513274336283186,0.036701404621658364,0.7529411764705882,0.6341463414634146,0.4861186717474143,0.9,0.21428571428571427,0.004595588235294118,0.6,0.8138297872340425,0.21623711340206186,0.012175678886992594,0.6685288640595903,0.888888888888889,0.7179080824088748,0.6269009800608314,0.6341463414634146,0.14285714285714285,0.4482758620689656,0.4782608695652174,0.8114035087719298,0.5907230559345157,0.8306010928961748,True,False,False,True,False,False,False,True,False,False,False,False,True,False,True,False,False,False,True,False,True
0.0,0.37037037037037035,0.3333333333333333,0.4513274336283186,0.036701404621658364,0.7529411764705882,0.6341463414634146,0.4861186717474143,0.9,0.21428571428571427,0.004595588235294118,0.6,0.8138297872340425,0.21623711340206186,0.012175678886992594,0.6685288640595903,0.888888888888889,0.7179080824088748,0.6269009800608314,0.6341463414634146,0.14285714285714285,0.4482758620689656,0.4782608695652174,0.8114035087719298,0.5907230559345157,0.8306010928961748,True,False,False,True,False,False,False,True,False,False,False,False,True,False,True,False,False,False,True,False,True
0.0,0.37037037037037035,0.3333333333333333,0.4513274336283186,0.036701404621658364,0.7529411764705882,0.6341463414634146,0.4861186717474143,0.9,0.21428571428571427,0.004595588235294118,0.6,0.8138297872340425,0.21623711340206186,0.012175678886992594,0.6685288640595903,0.888888888888889,0.7179080824088748,0.6269009800608314,0.6341463414634146,0.14285714285714285,0.4482758620689656,0.4782608695652174,0.8114035087719298,0.5907230559345157,0.8306010928961748,True,False,False,True,False,False,False,True,False,False,False,False,True,False,True,False,False,False,True,False,True
0.0,0.8518518518518517,0.0,0.9115044247787611,0.03171726325328501,0.0,0.0,0.5449101796407186,0.55,0.07142857142857142,0.09880514705882353,0.33299999999999996,0.8191489361702128,0.1922680412371134,0.2451242619634323,0.4692737430167597,0.5,0.5419968304278924,0.0861777627576884,0.0,0.6428571428571428,0.8534482758620691,0.30434782608695654,0.49269005847953196,0.5907230559345157,0.8852459016393442,False,True,False,False,True,False,False,True,False,False,False,False,True,False,False,False,True,False,True,False,True
0.0,0.8518518518518517,0.0,0.9115044247787611,0.03171726325328501,0.0,0.0,0.5449101796407186,0.55,0.07142857142857142,0.09880514705882353,0.33299999999999996,0.8191489361702128,0.1922680412371134,0.2451242619634323,0.4692737430167597,0.5,0.5419968304278924,0.0861777627576884,0.0,0.6428571428571428,0.8534482758620691,0.30434782608695654,0.49269005847953196,0.5907230559345157,0.8852459016393442,False,True,False,False,True,False,False,True,False,False,False,False,True,False,False,False,True,False,True,False,True
0.04166666666666667,1.0,0.3333333333333333,0.8849557522123894,0.07974626189397373,0.0,0.5975609756097561,0.482852476864453,0.65,0.6428571428571428,0.04273897058823529,0.583,0.8457446808510639,0.0809278350515464,0.04132976546292886,0.5549348230912476,0.6111111111111112,0.41045958795562587,0.20108144643460626,0.06097560975609756,0.49999999999999994,0.8879310344827587,0.30434782608695654,0.43859649122806976,0.5225102319236017,0.808743169398907,False,True,False,False,True,False,False,False,False,False,True,False,True,False,False,False,True,False,True,True,False
0.04166666666666667,1.0,0.3333333333333333,0.8849557522123894,0.07974626189397373,0.0,0.5975609756097561,0.482852476864453,0.65,0.6428571428571428,0.04273897058823529,0.583,0.8457446808510639,0.0809278350515464,0.04132976546292886,0.5549348230912476,0.6111111111111112,0.41045958795562587,0.20108144643460626,0.06097560975609756,0.49999999999999994,0.8879310344827587,0.30434782608695654,0.43859649122806976,0.5225102319236017,0.808743169398907,False,True,False,False,True,False,False,False,False,False,True,False,True,False,False,False,True,False,True,True,False
0.0,1.0,0.0,0.8584070796460177,0.15949252378794745,0.0,0.5975609756097561,0.4360370168753403,0.65,0.07142857142857142,0.044577205882352935,1.0,0.9148936170212766,0.03505154639175258,0.018012691431748593,0.5307262569832402,0.7777777777777778,0.4627575277337561,0.19533626225076037,0.0,0.2857142857142857,0.8879310344827587,0.30434782608695654,0.4678362573099415,0.4542974079126876,0.8579234972677595,False,True,False,False,True,False,False,False,False,False,True,False,True,True,False,False,False,False,True,False,True
0.0,1.0,0.0,0.8584070796460177,0.15949252378794745,0.0,0.5975609756097561,0.4360370168753403,0.65,0.07142857142857142,0.044577205882352935,1.0,0.9148936170212766,0.03505154639175258,0.018012691431748593,0.5307262569832402,0.7777777777777778,0.4627575277337561,0.19533626225076037,0.0,0.2857142857142857,0.8879310344827587,0.30434782608695654,0.4678362573099415,0.4542974079126876,0.8579234972677595,False,True,False,False,True,False,False,False,False,False,True,False,True,True,False,False,False,False,True,False,True
0.0,1.0,0.6666666666666666,0.8938053097345133,0.07113729043951066,0.0,0.0,0.4991834512792597,0.55,0.3571428571428571,0.06158088235294117,0.4,0.8617021276595745,0.08943298969072165,0.06893256015702291,0.20856610800744874,0.7222222222222222,0.4849445324881141,0.137546468401487,0.04878048780487805,0.35714285714285715,0.8706896551724138,0.30434782608695654,0.23538011695906436,0.1814461118690314,0.7431693989071038,False,True,False,False,True,False,False,False,False,True,False,False,True,True,False,False,False,False,True,False,True
0.0,1.0,0.6666666666666666,0.8938053097345133,0.07113729043951066,0.0,0.0,0.4991834512792597,0.55,0.3571428571428571,0.06158088235294117,0.4,0.8617021276595745,0.08943298969072165,0.06893256015702291,0.20856610800744874,0.7222222222222222,0.4849445324881141,0.137546468401487,0.04878048780487805,0.35714285714285715,0.8706896551724138,0.30434782608695654,0.23538011695906436,0.1814461118690314,0.7431693989071038,False,True,False,False,True,False,False,False,False,True,False,False,True,True,False,False,False,False,True,False,True
0.0,1.0,0.6666666666666666,0.9115044247787611,0.04395106479383779,0.0,0.0,0.5097985846488842,0.55,0.5,0.051930147058823525,0.5,0.8351063829787234,0.15180412371134022,0.095204166440782,0.30167597765363124,0.6111111111111112,0.5546751188589543,0.16998986143967557,0.036585365853658534,0.49999999999999994,0.8793103448275863,0.30434782608695654,0.3728070175438596,0.3178717598908595,0.7868852459016392,False,True,False,False,True,False,False,False,False,False,True,False,True,False,False,False,True,False,True,False,True
0.0,1.0,0.6666666666666666,0.9115044247787611,0.04395106479383779,0.0,0.0,0.5097985846488842,0.55,0.5,0.051930147058823525,0.5,0.8351063829787234,0.15180412371134022,0.095204166440782,0.30167597765363124,0.6111111111111112,0.5546751188589543,0.16998986143967557,0.036585365853658534,0.49999999999999994,0.8793103448275863,0.30434782608695654,0.3728070175438596,0.3178717598908595,0.7868852459016392,False,True,False,False,True,False,False,False,False,False,True,False,True,False,False,False,True,False,True,False,True
0.020833333333333336,1.0,0.3333333333333333,0.9115044247787611,0.041232442229270506,0.0,0.0,0.5258573761567774,0.55,0.3571428571428571,0.07628676470588236,0.2,0.723404255319149,0.16108247422680413,0.14841711853788156,0.6256983240223464,0.2777777777777778,0.3629160063391441,0.11084825954714429,0.024390243902439025,0.9285714285714286,0.8620689655172414,0.30434782608695654,0.45029239766081863,0.4542974079126876,0.8196721311475409,False,True,False,False,True,False,False,False,False,False,True,False,True,False,False,True,False,False,True,True,False
0.020833333333333336,1.0,0.3333333333333333,0.9115044247787611,0.041232442229270506,0.0,0.0,0.5258573761567774,0.55,0.3571428571428571,0.07628676470588236,0.2,0.723404255319149,0.16108247422680413,0.14841711853788156,0.6256983240223464,0.2777777777777778,0.3629160063391441,0.11084825954714429,0.024390243902439025,0.9285714285714286,0.8620689655172414,0.30434782608695654,0.45029239766081863,0.4542974079126876,0.8196721311475409,False,True,False,False,True,False,False,False,False,False,True,False,True,False,False,True,False,False,True,True,False
0.0,0.9629629629629629,0.6666666666666666,0.8938053097345133,0.06071590394200273,0.0,0.0,0.5081654872074034,0.55,0.3571428571428571,0.0661764705882353,0.75,0.8351063829787234,0.10592783505154639,0.08758866271450255,0.40223463687150834,0.6666666666666667,0.5324881141045958,0.1297735721527543,0.04878048780487805,0.42857142857142855,0.8706896551724138,0.30434782608695654,0.43128654970760216,0.4542974079126876,0.8306010928961748,False,True,False,False,True,False,False,False,False,False,True,False,True,True,False,False,False,False,True,False,True
0.0,0.9629629629629629,0.6666666666666666,0.8938053097345133,0.06071590394200273,0.0,0.0,0.5081654872074034,0.55,0.3571428571428571,0.0661764705882353,0.75,0.8351063829787234,0.10592783505154639,0.08758866271450255,0.40223463687150834,0.6666666666666667,0.5324881141045958,0.1297735721527543,0.04878048780487805,0.42857142857142855,0.8706896551724138,0.30434782608695654,0.43128654970760216,0.4542974079126876,0.8306010928961748,False,True,False,False,True,False,False,False,False,False,True,False,True,True,False,False,False,False,True,False,True
0.0,0.6666666666666665,0.3333333333333333,0.8938053097345133,0.0661531490711373,0.0,0.0,0.525585193249864,0.55,0.21428571428571427,0.10110294117647059,0.75,0.8723404255319148,0.09922680412371135,0.12362081425322952,0.5381750465549348,0.6666666666666667,0.42472266244057044,0.08415005069280161,0.0,0.42857142857142855,0.8534482758620691,0.30434782608695654,0.43859649122806976,0.6589358799454298,0.8852459016393442,False,True,False,False,True,False,False,True,False,False,False,False,True,True,False,False,False,False,True,False,True
0.0,0.6666666666666665,0.3333333333333333,0.8938053097345133,0.0661531490711373,0.0,0.0,0.525585193249864,0.55,0.21428571428571427,0.10110294117647059,0.75,0.8723404255319148,0.09922680412371135,0.12362081425322952,0.5381750465549348,0.6666666666666667,0.42472266244057044,0.08415005069280161,0.0,0.42857142857142855,0.8534482758620691,0.30434782608695654,0.43859649122806976,0.6589358799454298,0.8852459016393442,False,True,False,False,True,False,False,True,False,False,False,False,True,True,False,False,False,False,True,False,True
0.020833333333333336,1.0,0.0,0.9026548672566372,0.057091073855913006,0.2823529411764706,0.0,0.5449101796407186,0.55,0.21428571428571427,0.1245404411764706,0.818,0.824468085106383,0.14484536082474228,0.17668992633238997,0.42271880819366847,0.6111111111111112,0.5530903328050716,0.08178438661710037,0.024390243902439025,0.49999999999999994,0.8534482758620691,0.30434782608695654,0.4663742690058479,0.5225102319236017,0.8469945355191256,False,True,False,False,True,False,False,False,False,False,True,False,True,False,False,False,True,False,True,True,False
0.020833333333333336,1.0,0.0,0.9026548672566372,0.057091073855913006,0.2823529411764706,0.0,0.5449101796407186,0.55,0.21428571428571427,0.1245404411764706,0.818,0.824468085106383,0.14484536082474228,0.17668992633238997,0.42271880819366847,0.6111111111111112,0.5530903328050716,0.08178438661710037,0.024390243902439025,0.49999999999999994,0.8534482758620691,0.30434782608695654,0.4663742690058479,0.5225102319236017,0.8469945355191256,False,True,False,False,True,False,False,False,False,False,True,False,True,False,False,False,True,False,True,True,False
0.0,1.0,0.3333333333333333,0.8938053097345133,0.08654281830539194,0.6941176470588235,0.0,0.47985846488840506,1.0,0.07142857142857142,0.044577205882352935,0.25,0.9999999999999999,0.09407216494845361,0.03936485990192055,0.3966480446927374,0.7222222222222222,0.5293185419968305,0.2443393038188577,0.0,0.35714285714285715,0.8879310344827587,0.08695652173913043,0.4239766081871341,0.3178717598908595,0.7650273224043714,False,True,False,False,True,False,False,False,False,False,True,True,False,True,False,False,False,False,True,False,True
0.0,1.0,0.3333333333333333,0.8938053097345133,0.08654281830539194,0.6941176470588235,0.0,0.47985846488840506,1.0,0.07142857142857142,0.044577205882352935,0.25,0.9999999999999999,0.09407216494845361,0.03936485990192055,0.3966480446927374,0.7222222222222222,0.5293185419968305,0.2443393038188577,0.0,0.35714285714285715,0.8879310344827587,0.08695652173913043,0.4239766081871341,0.3178717598908595,0.7650273224043714,False,True,False,False,True,False,False,False,False,False,True,True,False,True,False,False,False,False,True,False,True
0.03125,1.0,0.3333333333333333,0.929203539823009,0.013140009062075218,0.4117647058823529,0.0,0.5285792052259118,0.55,0.3571428571428571,0.052389705882352935,0.7140000000000001,0.7978723404255319,0.3350515463917526,0.28313422195337984,0.43761638733705766,0.5555555555555556,0.5467511885895404,0.21358567083474145,0.036585365853658534,0.5714285714285714,0.8879310344827587,0.3913043478260869,0.4722222222222219,0.5907230559345157,0.9071038251366119,False,True,False,False,True,False,False,True,False,False,False,False,True,False,False,False,True,False,True,True,False
0.03125,1.0,0.3333333333333333,0.929203539823009,0.013140009062075218,0.4117647058823529,0.0,0.5285792052259118,0.55,0.3571428571428571,0.052389705882352935,0.7140000000000001,0.7978723404255319,0.3350515463917526,0.28313422195337984,0.43761638733705766,0.5555555555555556,0.5467511885895404,0.21358567083474145,0.036585365853658534,0.5714285714285714,0.8879310344827587,0.3913043478260869,0.4722222222222219,0.5907230559345157,0.9071038251366119,False,True,False,False,True,False,False,True,False,False,False,False,True,False,False,False,True,False,True,True,False
0.0,1.0,0.0,0.8761061946902655,0.12143180788400545,0.0,0.0,0.46434403919433864,1.0,0.07142857142857142,0.05376838235294117,0.7000000000000001,0.9999999999999999,0.06417525773195877,0.032457672729944265,0.36126629422718803,1.0,0.6434231378763866,0.20615072659682324,0.0,0.0,0.8879310344827587,0.17391304347826086,0.5014619883040932,0.5907230559345157,0.8524590163934426,False,True,False,False,True,False,False,True,False,False,False,True,False,False,True,False,False,False,True,True,False
0.0,1.0,0.0,0.8761061946902655,0.12143180788400545,0.0,0.0,0.46434403919433864,1.0,0.07142857142857142,0.05376838235294117,0.7000000000000001,0.9999999999999999,0.06417525773195877,0.032457672729944265,0.36126629422718803,1.0,0.6434231378763866,0.20615072659682324,0.0,0.0,0.8879310344827587,0.17391304347826086,0.5014619883040932,0.5907230559345157,0.8524590163934426,False,True,False,False,True,False,False,True,False,False,False,True,False,False,True,False,False,False,True,True,False
0.0,1.0,0.3333333333333333,0.9115044247787611,0.05527865881286815,0.0,0.0,0.4787697332607513,0.55,0.3571428571428571,0.011029411764705881,0.5,0.8457446808510639,0.1520618556701031,0.015176144432118227,0.6778398510242085,0.7222222222222222,0.5451664025356577,0.4525177424805677,0.0,0.35714285714285715,0.9051724137931035,0.30434782608695654,0.6593567251461985,0.5225102319236017,0.8688524590163934,False,True,False,False,True,False,False,False,False,False,True,False,True,True,False,False,False,False,True,True,False
0.0,1.0,0.3333333333333333,0.9115044247787611,0.05527865881286815,0.0,0.0,0.4787697332607513,0.55,0.3571428571428571,0.011029411764705881,0.5,0.8457446808510639,0.1520618556701031,0.015176144432118227,0.6778398510242085,0.7222222222222222,0.5451664025356577,0.4525177424805677,0.0,0.35714285714285715,0.9051724137931035,0.30434782608695654,0.6593567251461985,0.5225102319236017,0.8688524590163934,False,True,False,False,True,False,False,False,False,False,True,False,True,True,False,False,False,False,True,True,False
0.0,1.0,0.3333333333333333,0.9026548672566372,0.05845038513819665,0.4823529411764706,0.0,0.5264017419706043,0.55,0.07142857142857142,0.09466911764705882,0.762,0.8882978723404255,0.14175257731958762,0.1309034825627649,0.4283054003724394,0.7777777777777778,0.543581616481775,0.11253801960121662,0.0,0.2857142857142857,0.8706896551724138,0.30434782608695654,0.46198830409356706,0.6589358799454298,0.896174863387978,False,True,False,False,True,False,False,True,False,False,False,False,True,True,False,False,False,False,True,False,True
0.0,1.0,0.3333333333333333,0.9026548672566372,0.05845038513819665,0.4823529411764706,0.0,0.5264017419706043,0.55,0.07142857142857142,0.09466911764705882,0.762,0.8882978723404255,0.14175257731958762,0.1309034825627649,0.4283054003724394,0.7777777777777778,0.543581616481775,0.11253801960121662,0.0,0.2857142857142857,0.8706896551724138,0.30434782608695654,0.46198830409356706,0.6589358799454298,0.896174863387978,False,True,False,False,True,False,False,True,False,False,False,False,True,True,False,False,False,False,True,False,True
0.0,1.0,0.6666666666666666,0.8584070796460177,0.06252831898504758,0.5764705882352942,0.0,0.5119760479041917,0.55,0.07142857142857142,0.0744485294117647,0.783,0.9414893617021276,0.13479381443298968,0.09583005791916888,0.5139664804469273,0.8333333333333334,0.5816164817749603,0.14430550861777627,0.0,0.21428571428571425,0.8706896551724138,0.3913043478260869,0.5643274853801166,0.6589358799454298,0.9508196721311475,False,True,False,False,True,False,False,True,False,False,False,False,True,False,True,False,False,False,True,True,False
0.0,1.0,0.6666666666666666,0.8584070796460177,0.06252831898504758,0.5764705882352942,0.0,0.5119760479041917,0.55,0.07142857142857142,0.0744485294117647,0.783,0.9414893617021276,0.13479381443298968,0.09583005791916888,0.5139664804469273,0.8333333333333334,0.5816164817749603,0.14430550861777627,0.0,0.21428571428571425,0.8706896551724138,0.3913043478260869,0.5643274853801166,0.6589358799454298,0.9508196721311475,False,True,False,False,True,False,False,True,False,False,False,False,True,False,True,False,False,False,True,True,False
0.020833333333333336,1.0,0.3333333333333333,0.9026548672566372,0.06343452650657001,0.0,0.5609756097560976,0.4782253674469244,0.65,0.3571428571428571,0.01838235294117647,0.667,0.8723404255319148,0.12783505154639177,0.021835097587218674,0.2793296089385474,0.6666666666666667,0.5752773375594296,0.3751267320040554,0.0,0.42857142857142855,0.9051724137931035,0.30434782608695654,0.3742690058479532,0.24965893587994545,0.7814207650273223,False,True,False,False,True,False,False,False,False,True,False,False,True,True,False,False,False,False,True,False,True
0.020833333333333336,1.0,0.3333333333333333,0.9026548672566372,0.06343452650657001,0.0,0.5609756097560976,0.4782253674469244,0.65,0.3571428571428571,0.01838235294117647,0.667,0.8723404255319148,0.12783505154639177,0.021835097587218674,0.2793296089385474,0.6666666666666667,0.5752773375594296,0.3751267320040554,0.0,0.42857142857142855,0.9051724137931035,0.30434782608695654,0.3742690058479532,0.24965893587994545,0.7814207650273223,False,True,False,False,True,False,False,False,False,True,False,False,True,True,False,False,False,False,True,False,True
0.07291666666666669,1.0,0.0,0.8938053097345133,0.0915269596737653,0.0,0.49999999999999994,0.4654327708219924,0.55,0.5,0.025275735294117647,0.6,0.7712765957446808,0.08943298969072165,0.01922088703170142,0.802607076350093,0.5,0.3454833597464342,0.33085501858736055,0.04878048780487805,0.6428571428571428,0.8965517241379312,0.30434782608695654,0.5730994152046782,0.5225102319236017,0.8196721311475409,False,True,False,False,True,False,False,False,False,False,True,False,True,False,False,False,True,False,True,True,False
0.07291666666666669,1.0,0.0,0.8938053097345133,0.0915269596737653,0.0,0.49999999999999994,0.4654327708219924,0.55,0.5,0.025275735294117647,0.6,0.7712765957446808,0.08943298969072165,0.01922088703170142,0.802607076350093,0.5,0.3454833597464342,0.33085501858736055,0.04878048780487805,0.6428571428571428,0.8965517241379312,0.30434782608695654,0.5730994152046782,0.5225102319236017,0.8196721311475409,False,True,False,False,True,False,False,False,False,False,True,False,True,False,False,False,True,False,True,True,False
0.17708333333333337,0.0,0.3333333333333333,0.8141592920353983,0.28590847304032624,0.5176470588235295,0.5121951219512195,0.48530212302667397,0.65,0.42857142857142855,0.25597426470588236,0.0,0.7553191489361701,0.013917525773195875,0.0701743394759014,0.5940409683426443,0.888888888888889,0.48652931854199677,0.022980736735383575,0.20731707317073172,0.14285714285714285,0.8017241379310346,0.3913043478260869,0.5394736842105261,1.0000000000000002,0.814207650273224,False,False,True,False,False,True,False,False,True,False,False,False,True,False,True,False,False,False,True,False,True
0.17708333333333337,0.0,0.3333333333333333,0.8141592920353983,0.28590847304032624,0.5176470588235295,0.5121951219512195,0.48530212302667397,0.65,0.42857142857142855,0.25597426470588236,0.0,0.7553191489361701,0.013917525773195875,0.0701743394759014,0.5940409683426443,0.888888888888889,0.48652931854199677,0.022980736735383575,0.20731707317073172,0.14285714285714285,0.8017241379310346,0.3913043478260869,0.5394736842105261,1.0000000000000002,0.814207650273224,False,False,True,False,False,True,False,False,True,False,False,False,True,False,True,False,False,False,True,False,True
0.0,0.7037037037037036,0.0,0.929203539823009,0.19392840960579974,0.4235294117647059,0.49999999999999994,0.5704953728905825,0.55,0.14285714285714285,0.30652573529411764,0.25,0.7180851063829787,0.02731958762886598,0.1290437112019289,0.3817504655493482,0.6111111111111112,0.4183835182250397,0.01622169651909429,0.15853658536585366,0.49999999999999994,0.7844827586206897,0.3913043478260869,0.3099415204678362,0.4542974079126876,0.7595628415300545,False,False,True,False,False,True,False,False,False,False,True,False,True,False,False,False,True,False,True,True,False
0.0,0.7037037037037036,0.0,0.929203539823009,0.19392840960579974,0.4235294117647059,0.49999999999999994,0.5704953728905825,0.55,0.14285714285714285,0.30652573529411764,0.25,0.7180851063829787,0.02731958762886598,0.1290437112019289,0.3817504655493482,0.6111111111111112,0.4183835182250397,0.01622169651909429,0.15853658536585366,0.49999999999999994,0.7844827586206897,0.3913043478260869,0.3099415204678362,0.4542974079126876,0.7595628415300545,False,False,True,False,False,True,False,False,False,False,True,False,True,False,False,False,True,False,True,True,False
0.0,0.8518518518518517,0.3333333333333333,0.9380530973451329,0.16357045763479838,0.4823529411764706,0.4878048780487805,0.48121937942297227,0.8,0.21428571428571427,0.125,0.538,0.824468085106383,0.034020618556701035,0.059301462667273125,0.2811918063314711,0.7777777777777778,0.5071315372424725,0.06319702602230483,0.0,0.2857142857142857,0.8448275862068966,0.30434782608695654,0.3128654970760234,0.4542974079126876,0.6939890710382512,False,False,True,False,False,True,False,False,False,False,True,False,True,True,False,False,False,False,True,False,True
0.0,0.8518518518518517,0.3333333333333333,0.9380530973451329,0.16357045763479838,0.4823529411764706,0.4878048780487805,0.48121937942297227,0.8,0.21428571428571427,0.125,0.538,0.824468085106383,0.034020618556701035,0.059301462667273125,0.2811918063314711,0.7777777777777778,0.5071315372424725,0.06319702602230483,0.0,0.2857142857142857,0.8448275862068966,0.30434782608695654,0.3128654970760234,0.4542974079126876,0.6939890710382512,False,False,True,False,False,True,False,False,False,False,True,False,True,True,False,False,False,False,True,False,True
0.0,0.33333333333333326,0.0,0.9469026548672568,0.1354780244676031,0.4705882352941177,0.5365853658536586,0.5503538377789875,0.55,0.14285714285714285,0.21323529411764705,0.8,0.7446808510638298,0.04329896907216495,0.12822097645705843,0.46554934823091243,0.7777777777777778,0.4944532488114106,0.032105441027374115,0.10975609756097561,0.2857142857142857,0.9051724137931035,0.30434782608695654,0.4459064327485378,0.6589358799454298,0.7595628415300545,False,False,True,False,False,True,False,True,False,False,False,False,True,True,False,False,False,False,True,False,True
0.0,0.33333333333333326,0.0,0.9469026548672568,0.1354780244676031,0.4705882352941177,0.5365853658536586,0.5503538377789875,0.55,0.14285714285714285,0.21323529411764705,0.8,0.7446808510638298,0.04329896907216495,0.12822097645705843,0.46554934823091243,0.7777777777777778,0.4944532488114106,0.032105441027374115,0.10975609756097561,0.2857142857142857,0.9051724137931035,0.30434782608695654,0.4459064327485378,0.6589358799454298,0.7595628415300545,False,False,True,False,False,True,False,True,False,False,False,False,True,True,False,False,False,False,True,False,True
0.34375000000000006,1.0,0.3333333333333333,0.5752212389380531,0.08337109198006344,0.5647058823529412,0.6219512195121951,0.48040283070223194,0.55,0.5,0.04227941176470588,0.25,0.6542553191489362,0.07731958762886598,0.03880441609411115,0.5661080074487895,0.5555555555555556,0.4088748019017432,0.20243325447786412,0.2804878048780488,0.5714285714285714,0.5775862068965518,0.30434782608695654,0.4459064327485378,0.5225102319236017,0.7322404371584699,True,False,False,True,False,False,False,False,False,False,True,False,True,False,False,False,True,False,True,False,True
0.34375000000000006,1.0,0.3333333333333333,0.5752212389380531,0.08337109198006344,0.5647058823529412,0.6219512195121951,0.48040283070223194,0.55,0.5,0.04227941176470588,0.25,0.6542553191489362,0.07731958762886598,0.03880441609411115,0.5661080074487895,0.5555555555555556,0.4088748019017432,0.20243325447786412,0.2804878048780488,0.5714285714285714,0.5775862068965518,0.30434782608695654,0.4459064327485378,0.5225102319236017,0.7322404371584699,True,False,False,True,False,False,False,False,False,False,True,False,True,False,False,False,True,False,True,False,True
0.22916666666666669,0.9259259259259258,0.3333333333333333,0.5752212389380531,0.08382419574082466,0.6235294117647059,0.5853658536585366,0.5269461077844312,0.55,0.14285714285714285,0.1213235294117647,0.667,0.7074468085106383,0.07680412371134021,0.11716662216068346,0.6983240223463687,0.6111111111111112,0.33914421553090346,0.0645488340655627,0.0,0.49999999999999994,0.603448275862069,0.30434782608695654,0.48538011695906436,0.5225102319236017,0.7267759562841529,True,False,False,True,False,False,False,False,False,False,True,False,True,False,False,False,True,False,True,True,False
0.22916666666666669,0.9259259259259258,0.3333333333333333,0.5752212389380531,0.08382419574082466,0.6235294117647059,0.5853658536585366,0.5269461077844312,0.55,0.14285714285714285,0.1213235294117647,0.667,0.7074468085106383,0.07680412371134021,0.11716662216068346,0.6983240223463687,0.6111111111111112,0.33914421553090346,0.0645488340655627,0.0,0.49999999999999994,0.603448275862069,0.30434782608695654,0.48538011695906436,0.5225102319236017,0.7267759562841529,True,False,False,True,False,False,False,False,False,False,True,False,True,False,False,False,True,False,True,True,False
0.0,1.0,0.0,0.6283185840707964,0.08790212958767558,0.6705882352941176,0.573170731707317,0.4706042460533479,0.55,0.14285714285714285,0.030330882352941176,0.5,0.7074468085106383,0.07164948453608248,0.02511805515721692,0.6405959031657356,0.6111111111111112,0.39144215530903326,0.2551537681649205,0.0,0.49999999999999994,0.5775862068965518,0.30434782608695654,0.48830409356725113,0.5907230559345157,0.7377049180327868,True,False,False,True,False,False,False,True,False,False,False,False,True,False,False,False,True,False,True,True,False
0.0,1.0,0.0,0.6283185840707964,0.08790212958767558,0.6705882352941176,0.573170731707317,0.4706042460533479,0.55,0.14285714285714285,0.030330882352941176,0.5,0.7074468085106383,0.07164948453608248,0.02511805515721692,0.6405959031657356,0.6111111111111112,0.39144215530903326,0.2551537681649205,0.0,0.49999999999999994,0.5775862068965518,0.30434782608695654,0.48830409356725113,0.5907230559345157,0.7377049180327868,True,False,False,True,False,False,False,True,False,False,False,False,True,False,False,False,True,False,True,True,False
0.0,0.7777777777777777,0.0,0.5575221238938053,0.17580425917535117,0.5294117647058824,0.5609756097560976,0.5468154599891127,0.65,0.07142857142857142,0.24816176470588236,0.667,0.7659574468085106,0.03118556701030928,0.11454081636817601,0.5251396648044693,0.6666666666666667,0.42789223454833625,0.024332544778641434,0.24390243902439024,0.42857142857142855,0.5258620689655172,0.30434782608695654,0.43128654970760216,0.5225102319236017,0.721311475409836,True,False,False,True,False,False,False,False,False,False,True,False,True,True,False,False,False,False,True,False,True
0.0,0.7777777777777777,0.0,0.5575221238938053,0.17580425917535117,0.5294117647058824,0.5609756097560976,0.5468154599891127,0.65,0.07142857142857142,0.24816176470588236,0.667,0.7659574468085106,0.03118556701030928,0.11454081636817601,0.5251396648044693,0.6666666666666667,0.42789223454833625,0.024332544778641434,0.24390243902439024,0.42857142857142855,0.5258620689655172,0.30434782608695654,0.43128654970760216,0.5225102319236017,0.721311475409836,True,False,False,True,False,False,False,False,False,False,True,False,True,True,False,False,False,False,True,False,True
0.0,0.7407407407407407,0.0,0.5486725663716815,0.18214771182600817,0.45882352941176474,0.6341463414634146,0.5724006532389767,0.65,0.2857142857142857,0.2977941176470588,0.667,0.7872340425531915,0.02963917525773196,0.13364686128548456,0.22718808193668527,0.8333333333333334,0.5166402535657686,0.01723555255153768,0.46341463414634143,0.21428571428571425,0.5172413793103449,0.30434782608695654,0.2792397660818713,0.4542974079126876,0.7049180327868851,True,False,False,True,False,False,False,False,False,False,True,False,True,False,True,False,False,False,True,True,False
0.0,0.7407407407407407,0.0,0.5486725663716815,0.18214771182600817,0.45882352941176474,0.6341463414634146,0.5724006532389767,0.65,0.2857142857142857,0.2977941176470588,0.667,0.7872340425531915,0.02963917525773196,0.13364686128548456,0.22718808193668527,0.8333333333333334,0.5166402535657686,0.01723555255153768,0.46341463414634143,0.21428571428571425,0.5172413793103449,0.30434782608695654,0.2792397660818713,0.4542974079126876,0.7049180327868851,True,False,False,True,False,False,False,False,False,False,True,False,True,False,True,False,False,False,True,True,False
0.40625000000000006,1.0,1.0,0.584070796460177,0.059356592659719085,0.5882352941176471,0.6097560975609756,0.5065323897659227,0.55,0.3571428571428571,0.06204044117647058,0.5,0.6595744680851063,0.11211340206185567,0.08394836169037384,0.5754189944134078,0.5,0.41521394611727436,0.13687056437985806,0.0,0.6428571428571428,0.5689655172413793,0.30434782608695654,0.45906432748537984,0.5907230559345157,0.715846994535519,True,False,False,True,False,False,False,True,False,False,False,False,True,False,False,False,True,False,True,True,False
0.40625000000000006,1.0,1.0,0.584070796460177,0.059356592659719085,0.5882352941176471,0.6097560975609756,0.5065323897659227,0.55,0.3571428571428571,0.06204044117647058,0.5,0.6595744680851063,0.11211340206185567,0.08394836169037384,0.5754189944134078,0.5,0.41521394611727436,0.13687056437985806,0.0,0.6428571428571428,0.5689655172413793,0.30434782608695654,0.45906432748537984,0.5907230559345157,0.715846994535519,True,False,False,True,False,False,False,True,False,False,False,False,True,False,False,False,True,False,True,True,False
0.41666666666666674,1.0,0.3333333333333333,0.5752212389380531,0.08427729950158587,0.6470588235294118,0.6341463414634146,0.4831246597713664,0.55,0.42857142857142855,0.04779411764705882,0.4,0.6595744680851063,0.07654639175257733,0.043775145116716555,0.7672253258845437,0.5555555555555556,0.3660855784469099,0.18452179790469753,0.0,0.5714285714285714,0.5775862068965518,0.30434782608695654,0.5643274853801166,0.5907230559345157,0.7267759562841529,True,False,False,True,False,False,False,True,False,False,False,False,True,False,False,False,True,False,True,True,False
0.41666666666666674,1.0,0.3333333333333333,0.5752212389380531,0.08427729950158587,0.6470588235294118,0.6341463414634146,0.4831246597713664,0.55,0.42857142857142855,0.04779411764705882,0.4,0.6595744680851063,0.07654639175257733,0.043775145116716555,0.7672253258845437,0.5555555555555556,0.3660855784469099,0.18452179790469753,0.0,0.5714285714285714,0.5775862068965518,0.30434782608695654,0.5643274853801166,0.5907230559345157,0.7267759562841529,True,False,False,True,False,False,False,True,False,False,False,False,True,False,False,False,True,False,True,True,False
0.0,1.0,0.6666666666666666,0.6283185840707964,0.08473040326234708,0.5294117647058824,0.49999999999999994,0.4948285247686446,0.55,0.14285714285714285,0.06801470588235295,0.5,0.6968085106382979,0.07525773195876288,0.06341172429999457,0.5456238361266293,0.5555555555555556,0.37083993660855796,0.12470429199053734,0.0,0.5714285714285714,0.6206896551724138,0.30434782608695654,0.39473684210526283,0.5225102319236017,0.7267759562841529,True,False,False,True,False,False,False,False,False,False,True,False,True,False,False,False,True,False,True,False,True
0.0,1.0,0.6666666666666666,0.6283185840707964,0.08473040326234708,0.5294117647058824,0.49999999999999994,0.4948285247686446,0.55,0.14285714285714285,0.06801470588235295,0.5,0.6968085106382979,0.07525773195876288,0.06341172429999457,0.5456238361266293,0.5555555555555556,0.37083993660855796,0.12470429199053734,0.0,0.5714285714285714,0.6206896551724138,0.30434782608695654,0.39473684210526283,0.5225102319236017,0.7267759562841529,True,False,False,True,False,False,False,False,False,False,True,False,True,False,False,False,True,False,True,False,True
0.5104166666666667,1.0,0.0,0.6017699115044248,0.024467603081105575,0.5411764705882354,0.8048780487804879,0.5495372890582472,0.55,0.21428571428571427,0.09926470588235295,0.33299999999999996,0.6861702127659575,0.22036082474226804,0.31094706239989134,0.23836126629422716,0.5555555555555556,0.6133122028526148,0.08482595471443055,0.3170731707317073,0.5714285714285714,0.560344827586207,0.30434782608695654,0.37719298245613997,0.5225102319236017,0.715846994535519,True,False,False,True,False,False,False,False,False,False,True,False,True,False,False,False,True,False,True,True,False
0.5104166666666667,1.0,0.0,0.6017699115044248,0.024467603081105575,0.5411764705882354,0.8048780487804879,0.5495372890582472,0.55,0.21428571428571427,0.09926470588235295,0.33299999999999996,0.6861702127659575,0.22036082474226804,0.31094706239989134,0.23836126629422716,0.5555555555555556,0.6133122028526148,0.08482595471443055,0.3170731707317073,0.5714285714285714,0.560344827586207,0.30434782608695654,0.37719298245613997,0.5225102319236017,0.715846994535519,True,False,False,True,False,False,False,False,False,False,True,False,True,False,False,False,True,False,True,True,False
0.23958333333333337,1.0,0.0,0.5486725663716815,0.20299048482102403,0.7882352941176471,0.46341463414634143,0.40963527490473606,0.65,0.2857142857142857,0.044117647058823525,0.5710000000000001,0.7446808510638298,0.025773195876288662,0.012246814124164175,0.839851024208566,0.6666666666666667,0.375594294770206,0.19533626225076037,0.0,0.42857142857142855,0.5775862068965518,0.30434782608695654,0.6301169590643272,0.7953615279672578,0.7431693989071038,True,False,False,True,False,False,False,False,True,False,False,False,True,True,False,False,False,False,True,True,False
0.23958333333333337,1.0,0.0,0.5486725663716815,0.20299048482102403,0.7882352941176471,0.46341463414634143,0.40963527490473606,0.65,0.2857142857142857,0.044117647058823525,0.5710000000000001,0.7446808510638298,0.025773195876288662,0.012246814124164175,0.839851024208566,0.6666666666666667,0.375594294770206,0.19533626225076037,0.0,0.42857142857142855,0.5775862068965518,0.30434782608695654,0.6301169590643272,0.7953615279672578,0.7431693989071038,True,False,False,True,False,False,False,False,True,False,False,False,True,True,False,False,False,False,True,True,False
0.45833333333333337,0.9259259259259258,0.0,0.5929203539823009,0.04259175351155415,0.5647058823529412,0.6341463414634146,0.5623298856831792,0.55,0.3571428571428571,0.13924632352941174,0.28600000000000003,0.6329787234042553,0.15541237113402062,0.26177327876970496,0.515828677839851,0.4444444444444445,0.4072900158478605,0.05542412977357215,0.0,0.7142857142857142,0.5948275862068966,0.3913043478260869,0.4049707602339181,0.7271487039563438,0.7486338797814207,True,False,False,True,False,False,False,True,False,False,False,False,True,False,False,False,True,False,True,True,False
0.45833333333333337,0.9259259259259258,0.0,0.5929203539823009,0.04259175351155415,0.5647058823529412,0.6341463414634146,0.5623298856831792,0.55,0.3571428571428571,0.13924632352941174,0.28600000000000003,0.6329787234042553,0.15541237113402062,0.26177327876970496,0.515828677839851,0.4444444444444445,0.4072900158478605,0.05542412977357215,0.0,0.7142857142857142,0.5948275862068966,0.3913043478260869,0.4049707602339181,0.7271487039563438,0.7486338797814207,True,False,False,True,False,False,False,True,False,False,False,False,True,False,False,False,True,False,True,True,False
0.22916666666666669,0.7407407407407407,0.0,0.5575221238938053,0.1676483914816493,0.5764705882352942,0.573170731707317,0.4735982580293958,0.55,0.21428571428571427,0.11626838235294118,0.5,0.6702127659574468,0.0327319587628866,0.053246407464951045,0.6741154562383612,0.5,0.3026941362916009,0.06691449814126393,0.0,0.6428571428571428,0.603448275862069,0.30434782608695654,0.43274853801169577,0.5907230559345157,0.7267759562841529,True,False,False,True,False,False,False,True,False,False,False,False,True,False,False,False,True,False,True,True,False
0.22916666666666669,0.7407407407407407,0.0,0.5575221238938053,0.1676483914816493,0.5764705882352942,0.573170731707317,0.4735982580293958,0.55,0.21428571428571427,0.11626838235294118,0.5,0.6702127659574468,0.0327319587628866,0.053246407464951045,0.6741154562383612,0.5,0.3026941362916009,0.06691449814126393,0.0,0.6428571428571428,0.603448275862069,0.30434782608695654,0.43274853801169577,0.5907230559345157,0.7267759562841529,True,False,False,True,False,False,False,True,False,False,False,False,True,False,False,False,True,False,True,True,False
0.0,0.9629629629629629,0.3333333333333333,0.9469026548672568,0.14318078840054374,0.4117647058823529,0.4878048780487805,0.4790419161676647,0.55,0.07142857142857142,0.10064338235294118,0.4,0.7606382978723404,0.040721649484536084,0.05423252243015038,0.5046554934823091,0.7222222222222222,0.4738510301109353,0.08448800270361607,0.12195121951219512,0.35714285714285715,0.8534482758620691,0.30434782608695654,0.45760233918128623,0.5907230559345157,0.7486338797814207,False,False,True,False,False,True,False,True,False,False,False,False,True,True,False,False,False,False,True,False,True
0.0,0.9629629629629629,0.3333333333333333,0.9469026548672568,0.14318078840054374,0.4117647058823529,0.4878048780487805,0.4790419161676647,0.55,0.07142857142857142,0.10064338235294118,0.4,0.7606382978723404,0.040721649484536084,0.05423252243015038,0.5046554934823091,0.7222222222222222,0.4738510301109353,0.08448800270361607,0.12195121951219512,0.35714285714285715,0.8534482758620691,0.30434782608695654,0.45760233918128623,0.5907230559345157,0.7486338797814207,False,False,True,False,False,True,False,True,False,False,False,False,True,True,False,False,False,False,True,False,True
0.0,1.0,0.6666666666666666,0.584070796460177,0.07430901676483916,0.6705882352941176,0.0,0.5133369624387589,0.55,0.2857142857142857,0.08869485294117647,0.667,0.7287234042553192,0.11082474226804125,0.0960357502631432,0.2737430167597765,0.7777777777777778,0.5546751188589543,0.1203109158499493,0.34146341463414637,0.2857142857142857,0.5689655172413793,0.30434782608695654,0.3508771929824559,0.3178717598908595,0.6775956284153005,True,False,False,True,False,False,False,False,False,False,True,False,True,True,False,False,False,False,True,True,False
0.0,1.0,0.6666666666666666,0.584070796460177,0.07430901676483916,0.6705882352941176,0.0,0.5133369624387589,0.55,0.2857142857142857,0.08869485294117647,0.667,0.7287234042553192,0.11082474226804125,0.0960357502631432,0.2737430167597765,0.7777777777777778,0.5546751188589543,0.1203109158499493,0.34146341463414637,0.2857142857142857,0.5689655172413793,0.30434782608695654,0.3508771929824559,0.3178717598908595,0.6775956284153005,True,False,False,True,False,False,False,False,False,False,True,False,True,True,False,False,False,False,True,True,False
0.0,0.9629629629629629,0.0,0.5221238938053098,0.33756230176710467,0.5411764705882354,0.5975609756097561,0.34921066956995106,0.6,0.07142857142857142,0.07858455882352941,0.5,0.7393617021276595,0.01211340206185567,0.012889038208973464,0.5586592178770949,0.6666666666666667,0.36450079239302724,0.13720851639067252,0.0,0.42857142857142855,0.5689655172413793,0.30434782608695654,0.39912280701754366,0.5907230559345157,0.7431693989071038,True,False,False,True,False,False,False,True,False,False,False,False,True,True,False,False,False,False,True,True,False
0.0,0.9629629629629629,0.0,0.5221238938053098,0.33756230176710467,0.5411764705882354,0.5975609756097561,0.34921066956995106,0.6,0.07142857142857142,0.07858455882352941,0.5,0.7393617021276595,0.01211340206185567,0.012889038208973464,0.5586592178770949,0.6666666666666667,0.36450079239302724,0.13720851639067252,0.0,0.42857142857142855,0.5689655172413793,0.30434782608695654,0.39912280701754366,0.5907230559345157,0.7431693989071038,True,False,False,True,False,False,False,True,False,False,False,False,True,True,False,False,False,False,True,True,False
0.5,1.0,0.0,0.5663716814159292,0.13094698685999095,0.6705882352941176,0.7439024390243902,1.0,0.55,0.2857142857142857,0.9678308823529412,0.615,0.7021276595744681,0.05850515463917526,0.6213339275961166,0.5716945996275604,0.7222222222222222,0.45641838351822495,0.0,0.3170731707317073,0.35714285714285715,0.3017241379310345,0.30434782608695654,0.49415204678362556,0.5225102319236017,0.721311475409836,True,False,False,True,False,False,False,False,False,False,True,False,True,True,False,False,False,False,True,False,True
0.5,1.0,0.0,0.5663716814159292,0.13094698685999095,0.6705882352941176,0.7439024390243902,1.0,0.55,0.2857142857142857,0.9678308823529412,0.615,0.7021276595744681,0.05850515463917526,0.6213339275961166,0.5716945996275604,0.7222222222222222,0.45641838351822495,0.0,0.3170731707317073,0.35714285714285715,0.3017241379310345,0.30434782608695654,0.49415204678362556,0.5225102319236017,0.721311475409836,True,False,False,True,False,False,False,False,False,False,True,False,True,True,False,False,False,False,True,False,True
0.25,0.9259259259259258,0.0,0.584070796460177,0.06705935659265973,0.6588235294117648,0.49999999999999994,0.598258029395754,0.55,0.07142857142857142,0.22472426470588233,0.28600000000000003,0.6968085106382979,0.12293814432989691,0.2738461339468884,0.5567970204841712,0.5,0.35023771790808267,0.036160865157147684,0.0,0.6428571428571428,0.5086206896551724,0.30434782608695654,0.384502923976608,0.5907230559345157,0.7322404371584699,True,False,False,True,False,False,False,True,False,False,False,False,True,False,False,False,True,False,True,False,True
0.25,0.9259259259259258,0.0,0.584070796460177,0.06705935659265973,0.6588235294117648,0.49999999999999994,0.598258029395754,0.55,0.07142857142857142,0.22472426470588233,0.28600000000000003,0.6968085106382979,0.12293814432989691,0.2738461339468884,0.5567970204841712,0.5,0.35023771790808267,0.036160865157147684,0.0,0.6428571428571428,0.5086206896551724,0.30434782608695654,0.384502923976608,0.5907230559345157,0.7322404371584699,True,False,False,True,False,False,False,True,False,False,False,False,True,False,False,False,True,False,True,False,True
0.0,1.0,0.3333333333333333,0.6017699115044248,0.02084277299501586,0.6,0.0,0.5285792052259118,0.0,0.07142857142857142,0.06020220588235294,0.615,0.6063829787234042,0.2786082474226804,0.2203932212443954,0.5325884543761639,0.3888888888888889,0.43423137876386697,0.17979046975329502,0.32926829268292684,0.7857142857142856,0.5689655172413793,0.21739130434782608,0.4429824561403506,0.6589358799454298,0.7595628415300545,True,False,False,True,False,False,False,True,False,False,False,True,False,False,False,True,False,True,False,False,True
0.0,1.0,0.3333333333333333,0.6017699115044248,0.02084277299501586,0.6,0.0,0.5285792052259118,0.0,0.07142857142857142,0.06020220588235294,0.615,0.6063829787234042,0.2786082474226804,0.2203932212443954,0.5325884543761639,0.3888888888888889,0.43423137876386697,0.17979046975329502,0.32926829268292684,0.7857142857142856,0.5689655172413793,0.21739130434782608,0.4429824561403506,0.6589358799454298,0.7595628415300545,True,False,False,True,False,False,False,True,False,False,False,True,False,False,False,True,False,True,False,False,True
0.3020833333333333,1.0,0.6666666666666666,0.5929203539823009,0.030811055731762578,0.6470588235294118,0.6951219512195121,0.4972781709308656,0.55,0.2857142857142857,0.017463235294117647,0.733,0.6968085106382979,0.1961340206185567,0.047908495833488815,0.5772811918063314,0.6666666666666667,0.48811410459587945,0.37647854004731324,0.0,0.42857142857142855,0.5862068965517242,0.21739130434782608,0.5277777777777777,0.5225102319236017,0.7049180327868851,True,False,False,True,False,False,False,False,False,False,True,True,False,True,False,False,False,False,True,True,False
0.3020833333333333,1.0,0.6666666666666666,0.5929203539823009,0.030811055731762578,0.6470588235294118,0.6951219512195121,0.4972781709308656,0.55,0.2857142857142857,0.017463235294117647,0.733,0.6968085106382979,0.1961340206185567,0.047908495833488815,0.5772811918063314,0.6666666666666667,0.48811410459587945,0.37647854004731324,0.0,0.42857142857142855,0.5862068965517242,0.21739130434782608,0.5277777777777777,0.5225102319236017,0.7049180327868851,True,False,False,True,False,False,False,False,False,False,True,True,False,True,False,False,False,False,True,True,False
0.3020833333333333,1.0,0.3333333333333333,0.5752212389380531,0.11418214771182601,0.6235294117647059,0.5609756097560976,0.47849755035383784,0.4,0.3571428571428571,0.0703125,0.5,0.6595744680851063,0.06855670103092784,0.04719822464710094,0.5810055865921787,0.6111111111111112,0.3423137876386688,0.15545792497465358,0.0,0.49999999999999994,0.5431034482758621,0.21739130434782608,0.39619883040935644,0.3860845839017736,0.6721311475409836,True,False,False,True,False,False,False,False,False,False,True,True,False,False,False,False,True,True,False,True,False
0.3020833333333333,1.0,0.3333333333333333,0.5752212389380531,0.11418214771182601,0.6235294117647059,0.5609756097560976,0.47849755035383784,0.4,0.3571428571428571,0.0703125,0.5,0.6595744680851063,0.06855670103092784,0.04719822464710094,0.5810055865921787,0.6111111111111112,0.3423137876386688,0.15545792497465358,0.0,0.49999999999999994,0.5431034482758621,0.21739130434782608,0.39619883040935644,0.3860845839017736,0.6721311475409836,True,False,False,True,False,False,False,False,False,False,True,True,False,False,False,False,True,True,False,True,False
0.34375000000000006,1.0,0.3333333333333333,0.5663716814159292,0.12868146805618488,0.43529411764705883,0.573170731707317,0.48258029395753954,0.55,0.21428571428571427,0.09191176470588236,0.8,0.6808510638297872,0.06005154639175258,0.055335830824548876,0.5679702048417132,0.5,0.34072900158478614,0.11625549172017573,0.2926829268292683,0.6428571428571428,0.560344827586207,0.08695652173913043,0.384502923976608,0.4542974079126876,0.6721311475409836,True,False,False,True,False,False,False,False,False,False,True,True,False,False,False,False,True,False,True,False,True
0.34375000000000006,1.0,0.3333333333333333,0.5663716814159292,0.12868146805618488,0.43529411764705883,0.573170731707317,0.48258029395753954,0.55,0.21428571428571427,0.09191176470588236,0.8,0.6808510638297872,0.06005154639175258,0.055335830824548876,0.5679702048417132,0.5,0.34072900158478614,0.11625549172017573,0.2926829268292683,0.6428571428571428,0.560344827586207,0.08695652173913043,0.384502923976608,0.4542974079126876,0.6721311475409836,True,False,False,True,False,False,False,False,False,False,True,True,False,False,False,False,True,False,True,False,True
0.0,0.9259259259259258,0.0,0.5929203539823009,0.04802899864068872,0.5882352941176471,0.7073170731707317,0.5966249319542734,0.45,0.21428571428571427,0.20266544117647056,0.0,0.6702127659574468,0.17860824742268042,0.33996207193558053,0.40223463687150834,0.5555555555555556,0.4500792393026942,0.04258195336262251,0.0,0.5714285714285714,0.5431034482758621,0.21739130434782608,0.3552631578947367,0.5907230559345157,0.715846994535519,True,False,False,True,False,False,False,True,False,False,False,True,False,False,False,False,True,True,False,False,True
0.0,0.9259259259259258,0.0,0.5929203539823009,0.04802899864068872,0.5882352941176471,0.7073170731707317,0.5966249319542734,0.45,0.21428571428571427,0.20266544117647056,0.0,0.6702127659574468,0.17860824742268042,0.33996207193558053,0.40223463687150834,0.5555555555555556,0.4500792393026942,0.04258195336262251,0.0,0.5714285714285714,0.5431034482758621,0.21739130434782608,0.3552631578947367,0.5907230559345157,0.715846994535519,True,False,False,True,False,False,False,True,False,False,False,True,False,False,False,False,True,True,False,False,True
0.0,1.0,0.3333333333333333,0.5575221238938053,0.18531943815133667,0.5058823529411764,0.5121951219512195,0.5215024496461623,0.55,0.07142857142857142,0.2150735294117647,0.636,0.675531914893617,0.03556701030927835,0.09308710689168248,0.6741154562383612,0.4444444444444445,0.27733755942947713,0.03852652923284893,0.0,0.7142857142857142,0.5344827586206897,0.21739130434782608,0.4093567251461985,0.4542974079126876,0.6994535519125682,True,False,False,True,False,False,False,False,False,False,True,True,False,False,False,False,True,False,True,False,True
0.0,1.0,0.3333333333333333,0.5575221238938053,0.18531943815133667,0.5058823529411764,0.5121951219512195,0.5215024496461623,0.55,0.07142857142857142,0.2150735294117647,0.636,0.675531914893617,0.03556701030927835,0.09308710689168248,0.6741154562383612,0.4444444444444445,0.27733755942947713,0.03852652923284893,0.0,0.7142857142857142,0.5344827586206897,0.21739130434782608,0.4093567251461985,0.4542974079126876,0.6994535519125682,True,False,False,True,False,False,False,False,False,False,True,True,False,False,False,False,True,False,True,False,True
0.0,1.0,0.0,0.5752212389380531,0.10376076121431808,0.6352941176470589,0.7073170731707317,0.4708764289602614,0.55,0.2857142857142857,0.04687499999999999,0.167,0.7446808510638298,0.07731958762886598,0.03358330953630561,0.6126629422718808,0.7222222222222222,0.5150554675118859,0.23521459952686716,0.0,0.35714285714285715,0.5775862068965518,0.21739130434782608,0.5804093567251458,0.6589358799454298,0.7486338797814207,True,False,False,True,False,False,False,True,False,False,False,True,False,True,False,False,False,False,True,True,False
0.0,1.0,0.0,0.5752212389380531,0.10376076121431808,0.6352941176470589,0.7073170731707317,0.4708764289602614,0.55,0.2857142857142857,0.04687499999999999,0.167,0.7446808510638298,0.07731958762886598,0.03358330953630561,0.6126629422718808,0.7222222222222222,0.5150554675118859,0.23521459952686716,0.0,0.35714285714285715,0.5775862068965518,0.21739130434782608,0.5804093567251458,0.6589358799454298,0.7486338797814207,True,False,False,True,False,False,False,True,False,False,False,True,False,True,False,False,False,False,True,True,False
0.03125,1.0,0.0,0.5929203539823009,0.04666968735840508,0.5058823529411764,0.5609756097560976,0.5612411540555253,0.55,0.2857142857142857,0.14154411764705882,0.33299999999999996,0.6808510638297872,0.17989690721649484,0.2440119991482086,0.47858472998137797,0.5555555555555556,0.41679873217115704,0.06792835417370734,0.2682926829268293,0.5714285714285714,0.5517241379310346,0.30434782608695654,0.384502923976608,0.5225102319236017,0.7103825136612021,True,False,False,True,False,False,False,False,False,False,True,False,True,False,False,False,True,False,True,True,False
0.03125,1.0,0.0,0.5929203539823009,0.04666968735840508,0.5058823529411764,0.5609756097560976,0.5612411540555253,0.55,0.2857142857142857,0.14154411764705882,0.33299999999999996,0.6808510638297872,0.17989690721649484,0.2440119991482086,0.47858472998137797,0.5555555555555556,0.41679873217115704,0.06792835417370734,0.2682926829268293,0.5714285714285714,0.5517241379310346,0.30434782608695654,0.384502923976608,0.5225102319236017,0.7103825136612021,True,False,False,True,False,False,False,False,False,False,True,False,True,False,False,False,True,False,True,True,False
0.45833333333333337,1.0,0.6666666666666666,0.5575221238938053,0.059356592659719085,0.6352941176470589,0.8170731707317074,0.49129014697876977,0.55,0.5714285714285714,0.036305147058823525,0.75,0.7127659574468086,0.1404639175257732,0.048484212540467815,0.472998137802607,0.7222222222222222,0.5625990491283677,0.28218992903007767,0.3780487804878049,0.35714285714285715,0.5862068965517242,0.30434782608695654,0.5146198830409356,0.4542974079126876,0.6775956284153005,True,False,False,True,False,False,False,False,False,False,True,False,True,True,False,False,False,False,True,False,True
0.45833333333333337,1.0,0.6666666666666666,0.5575221238938053,0.059356592659719085,0.6352941176470589,0.8170731707317074,0.49129014697876977,0.55,0.5714285714285714,0.036305147058823525,0.75,0.7127659574468086,0.1404639175257732,0.048484212540467815,0.472998137802607,0.7222222222222222,0.5625990491283677,0.28218992903007767,0.3780487804878049,0.35714285714285715,0.5862068965517242,0.30434782608695654,0.5146198830409356,0.4542974079126876,0.6775956284153005,True,False,False,True,False,False,False,False,False,False,True,False,True,True,False,False,False,False,True,False,True
0.0,1.0,0.3333333333333333,0.584070796460177,0.06570004531037608,0.6588235294117648,0.7560975609756098,0.5310288513881329,0.55,0.2857142857142857,0.10983455882352941,0.636,0.7287234042553192,0.12654639175257731,0.13541743529429587,0.34078212290502785,0.7777777777777778,0.6069730586370841,0.09462656302805002,0.34146341463414637,0.2857142857142857,0.560344827586207,0.30434782608695654,0.45175438596491224,0.5907230559345157,0.7322404371584699,True,False,False,True,False,False,False,True,False,False,False,False,True,True,False,False,False,False,True,False,True
0.0,1.0,0.3333333333333333,0.584070796460177,0.06570004531037608,0.6588235294117648,0.7560975609756098,0.5310288513881329,0.55,0.2857142857142857,0.10983455882352941,0.636,0.7287234042553192,0.12654639175257731,0.13541743529429587,0.34078212290502785,0.7777777777777778,0.6069730586370841,0.09462656302805002,0.34146341463414637,0.2857142857142857,0.560344827586207,0.30434782608695654,0.45175438596491224,0.5907230559345157,0.7322404371584699,True,False,False,True,False,False,False,True,False,False,False,False,True,True,False,False,False,False,True,False,True
0.0,0.0,0.0,0.6637168141592921,0.5885817852288174,0.49411764705882355,0.2682926829268293,0.27408818726184003,0.19999999999999996,0.14285714285714285,0.20634191176470587,0.429,0.5425531914893617,0.0015463917525773197,0.022668512007033598,0.9795158286778398,0.22222222222222224,0.015847860538827252,0.03345724907063197,0.10975609756097561,1.0,0.8189655172413793,0.21739130434782608,0.40789473684210487,0.5225102319236017,0.7322404371584699,False,False,True,False,False,True,False,False,False,False,True,True,False,False,False,True,False,True,False,True,False
0.0,0.0,0.0,0.6637168141592921,0.5885817852288174,0.49411764705882355,0.2682926829268293,0.27408818726184003,0.19999999999999996,0.14285714285714285,0.20634191176470587,0.429,0.5425531914893617,0.0015463917525773197,0.022668512007033598,0.9795158286778398,0.22222222222222224,0.015847860538827252,0.03345724907063197,0.10975609756097561,1.0,0.8189655172413793,0.21739130434782608,0.40789473684210487,0.5225102319236017,0.7322404371584699,False,False,True,False,False,True,False,False,False,False,True,True,False,False,False,True,False,True,False,True,False
0.0,0.0,0.0,0.0,0.704815615391301,0.12941176470588237,0.0,0.5929673505011036,0.14999999999999997,0.0,0.8478860294117647,0.23610156318735617,0.5053191489361701,0.0009782201568592967,0.11085272992760553,0.39851024208566105,0.1388888888888889,0.0681458003169575,0.0003379520108144643,0.0,0.35714285714285715,0.5431034482758621,0.08695652173913043,0.0,0.04502046384720329,0.5683060109289617,False,False,True,False,False,True,False,False,False,True,False,True,False,False,False,True,False,True,False,True,False
0.0,0.0,0.0,0.0,0.704815615391301,0.12941176470588237,0.0,0.5929673505011036,0.14999999999999997,0.0,0.8478860294117647,0.23610156318735617,0.5053191489361701,0.0009782201568592967,0.11085272992760553,0.39851024208566105,0.1388888888888889,0.0681458003169575,0.0003379520108144643,0.0,0.35714285714285715,0.5431034482758621,0.08695652173913043,0.0,0.04502046384720329,0.5683060109289617,False,False,True,False,False,True,False,False,False,True,False,True,False,False,False,True,False,True,False,True,False
0.0,0.9259259259259258,0.3333333333333333,0.7345132743362832,0.48572723153602176,0.4117647058823529,0.35365853658536583,0.5266739248775177,0.55,0.07142857142857142,0.5284926470588236,0.33299999999999996,0.6648936170212766,0.003350515463917526,0.08670999111902218,0.5232774674115456,0.3888888888888889,0.1711568938193344,0.0033795201081446434,0.0,0.7857142857142856,0.6982758620689656,0.30434782608695654,0.1929824561403506,0.1814461118690314,0.6666666666666666,False,False,True,False,False,True,False,False,False,True,False,False,True,False,False,True,False,False,True,False,True
0.0,0.9259259259259258,0.3333333333333333,0.7345132743362832,0.48572723153602176,0.4117647058823529,0.35365853658536583,0.5266739248775177,0.55,0.07142857142857142,0.5284926470588236,0.33299999999999996,0.6648936170212766,0.003350515463917526,0.08670999111902218,0.5232774674115456,0.3888888888888889,0.1711568938193344,0.0033795201081446434,0.0,0.7857142857142856,0.6982758620689656,0.30434782608695654,0.1929824561403506,0.1814461118690314,0.6666666666666666,False,False,True,False,False,True,False,False,False,True,False,False,True,False,False,True,False,False,True,False,True
0.0,0.0,0.0,0.7256637168141593,0.49660172179429096,0.2705882352941177,0.3048780487804878,0.6554164398475777,0.4,0.0,0.7568933823529412,0.25,0.6648936170212766,0.0030927835051546395,0.12451893567747543,0.4562383612662942,0.4444444444444445,0.13629160063391454,0.0006759040216289287,0.0,0.7142857142857142,0.5775862068965518,0.21739130434782608,0.10818713450292394,0.06412005457025924,0.5901639344262295,False,False,True,False,False,True,False,False,False,True,False,True,False,False,False,False,True,True,False,False,True
0.0,0.0,0.0,0.7256637168141593,0.49660172179429096,0.2705882352941177,0.3048780487804878,0.6554164398475777,0.4,0.0,0.7568933823529412,0.25,0.6648936170212766,0.0030927835051546395,0.12451893567747543,0.4562383612662942,0.4444444444444445,0.13629160063391454,0.0006759040216289287,0.0,0.7142857142857142,0.5775862068965518,0.21739130434782608,0.10818713450292394,0.06412005457025924,0.5901639344262295,False,False,True,False,False,True,False,False,False,True,False,True,False,False,False,False,True,True,False,False,True
0.0,0.7407407407407407,0.0,0.831858407079646,0.2405980969642048,0.17647058823529413,0.45121951219512196,0.9341317365269461,0.55,0.07142857142857142,0.9678308823529412,0.4,0.7287234042553192,0.01958762886597938,0.3390697573937652,0.19739292364990685,0.6111111111111112,0.3312202852614896,0.0,0.0,0.49999999999999994,0.4655172413793104,0.30434782608695654,0.08479532163742665,0.0,0.6010928961748634,False,False,True,False,False,True,False,False,False,True,False,False,True,False,False,False,True,False,True,False,True
0.0,0.7407407407407407,0.0,0.831858407079646,0.2405980969642048,0.17647058823529413,0.45121951219512196,0.9341317365269461,0.55,0.07142857142857142,0.9678308823529412,0.4,0.7287234042553192,0.01958762886597938,0.3390697573937652,0.19739292364990685,0.6111111111111112,0.3312202852614896,0.0,0.0,0.49999999999999994,0.4655172413793104,0.30434782608695654,0.08479532163742665,0.0,0.6010928961748634,False,False,True,False,False,True,False,False,False,True,False,False,True,False,False,False,True,False,True,False,True
0.4270833333333333,0.7777777777777777,0.3333333333333333,0.4601769911504425,0.4268237426370639,0.0,0.36585365853658536,0.48448557430593364,0.55,0.21428571428571427,0.3975183823529412,0.556,0.7021276595744681,0.005154639175257732,0.0731564884531165,0.5791433891992551,0.6111111111111112,0.30903328050713164,0.008786752281176072,0.36585365853658536,0.49999999999999994,0.4482758620689656,0.30434782608695654,0.36403508771929793,0.6589358799454298,0.7431693989071038,True,False,False,True,False,False,False,True,False,False,False,False,True,False,False,False,True,False,True,True,False
0.4270833333333333,0.7777777777777777,0.3333333333333333,0.4601769911504425,0.4268237426370639,0.0,0.36585365853658536,0.48448557430593364,0.55,0.21428571428571427,0.3975183823529412,0.556,0.7021276595744681,0.005154639175257732,0.0731564884531165,0.5791433891992551,0.6111111111111112,0.30903328050713164,0.008786752281176072,0.36585365853658536,0.49999999999999994,0.4482758620689656,0.30434782608695654,0.36403508771929793,0.6589358799454298,0.7431693989071038,True,False,False,True,False,False,False,True,False,False,False,False,True,False,False,False,True,False,True,True,False
0.0,0.33333333333333326,0.0,0.47787610619469034,0.32079746261893977,0.3058823529411765,0.41463414634146345,0.6801850843767012,0.55,0.0,0.620404411764706,0.4,0.7446808510638298,0.010824742268041237,0.15978221598686293,0.2998137802607076,0.6111111111111112,0.31854199683042816,0.001689760054072322,0.0,0.49999999999999994,0.37931034482758624,0.30434782608695654,0.15350877192982448,0.24965893587994545,0.6830601092896174,True,False,False,True,False,False,False,False,False,True,False,False,True,False,False,False,True,False,True,False,True
0.0,0.33333333333333326,0.0,0.47787610619469034,0.32079746261893977,0.3058823529411765,0.41463414634146345,0.6801850843767012,0.55,0.0,0.620404411764706,0.4,0.7446808510638298,0.010824742268041237,0.15978221598686293,0.2998137802607076,0.6111111111111112,0.31854199683042816,0.001689760054072322,0.0,0.49999999999999994,0.37931034482758624,0.30434782608695654,0.15350877192982448,0.24965893587994545,0.6830601092896174,True,False,False,True,False,False,False,False,False,True,False,False,True,False,False,False,True,False,True,False,True
0.0,0.44444444444444436,0.0,0.4601769911504425,0.41005890348889895,0.29411764705882354,0.34146341463414637,0.603701687534023,0.55,0.42857142857142855,0.5818014705882353,0.5,0.675531914893617,0.005927835051546392,0.11536057382424651,0.4189944134078212,0.6111111111111112,0.19017432646592702,0.0023656640757012504,0.41463414634146345,0.49999999999999994,0.3965517241379311,0.30434782608695654,0.12865497076023358,0.1814461118690314,0.6448087431693988,True,False,False,True,False,False,False,False,False,True,False,False,True,False,False,False,True,False,True,True,False
0.0,0.44444444444444436,0.0,0.4601769911504425,0.41005890348889895,0.29411764705882354,0.34146341463414637,0.603701687534023,0.55,0.42857142857142855,0.5818014705882353,0.5,0.675531914893617,0.005927835051546392,0.11536057382424651,0.4189944134078212,0.6111111111111112,0.19017432646592702,0.0023656640757012504,0.41463414634146345,0.49999999999999994,0.3965517241379311,0.30434782608695654,0.12865497076023358,0.1814461118690314,0.6448087431693988,True,False,False,True,False,False,False,False,False,True,False,False,True,False,False,False,True,False,True,True,False
0.0,0.0,0.0,0.3539823008849558,0.712279111916629,0.3647058823529412,0.5487804878048781,0.37180185084376705,0.55,0.0,0.4967830882352941,0.667,0.6861702127659575,0.0005154639175257733,0.052726163153749464,0.5493482309124766,0.4277777777777778,0.19334389857369283,0.004055424129773571,0.0,0.42857142857142855,0.4224137931034483,0.30434782608695654,0.23391812865497075,0.3178717598908595,0.7103825136612021,True,False,False,True,False,False,False,False,False,False,True,False,True,False,False,True,False,False,True,False,True
0.0,0.0,0.0,0.3539823008849558,0.712279111916629,0.3647058823529412,0.5487804878048781,0.37180185084376705,0.55,0.0,0.4967830882352941,0.667,0.6861702127659575,0.0005154639175257733,0.052726163153749464,0.5493482309124766,0.4277777777777778,0.19334389857369283,0.004055424129773571,0.0,0.42857142857142855,0.4224137931034483,0.30434782608695654,0.23391812865497075,0.3178717598908595,0.7103825136612021,True,False,False,True,False,False,False,False,False,False,True,False,True,False,False,True,False,False,True,False,True
0.0,0.33333333333333326,0.0,0.3539823008849558,0.7326687811508836,0.3411764705882353,0.36585365853658536,0.4352204681545999,0.55,0.07142857142857142,0.6245404411764707,0.31605510637421186,0.6702127659574468,0.0005154639175257733,0.06618980273062253,0.40595903165735564,0.3888888888888889,0.21870047543581617,0.001689760054072322,0.0,0.7857142857142856,0.37931034482758624,0.30434782608695654,0.14473684210526283,0.1814461118690314,0.6666666666666666,True,False,False,True,False,False,False,False,False,True,False,False,True,False,False,True,False,False,True,False,True
0.0,0.33333333333333326,0.0,0.3539823008849558,0.7326687811508836,0.3411764705882353,0.36585365853658536,0.4352204681545999,0.55,0.07142857142857142,0.6245404411764707,0.31605510637421186,0.6702127659574468,0.0005154639175257733,0.06618980273062253,0.40595903165735564,0.3888888888888889,0.21870047543581617,0.001689760054072322,0.0,0.7857142857142856,0.37931034482758624,0.30434782608695654,0.14473684210526283,0.1814461118690314,0.6666666666666666,True,False,False,True,False,False,False,False,False,True,False,False,True,False,False,True,False,False,True,False,True
0.0,0.7407407407407407,0.0,0.48672566371681425,0.31128228364295424,0.45882352941176474,0.2682926829268293,0.5824714207947741,0.55,0.07142857142857142,0.4457720588235294,0.5529312795792706,0.7127659574468086,0.011597938144329896,0.11645352548941022,0.5549348230912476,0.5555555555555556,0.34072900158478614,0.0060831361946603575,0.0,0.5714285714285714,0.43965517241379315,0.30434782608695654,0.3742690058479532,0.5225102319236017,0.7486338797814207,True,False,False,True,False,False,False,False,False,False,True,False,True,False,False,False,True,False,True,True,False
0.0,0.7407407407407407,0.0,0.48672566371681425,0.31128228364295424,0.45882352941176474,0.2682926829268293,0.5824714207947741,0.55,0.07142857142857142,0.4457720588235294,0.5529312795792706,0.7127659574468086,0.011597938144329896,0.11645352548941022,0.5549348230912476,0.5555555555555556,0.34072900158478614,0.0060831361946603575,0.0,0.5714285714285714,0.43965517241379315,0.30434782608695654,0.3742690058479532,0.5225102319236017,0.7486338797814207,True,False,False,True,False,False,False,False,False,False,True,False,True,False,False,False,True,False,True,True,False
0.3020833333333333,0.0,0.0,0.46902654867256643,0.38695061169007705,0.25882352941176473,0.3780487804878049,0.8462166575939032,0.55,0.2857142857142857,0.9678308823529412,0.423,0.5904255319148937,0.007216494845360825,0.20897842005114373,0.43761638733705766,0.2777777777777778,0.1394611727416799,0.0,0.5487804878048781,0.9285714285714286,0.2758620689655173,0.30434782608695654,0.09649122807017507,0.04502046384720329,0.6065573770491803,True,False,False,True,False,False,False,False,False,True,False,False,True,False,False,True,False,False,True,False,True
0.3020833333333333,0.0,0.0,0.46902654867256643,0.38695061169007705,0.25882352941176473,0.3780487804878049,0.8462166575939032,0.55,0.2857142857142857,0.9678308823529412,0.423,0.5904255319148937,0.007216494845360825,0.20897842005114373,0.43761638733705766,0.2777777777777778,0.1394611727416799,0.0,0.5487804878048781,0.9285714285714286,0.2758620689655173,0.30434782608695654,0.09649122807017507,0.04502046384720329,0.6065573770491803,True,False,False,True,False,False,False,False,False,True,False,False,True,False,False,True,False,False,True,False,True
0.0,0.7777777777777777,0.0,0.0,0.4315681450247701,0.4,0.0,0.33597180904184254,0.5,0.0,0.13419117647058823,0.5614021298836758,0.0,0.007912337411299524,0.026340371798479575,0.74487895716946,0.3933705573763197,0.15847860538827252,0.058127745860087864,0.0,0.7799521405161607,0.5086206896551724,0.21739130434782608,0.3552631578947367,0.5225102319236017,0.7431693989071038,True,False,False,True,False,False,False,False,False,False,True,True,False,False,False,False,False,False,False,True,False
0.0,0.7777777777777777,0.0,0.0,0.4315681450247701,0.4,0.0,0.33597180904184254,0.5,0.0,0.13419117647058823,0.5614021298836758,0.0,0.007912337411299524,0.026340371798479575,0.74487895716946,0.3933705573763197,0.15847860538827252,0.058127745860087864,0.0,0.7799521405161607,0.5086206896551724,0.21739130434782608,0.3552631578947367,0.5225102319236017,0.7431693989071038,True,False,False,True,False,False,False,False,False,False,True,True,False,False,False,False,False,False,False,True,False
0.0,0.0,0.0,0.46902654867256643,0.3729043951064794,0.17647058823529413,0.4878048780487805,0.8737071311921613,0.4,0.0,1.0,0.5,0.7127659574468086,0.007989690721649484,0.22454142619030604,0.23091247672253257,0.5555555555555556,0.28843106180665634,0.0,0.0,0.5714285714285714,0.2758620689655173,0.0,0.07163742690058461,0.0,0.540983606557377,True,False,False,True,False,False,False,False,False,True,False,True,False,False,False,False,True,True,False,True,False
0.0,0.0,0.0,0.46902654867256643,0.3729043951064794,0.17647058823529413,0.4878048780487805,0.8737071311921613,0.4,0.0,1.0,0.5,0.7127659574468086,0.007989690721649484,0.22454142619030604,0.23091247672253257,0.5555555555555556,0.28843106180665634,0.0,0.0,0.5714285714285714,0.2758620689655173,0.0,0.07163742690058461,0.0,0.540983606557377,True,False,False,True,False,False,False,False,False,True,False,True,False,False,False,False,True,True,False,True,False
0.0,0.0,0.6666666666666666,0.4601769911504425,0.4145899410965111,0.3764705882352941,0.45121951219512196,0.4991834512792597,0.45,0.0,0.4099264705882353,0.5,0.7021276595744681,0.005670103092783505,0.07813362294988599,0.4636871508379888,0.5555555555555556,0.31537242472266236,0.008110848259547143,0.0,0.5714285714285714,0.4482758620689656,0.21739130434782608,0.2792397660818713,0.5907230559345157,0.7486338797814207,True,False,False,True,False,False,False,True,False,False,False,True,False,False,False,False,True,True,False,False,True
0.0,0.0,0.6666666666666666,0.4601769911504425,0.4145899410965111,0.3764705882352941,0.45121951219512196,0.4991834512792597,0.45,0.0,0.4099264705882353,0.5,0.7021276595744681,0.005670103092783505,0.07813362294988599,0.4636871508379888,0.5555555555555556,0.31537242472266236,0.008110848259547143,0.0,0.5714285714285714,0.4482758620689656,0.21739130434782608,0.2792397660818713,0.5907230559345157,0.7486338797814207,True,False,False,True,False,False,False,True,False,False,False,True,False,False,False,False,True,True,False,False,True
0.0,0.33333333333333326,0.0,0.0,0.6381747385876072,0.29411764705882354,0.0,0.5236589203397864,0.35,0.0,0.6548713235294118,0.3766408687940349,0.0,0.0017804042288866702,0.09337986064966511,0.5027932960893854,0.0,0.09825673534072887,0.0013518080432578573,0.0,0.07142857142857142,0.3706896551724138,0.21739130434782608,0.10964912280701755,0.11323328785811734,0.6010928961748634,True,False,False,True,False,False,False,False,False,True,False,True,False,False,False,True,False,True,False,True,False
0.0,0.33333333333333326,0.0,0.0,0.6381747385876072,0.29411764705882354,0.0,0.5236589203397864,0.35,0.0,0.6548713235294118,0.3766408687940349,0.0,0.0017804042288866702,0.09337986064966511,0.5027932960893854,0.0,0.09825673534072887,0.0013518080432578573,0.0,0.07142857142857142,0.3706896551724138,0.21739130434782608,0.10964912280701755,0.11323328785811734,0.6010928961748634,True,False,False,True,False,False,False,False,False,True,False,True,False,False,False,True,False,True,False,True,False
0.0,0.44444444444444436,0.3333333333333333,0.4601769911504425,0.4218396012686905,0.2705882352941177,0.3902439024390244,0.48040283070223194,0.25,0.07142857142857142,0.38556985294117646,0.25,0.6063829787234042,0.005412371134020618,0.07165987231928178,0.4767225325884543,0.33333333333333337,0.1600633914421552,0.009800608313619464,0.0,0.8571428571428572,0.456896551724138,0.17391304347826086,0.14619883040935644,0.24965893587994545,0.6666666666666666,True,False,False,True,False,False,False,False,False,True,False,True,False,False,False,True,False,True,False,True,False
0.0,0.44444444444444436,0.3333333333333333,0.4601769911504425,0.4218396012686905,0.2705882352941177,0.3902439024390244,0.48040283070223194,0.25,0.07142857142857142,0.38556985294117646,0.25,0.6063829787234042,0.005412371134020618,0.07165987231928178,0.4767225325884543,0.33333333333333337,0.1600633914421552,0.009800608313619464,0.0,0.8571428571428572,0.456896551724138,0.17391304347826086,0.14619883040935644,0.24965893587994545,0.6666666666666666,True,False,False,True,False,False,False,False,False,True,False,True,False,False,False,True,False,True,False,True,False
0.0,0.0,0.3333333333333333,0.336283185840708,0.8219302220208428,0.0,0.14634146341463414,0.4891126837234622,0.45,0.0,0.8060661764705883,0.0,0.5957446808510639,0.0002577319587628866,0.07732784062522505,0.5121042830540037,0.2966666666666667,0.099841521394612,0.0003379520108144643,0.0,0.6428571428571428,0.32758620689655177,0.17391304347826086,0.11842105263157876,0.07503410641200545,0.6065573770491803,True,False,False,True,False,False,False,False,False,True,False,True,False,False,False,True,False,True,False,False,True
0.0,0.0,0.3333333333333333,0.336283185840708,0.8219302220208428,0.0,0.14634146341463414,0.4891126837234622,0.45,0.0,0.8060661764705883,0.0,0.5957446808510639,0.0002577319587628866,0.07732784062522505,0.5121042830540037,0.2966666666666667,0.099841521394612,0.0003379520108144643,0.0,0.6428571428571428,0.32758620689655177,0.17391304347826086,0.11842105263157876,0.07503410641200545,0.6065573770491803,True,False,False,True,False,False,False,False,False,True,False,True,False,False,False,True,False,True,False,False,True
0.0,0.7777777777777777,0.0,0.504424778761062,0.19800634345265067,0.4470588235294118,0.49999999999999994,0.8794229722373437,0.45,0.0,0.8322610294117647,0.579,0.7606382978723404,0.026288659793814433,0.35368377284959657,0.0,0.7222222222222222,0.4326465927099843,0.0003379520108144643,0.0,0.35714285714285715,0.32758620689655177,0.21739130434782608,0.023391812865496853,0.04502046384720329,0.5519125683060109,True,False,False,True,False,False,False,False,False,True,False,True,False,True,False,False,False,True,False,False,True
0.0,0.7777777777777777,0.0,0.504424778761062,0.19800634345265067,0.4470588235294118,0.49999999999999994,0.8794229722373437,0.45,0.0,0.8322610294117647,0.579,0.7606382978723404,0.026288659793814433,0.35368377284959657,0.0,0.7222222222222222,0.4326465927099843,0.0003379520108144643,0.0,0.35714285714285715,0.32758620689655177,0.21739130434782608,0.023391812865496853,0.04502046384720329,0.5519125683060109,True,False,False,True,False,False,False,False,False,True,False,True,False,True,False,False,False,True,False,False,True
0.0,0.5555555555555555,0.0,0.3539823008849558,0.742183960126869,0.24705882352941178,0.18292682926829268,0.449918345127926,0.25,0.07142857142857142,0.6590073529411765,0.33299999999999996,0.5585106382978724,0.0005154639175257733,0.06927468162425021,0.6405959031657356,0.22222222222222224,0.0,0.0013518080432578573,0.0,1.0,0.3706896551724138,0.13043478260869565,0.12719298245613997,0.11323328785811734,0.6065573770491803,True,False,False,True,False,False,False,False,False,True,False,True,False,False,False,True,False,True,False,True,False
0.0,0.5555555555555555,0.0,0.3539823008849558,0.742183960126869,0.24705882352941178,0.18292682926829268,0.449918345127926,0.25,0.07142857142857142,0.6590073529411765,0.33299999999999996,0.5585106382978724,0.0005154639175257733,0.06927468162425021,0.6405959031657356,0.22222222222222224,0.0,0.0013518080432578573,0.0,1.0,0.3706896551724138,0.13043478260869565,0.12719298245613997,0.11323328785811734,0.6065573770491803,True,False,False,True,False,False,False,False,False,True,False,True,False,False,False,True,False,True,False,True,False
0.0,0.5925925925925926,0.0,0.5929203539823009,0.7598550067965565,0.2823529411764706,0.35365853658536583,0.40391943385955364,0.55,0.07142857142857142,0.599264705882353,0.4,0.648936170212766,0.0005154639175257733,0.06063914249398161,0.3817504655493482,0.33333333333333337,0.2393026941362919,0.002027712064886786,0.0,0.8571428571428572,0.646551724137931,0.30434782608695654,0.14473684210526283,0.24965893587994545,0.6885245901639343,False,False,True,False,False,True,False,False,False,True,False,False,True,False,False,True,False,False,True,False,True
0.0,0.5925925925925926,0.0,0.5929203539823009,0.7598550067965565,0.2823529411764706,0.35365853658536583,0.40391943385955364,0.55,0.07142857142857142,0.599264705882353,0.4,0.648936170212766,0.0005154639175257733,0.06063914249398161,0.3817504655493482,0.33333333333333337,0.2393026941362919,0.002027712064886786,0.0,0.8571428571428572,0.646551724137931,0.30434782608695654,0.14473684210526283,0.24965893587994545,0.6885245901639343,False,False,True,False,False,True,False,False,False,True,False,False,True,False,False,True,False,False,True,False,True
0.0,0.33333333333333326,0.0,0.5929203539823009,0.7217942908926145,0.29411764705882354,0.43902439024390244,0.39466521502449653,0.55,0.14285714285714285,0.5450367647058824,0.0,0.6436170212765957,0.0005154639175257733,0.05773449221439997,0.5251396648044693,0.37,0.1727416798732171,0.0030415680973301788,0.0,0.7142857142857142,0.6896551724137931,0.30434782608695654,0.1959064327485378,0.3178717598908595,0.7103825136612021,False,False,True,False,False,True,False,False,False,False,True,False,True,False,False,True,False,False,True,True,False
0.0,0.33333333333333326,0.0,0.5929203539823009,0.7217942908926145,0.29411764705882354,0.43902439024390244,0.39466521502449653,0.55,0.14285714285714285,0.5450367647058824,0.0,0.6436170212765957,0.0005154639175257733,0.05773449221439997,0.5251396648044693,0.37,0.1727416798732171,0.0030415680973301788,0.0,0.7142857142857142,0.6896551724137931,0.30434782608695654,0.1959064327485378,0.3178717598908595,0.7103825136612021,False,False,True,False,False,True,False,False,False,False,True,False,True,False,False,True,False,False,True,True,False
0.0,0.33333333333333326,0.0,0.8141592920353983,0.2877208880833711,0.4117647058823529,0.4878048780487805,0.5691344583560153,0.55,0.2857142857142857,0.3993566176470588,0.6,0.776595744680851,0.01365979381443299,0.11263907862686612,0.2439478584729981,0.7777777777777778,0.49286846275752794,0.008786752281176072,0.13414634146341464,0.2857142857142857,0.75,0.30434782608695654,0.27046783625730964,0.3178717598908595,0.6721311475409836,False,False,True,False,False,True,False,False,False,False,True,False,True,True,False,False,False,False,True,False,True
0.0,0.33333333333333326,0.0,0.8141592920353983,0.2877208880833711,0.4117647058823529,0.4878048780487805,0.5691344583560153,0.55,0.2857142857142857,0.3993566176470588,0.6,0.776595744680851,0.01365979381443299,0.11263907862686612,0.2439478584729981,0.7777777777777778,0.49286846275752794,0.008786752281176072,0.13414634146341464,0.2857142857142857,0.75,0.30434782608695654,0.27046783625730964,0.3178717598908595,0.6721311475409836,False,False,True,False,False,True,False,False,False,False,True,False,True,True,False,False,False,False,True,False,True
0.19791666666666669,0.7777777777777777,0.6666666666666666,0.8141592920353983,0.29859537834164024,0.49411764705882355,0.4878048780487805,0.4978225367446925,0.55,0.3571428571428571,0.2899816176470588,0.533,0.6808510638297872,0.01288659793814433,0.07669777858786953,0.7094972067039106,0.6111111111111112,0.3629160063391441,0.01791145657316661,0.13414634146341464,0.49999999999999994,0.7931034482758622,0.5217391304347826,0.5160818713450293,0.7271487039563438,0.8360655737704917,False,False,True,False,False,True,False,True,False,False,False,False,True,False,False,False,True,False,True,True,False
0.19791666666666669,0.7777777777777777,0.6666666666666666,0.8141592920353983,0.29859537834164024,0.49411764705882355,0.4878048780487805,0.4978225367446925,0.55,0.3571428571428571,0.2899816176470588,0.533,0.6808510638297872,0.01288659793814433,0.07669777858786953,0.7094972067039106,0.6111111111111112,0.3629160063391441,0.01791145657316661,0.13414634146341464,0.49999999999999994,0.7931034482758622,0.5217391304347826,0.5160818713450293,0.7271487039563438,0.8360655737704917,False,False,True,False,False,True,False,True,False,False,False,False,True,False,False,False,True,False,True,True,False
0.0,0.33333333333333326,0.0,0.8230088495575222,0.26687811508835524,0.31764705882352945,0.41463414634146345,0.6480675013609146,0.55,0.0,0.5114889705882353,0.47006972027398436,0.7074468085106383,0.01597938144329897,0.15813417679576133,0.45437616387337054,0.5,0.25356576862123603,0.003717472118959108,0.0,0.6428571428571428,0.7068965517241379,0.30434782608695654,0.21491228070175428,0.3860845839017736,0.7267759562841529,False,False,True,False,False,True,False,False,False,False,True,False,True,False,False,False,True,False,True,False,True
0.0,0.33333333333333326,0.0,0.8230088495575222,0.26687811508835524,0.31764705882352945,0.41463414634146345,0.6480675013609146,0.55,0.0,0.5114889705882353,0.47006972027398436,0.7074468085106383,0.01597938144329897,0.15813417679576133,0.45437616387337054,0.5,0.25356576862123603,0.003717472118959108,0.0,0.6428571428571428,0.7068965517241379,0.30434782608695654,0.21491228070175428,0.3860845839017736,0.7267759562841529,False,False,True,False,False,True,False,False,False,False,True,False,True,False,False,False,True,False,True,False,True
0.0,0.44444444444444436,0.0,0.7168141592920355,0.5188038060715904,0.4470588235294118,0.35365853658536583,0.3470332063146435,0.55,0.07142857142857142,0.2587316176470588,0.4,0.6170212765957446,0.002577319587628866,0.03558795874895395,0.8212290502793296,0.2777777777777778,0.12995245641838382,0.022642784724569112,0.0,0.9285714285714286,0.8017241379310346,0.30434782608695654,0.38888888888888884,0.6589358799454298,0.7814207650273223,False,False,True,False,False,True,False,True,False,False,False,False,True,False,False,True,False,False,True,True,False
0.0,0.44444444444444436,0.0,0.7168141592920355,0.5188038060715904,0.4470588235294118,0.35365853658536583,0.3470332063146435,0.55,0.07142857142857142,0.2587316176470588,0.4,0.6170212765957446,0.002577319587628866,0.03558795874895395,0.8212290502793296,0.2777777777777778,0.12995245641838382,0.022642784724569112,0.0,0.9285714285714286,0.8017241379310346,0.30434782608695654,0.38888888888888884,0.6589358799454298,0.7814207650273223,False,False,True,False,False,True,False,True,False,False,False,False,True,False,False,True,False,False,True,True,False
0.0,0.0,0.0,0.336283185840708,0.8155867693701858,0.4117647058823529,0.24390243902439024,0.30756668481219385,0.55,0.0,0.4931066176470588,0.0,0.6063829787234042,0.0002577319587628866,0.04461586728157911,0.7746741154562383,0.23444444444444448,0.05388272583201292,0.004055424129773571,0.0,0.9285714285714286,0.4224137931034483,0.30434782608695654,0.2821637426900585,0.4542974079126876,0.7540983606557375,True,False,False,True,False,False,False,False,False,False,True,False,True,False,False,True,False,False,True,False,True
0.0,0.0,0.0,0.336283185840708,0.8155867693701858,0.4117647058823529,0.24390243902439024,0.30756668481219385,0.55,0.0,0.4931066176470588,0.0,0.6063829787234042,0.0002577319587628866,0.04461586728157911,0.7746741154562383,0.23444444444444448,0.05388272583201292,0.004055424129773571,0.0,0.9285714285714286,0.4224137931034483,0.30434782608695654,0.2821637426900585,0.4542974079126876,0.7540983606557375,True,False,False,True,False,False,False,False,False,False,True,False,True,False,False,True,False,False,True,False,True
0.0,0.0,0.3333333333333333,0.4513274336283186,0.036701404621658364,0.0,0.0,0.4861186717474143,0.5,0.0,0.004595588235294118,0.6,0.0,0.21623711340206186,0.012175678886992594,0.515828677839851,0.888888888888889,0.15847860538827252,0.6269009800608314,0.0,0.14285714285714285,0.4482758620689656,0.2608695652173913,0.17543859649122773,0.5907230559345157,0.0,True,False,False,True,False,False,False,False,False,False,False,False,False,False,False,False,False,False,False,False,True
0.0,0.0,0.3333333333333333,0.4513274336283186,0.036701404621658364,0.0,0.0,0.4861186717474143,0.5,0.0,0.004595588235294118,0.6,0.0,0.21623711340206186,0.012175678886992594,0.515828677839851,0.888888888888889,0.15847860538827252,0.6269009800608314,0.0,0.14285714285714285,0.4482758620689656,0.2608695652173913,0.17543859649122773,0.5907230559345157,0.0,True,False,False,True,False,False,False,False,False,False,False,False,False,False,False,False,False,False,False,False,True
0.0,0.0,0.3333333333333333,0.4513274336283186,0.036701404621658364,0.0,0.0,0.4861186717474143,0.5,0.0,0.004595588235294118,0.6,0.0,0.21623711340206186,0.012175678886992594,0.515828677839851,0.888888888888889,0.15847860538827252,0.6269009800608314,0.0,0.14285714285714285,0.4482758620689656,0.2608695652173913,0.17543859649122773,0.5907230559345157,0.0,True,False,False,True,False,False,False,False,False,False,False,False,False,False,False,False,False,False,False,False,True
0.0,0.0,0.3333333333333333,0.4513274336283186,0.036701404621658364,0.0,0.0,0.4861186717474143,0.5,0.0,0.004595588235294118,0.6,0.0,0.21623711340206186,0.012175678886992594,0.515828677839851,0.888888888888889,0.15847860538827252,0.6269009800608314,0.0,0.14285714285714285,0.4482758620689656,0.2608695652173913,0.17543859649122773,0.5907230559345157,0.0,True,False,False,True,False,False,False,False,False,False,False,False,False,False,False,False,False,False,False,False,True
0.0,0.0,0.3333333333333333,0.4513274336283186,0.036701404621658364,0.0,0.0,0.4861186717474143,0.5,0.0,0.004595588235294118,0.6,0.0,0.21623711340206186,0.012175678886992594,0.515828677839851,0.888888888888889,0.15847860538827252,0.6269009800608314,0.0,0.14285714285714285,0.4482758620689656,0.2608695652173913,0.17543859649122773,0.5907230559345157,0.0,True,False,False,True,False,False,False,False,False,False,False,False,False,False,False,False,False,False,False,False,True
0.0,0.0,0.3333333333333333,0.4513274336283186,0.036701404621658364,0.0,0.0,0.4861186717474143,0.5,0.0,0.004595588235294118,0.6,0.0,0.21623711340206186,0.012175678886992594,0.515828677839851,0.888888888888889,0.15847860538827252,0.6269009800608314,0.0,0.14285714285714285,0.4482758620689656,0.2608695652173913,0.17543859649122773,0.5907230559345157,0.0,True,False,False,True,False,False,False,False,False,False,False,False,False,False,False,False,False,False,False,False,True
0.0,0.7037037037037036,0.0,0.5486725663716815,0.2020842772995016,0.6235294117647059,0.6341463414634146,0.46379967338051176,0.55,0.07142857142857142,0.13465073529411764,0.5013451174250337,0.723404255319149,0.025773195876288662,0.0507250791076322,0.4450651769087523,0.7222222222222222,0.49286846275752794,0.0577897938492734,0.1951219512195122,0.35714285714285715,0.5517241379310346,0.30434782608695654,0.42836257309941494,0.6589358799454298,0.7650273224043714,True,False,False,True,False,False,False,True,False,False,False,False,True,True,False,False,False,False,True,False,True
0.25,0.44444444444444436,0.0,0.5486725663716815,0.19438151336656095,0.6941176470588235,0.6341463414634146,0.45890038105606973,0.55,0.2857142857142857,0.11856617647058824,0.4678225595929424,0.7287234042553192,0.02731958762886598,0.045939492118752444,0.7150837988826815,0.7777777777777778,0.5229793977812998,0.06488678607637716,0.2926829268292683,0.2857142857142857,0.5517241379310346,0.5217391304347826,0.6681286549707601,0.931787175989086,0.8415300546448087,True,False,False,True,False,False,False,False,True,False,False,False,True,True,False,False,False,False,True,True,False
0.4375,0.8888888888888887,0.0,0.6106194690265486,0.17535115541458995,0.7058823529411765,0.6219512195121951,0.47387044093630926,0.55,0.2857142857142857,0.1245404411764706,0.4829116317312306,0.6808510638297872,0.031443298969072164,0.05462519074824375,0.6387337057728119,0.5,0.3248811410459589,0.06319702602230483,0.0975609756097561,0.6428571428571428,0.603448275862069,0.30434782608695654,0.4254385964912277,0.6589358799454298,0.721311475409836,True,False,False,True,False,False,False,True,False,False,False,False,True,False,False,False,True,False,True,True,False
0.0,0.8148148148148148,0.6666666666666666,0.5486725663716815,0.21024014499320345,0.5647058823529412,0.6341463414634146,0.49346761023407737,0.55,0.14285714285714285,0.19301470588235292,0.6013166637412752,0.7499999999999999,0.024742268041237116,0.07227604017539041,0.3854748603351955,0.8333333333333334,0.5229793977812998,0.03649881716796215,0.36585365853658536,0.21428571428571425,0.5862068965517242,0.30434782608695654,0.4093567251461985,0.5907230559345157,0.7377049180327868,True,False,False,True,False,False,False,True,False,False,False,False,True,False,True,False,False,False,True,True,False
0.23958333333333337,0.5185185185185185,0.3333333333333333,0.5575221238938053,0.1576801087449026,0.6823529411764706,0.573170731707317,0.47795318454001096,0.55,0.5,0.1135110294117647,0.4848036152123267,0.6595744680851063,0.03582474226804124,0.055562141467444856,0.8286778398510242,0.5555555555555556,0.2931854199683044,0.07029401824940858,0.5609756097560976,0.5714285714285714,0.5517241379310346,0.30434782608695654,0.5453216374269005,0.7271487039563438,0.7704918032786884,True,False,False,True,False,False,False,True,False,False,False,False,True,False,False,False,True,False,True,True,False
0.22916666666666669,0.9259259259259258,0.0,0.30973451327433627,0.9256909832351609,0.6705882352941176,0.6463414634146342,0.0,0.55,0.14285714285714285,0.08547794117647059,0.4093120209404314,0.7287234042553192,0.0,0.0,0.6908752327746741,0.7222222222222222,0.4421553090332808,0.09699222710375126,0.0,0.35714285714285715,0.6120689655172414,0.5217391304347826,0.5745614035087718,0.8635743519781719,0.8579234972677595,True,False,False,True,False,False,False,False,True,False,False,False,True,True,False,False,False,False,True,False,True
0.0,0.6666666666666665,0.0,0.0,0.10591047038614627,0.6588235294117648,0.5609756097560976,0.5200935770442945,0.55,0.14285714285714285,0.1332720588235294,0.37780774107077814,0.6702127659574468,0.07503981712597414,0.1121218603747443,0.584729981378026,0.4444444444444445,0.290015847860539,0.05914160189253126,0.2926829268292683,0.7142857142857142,0.5517241379310346,0.30434782608695654,0.3508771929824559,0.4542974079126876,0.715846994535519,True,False,False,True,False,False,False,False,False,False,True,False,True,False,False,False,True,False,True,False,True
0.22916666666666669,0.7407407407407407,0.0,0.5486725663716815,0.21114635251472588,0.6470588235294118,0.6341463414634146,0.447468698965705,0.55,0.21428571428571427,0.11626838235294118,0.4737352037392676,0.6914893617021277,0.02448453608247423,0.04076476052625894,0.6424581005586592,0.6111111111111112,0.39144215530903326,0.06691449814126393,0.0,0.49999999999999994,0.603448275862069,0.30434782608695654,0.48976608187134474,0.6589358799454298,0.7540983606557375,True,False,False,True,False,False,False,True,False,False,False,False,True,False,False,False,True,False,True,True,False
0.3125,0.33333333333333326,0.3333333333333333,0.5486725663716815,0.2088808337109198,0.6352941176470589,0.6463414634146342,0.4869352204681547,0.55,0.3571428571428571,0.18060661764705882,0.37713267407365136,0.7021276595744681,0.025,0.06769845140360078,0.6424581005586592,0.6111111111111112,0.438985736925515,0.03987833727610679,0.0975609756097561,0.49999999999999994,0.5344827586206897,0.30434782608695654,0.5336257309941517,0.7271487039563438,0.7322404371584699,True,False,False,True,False,False,False,True,False,False,False,False,True,False,False,False,True,False,True,True,False
0.08333333333333334,0.5185185185185185,0.0,0.5398230088495576,0.22292705029451745,0.6,0.6219512195121951,0.4646162221012521,0.55,0.3571428571428571,0.15716911764705882,0.5389215019973203,0.7074468085106383,0.02216494845360825,0.053957543229771095,0.4525139664804469,0.6666666666666667,0.4437400950871635,0.04731328151402501,0.0,0.42857142857142855,0.5431034482758621,0.30434782608695654,0.38888888888888884,0.5907230559345157,0.7267759562841529,True,False,False,True,False,False,False,True,False,False,False,False,True,True,False,False,False,False,True,True,False
0.22916666666666669,0.7037037037037036,0.6666666666666666,0.5486725663716815,0.19755323969188945,0.6470588235294118,0.6585365853658537,0.49537289058247147,0.55,0.14285714285714285,0.18336397058823528,0.5284989754006008,0.7553191489361701,0.026546391752577322,0.07317534367011747,0.5027932960893854,0.7222222222222222,0.561014263074485,0.0388644812436634,0.0,0.35714285714285715,0.5344827586206897,0.30434782608695654,0.5365497076023389,0.7953615279672578,0.7650273224043714,True,False,False,True,False,False,False,False,True,False,False,False,True,True,False,False,False,False,True,True,False
0.0,0.44444444444444436,0.0,0.920353982300885,0.022655188038060717,0.0,0.573170731707317,0.537833424060969,0.35,0.07142857142857142,0.07766544117647059,0.3330000000000001,0.7553191489361701,0.23041237113402063,0.2619775317267967,0.7039106145251396,0.4444444444444445,0.5245641838351824,0.10713078742818519,0.0,0.7142857142857142,0.8620689655172414,0.34782608695652173,0.6608187134502921,0.931787175989086,0.9999999999999999,False,True,False,False,True,False,False,False,True,False,False,False,True,False,False,False,True,True,False,True,False
0.17708333333333337,1.0,1.0,0.920353982300885,0.019483461712732218,0.0,0.0,0.5035383777898749,0.3,1.0,0.016544117647058824,0.41021478430941577,0.6861702127659575,0.2440721649484536,0.07162359557096969,0.5512104283054003,0.5,0.502377179080824,0.3274754984792159,0.23170731707317072,0.6428571428571428,1.0,0.21739130434782608,0.5204678362573096,0.3178717598908595,0.7103825136612021,False,True,False,False,True,False,False,False,False,False,True,True,False,False,False,False,True,True,False,True,False
0.0,1.0,0.0,0.8407079646017699,0.20163117353874038,0.0,0.7317073170731707,0.4077299945563419,0.75,0.21428571428571427,0.03952205882352941,0.7930812368260958,0.9946808510638299,0.025773195876288662,0.010431113547019243,0.48230912476722526,0.8333333333333334,0.5800316957210776,0.2122338627914836,0.0,0.21428571428571425,0.8879310344827587,0.34782608695652173,0.5380116959064325,0.5225102319236017,0.8797814207650273,False,True,False,False,True,False,False,False,False,False,True,False,True,False,True,False,False,False,True,True,False
0.125,1.0,1.0,0.929203539823009,0.014952424105120075,0.6705882352941176,0.6341463414634146,0.5057158410451824,0.3,0.7857142857142857,0.015625,0.703035270194508,0.6914893617021277,0.290979381443299,0.0864815152010814,0.6294227188081937,0.4444444444444445,0.49286846275752794,0.33558634673876303,0.0975609756097561,0.7142857142857142,0.8965517241379312,0.17391304347826086,0.5730994152046782,0.4542974079126876,0.7759562841530053,False,True,False,False,True,False,False,False,False,False,True,True,False,False,False,False,True,True,False,True,False
0.03125,1.0,0.0,0.8849557522123894,0.07974626189397373,0.0,0.5853658536585366,0.46325530756668487,0.6,0.2857142857142857,0.009650735294117647,0.5779103744052679,0.8563829787234043,0.0809278350515464,0.006824106830587852,0.7579143389199254,0.6111111111111112,0.42472266244057044,0.46265630280500164,0.0,0.49999999999999994,0.9051724137931035,0.21739130434782608,0.6111111111111107,0.3178717598908595,0.7540983606557375,False,True,False,False,True,False,False,False,False,False,True,True,False,False,False,False,True,False,True,True,False
0.03125,1.0,0.6666666666666666,0.920353982300885,0.024467603081105575,0.0,0.0,0.49210669569951015,0.4,0.2857142857142857,0.0022977941176470585,0.40965603949987134,0.8138297872340425,0.26056701030927837,0.014005178644725837,0.4841713221601489,0.6111111111111112,0.5372424722662443,0.8273065224738086,0.024390243902439025,0.49999999999999994,0.9224137931034484,0.08695652173913043,0.5,0.1814461118690314,0.7049180327868851,False,True,False,False,True,False,False,False,False,True,False,True,False,False,False,False,True,True,False,False,True
0.07291666666666669,1.0,0.6666666666666666,0.920353982300885,0.030357951971001364,0.6470588235294118,0.0,0.5000000000000001,0.45,0.7142857142857142,0.021599264705882353,0.44439043148444546,0.7499999999999999,0.24020618556701032,0.059150122059236546,0.547486033519553,0.5555555555555556,0.6006339144215533,0.3548496113551875,0.0975609756097561,0.5714285714285714,0.9913793103448276,0.21739130434782608,0.6081871345029239,0.4542974079126876,0.7923497267759562,False,True,False,False,True,False,False,False,False,False,True,True,False,False,False,False,True,True,False,True,False
0.0625,1.0,0.0,0.9380530973451329,0.004984141368373359,0.4823529411764706,0.8170731707317074,0.5416439847577573,0.45,0.7142857142857142,0.0661764705882353,0.6641441662687346,0.776595744680851,0.49407216494845363,0.6786061483289765,0.2774674115456238,0.6111111111111112,0.751188589540412,0.16154106116931394,0.0975609756097561,0.49999999999999994,0.8793103448275863,0.21739130434782608,0.5350877192982453,0.4542974079126876,0.7814207650273223,False,True,False,False,True,False,False,False,False,False,True,True,False,False,False,False,True,True,False,False,True
0.03125,1.0,0.0,0.8495575221238938,0.21341187131853195,0.5176470588235295,0.7073170731707317,0.39139902014153516,0.6,0.2857142857142857,0.023897058823529414,0.526054970799783,0.8404255319148937,0.029381443298969075,0.0031249324893603304,0.7299813780260707,0.6111111111111112,0.42472266244057044,0.34065562690098,0.0,0.49999999999999994,0.9913793103448276,0.21739130434782608,0.5891812865497075,0.6589358799454298,0.8524590163934426,False,True,False,False,True,False,False,True,False,False,False,True,False,False,False,False,True,False,True,False,True
0.020833333333333336,1.0,0.3333333333333333,0.9026548672566372,0.0598096964204803,0.0,0.7195121951219512,0.48938486663037567,0.3,0.3571428571428571,0.03354779411764706,0.6543480667362809,0.7340425531914893,0.1402061855670103,0.044307204091960636,0.6312849162011173,0.4444444444444445,0.5641838351822503,0.29976343359242985,0.024390243902439025,0.7142857142857142,0.8965517241379312,0.21739130434782608,0.6403508771929824,0.7271487039563438,0.9071038251366119,False,True,False,False,True,False,False,True,False,False,False,True,False,False,False,False,True,True,False,True,False
0.0,1.0,0.0,0.9380530973451329,0.006796556411418216,0.5647058823529412,0.7926829268292683,0.5726728361458902,0.25,0.21428571428571427,0.12040441176470588,0.6568244524421922,0.7446808510638298,0.463659793814433,0.9999999999999999,0.6871508379888267,0.4444444444444445,0.497622820919176,0.08516390672524501,0.0,0.7142857142857142,0.8534482758620691,0.21739130434782608,0.6228070175438596,0.7271487039563438,0.9180327868852458,False,True,False,False,True,False,False,True,False,False,False,True,False,False,False,False,True,True,False,True,False
0.0,1.0,0.3333333333333333,0.8672566371681416,0.12052560036248301,0.6235294117647059,0.524390243902439,0.4888405008165488,0.55,0.21428571428571427,0.09420955882352941,0.5494711156669077,0.8723404255319148,0.049226804123711346,0.06112695142572651,0.404096834264432,0.6666666666666667,0.4627575277337561,0.08921933085501858,0.0,0.42857142857142855,0.8620689655172414,0.30434782608695654,0.36842105263157876,0.3860845839017736,0.8251366120218578,False,True,False,False,True,False,False,False,False,False,True,False,True,True,False,False,False,False,True,False,True
0.0,1.0,0.0,0.8584070796460177,0.14408699592206617,0.5294117647058824,0.0,0.45781164942841596,0.55,0.07142857142857142,0.06571691176470588,0.600703705394073,0.8617021276595745,0.04020618556701031,0.033242684918702824,0.4674115456238361,0.6666666666666667,0.4770206022187007,0.13011152416356878,0.0,0.42857142857142855,0.8706896551724138,0.30434782608695654,0.43128654970760216,0.5225102319236017,0.8743169398907104,False,True,False,False,True,False,False,False,False,False,True,False,True,True,False,False,False,False,True,False,True
0.020833333333333336,0.9259259259259258,0.6666666666666666,0.8761061946902655,0.10602628001812416,0.0,0.0,0.4991834512792597,0.55,0.3571428571428571,0.09696691176470588,0.5916668935787989,0.8085106382978723,0.05927835051546392,0.07248662389192537,0.4841713221601489,0.5555555555555556,0.45800316957210807,0.08719161879013179,0.024390243902439025,0.5714285714285714,0.8620689655172414,0.30434782608695654,0.42690058479532134,0.5907230559345157,0.8579234972677595,False,True,False,False,True,False,False,True,False,False,False,False,True,False,False,False,True,False,True,False,True
0.0,1.0,0.0,0.8584070796460177,0.18803806071590395,0.0,0.5975609756097561,0.447468698965705,0.55,0.14285714285714285,0.09283088235294118,0.600752957322249,0.8351063829787234,0.03479381443298969,0.03602754963993647,0.7188081936685289,0.5555555555555556,0.32646592709984157,0.11591753970936126,0.0,0.5714285714285714,0.8706896551724138,0.30434782608695654,0.48976608187134474,0.6589358799454298,0.896174863387978,False,True,False,False,True,False,False,True,False,False,False,False,True,False,False,False,True,False,True,True,False
0.03125,0.8888888888888887,0.3333333333333333,0.8495575221238938,0.2052560036248301,0.5294117647058824,0.46341463414634143,0.5264017419706043,0.55,0.21428571428571427,0.24356617647058823,0.6351390960050121,0.7606382978723404,0.030927835051546393,0.09530917137475932,0.7337057728119181,0.3888888888888889,0.21394611727416812,0.03278134504900304,0.024390243902439025,0.7857142857142856,0.8189655172413793,0.30434782608695654,0.39766081871345005,0.5225102319236017,0.8469945355191256,False,True,False,False,True,False,False,False,False,False,True,False,True,False,False,True,False,False,True,True,False
0.020833333333333336,1.0,0.0,0.8672566371681416,0.14318078840054374,0.5411764705882354,0.0,0.4755035383777899,0.55,0.2857142857142857,0.09466911764705882,0.5956046407706778,0.8723404255319148,0.050515463917525774,0.05068610751515978,0.5251396648044693,0.7777777777777778,0.497622820919176,0.11253801960121662,0.024390243902439025,0.2857142857142857,0.8706896551724138,0.30434782608695654,0.4956140350877192,0.5907230559345157,0.8469945355191256,False,True,False,False,True,False,False,True,False,False,False,False,True,True,False,False,False,False,True,True,False
0.0,1.0,0.3333333333333333,0.8849557522123894,0.11463525147258723,0.0,0.573170731707317,0.48639085465432774,0.55,0.21428571428571427,0.08409926470588236,0.6387034159090369,0.8723404255319148,0.06829896907216496,0.05713754228124368,0.5381750465549348,0.7222222222222222,0.4833597464342314,0.12571814802298073,0.0,0.35714285714285715,0.8706896551724138,0.30434782608695654,0.49269005847953196,0.5225102319236017,0.8743169398907104,False,True,False,False,True,False,False,False,False,False,True,False,True,True,False,False,False,False,True,False,True
0.03125,1.0,0.0,0.831858407079646,0.1359311282283643,0.0,0.0,0.4755035383777899,0.55,0.3571428571428571,0.08731617647058824,0.67343080456156,0.8191489361702128,0.055927835051546394,0.04916053993410333,0.5307262569832402,0.5555555555555556,0.4215530903328051,0.12301453193646501,0.024390243902439025,0.5714285714285714,0.8706896551724138,0.30434782608695654,0.42982456140350855,0.4542974079126876,0.8196721311475409,False,True,False,False,True,False,False,False,False,False,True,False,True,False,False,False,True,False,True,True,False
0.3020833333333333,1.0,0.3333333333333333,0.5663716814159292,0.1264159492523788,0.611764705882353,0.36585365853658536,0.4882961350027219,0.3,0.14285714285714285,0.09926470588235295,0.5091419043978327,0.648936170212766,0.04742268041237114,0.061369871891810146,0.6368715083798883,0.5,0.2995245641838351,0.08482595471443055,0.0,0.6428571428571428,0.560344827586207,0.21739130434782608,0.40058479532163727,0.5907230559345157,0.7322404371584699,True,False,False,True,False,False,False,True,False,False,False,True,False,False,False,False,True,True,False,True,False
0.22916666666666669,0.9259259259259258,0.0,0.5575221238938053,0.14680561848663345,0.611764705882353,0.6097560975609756,0.46298312465977143,0.45,0.2857142857142857,0.07720588235294118,0.5937800189939183,0.6276595744680851,0.03865979381443299,0.03914653706180851,0.6797020484171321,0.5,0.2995245641838351,0.10848259547144305,0.35365853658536583,0.6428571428571428,0.560344827586207,0.21739130434782608,0.4342105263157894,0.5907230559345157,0.7322404371584699,True,False,False,True,False,False,False,True,False,False,False,True,False,False,False,False,True,True,False,True,False
0.19791666666666669,1.0,0.0,0.584070796460177,0.057997281377435435,0.7058823529411765,0.6463414634146342,0.6094175285792053,0.45,0.21428571428571427,0.234375,0.2507204333526659,0.6702127659574468,0.11572164948453609,0.3286565378762087,0.7579143389199254,0.5555555555555556,0.42789223454833625,0.026360256843528218,0.0,0.5714285714285714,0.5258620689655172,0.21739130434782608,0.6140350877192979,0.6589358799454298,0.7540983606557375,True,False,False,True,False,False,False,True,False,False,False,True,False,False,False,False,True,True,False,True,False
0.0,0.9259259259259258,0.0,0.5929203539823009,0.043044857272315364,0.611764705882353,0.6585365853658537,0.5794774088187262,0.45,0.21428571428571427,0.1686580882352941,0.17985273811309616,0.6702127659574468,0.15438144329896908,0.313734613805905,0.3519553072625698,0.5555555555555556,0.42789223454833625,0.04291990537343697,0.35365853658536583,0.5714285714285714,0.5431034482758621,0.21739130434782608,0.29532163742690054,0.3860845839017736,0.6721311475409836,True,False,False,True,False,False,False,False,False,False,True,True,False,False,False,False,True,True,False,False,True
0.0,1.0,0.6666666666666666,0.5752212389380531,0.09107385591300408,0.7294117647058824,0.6829268292682927,0.5089820359281437,0.45,0.07142857142857142,0.09834558823529412,0.7164094563752758,0.7074468085106383,0.06984536082474227,0.0864815152010814,0.6182495344506518,0.6666666666666667,0.42630744849445357,0.0861777627576884,0.2682926829268293,0.42857142857142855,0.560344827586207,0.17391304347826086,0.5029239766081868,0.6589358799454298,0.7650273224043714,True,False,False,True,False,False,False,True,False,False,False,True,False,True,False,False,False,True,False,False,True
0.25,0.8148148148148148,0.3333333333333333,0.5663716814159292,0.12324422292705031,0.6235294117647059,0.5975609756097561,0.48448557430593364,0.45,0.42857142857142855,0.0896139705882353,0.5186587727743612,0.723404255319149,0.04845360824742268,0.05648483083496236,0.31657355679702043,0.7777777777777778,0.4849445324881141,0.09293680297397769,0.0975609756097561,0.2857142857142857,0.560344827586207,0.17391304347826086,0.320175438596491,0.3860845839017736,0.633879781420765,True,False,False,True,False,False,False,False,False,False,True,True,False,True,False,False,False,True,False,False,True
0.0,0.9629629629629629,0.0,0.5929203539823009,0.03942002718622565,0.0,0.6341463414634146,0.5389221556886228,0.45,0.2857142857142857,0.09650735294117647,0.6283130530906252,0.6648936170212766,0.16288659793814433,0.19559182527166277,0.29422718808193665,0.5555555555555556,0.5071315372424725,0.08719161879013179,0.41463414634146345,0.5714285714285714,0.560344827586207,0.0,0.3230994152046782,0.3178717598908595,0.6502732240437158,True,False,False,True,False,False,False,False,False,False,True,True,False,False,False,False,True,True,False,False,True
0.25,0.6666666666666665,0.6666666666666666,0.6283185840707964,0.1073855913004078,0.6235294117647059,0.6219512195121951,0.5144256940664127,0.45,0.14285714285714285,0.12408088235294117,0.5468885138821777,0.7021276595744681,0.0577319587628866,0.09276291211787661,0.5027932960893854,0.6666666666666667,0.38351822503961985,0.06319702602230483,0.0,0.42857142857142855,0.5517241379310346,0.17391304347826086,0.3728070175438596,0.5907230559345157,0.721311475409836,True,False,False,True,False,False,False,True,False,False,False,True,False,True,False,False,False,True,False,False,True
0.0,0.7777777777777777,0.0,0.5575221238938053,0.15677390122338017,0.5176470588235295,0.5121951219512195,0.4646162221012521,0.4,0.07142857142857142,0.0900735294117647,0.5156967518118696,0.6542553191489362,0.03608247422680413,0.04318599709905831,0.7281191806331471,0.5,0.2916006339144217,0.09226089895234876,0.0,0.6428571428571428,0.6120689655172414,0.21739130434782608,0.4649122807017543,0.6589358799454298,0.7486338797814207,True,False,False,True,False,False,False,True,False,False,False,True,False,False,False,False,True,True,False,True,False
0.08333333333333334,0.7777777777777777,0.0,0.5929203539823009,0.044404168554599006,0.6588235294117648,0.7073170731707317,0.5381056069678825,0.4,0.14285714285714285,0.10018382352941177,0.5685651408524364,0.6914893617021277,0.15051546391752577,0.18123802853385768,0.7188081936685289,0.6666666666666667,0.48019017432646605,0.08448800270361607,0.0,0.42857142857142855,0.560344827586207,0.21739130434782608,0.6315789473684208,0.931787175989086,0.814207650273224,True,False,False,True,False,False,False,False,True,False,False,True,False,True,False,False,False,True,False,True,False
0.0,1.0,0.0,0.9380530973451329,0.011327594019030359,0.0,0.8414634146341463,0.5394665215024497,0.35,0.21428571428571427,0.06893382352941177,0.6692190123851158,0.7074468085106383,0.3618556701030928,0.4113212006918172,0.5195530726256983,0.33333333333333337,0.5055467511885898,0.15748563703954038,0.0,0.8571428571428572,0.8793103448275863,0.17391304347826086,0.4985380116959064,0.5907230559345157,0.8797814207650273,False,True,False,False,True,False,False,True,False,False,False,True,False,False,False,True,False,True,False,True,False
0.13541666666666669,1.0,0.0,0.8672566371681416,0.11780697779791573,0.7294117647058824,0.0,0.4646162221012521,0.4,0.7857142857142857,0.05055147058823529,0.5194050145599656,0.7499999999999999,0.05025773195876289,0.031368946719980764,0.6387337057728119,0.6111111111111112,0.6592709984152139,0.222710375126732,0.17073170731707318,0.49999999999999994,0.8879310344827587,0.17391304347826086,0.7339181286549707,0.4542974079126876,0.7868852459016392,False,True,False,False,True,False,False,False,False,False,True,True,False,False,False,False,True,True,False,False,True
0.25,1.0,0.0,0.0,0.06802419099064307,0.6588235294117648,0.7926829268292683,0.4698315949932699,0.55,0.21428571428571427,0.04273897058823529,0.320270129348025,0.7180851063829787,0.16890998301797727,0.030563668035517272,0.6983240223463687,0.7777777777777778,0.538827258320127,0.24670496789455895,0.23170731707317072,0.2857142857142857,0.5775862068965518,0.21739130434782608,0.6695906432748537,0.7271487039563438,0.7759562841530053,True,False,False,True,False,False,False,True,False,False,False,True,False,True,False,False,False,False,True,True,False
0.0,1.0,0.0,0.5398230088495576,0.11508835523334844,0.6352941176470589,0.7804878048780488,0.5519869352204683,0.75,0.21428571428571427,0.1953125,0.713818893121884,0.7925531914893617,0.06829896907216496,0.13846895274497542,0.16573556797020478,0.7777777777777778,0.6006339144215533,0.043933761405880366,0.3780487804878049,0.2857142857142857,0.5431034482758621,0.21739130434782608,0.3084795321637426,0.3178717598908595,0.6448087431693988,True,False,False,True,False,False,False,False,False,False,True,True,False,True,False,False,False,False,True,True,False
0.20833333333333337,1.0,0.6666666666666666,0.5929203539823009,0.05573176257362936,0.6588235294117648,0.6829268292682927,0.5076211213935765,0.45,0.07142857142857142,0.06020220588235294,0.5285890555090712,0.7287234042553192,0.14690721649484537,0.08686532633906739,0.3724394785847299,0.7777777777777778,0.5673534072900162,0.17979046975329502,0.0,0.2857142857142857,0.5689655172413793,0.17391304347826086,0.44005847953216337,0.5907230559345157,0.721311475409836,True,False,False,True,False,False,False,True,False,False,False,True,False,True,False,False,False,True,False,True,False
0.0,0.33333333333333326,0.0,0.9115044247787611,0.053919347530584506,0.0,0.0,0.5451823625476321,0.4,0.14285714285714285,0.12178308823529412,0.4640720418407468,0.776595744680851,0.15876288659793814,0.18266218756075955,0.8156424581005586,0.5,0.44690966719492886,0.08415005069280161,0.0,0.6428571428571428,0.8534482758620691,0.21739130434782608,0.6769005847953213,0.931787175989086,0.9726775956284152,False,True,False,False,True,False,False,False,True,False,False,True,False,False,False,False,True,True,False,True,False
0.0,1.0,0.0,0.0,0.1250214334531566,0.0,0.0,0.43733796077141446,0.45,0.0,0.02619485294117647,0.45353960358639406,0.7712765957446808,0.12782682658398764,0.023637531642304595,0.994413407821229,0.4444444444444445,0.14738510301109375,0.3244339303818857,0.0,0.07142857142857142,0.9913793103448276,0.21739130434782608,0.5409356725146197,0.4542974079126876,0.8306010928961748,False,True,False,False,True,False,False,False,False,False,True,True,False,False,False,False,True,True,False,True,False
0.020833333333333336,1.0,0.6666666666666666,0.9026548672566372,0.07430901676483916,0.0,0.0,0.4967338051170387,0.45,0.2857142857142857,0.06066176470588235,0.4925022238093821,0.8297872340425532,0.11082474226804125,0.06477400028996015,0.5996275605214152,0.7222222222222222,0.5483359746434231,0.17945251774248056,0.036585365853658534,0.35714285714285715,0.8793103448275863,0.17391304347826086,0.6008771929824559,0.6589358799454298,0.8524590163934426,False,True,False,False,True,False,False,True,False,False,False,True,False,True,False,False,False,True,False,False,True
0.07291666666666669,1.0,0.3333333333333333,0.920353982300885,0.038060715903942006,0.45882352941176474,0.0,0.5239520958083833,0.45,0.7857142857142857,0.06985294117647059,0.3531746677339554,0.7872340425531915,0.21108247422680412,0.14688224541607112,0.24953445065176905,0.7222222222222222,0.6465927099841524,0.15613382899628253,0.18292682926829268,0.35714285714285715,0.8793103448275863,0.08695652173913043,0.4166666666666665,0.3860845839017736,0.7267759562841529,False,True,False,False,True,False,False,False,False,False,True,True,False,True,False,False,False,True,False,False,True
0.0,1.0,1.0,0.8938053097345133,0.07657453556864523,0.5529411764705883,0.0,0.5035383777898749,0.45,0.07142857142857142,0.0744485294117647,0.6587463911385885,0.8404255319148937,0.10618556701030928,0.07765817151209997,0.5605214152700185,0.7777777777777778,0.5847860538827261,0.14430550861777627,0.0,0.2857142857142857,0.8706896551724138,0.21739130434782608,0.6038011695906431,0.6589358799454298,0.901639344262295,False,True,False,False,True,False,False,True,False,False,False,True,False,True,False,False,False,True,False,False,True
0.020833333333333336,0.9629629629629629,0.6666666666666666,0.9026548672566372,0.050747621205256006,0.0,0.0,0.5125204137180186,0.4,0.2857142857142857,0.06341911764705882,0.7208525321948208,0.7872340425531915,0.1342783505154639,0.1006650813457457,0.4525139664804469,0.5555555555555556,0.4516640253565769,0.13619466035822914,0.012195121951219513,0.5714285714285714,0.8706896551724138,0.21739130434782608,0.39619883040935644,0.6589358799454298,0.8524590163934426,False,True,False,False,True,False,False,True,False,False,False,True,False,False,False,False,True,True,False,True,False
0.0,1.0,0.0,0.8584070796460177,0.14771182600815588,0.0,0.6707317073170732,0.45971692977681006,0.4,0.21428571428571427,0.07261029411764706,0.585056693930671,0.824468085106383,0.038402061855670105,0.03621543173114531,0.18994413407821226,0.6111111111111112,0.543581616481775,0.11591753970936126,0.0,0.49999999999999994,0.8706896551724138,0.17391304347826086,0.27485380116959046,0.24965893587994545,0.7704918032786884,False,True,False,False,True,False,False,False,False,True,False,True,False,False,False,False,True,True,False,False,True
0.0,0.7037037037037036,0.3333333333333333,0.9026548672566372,0.05573176257362936,0.0,0.6219512195121951,0.5318454001088733,0.35,0.0,0.10110294117647059,0.7220611725665045,0.7925531914893617,0.11958762886597939,0.14664391108038627,0.6312849162011173,0.5,0.3581616481774961,0.08415005069280161,0.0,0.6428571428571428,0.8534482758620691,0.21739130434782608,0.45029239766081863,0.5907230559345157,0.8633879781420765,False,True,False,False,True,False,False,True,False,False,False,True,False,False,False,False,True,True,False,False,True
0.0,1.0,1.0,0.8938053097345133,0.06343452650657001,0.0,0.0,0.5032661948829614,0.45,0.0,0.06066176470588235,0.6795594935087337,0.8829787234042552,0.1038659793814433,0.07657841506693938,0.3854748603351955,0.8333333333333334,0.6513470681458005,0.13856032443393038,0.0,0.21428571428571425,0.8706896551724138,0.21739130434782608,0.5277777777777777,0.7271487039563438,0.8907103825136611,False,True,False,False,True,False,False,True,False,False,False,True,False,False,True,False,False,True,False,False,True
0.0,0.0,0.0,0.5132743362831859,0.3475305845038514,0.49411764705882355,0.5365853658536586,0.869896570495373,0.55,0.07142857142857142,0.9678308823529412,0.45123336892097576,0.675531914893617,0.009536082474226803,0.23336198197207014,0.5195530726256983,0.5,0.23771790808240878,0.0,0.0,0.6428571428571428,0.3017241379310345,0.30434782608695654,0.25146198830409316,0.39290586630286495,0.721311475409836,True,False,False,True,False,False,False,False,False,False,True,False,True,False,False,False,True,False,True,False,True
0.3020833333333333,0.8518518518518517,0.0,0.5575221238938053,0.1644766651563208,0.611764705882353,0.6463414634146342,0.5612411540555253,0.45,0.2857142857142857,0.26102941176470584,0.5396762029415685,0.675531914893617,0.03350515463917526,0.1294838389110769,0.4636871508379888,0.6111111111111112,0.4310618066561016,0.022304832713754646,0.41463414634146345,0.49999999999999994,0.5172413793103449,0.21739130434782608,0.3859649122807016,0.5907230559345157,0.7103825136612021,True,False,False,True,False,False,False,True,False,False,False,True,False,False,False,False,True,True,False,False,True
0.6145833333333334,0.8518518518518517,0.0,0.5309734513274337,0.2772995015858632,0.6588235294117648,0.5853658536585366,0.44120849210669577,0.3,0.8571428571428571,0.17279411764705882,0.28816890493998126,0.6010638297872339,0.014690721649484536,0.046740374978748826,0.7355679702048417,0.5555555555555556,0.2805071315372425,0.041906049340993574,0.41463414634146345,0.5714285714285714,0.5431034482758621,0.21739130434782608,0.46052631578947345,0.5225102319236017,0.6502732240437158,True,False,False,True,False,False,False,False,False,False,True,True,False,False,False,False,True,True,False,True,False
0.0,0.0,0.0,0.2831858407079646,1.0,0.23529411764705885,0.4024390243902439,0.22400653238976598,0.45,0.0,0.5390625,0.3052678169703232,0.6382978723404255,0.0,0.03885914369563128,0.44320297951582865,0.34222222222222226,0.163232963549921,0.0030415680973301788,0.0,0.49999999999999994,0.41379310344827586,0.17391304347826086,0.12280701754385959,0.3178717598908595,0.6721311475409836,True,False,False,True,False,False,False,False,False,False,True,True,False,False,False,True,False,True,False,False,True
0.5,0.7777777777777777,0.0,0.4424778761061947,0.486180335296783,0.4470588235294118,0.46341463414634143,0.5538922155688624,0.35,0.7857142857142857,0.5749080882352942,0.40997102525759127,0.4893617021276596,0.003350515463917526,0.09489804650514216,0.6070763500931098,0.22222222222222224,0.028526148969889142,0.0023656640757012504,0.6463414634146342,1.0,0.3965517241379311,0.17391304347826086,0.12719298245613997,0.1814461118690314,0.5792349726775956,True,False,False,True,False,False,False,False,False,True,False,True,False,False,False,True,False,True,False,False,True
0.4375,0.8888888888888887,0.0,0.6106194690265486,0.17535115541458995,0.7058823529411765,0.6219512195121951,0.47387044093630926,0.55,0.2857142857142857,0.1245404411764706,0.4829116317312306,0.6808510638297872,0.031443298969072164,0.05462519074824375,0.6387337057728119,0.5,0.3248811410459589,0.06319702602230483,0.0975609756097561,0.6428571428571428,0.603448275862069,0.30434782608695654,0.4254385964912277,0.6589358799454298,0.721311475409836,True,False,False,True,False,False,False,True,False,False,False,False,True,False,False,False,True,False,True,True,False
0.0,0.8148148148148148,0.6666666666666666,0.5486725663716815,0.21024014499320345,0.5647058823529412,0.6341463414634146,0.49346761023407737,0.55,0.14285714285714285,0.19301470588235292,0.6013165892209675,0.7499999999999999,0.024742268041237116,0.07227604017539041,0.3854748603351955,0.8333333333333334,0.5229793977812998,0.03649881716796215,0.36585365853658536,0.21428571428571425,0.5862068965517242,0.30434782608695654,0.4093567251461985,0.5907230559345157,0.7377049180327868,True,False,False,True,False,False,False,True,False,False,False,False,True,False,True,False,False,False,True,True,False
0.23958333333333337,0.5185185185185185,0.3333333333333333,0.5575221238938053,0.1576801087449026,0.6823529411764706,0.573170731707317,0.47795318454001096,0.55,0.5,0.1135110294117647,0.48480399473238345,0.6595744680851063,0.03582474226804124,0.055562141467444856,0.8286778398510242,0.5555555555555556,0.2931854199683044,0.07029401824940858,0.5609756097560976,0.5714285714285714,0.5517241379310346,0.30434782608695654,0.5453216374269005,0.7271487039563438,0.7704918032786884,True,False,False,True,False,False,False,True,False,False,False,False,True,False,False,False,True,False,True,True,False
0.22916666666666669,0.9259259259259258,0.0,0.30973451327433627,0.9256909832351609,0.6705882352941176,0.6463414634146342,0.0,0.55,0.14285714285714285,0.08547794117647059,0.4093120209404314,0.7287234042553192,0.0,0.0,0.6908752327746741,0.7222222222222222,0.4421553090332808,0.09699222710375126,0.0,0.35714285714285715,0.6120689655172414,0.5217391304347826,0.5745614035087718,0.8635743519781719,0.8579234972677595,True,False,False,True,False,False,False,False,True,False,False,False,True,True,False,False,False,False,True,False,True
0.0,0.6666666666666665,0.0,0.0,0.10591047038614627,0.6588235294117648,0.5609756097560976,0.5200935770442945,0.55,0.14285714285714285,0.1332720588235294,0.37780774107077814,0.6702127659574468,0.07503981712597414,0.1121218603747443,0.584729981378026,0.4444444444444445,0.290015847860539,0.05914160189253126,0.2926829268292683,0.7142857142857142,0.5517241379310346,0.30434782608695654,0.3508771929824559,0.4542974079126876,0.715846994535519,True,False,False,True,False,False,False,False,False,False,True,False,True,False,False,False,True,False,True,False,True
0.22916666666666669,0.7407407407407407,0.0,0.5486725663716815,0.21114635251472588,0.6470588235294118,0.6341463414634146,0.447468698965705,0.55,0.21428571428571427,0.11626838235294118,0.4737352037392676,0.6914893617021277,0.02448453608247423,0.04076476052625894,0.6424581005586592,0.6111111111111112,0.39144215530903326,0.06691449814126393,0.0,0.49999999999999994,0.603448275862069,0.30434782608695654,0.48976608187134474,0.6589358799454298,0.7540983606557375,True,False,False,True,False,False,False,True,False,False,False,False,True,False,False,False,True,False,True,True,False
0.3125,0.33333333333333326,0.3333333333333333,0.5486725663716815,0.2088808337109198,0.6352941176470589,0.6463414634146342,0.4869352204681547,0.55,0.3571428571428571,0.18060661764705882,0.37713385982268754,0.7021276595744681,0.025,0.06769845140360078,0.6424581005586592,0.6111111111111112,0.438985736925515,0.03987833727610679,0.0975609756097561,0.49999999999999994,0.5344827586206897,0.30434782608695654,0.5336257309941517,0.7271487039563438,0.7322404371584699,True,False,False,True,False,False,False,True,False,False,False,False,True,False,False,False,True,False,True,True,False
0.08333333333333334,0.5185185185185185,0.0,0.5398230088495576,0.22292705029451745,0.6,0.6219512195121951,0.4646162221012521,0.55,0.3571428571428571,0.15716911764705882,0.5389215019973203,0.7074468085106383,0.02216494845360825,0.053957543229771095,0.4525139664804469,0.6666666666666667,0.4437400950871635,0.04731328151402501,0.0,0.42857142857142855,0.5431034482758621,0.30434782608695654,0.38888888888888884,0.5907230559345157,0.7267759562841529,True,False,False,True,False,False,False,True,False,False,False,False,True,True,False,False,False,False,True,True,False
0.22916666666666669,0.7037037037037036,0.6666666666666666,0.5486725663716815,0.19755323969188945,0.6470588235294118,0.6585365853658537,0.49537289058247147,0.55,0.14285714285714285,0.18336397058823528,0.5284989754006008,0.7553191489361701,0.026546391752577322,0.07317534367011747,0.5027932960893854,0.7222222222222222,0.561014263074485,0.0388644812436634,0.0,0.35714285714285715,0.5344827586206897,0.30434782608695654,0.5365497076023389,0.7953615279672578,0.7650273224043714,True,False,False,True,False,False,False,False,True,False,False,False,True,True,False,False,False,False,True,True,False
0.0,0.44444444444444436,0.0,0.920353982300885,0.022655188038060717,0.0,0.573170731707317,0.537833424060969,0.35,0.07142857142857142,0.07766544117647059,0.3330000000000001,0.7553191489361701,0.23041237113402063,0.2619775317267967,0.7039106145251396,0.4444444444444445,0.5245641838351824,0.10713078742818519,0.0,0.7142857142857142,0.8620689655172414,0.34782608695652173,0.6608187134502921,0.931787175989086,0.9999999999999999,False,True,False,False,True,False,False,False,True,False,False,False,True,False,False,False,True,True,False,True,False
0.17708333333333337,1.0,1.0,0.920353982300885,0.019483461712732218,0.0,0.0,0.5035383777898749,0.3,1.0,0.016544117647058824,0.4102148027397447,0.6861702127659575,0.2440721649484536,0.07162359557096969,0.5512104283054003,0.5,0.502377179080824,0.3274754984792159,0.23170731707317072,0.6428571428571428,1.0,0.21739130434782608,0.5204678362573096,0.3178717598908595,0.7103825136612021,False,True,False,False,True,False,False,False,False,False,True,True,False,False,False,False,True,True,False,True,False
0.0,1.0,0.0,0.8407079646017699,0.20163117353874038,0.0,0.7317073170731707,0.4077299945563419,0.75,0.21428571428571427,0.03952205882352941,0.7930812371152941,0.9946808510638299,0.025773195876288662,0.010431113547019243,0.48230912476722526,0.8333333333333334,0.5800316957210776,0.2122338627914836,0.0,0.21428571428571425,0.8879310344827587,0.34782608695652173,0.5380116959064325,0.5225102319236017,0.8797814207650273,False,True,False,False,True,False,False,False,False,False,True,False,True,False,True,False,False,False,True,True,False
0.125,1.0,1.0,0.929203539823009,0.014952424105120075,0.6705882352941176,0.6341463414634146,0.5057158410451824,0.3,0.7857142857142857,0.015625,0.703035270194508,0.6914893617021277,0.290979381443299,0.0864815152010814,0.6294227188081937,0.4444444444444445,0.49286846275752794,0.33558634673876303,0.0975609756097561,0.7142857142857142,0.8965517241379312,0.17391304347826086,0.5730994152046782,0.4542974079126876,0.7759562841530053,False,True,False,False,True,False,False,False,False,False,True,True,False,False,False,False,True,True,False,True,False
0.03125,1.0,0.0,0.8849557522123894,0.07974626189397373,0.0,0.5853658536585366,0.46325530756668487,0.6,0.2857142857142857,0.009650735294117647,0.5779103744052679,0.8563829787234043,0.0809278350515464,0.006824106830587852,0.7579143389199254,0.6111111111111112,0.42472266244057044,0.46265630280500164,0.0,0.49999999999999994,0.9051724137931035,0.21739130434782608,0.6111111111111107,0.3178717598908595,0.7540983606557375,False,True,False,False,True,False,False,False,False,False,True,True,False,False,False,False,True,False,True,True,False
0.03125,1.0,0.6666666666666666,0.920353982300885,0.024467603081105575,0.0,0.0,0.49210669569951015,0.4,0.2857142857142857,0.0022977941176470585,0.40965603949987134,0.8138297872340425,0.26056701030927837,0.014005178644725837,0.4841713221601489,0.6111111111111112,0.5372424722662443,0.8273065224738086,0.024390243902439025,0.49999999999999994,0.9224137931034484,0.08695652173913043,0.5,0.1814461118690314,0.7049180327868851,False,True,False,False,True,False,False,False,False,True,False,True,False,False,False,False,True,True,False,False,True
0.07291666666666669,1.0,0.6666666666666666,0.920353982300885,0.030357951971001364,0.6470588235294118,0.0,0.5000000000000001,0.45,0.7142857142857142,0.021599264705882353,0.44439043148444546,0.7499999999999999,0.24020618556701032,0.059150122059236546,0.547486033519553,0.5555555555555556,0.6006339144215533,0.3548496113551875,0.0975609756097561,0.5714285714285714,0.9913793103448276,0.21739130434782608,0.6081871345029239,0.4542974079126876,0.7923497267759562,False,True,False,False,True,False,False,False,False,False,True,True,False,False,False,False,True,True,False,True,False
0.0625,1.0,0.0,0.9380530973451329,0.004984141368373359,0.4823529411764706,0.8170731707317074,0.5416439847577573,0.45,0.7142857142857142,0.0661764705882353,0.6641441662687346,0.776595744680851,0.49407216494845363,0.6786061483289765,0.2774674115456238,0.6111111111111112,0.751188589540412,0.16154106116931394,0.0975609756097561,0.49999999999999994,0.8793103448275863,0.21739130434782608,0.5350877192982453,0.4542974079126876,0.7814207650273223,False,True,False,False,True,False,False,False,False,False,True,True,False,False,False,False,True,True,False,False,True
0.03125,1.0,0.0,0.8495575221238938,0.21341187131853195,0.5176470588235295,0.7073170731707317,0.39139902014153516,0.6,0.2857142857142857,0.023897058823529414,0.526054970799783,0.8404255319148937,0.029381443298969075,0.0031249324893603304,0.7299813780260707,0.6111111111111112,0.42472266244057044,0.34065562690098,0.0,0.49999999999999994,0.9913793103448276,0.21739130434782608,0.5891812865497075,0.6589358799454298,0.8524590163934426,False,True,False,False,True,False,False,True,False,False,False,True,False,False,False,False,True,False,True,False,True
0.020833333333333336,1.0,0.3333333333333333,0.9026548672566372,0.0598096964204803,0.0,0.7195121951219512,0.48938486663037567,0.3,0.3571428571428571,0.03354779411764706,0.6543480667362809,0.7340425531914893,0.1402061855670103,0.044307204091960636,0.6312849162011173,0.4444444444444445,0.5641838351822503,0.29976343359242985,0.024390243902439025,0.7142857142857142,0.8965517241379312,0.21739130434782608,0.6403508771929824,0.7271487039563438,0.9071038251366119,False,True,False,False,True,False,False,True,False,False,False,True,False,False,False,False,True,True,False,True,False
0.0,1.0,0.0,0.9380530973451329,0.006796556411418216,0.5647058823529412,0.7926829268292683,0.5726728361458902,0.25,0.21428571428571427,0.12040441176470588,0.6568244536956022,0.7446808510638298,0.463659793814433,0.9999999999999999,0.6871508379888267,0.4444444444444445,0.497622820919176,0.08516390672524501,0.0,0.7142857142857142,0.8534482758620691,0.21739130434782608,0.6228070175438596,0.7271487039563438,0.9180327868852458,False,True,False,False,True,False,False,True,False,False,False,True,False,False,False,False,True,True,False,True,False
0.0,0.7037037037037036,0.0,0.5486725663716815,0.2020842772995016,0.6235294117647059,0.6341463414634146,0.46379967338051176,0.55,0.07142857142857142,0.13465073529411764,0.5013451174250337,0.723404255319149,0.025773195876288662,0.0507250791076322,0.4450651769087523,0.7222222222222222,0.49286846275752794,0.0577897938492734,0.1951219512195122,0.35714285714285715,0.5517241379310346,0.30434782608695654,0.42836257309941494,0.6589358799454298,0.7650273224043714,True,False,False,True,False,False,False,True,False,False,False,False,True,True,False,False,False,False,True,False,True
0.25,0.44444444444444436,0.0,0.5486725663716815,0.19438151336656095,0.6941176470588235,0.6341463414634146,0.45890038105606973,0.55,0.2857142857142857,0.11856617647058824,0.4678225595929424,0.7287234042553192,0.02731958762886598,0.045939492118752444,0.7150837988826815,0.7777777777777778,0.5229793977812998,0.06488678607637716,0.2926829268292683,0.2857142857142857,0.5517241379310346,0.5217391304347826,0.6681286549707601,0.931787175989086,0.8415300546448087,True,False,False,True,False,False,False,False,True,False,False,False,True,True,False,False,False,False,True,True,False
0.0,1.0,0.3333333333333333,0.8672566371681416,0.12052560036248301,0.6235294117647059,0.524390243902439,0.4888405008165488,0.55,0.21428571428571427,0.09420955882352941,0.5494711156669077,0.8723404255319148,0.049226804123711346,0.06112695142572651,0.404096834264432,0.6666666666666667,0.4627575277337561,0.08921933085501858,0.0,0.42857142857142855,0.8620689655172414,0.30434782608695654,0.36842105263157876,0.3860845839017736,0.8251366120218578,False,True,False,False,True,False,False,False,False,False,True,False,True,True,False,False,False,False,True,False,True
0.0,1.0,0.0,0.8584070796460177,0.14408699592206617,0.5294117647058824,0.0,0.45781164942841596,0.55,0.07142857142857142,0.06571691176470588,0.600703705394073,0.8617021276595745,0.04020618556701031,0.033242684918702824,0.4674115456238361,0.6666666666666667,0.4770206022187007,0.13011152416356878,0.0,0.42857142857142855,0.8706896551724138,0.30434782608695654,0.43128654970760216,0.5225102319236017,0.8743169398907104,False,True,False,False,True,False,False,False,False,False,True,False,True,True,False,False,False,False,True,False,True
0.020833333333333336,0.9259259259259258,0.6666666666666666,0.8761061946902655,0.10602628001812416,0.0,0.0,0.4991834512792597,0.55,0.3571428571428571,0.09696691176470588,0.5916668935787989,0.8085106382978723,0.05927835051546392,0.07248662389192537,0.4841713221601489,0.5555555555555556,0.45800316957210807,0.08719161879013179,0.024390243902439025,0.5714285714285714,0.8620689655172414,0.30434782608695654,0.42690058479532134,0.5907230559345157,0.8579234972677595,False,True,False,False,True,False,False,True,False,False,False,False,True,False,False,False,True,False,True,False,True
0.0,1.0,0.0,0.8584070796460177,0.18803806071590395,0.0,0.5975609756097561,0.447468698965705,0.55,0.14285714285714285,0.09283088235294118,0.600752957322249,0.8351063829787234,0.03479381443298969,0.03602754963993647,0.7188081936685289,0.5555555555555556,0.32646592709984157,0.11591753970936126,0.0,0.5714285714285714,0.8706896551724138,0.30434782608695654,0.48976608187134474,0.6589358799454298,0.896174863387978,False,True,False,False,True,False,False,True,False,False,False,False,True,False,False,False,True,False,True,True,False
0.03125,0.8888888888888887,0.3333333333333333,0.8495575221238938,0.2052560036248301,0.5294117647058824,0.46341463414634143,0.5264017419706043,0.55,0.21428571428571427,0.24356617647058823,0.6351390960050121,0.7606382978723404,0.030927835051546393,0.09530917137475932,0.7337057728119181,0.3888888888888889,0.21394611727416812,0.03278134504900304,0.024390243902439025,0.7857142857142856,0.8189655172413793,0.30434782608695654,0.39766081871345005,0.5225102319236017,0.8469945355191256,False,True,False,False,True,False,False,False,False,False,True,False,True,False,False,True,False,False,True,True,False
0.020833333333333336,1.0,0.0,0.8672566371681416,0.14318078840054374,0.5411764705882354,0.0,0.4755035383777899,0.55,0.2857142857142857,0.09466911764705882,0.5956046407706778,0.8723404255319148,0.050515463917525774,0.05068610751515978,0.5251396648044693,0.7777777777777778,0.497622820919176,0.11253801960121662,0.024390243902439025,0.2857142857142857,0.8706896551724138,0.30434782608695654,0.4956140350877192,0.5907230559345157,0.8469945355191256,False,True,False,False,True,False,False,True,False,False,False,False,True,True,False,False,False,False,True,True,False
0.0,1.0,0.3333333333333333,0.8849557522123894,0.11463525147258723,0.0,0.573170731707317,0.48639085465432774,0.55,0.21428571428571427,0.08409926470588236,0.6387034159090369,0.8723404255319148,0.06829896907216496,0.05713754228124368,0.5381750465549348,0.7222222222222222,0.4833597464342314,0.12571814802298073,0.0,0.35714285714285715,0.8706896551724138,0.30434782608695654,0.49269005847953196,0.5225102319236017,0.8743169398907104,False,True,False,False,True,False,False,False,False,False,True,False,True,True,False,False,False,False,True,False,True
0.03125,1.0,0.0,0.831858407079646,0.1359311282283643,0.0,0.0,0.4755035383777899,0.55,0.3571428571428571,0.08731617647058824,0.67343080456156,0.8191489361702128,0.055927835051546394,0.04916053993410333,0.5307262569832402,0.5555555555555556,0.4215530903328051,0.12301453193646501,0.024390243902439025,0.5714285714285714,0.8706896551724138,0.30434782608695654,0.42982456140350855,0.4542974079126876,0.8196721311475409,False,True,False,False,True,False,False,False,False,False,True,False,True,False,False,False,True,False,True,True,False
0.3020833333333333,1.0,0.3333333333333333,0.5663716814159292,0.1264159492523788,0.611764705882353,0.36585365853658536,0.4882961350027219,0.3,0.14285714285714285,0.09926470588235295,0.5091419043978327,0.648936170212766,0.04742268041237114,0.061369871891810146,0.6368715083798883,0.5,0.2995245641838351,0.08482595471443055,0.0,0.6428571428571428,0.560344827586207,0.21739130434782608,0.40058479532163727,0.5907230559345157,0.7322404371584699,True,False,False,True,False,False,False,True,False,False,False,True,False,False,False,False,True,True,False,True,False
0.22916666666666669,0.9259259259259258,0.0,0.5575221238938053,0.14680561848663345,0.611764705882353,0.6097560975609756,0.46298312465977143,0.45,0.2857142857142857,0.07720588235294118,0.5937800189939183,0.6276595744680851,0.03865979381443299,0.03914653706180851,0.6797020484171321,0.5,0.2995245641838351,0.10848259547144305,0.35365853658536583,0.6428571428571428,0.560344827586207,0.21739130434782608,0.4342105263157894,0.5907230559345157,0.7322404371584699,True,False,False,True,False,False,False,True,False,False,False,True,False,False,False,False,True,True,False,True,False
0.19791666666666669,1.0,0.0,0.584070796460177,0.057997281377435435,0.7058823529411765,0.6463414634146342,0.6094175285792053,0.45,0.21428571428571427,0.234375,0.2507204333526659,0.6702127659574468,0.11572164948453609,0.3286565378762087,0.7579143389199254,0.5555555555555556,0.42789223454833625,0.026360256843528218,0.0,0.5714285714285714,0.5258620689655172,0.21739130434782608,0.6140350877192979,0.6589358799454298,0.7540983606557375,True,False,False,True,False,False,False,True,False,False,False,True,False,False,False,False,True,True,False,True,False
0.0,0.9259259259259258,0.0,0.5929203539823009,0.043044857272315364,0.611764705882353,0.6585365853658537,0.5794774088187262,0.45,0.21428571428571427,0.1686580882352941,0.17985273811309616,0.6702127659574468,0.15438144329896908,0.313734613805905,0.3519553072625698,0.5555555555555556,0.42789223454833625,0.04291990537343697,0.35365853658536583,0.5714285714285714,0.5431034482758621,0.21739130434782608,0.29532163742690054,0.3860845839017736,0.6721311475409836,True,False,False,True,False,False,False,False,False,False,True,True,False,False,False,False,True,True,False,False,True
0.0,1.0,0.6666666666666666,0.5752212389380531,0.09107385591300408,0.7294117647058824,0.6829268292682927,0.5089820359281437,0.45,0.07142857142857142,0.09834558823529412,0.7164072485762099,0.7074468085106383,0.06984536082474227,0.0864815152010814,0.6182495344506518,0.6666666666666667,0.42630744849445357,0.0861777627576884,0.2682926829268293,0.42857142857142855,0.560344827586207,0.17391304347826086,0.5029239766081868,0.6589358799454298,0.7650273224043714,True,False,False,True,False,False,False,True,False,False,False,True,False,True,False,False,False,True,False,False,True
