p1_rivalry_score,p2_common_opponents_score,p1_elo,p1_form_win_percentage,ranking_diff,match_competitiveness,p2_elo,p1_ranking,p1_surface_specialization_score,p2_form_wins,p2_form_losses,p2_surface_specialization_score,p2_form_win_percentage,ranking_ratio,p2_pts,p1_form_recent_score,p2_ranking,common_opponents_count,p1_pts,elo_diff,p2_form_recent_score,p2_strength_of_schedule_score,p1_form_wins,p1_strength_of_schedule_score,p1_current_streak_count,p1_form_losses,tipo_cancha,p1_form_status,p1_current_streak_type,p2_form_status,p2_current_streak_type,actual_winner,surface_Clay,surface_Grass,surface_Hard
0.0,0.05,1605,40.0,139.0,0,1831,191.0,0.37,16.0,4.0,0.46,80.0,3.6037735849056602,176.0,1.4,52.0,1,133.0,-226,1.58,0.23,8.0,0.26,4,12.0,Hard,Regular,victorias,Excelente,victorias,player1,False,False,True
5.0345,0.05,1748,75.0,-24.0,2,1740,176.0,0.45,13.0,7.0,0.46,65.0,0.8756218905472637,132.0,1.51,200.0,4,135.0,8,1.48,0.22,15.0,0.0,4,5.0,Hard,Excelente,victorias,Buena,victorias,player1,False,False,True
0.9999999999999998,0.42,1717,60.0,56.0,1,1691,81.0,0.44,11.0,9.0,0.44,55.0,3.1153846153846154,215.0,1.58,25.0,4,159.0,26,1.42,0.2,12.0,0.19,9,8.0,Clay,Buena,victorias,Regular,victorias,player1,True,False,False
2.5,0.0,1699,65.0,-174.0,0,1890,8.0,0.42,16.0,4.0,0.56,80.0,0.04371584699453552,134.0,1.49,182.0,1,319.0,-191,1.62,0.27,13.0,0.23,4,7.0,Clay,Buena,victorias,Excelente,victorias,player1,True,False,False
6.0099,0.0,1739,65.0,0.0,3,1449,98.0,0.56,8.0,12.0,0.24,40.0,0.98989898989899,152.0,1.41,98.0,2,152.0,290,1.18,0.0,13.0,0.13,-1,7.0,Clay,Buena,derrotas,Regular,derrotas,player1,True,False,False
5.0443,0.0,1602,55.0,-36.0,2,1686,62.0,0.55,12.0,8.0,0.51,60.0,0.6262626262626263,152.0,1.3,98.0,1,169.0,-84,1.32,0.09,11.0,0.0,-1,9.0,Clay,Regular,derrotas,Buena,derrotas,player2,True,False,False
8.2931,0.0,1541,40.0,-12.0,2,1650,41.0,0.45,13.0,7.0,0.49,65.0,0.7592592592592593,175.0,1.2,53.0,3,187.0,-109,1.33,0.17,8.0,0.15,-1,12.0,Clay,Regular,derrotas,Buena,derrotas,player2,True,False,False
0.0,0.08,1573,40.0,-119.0,0,1581,81.0,0.49,11.0,9.0,0.47,55.0,0.40298507462686567,132.0,1.2,200.0,1,159.0,-8,1.33,0.18,8.0,0.25,-2,12.0,Clay,Regular,derrotas,Regular,derrotas,player2,True,False,False
6.5475,0.22,1565,55.0,-84.0,1,1604,98.0,0.43,9.0,11.0,0.51,45.0,0.5355191256830601,134.0,1.27,182.0,2,152.0,-39,1.26,0.24,11.0,0.09,-3,9.0,Clay,Regular,derrotas,Regular,derrotas,player2,True,False,False
5.0441,0.29,1596,45.0,-78.0,1,1700,98.0,0.39,12.0,8.0,0.53,60.0,0.5536723163841808,135.0,1.23,176.0,3,152.0,-104,1.31,0.17,9.0,0.0,-1,11.0,Clay,Regular,derrotas,Buena,derrotas,player2,True,False,False
0.0,0.0,1841,80.0,-192.0,0,1732,8.0,0.48,13.0,7.0,0.4,65.0,0.03980099502487562,132.0,1.59,200.0,0,319.0,109,1.55,0.23,16.0,0.26,4,4.0,Hard,Excelente,victorias,Buena,victorias,player1,False,False,True
30.0433,0.26,1754,65.0,-97.0,1,1686,98.0,0.64,12.0,8.0,0.67,60.0,0.5,133.0,1.35,195.0,5,152.0,68,1.25,0.27,13.0,0.27,-1,7.0,Clay,Buena,derrotas,Buena,derrotas,player1,True,False,False
5.0259,0.39,1596,45.0,0.0,3,1567,98.0,0.5,10.0,10.0,0.54,50.0,0.98989898989899,152.0,1.22,98.0,4,152.0,29,1.24,0.27,9.0,0.26,-1,11.0,Clay,Regular,derrotas,Regular,derrotas,player1,True,False,False
0.0,0.1,1612,50.0,123.0,0,1694,200.0,0.41,11.0,9.0,0.46,55.0,2.5641025641025643,161.0,1.42,77.0,2,132.0,-82,1.44,0.12,10.0,0.19,4,10.0,Hard,Regular,victorias,Regular,victorias,player2,False,False,True
17.7285,0.08,1722,45.0,102.0,0,1757,154.0,0.54,8.0,12.0,0.39,40.0,2.9056603773584904,176.0,1.4,52.0,11,139.0,-35,1.37,0.27,9.0,0.27,1,11.0,Grass,Regular,victorias,Regular,victorias,player2,False,True,False
4.5,0.0,1855,80.0,74.0,1,1704,202.0,0.0,9.0,11.0,0.0,45.0,1.565891472868217,144.0,1.88,128.0,3,132.0,151,1.44,0.27,16.0,0.27,5,4.0,Grass,Excelente,victorias,Regular,derrotas,player2,False,True,False
5.046,0.31,1728,65.0,-49.0,2,1778,32.0,0.57,13.0,7.0,0.57,65.0,0.3902439024390244,159.0,1.47,81.0,2,200.0,-50,1.52,0.27,13.0,0.27,4,7.0,Clay,Buena,victorias,Buena,victorias,player2,True,False,False
0.0,0.53,1725,60.0,-131.0,0,1772,8.0,0.45,14.0,6.0,0.46,70.0,0.05714285714285714,142.0,1.48,139.0,1,319.0,-47,1.51,0.25,12.0,0.23,4,8.0,Clay,Buena,victorias,Buena,victorias,player1,True,False,False
0.0,0.0,1798,70.0,-192.0,0,1719,8.0,0.5,13.0,7.0,0.41,65.0,0.03980099502487562,132.0,1.51,200.0,0,319.0,79,1.5,0.23,14.0,0.26,4,6.0,Hard,Buena,victorias,Buena,victorias,player2,False,False,True
10.0249,0.0,1781,60.0,-21.0,2,1683,77.0,0.45,12.0,8.0,0.38,60.0,0.7777777777777778,152.0,1.56,98.0,3,161.0,98,1.42,0.21,12.0,0.17,9,8.0,Clay,Buena,victorias,Buena,victorias,player1,True,False,False
0.0,0.0,1621,40.0,135.0,0,1635,176.0,0.59,4.0,1.0,0.67,80.0,4.190476190476191,187.0,1.44,41.0,0,135.0,-14,1.52,0.24,8.0,0.27,4,12.0,Clay,Regular,victorias,Excelente,victorias,player1,True,False,False
1.2999999999999998,0.0,1753,70.0,-10.0,3,1737,81.0,0.44,14.0,6.0,0.47,70.0,0.8804347826086957,155.0,1.62,91.0,1,159.0,16,1.51,0.0,14.0,0.0,9,6.0,Clay,Buena,victorias,Buena,victorias,player1,True,False,False
6.311999999999999,0.24,1608,45.0,12.0,2,1699,81.0,0.52,13.0,7.0,0.0,65.0,1.1571428571428573,165.0,1.2,69.0,4,159.0,-91,1.34,0.09,9.0,0.09,-3,11.0,Clay,Regular,derrotas,Buena,derrotas,player1,True,False,False
10.0444,0.0,1634,60.0,-92.0,1,1611,62.0,0.52,9.0,11.0,0.47,45.0,0.4,139.0,1.28,154.0,3,169.0,23,1.24,0.2,12.0,0.24,-4,8.0,Clay,Buena,derrotas,Regular,derrotas,player2,True,False,False
11.5491,0.0,1409,20.0,7.0,3,1460,100.0,0.54,7.0,13.0,0.0,35.0,1.0638297872340425,154.0,0.99,93.0,5,152.0,-51,1.14,0.0,4.0,0.21,-2,16.0,Clay,Mala,derrotas,Mala,derrotas,player2,True,False,False
6.5424,0.0,1724,55.0,2.0,3,1746,102.0,0.49,15.0,5.0,0.59,75.0,1.00990099009901,152.0,1.44,100.0,4,151.0,-22,1.53,0.27,11.0,0.27,4,9.0,Clay,Regular,victorias,Excelente,victorias,player2,True,False,False
0.9999999999999998,0.11,1726,70.0,-21.0,2,1739,155.0,0.42,13.0,7.0,0.49,65.0,0.8757062146892656,135.0,1.53,176.0,2,139.0,-13,1.47,0.21,14.0,0.09,4,6.0,Hard,Buena,victorias,Buena,victorias,player2,False,False,True
6.5429,-0.0,1597,55.0,-57.0,1,1771,140.0,0.41,14.0,6.0,0.44,70.0,0.7070707070707071,132.0,1.6,197.0,2,141.0,-174,1.67,0.12,11.0,0.21,1,9.0,Grass,Regular,victorias,Buena,victorias,player2,False,True,False
0.0,-0.0,1633,45.0,-99.0,1,1746,98.0,0.34,14.0,6.0,0.0,70.0,0.494949494949495,132.0,1.51,197.0,1,152.0,-113,1.75,0.19,9.0,0.27,1,11.0,Grass,Regular,victorias,Buena,victorias,player1,False,True,False
0.0,-0.0,1685,40.0,-145.0,0,1527,52.0,0.56,8.0,12.0,0.42,40.0,0.26262626262626265,132.0,1.51,197.0,0,176.0,158,1.51,0.14,8.0,0.27,1,12.0,Grass,Regular,victorias,Regular,victorias,player1,False,True,False
6.5452,-0.0,1896,85.0,-91.0,1,1751,106.0,0.0,15.0,5.0,0.39,75.0,0.5353535353535354,132.0,1.88,197.0,2,150.0,145,1.66,0.14,17.0,0.27,11,3.0,Grass,Excelente,victorias,Excelente,victorias,player2,False,True,False
13.5472,0.11,1791,60.0,176.0,0,1766,200.0,0.55,10.0,10.0,0.0,50.0,8.0,217.0,1.53,24.0,11,132.0,25,1.43,0.27,12.0,0.27,1,8.0,Grass,Buena,victorias,Regular,victorias,player1,False,True,False
0.0,-0.0,1689,50.0,-83.0,1,1793,8.0,0.52,13.0,7.0,0.0,65.0,0.08695652173913043,155.0,1.57,91.0,1,319.0,-104,1.64,0.27,10.0,0.27,1,10.0,Grass,Regular,victorias,Buena,victorias,player1,False,True,False
0.0,0.05,1736,60.0,138.0,0,1870,200.0,0.59,12.0,8.0,0.56,60.0,3.1746031746031744,169.0,1.71,62.0,5,132.0,-134,1.78,0.27,12.0,0.27,6,8.0,Grass,Buena,victorias,Buena,victorias,player1,False,True,False
0.0092,0.0,1662,55.0,62.0,1,1549,139.0,0.0,7.0,13.0,0.0,35.0,1.7820512820512822,161.0,1.51,77.0,4,142.0,113,1.36,0.26,11.0,0.19,-1,9.0,Grass,Regular,derrotas,Mala,derrotas,player1,False,True,False
0.0,-0.0,1425,30.0,28.0,2,1660,96.0,0.0,11.0,9.0,0.0,55.0,1.391304347826087,165.0,1.36,68.0,0,153.0,-235,1.55,0.24,6.0,0.21,-2,14.0,Grass,Mala,derrotas,Regular,derrotas,player1,False,True,False
2.5,0.0,1658,60.0,173.0,0,1630,197.0,0.0,9.0,11.0,0.48,45.0,7.88,217.0,1.56,24.0,4,132.0,28,1.42,0.19,12.0,0.21,-1,8.0,Grass,Buena,derrotas,Regular,derrotas,player1,False,True,False
10.0379,-0.0,1673,55.0,92.0,1,1613,116.0,0.0,12.0,8.0,0.45,60.0,4.64,217.0,1.58,24.0,2,147.0,60,1.56,0.16,11.0,0.26,-1,9.0,Grass,Regular,derrotas,Buena,derrotas,player2,False,True,False
5.011,-0.0,1626,50.0,100.0,1,1527,200.0,0.0,7.0,13.0,0.0,35.0,1.9801980198019802,152.0,1.52,100.0,2,132.0,99,1.41,0.2,10.0,0.12,-2,10.0,Grass,Regular,derrotas,Mala,derrotas,player1,False,True,False
6.5312,-0.0,1773,70.0,18.0,2,1791,200.0,0.53,12.0,8.0,0.55,60.0,1.092896174863388,134.0,1.81,182.0,2,132.0,-18,1.83,0.27,14.0,0.27,4,6.0,Grass,Buena,victorias,Buena,victorias,player1,False,True,False
5.0413,0.03,1788,50.0,0.0,3,1759,200.0,0.0,12.0,8.0,0.55,60.0,0.9950248756218906,132.0,1.52,200.0,5,132.0,29,1.57,0.27,10.0,0.27,1,10.0,Grass,Regular,victorias,Buena,victorias,player2,False,True,False
6.5447,0.0,1633,30.0,-173.0,0,1685,24.0,0.52,12.0,8.0,0.35,60.0,0.12121212121212122,132.0,1.43,197.0,3,217.0,-52,1.62,0.2,6.0,0.27,1,14.0,Grass,Mala,victorias,Buena,victorias,player2,False,True,False
6.5111,0.34,1652,65.0,0.0,3,1696,195.0,0.45,12.0,8.0,0.45,60.0,0.9948979591836735,133.0,1.44,195.0,4,133.0,-44,1.43,0.09,13.0,0.22,4,7.0,Clay,Buena,victorias,Buena,victorias,player1,True,False,False
22.5261,0.33,1749,55.0,9.0,3,1762,176.0,0.54,13.0,7.0,0.52,65.0,1.0476190476190477,137.0,1.42,167.0,3,135.0,-13,1.5,0.26,11.0,0.27,4,9.0,Clay,Regular,victorias,Buena,victorias,player2,True,False,False
10.0481,0.0,1735,65.0,-139.0,0,1462,37.0,0.43,4.0,13.0,0.42,23.5,0.20903954802259886,135.0,1.53,176.0,2,192.0,273,1.05,0.21,13.0,0.16,4,7.0,Clay,Buena,victorias,Mala,derrotas,player1,True,False,False
2.5,0.28,1784,70.0,-100.0,1,1678,81.0,0.52,10.0,10.0,0.53,50.0,0.44505494505494503,135.0,1.49,181.0,4,159.0,106,1.25,0.27,14.0,0.27,4,6.0,Clay,Buena,victorias,Regular,derrotas,player1,True,False,False
4.5,0.0,1854,80.0,74.0,1,1704,202.0,0.0,9.0,11.0,0.0,45.0,1.565891472868217,144.0,1.88,128.0,3,132.0,150,1.44,0.27,16.0,0.27,5,4.0,Grass,Excelente,victorias,Regular,derrotas,player2,False,True,False
17.7285,0.08,1719,45.0,102.0,0,1757,154.0,0.54,8.0,12.0,0.39,40.0,2.9056603773584904,176.0,1.4,52.0,11,139.0,-38,1.37,0.27,9.0,0.27,1,11.0,Grass,Regular,victorias,Regular,victorias,player2,False,True,False
0.0,-0.0,1483,0.0,-101.0,0,1688,96.0,0.0,12.0,8.0,0.42,60.0,0.48484848484848486,132.0,0.0,197.0,0,153.0,-205,1.58,0.17,0.0,0.0,-1,1.0,Grass,Mala,derrotas,Buena,derrotas,player2,False,True,False
0.0,0.0,1622,50.0,-92.0,1,1486,62.0,0.49,2.0,4.0,0.5,33.3,0.4,139.0,1.29,154.0,0,169.0,136,1.18,0.0,10.0,0.21,-1,10.0,Clay,Regular,derrotas,Mala,derrotas,player1,True,False,False
7.5113,0.4,1632,50.0,4.0,3,1590,81.0,0.52,9.0,11.0,0.52,45.0,1.0384615384615385,161.0,1.22,77.0,7,159.0,42,1.2,0.12,10.0,0.12,-1,10.0,Clay,Regular,derrotas,Regular,derrotas,player2,True,False,False
0.0,-0.0,1757,70.0,-119.0,0,1942,81.0,0.0,13.0,7.0,0.0,65.0,0.40298507462686567,132.0,1.69,200.0,1,159.0,-185,1.74,0.27,14.0,0.23,-1,6.0,Grass,Buena,derrotas,Buena,derrotas,player2,False,True,False
24.551,0.05,1801,60.0,0.0,3,1802,62.0,0.0,11.0,9.0,0.47,55.0,0.9841269841269841,169.0,1.49,62.0,9,169.0,-1,1.46,0.27,12.0,0.27,-1,8.0,Grass,Buena,derrotas,Regular,derrotas,player1,False,True,False
0.0,0.0,1622,50.0,-92.0,1,1486,62.0,0.49,2.0,4.0,0.5,33.3,0.4,139.0,1.29,154.0,0,169.0,136,1.18,0.0,10.0,0.21,-1,10.0,Clay,Regular,derrotas,Mala,derrotas,player1,True,False,False
7.5113,0.4,1632,50.0,4.0,3,1590,81.0,0.52,9.0,11.0,0.52,45.0,1.0384615384615385,161.0,1.22,77.0,7,159.0,42,1.2,0.12,10.0,0.12,-1,10.0,Clay,Regular,derrotas,Regular,derrotas,player2,True,False,False
4.5,0.0,1854,80.0,74.0,1,1704,202.0,0.0,9.0,11.0,0.0,45.0,1.565891472868217,144.0,1.88,128.0,3,132.0,150,1.44,0.27,16.0,0.27,5,4.0,Grass,Excelente,victorias,Regular,derrotas,player2,False,True,False
17.7285,0.08,1719,45.0,102.0,0,1757,154.0,0.54,8.0,12.0,0.39,40.0,2.9056603773584904,176.0,1.4,52.0,11,139.0,-38,1.37,0.27,9.0,0.27,1,11.0,Grass,Regular,victorias,Regular,victorias,player2,False,True,False
0.0,-0.0,1483,0.0,-101.0,0,1688,96.0,0.0,12.0,8.0,0.42,60.0,0.48484848484848486,132.0,0.0,197.0,0,153.0,-205,1.58,0.17,0.0,0.0,-1,1.0,Grass,Mala,derrotas,Buena,derrotas,player2,False,True,False
0.0,-0.0,1757,70.0,-119.0,0,1942,81.0,0.0,13.0,7.0,0.0,65.0,0.40298507462686567,132.0,1.69,200.0,1,159.0,-185,1.74,0.27,14.0,0.23,-1,6.0,Grass,Buena,derrotas,Buena,derrotas,player2,False,True,False
24.551,0.05,1801,60.0,0.0,3,1802,62.0,0.0,11.0,9.0,0.47,55.0,0.9841269841269841,169.0,1.49,62.0,9,169.0,-1,1.46,0.27,12.0,0.27,-1,8.0,Grass,Buena,derrotas,Regular,derrotas,player1,False,True,False
0.0,0.0,1622,50.0,-92.0,1,1486,62.0,0.49,2.0,4.0,0.5,33.3,0.4,139.0,1.29,154.0,0,169.0,136,1.18,0.0,10.0,0.21,-1,10.0,Clay,Regular,derrotas,Mala,derrotas,player1,True,False,False
7.5113,0.4,1632,50.0,4.0,3,1590,81.0,0.52,9.0,11.0,0.52,45.0,1.0384615384615385,161.0,1.22,77.0,7,159.0,42,1.2,0.12,10.0,0.12,-1,10.0,Clay,Regular,derrotas,Regular,derrotas,player2,True,False,False
0.0,-0.0,1483,0.0,-101.0,0,1688,96.0,0.0,12.0,8.0,0.42,60.0,0.48484848484848486,132.0,0.0,197.0,0,153.0,-205,1.58,0.17,0.0,0.0,-1,1.0,Grass,Mala,derrotas,Buena,derrotas,player2,False,True,False
5.0421,0.24,1747,70.0,0.0,3,1675,98.0,0.56,12.0,8.0,0.52,60.0,0.98989898989899,152.0,1.45,98.0,3,152.0,72,1.32,0.12,14.0,0.13,1,6.0,Clay,Buena,victorias,Buena,victorias,player2,True,False,False
5.0428,0.23,1596,60.0,147.0,0,1662,200.0,0.47,13.0,7.0,0.49,65.0,3.7037037037037037,175.0,1.34,53.0,3,132.0,-66,1.36,0.17,12.0,0.18,1,8.0,Clay,Buena,victorias,Buena,victorias,player1,True,False,False
0.0,0.28,1769,75.0,0.0,3,1697,98.0,0.56,13.0,7.0,0.51,65.0,0.98989898989899,152.0,1.54,98.0,5,152.0,72,1.33,0.09,15.0,0.23,6,5.0,Clay,Excelente,victorias,Buena,victorias,player2,True,False,False
5.0456,0.0,1639,55.0,-4.0,3,1699,77.0,0.53,13.0,7.0,0.4,65.0,0.9390243902439024,159.0,1.35,81.0,2,161.0,-60,1.35,0.0,11.0,0.2,1,9.0,Clay,Regular,victorias,Buena,victorias,player2,True,False,False
10.0108,0.17,1762,65.0,0.0,3,1610,98.0,0.65,10.0,10.0,0.5,50.0,0.98989898989899,152.0,1.31,98.0,5,152.0,152,1.25,0.26,13.0,0.27,1,7.0,Clay,Buena,victorias,Regular,victorias,player1,True,False,False
15.0396,0.22,1633,55.0,69.0,1,1637,167.0,0.54,11.0,9.0,0.5,55.0,1.6868686868686869,152.0,1.29,98.0,5,137.0,-4,1.29,0.26,11.0,0.26,1,9.0,Clay,Regular,victorias,Regular,victorias,player1,True,False,False
2.5109,0.15,1574,40.0,-14.0,2,1653,77.0,0.5,11.0,9.0,0.51,55.0,0.8369565217391305,155.0,1.25,91.0,2,161.0,-79,1.33,0.26,8.0,0.27,1,12.0,Clay,Regular,victorias,Regular,victorias,player1,True,False,False
0.0,0.0,1622,50.0,-92.0,1,1486,62.0,0.49,2.0,4.0,0.5,33.3,0.4,139.0,1.29,154.0,0,169.0,136,1.18,0.0,10.0,0.21,-1,10.0,Clay,Regular,derrotas,Mala,derrotas,player1,True,False,False
7.5113,0.4,1632,50.0,4.0,3,1590,81.0,0.52,9.0,11.0,0.52,45.0,1.0384615384615385,161.0,1.22,77.0,7,159.0,42,1.2,0.12,10.0,0.12,-1,10.0,Clay,Regular,derrotas,Regular,derrotas,player2,True,False,False
4.5,0.0,1861,80.0,74.0,1,1704,202.0,0.0,9.0,11.0,0.0,45.0,1.565891472868217,144.0,1.88,128.0,3,132.0,157,1.44,0.27,16.0,0.27,5,4.0,Grass,Excelente,victorias,Regular,derrotas,player2,False,True,False
0.0,0.0,1685,60.0,27.0,2,1793,52.0,0.33,14.0,6.0,0.0,70.0,2.0,215.0,1.58,25.0,3,176.0,-108,1.63,0.27,12.0,0.27,-1,8.0,Grass,Buena,derrotas,Buena,derrotas,player1,False,True,False
17.7285,0.08,1719,45.0,102.0,0,1757,154.0,0.54,8.0,12.0,0.39,40.0,2.9056603773584904,176.0,1.4,52.0,11,139.0,-38,1.37,0.27,9.0,0.27,1,11.0,Grass,Regular,victorias,Regular,victorias,player2,False,True,False
0.0,-0.0,1757,70.0,-119.0,0,1942,81.0,0.0,13.0,7.0,0.0,65.0,0.40298507462686567,132.0,1.69,200.0,1,159.0,-185,1.74,0.27,14.0,0.23,-1,6.0,Grass,Buena,derrotas,Buena,derrotas,player2,False,True,False
41.5449,0.05,1708,40.0,-99.0,1,1798,77.0,0.0,12.0,8.0,0.44,60.0,0.4350282485875706,135.0,1.34,176.0,6,161.0,-90,1.58,0.27,8.0,0.27,-5,12.0,Grass,Regular,derrotas,Buena,victorias,player1,False,True,False
10.0367,0.06,1748,60.0,-1.0,3,1702,80.0,0.53,10.0,10.0,0.0,50.0,0.975609756097561,159.0,1.56,81.0,7,159.0,46,1.43,0.27,12.0,0.27,2,8.0,Grass,Buena,victorias,Regular,derrotas,player2,False,True,False
0.0,-0.0,1648,45.0,-84.0,1,1666,98.0,0.4,11.0,9.0,0.0,55.0,0.5355191256830601,134.0,1.56,182.0,2,152.0,-18,1.66,0.27,9.0,0.27,2,11.0,Grass,Regular,victorias,Regular,victorias,player2,False,True,False
14.826500000000001,0.0,1741,55.0,189.0,0,1764,197.0,0.56,16.0,4.0,0.43,80.0,21.88888888888889,319.0,1.51,8.0,3,132.0,-23,1.63,0.27,11.0,0.27,-1,9.0,Grass,Regular,derrotas,Excelente,derrotas,player2,False,True,False
0.0,-0.0,1673,60.0,58.0,1,1676,197.0,0.35,12.0,8.0,0.45,60.0,1.4071428571428573,142.0,1.64,139.0,1,132.0,-3,1.6,0.19,12.0,0.21,1,8.0,Grass,Buena,victorias,Buena,victorias,player1,False,True,False
0.0,-0.02,1629,60.0,-176.0,0,1639,24.0,0.46,11.0,9.0,0.0,55.0,0.11940298507462686,132.0,1.62,200.0,1,217.0,-10,1.6,0.12,12.0,0.16,1,8.0,Grass,Buena,victorias,Regular,victorias,player2,False,True,False
1.0109999999999997,0.04,1652,50.0,166.0,0,1583,218.0,0.0,9.0,11.0,0.0,45.0,4.113207547169812,176.0,1.5,52.0,8,130.0,69,1.42,0.26,10.0,0.22,1,10.0,Grass,Regular,victorias,Regular,victorias,player2,False,True,False
17.5507,0.02,1809,80.0,-99.0,1,1695,98.0,0.0,12.0,8.0,0.4,60.0,0.494949494949495,132.0,1.66,197.0,6,152.0,114,1.52,0.17,16.0,0.22,1,4.0,Grass,Excelente,victorias,Buena,victorias,player2,False,True,False
0.0,0.0,1597,50.0,8.0,3,1591,32.0,0.56,10.0,10.0,0.4,50.0,1.28,217.0,1.29,24.0,0,200.0,6,1.33,0.14,10.0,0.18,-1,10.0,Clay,Regular,derrotas,Regular,victorias,player1,True,False,False
5.0364,0.26,1731,70.0,-61.0,1,1539,139.0,0.0,9.0,11.0,0.52,45.0,0.6915422885572139,132.0,1.5,200.0,3,142.0,192,1.23,0.25,14.0,0.12,5,6.0,Clay,Buena,victorias,Regular,victorias,player2,True,False,False
0.0,0.0,1600,40.0,16.0,2,1559,93.0,0.43,6.0,5.0,0.42,54.5,1.1923076923076923,161.0,1.27,77.0,0,154.0,41,1.35,0.13,8.0,0.12,1,12.0,Clay,Regular,victorias,Regular,victorias,player2,True,False,False
6.046,0.07,1683,50.0,-147.0,0,1717,81.0,0.57,9.0,11.0,0.28,45.0,0.3537117903930131,129.0,1.45,228.0,8,159.0,-34,1.37,0.27,10.0,0.27,-1,10.0,Grass,Regular,derrotas,Regular,derrotas,player1,False,True,False
24.551,0.06,1797,60.0,0.0,3,1810,62.0,0.0,11.0,9.0,0.47,55.0,0.9841269841269841,169.0,1.49,62.0,9,169.0,-13,1.46,0.27,12.0,0.27,-1,8.0,Grass,Buena,derrotas,Regular,derrotas,player1,False,True,False
55.1191,0.16,1852,50.0,-31.0,2,1737,52.0,0.58,9.0,11.0,0.42,45.0,0.6190476190476191,158.0,1.34,83.0,13,176.0,115,1.35,0.27,10.0,0.27,-3,10.0,Grass,Regular,derrotas,Regular,derrotas,player1,False,True,False
10.0284,0.08,1675,30.0,-171.0,0,1797,24.0,0.57,13.0,7.0,0.0,65.0,0.12244897959183673,133.0,1.25,195.0,9,217.0,-122,1.53,0.27,6.0,0.27,-1,14.0,Grass,Mala,derrotas,Buena,derrotas,player2,False,True,False
6.5453,0.0,1742,45.0,-58.0,1,1701,139.0,0.0,12.0,8.0,0.47,60.0,0.702020202020202,132.0,1.46,197.0,2,142.0,41,1.68,0.22,9.0,0.27,-4,11.0,Grass,Regular,derrotas,Buena,victorias,player1,False,True,False
53.0319,0.13,1677,40.0,-123.0,0,1750,77.0,0.31,10.0,10.0,0.52,50.0,0.38308457711442784,132.0,1.27,200.0,12,161.0,-73,1.56,0.27,8.0,0.27,-1,12.0,Grass,Regular,derrotas,Regular,victorias,player2,False,True,False
5.0479,0.0,1736,65.0,0.0,3,1431,176.0,0.44,3.0,14.0,0.39,17.6,0.9943502824858758,135.0,1.45,176.0,1,135.0,305,0.99,0.09,13.0,0.16,2,7.0,Clay,Buena,victorias,Mala,derrotas,player1,True,False,False
13.8284,0.08,1729,35.0,-109.0,0,1886,91.0,0.51,12.0,8.0,0.7,60.0,0.4527363184079602,132.0,1.32,200.0,9,155.0,-157,1.57,0.27,7.0,0.27,1,13.0,Grass,Mala,victorias,Buena,victorias,player2,False,True,False
21.427599999999998,0.04,1859,55.0,176.0,0,1741,200.0,0.0,13.0,7.0,0.5,65.0,8.0,217.0,1.5,24.0,6,132.0,118,1.54,0.27,11.0,0.27,1,9.0,Grass,Regular,victorias,Buena,victorias,player1,False,True,False
21.427599999999998,0.04,1859,55.0,176.0,0,1741,200.0,0.0,13.0,7.0,0.5,65.0,8.0,217.0,1.5,24.0,6,132.0,118,1.54,0.27,11.0,0.27,1,9.0,Grass,Regular,victorias,Buena,victorias,player1,False,True,False
13.843300000000001,0.03,1773,60.0,-9.0,3,1850,182.0,0.48,13.0,7.0,0.65,65.0,0.9479166666666666,133.0,1.64,191.0,6,134.0,-77,1.71,0.27,12.0,0.27,3,8.0,Grass,Buena,victorias,Buena,victorias,player1,False,True,False
0.0,0.0,1627,55.6,0.0,3,1530,200.0,0.52,8.0,12.0,0.43,40.0,0.9950248756218906,132.0,1.38,200.0,0,132.0,97,1.21,0.23,10.0,0.24,-1,8.0,Hard,Regular,derrotas,Regular,derrotas,player1,False,False,True
0.0,0.0,1493,35.0,0.0,3,1462,100.0,0.2,2.0,6.0,0.2,25.0,0.9900990099009901,152.0,1.27,100.0,0,152.0,31,1.19,0.0,7.0,0.2,1,13.0,Hard,Mala,victorias,Mala,victorias,player2,False,False,True
19.0258,0.12,1560,35.0,6.0,3,1475,106.0,0.38,6.0,14.0,0.31,30.0,1.0495049504950495,152.0,1.16,100.0,7,150.0,85,1.13,0.18,7.0,0.22,1,13.0,Hard,Mala,victorias,Mala,victorias,player1,False,False,True
0.0,0.09,1441,26.3,-86.0,1,1620,100.0,0.28,10.0,10.0,0.39,50.0,0.5347593582887701,134.0,1.17,186.0,1,152.0,-179,1.36,0.23,5.0,0.17,1,14.0,Hard,Mala,victorias,Regular,victorias,player1,False,False,True
8.285,0.0,1543,45.0,6.0,3,1653,106.0,0.37,9.0,11.0,0.48,45.0,1.0495049504950495,152.0,1.3,100.0,2,150.0,-110,1.3,0.27,9.0,0.12,1,11.0,Hard,Regular,victorias,Regular,victorias,player2,False,False,True
12.5425,0.0,1674,55.0,-40.0,2,1625,100.0,0.47,10.0,10.0,0.39,50.0,0.7092198581560284,141.0,1.34,140.0,2,152.0,49,1.32,0.22,11.0,0.26,1,9.0,Hard,Regular,victorias,Regular,victorias,player2,False,False,True
33.5312,0.05,1597,30.0,0.0,3,1557,100.0,0.44,9.0,11.0,0.39,45.0,0.9900990099009901,152.0,1.08,100.0,7,152.0,40,1.2,0.14,6.0,0.22,1,14.0,Hard,Mala,victorias,Regular,victorias,player1,False,False,True
12.2961,0.0,1566,45.0,-135.0,0,1662,100.0,0.37,12.0,8.0,0.4,60.0,0.423728813559322,128.0,1.25,235.0,4,152.0,-96,1.36,0.12,9.0,0.21,1,11.0,Hard,Regular,victorias,Buena,victorias,player1,False,False,True
8.2795,0.04,1660,55.0,-76.0,1,1480,24.0,0.42,7.0,13.0,0.36,35.0,0.2376237623762376,152.0,1.34,100.0,4,217.0,180,1.19,0.13,11.0,0.09,1,9.0,Hard,Regular,victorias,Mala,victorias,player1,False,False,True
6.5328,0.0,1691,65.0,6.0,3,1685,106.0,0.41,12.0,8.0,0.42,60.0,1.0495049504950495,152.0,1.55,100.0,3,150.0,6,1.32,0.14,13.0,0.22,6,7.0,Hard,Buena,victorias,Buena,victorias,player2,False,False,True
0.0132,0.23,1715,65.0,-100.0,1,1640,100.0,0.41,11.0,9.0,0.43,55.0,0.4975124378109453,132.0,1.38,200.0,6,152.0,75,1.29,0.19,13.0,0.0,1,7.0,Hard,Buena,victorias,Regular,victorias,player2,False,False,True
5.0341,0.13,1649,55.0,0.0,3,1639,100.0,0.42,12.0,8.0,0.39,60.0,0.9900990099009901,152.0,1.31,100.0,3,152.0,10,1.37,0.13,11.0,0.17,1,9.0,Hard,Regular,victorias,Buena,victorias,player2,False,False,True
5.0429,0.21,1617,55.0,0.0,3,1659,100.0,0.46,11.0,9.0,0.42,55.0,0.9900990099009901,152.0,1.31,100.0,5,152.0,-42,1.31,0.24,11.0,0.25,1,9.0,Hard,Regular,victorias,Regular,victorias,player1,False,False,True
5.0435,0.17,1634,60.0,86.0,1,1746,186.0,0.38,13.0,7.0,0.48,65.0,1.8415841584158417,152.0,1.32,100.0,4,134.0,-112,1.54,0.23,12.0,0.21,1,8.0,Hard,Buena,victorias,Buena,victorias,player1,False,False,True
10.0518,0.11,1862,85.0,-80.0,1,1707,106.0,0.45,11.0,9.0,0.44,55.0,0.5668449197860963,134.0,1.5,186.0,6,150.0,155,1.27,0.23,17.0,0.24,11,3.0,Hard,Excelente,victorias,Regular,victorias,player1,False,False,True
7.0061,0.06,1667,55.0,-21.0,2,1672,100.0,0.44,13.0,7.0,0.43,65.0,0.819672131147541,146.0,1.27,121.0,7,152.0,-5,1.31,0.12,11.0,0.17,1,9.0,Hard,Regular,victorias,Buena,victorias,player2,False,False,True
9.2849,0.12,1719,70.0,6.0,3,1609,106.0,0.41,9.0,11.0,0.43,45.0,1.0495049504950495,152.0,1.38,100.0,4,150.0,110,1.27,0.22,14.0,0.14,1,6.0,Hard,Buena,victorias,Regular,victorias,player2,False,False,True
0.0,0.12,1543,42.1,54.0,1,1513,106.0,0.35,7.0,13.0,0.35,35.0,2.0,176.0,1.27,52.0,2,150.0,30,1.27,0.15,8.0,0.16,1,11.0,Hard,Regular,victorias,Mala,victorias,player2,False,False,True
0.0,0.08,1595,55.0,6.0,3,1615,106.0,0.4,10.0,10.0,0.45,50.0,1.0495049504950495,152.0,1.33,100.0,2,150.0,-20,1.35,0.21,11.0,0.22,1,9.0,Hard,Regular,victorias,Regular,victorias,player1,False,False,True
10.0447,0.22,1434,10.0,82.0,1,1729,106.0,0.35,14.0,6.0,0.43,70.0,4.24,217.0,0.94,24.0,5,150.0,-295,1.37,0.21,2.0,0.16,1,18.0,Hard,Mala,victorias,Buena,victorias,player2,False,False,True
14.0,0.09,1488,30.0,-89.0,1,1604,102.0,0.35,8.0,12.0,0.46,40.0,0.53125,133.0,1.19,191.0,4,151.0,-116,1.25,0.27,6.0,0.24,1,14.0,Hard,Mala,victorias,Regular,victorias,player2,False,False,True
5.0457,0.5,1742,60.0,18.0,2,1716,157.0,0.55,13.0,7.0,0.52,65.0,1.1214285714285714,142.0,1.41,139.0,2,138.0,26,1.39,0.27,12.0,0.27,1,8.0,Clay,Buena,victorias,Buena,victorias,player1,True,False,False
0.0,0.21,1646,40.0,0.0,3,1596,157.0,0.49,9.0,11.0,0.46,45.0,0.9936708860759493,138.0,1.29,157.0,3,138.0,50,1.28,0.27,8.0,0.27,1,12.0,Clay,Regular,victorias,Regular,victorias,player2,True,False,False
0.0,0.62,1556,30.0,95.0,1,1547,157.0,0.41,7.0,13.0,0.55,35.0,2.492063492063492,169.0,1.19,62.0,5,138.0,9,1.22,0.27,6.0,0.26,1,14.0,Clay,Mala,victorias,Mala,victorias,player1,True,False,False
6.5109,0.12,1740,70.0,101.0,0,1593,182.0,0.41,11.0,9.0,0.37,55.0,2.2195121951219514,159.0,1.59,81.0,2,134.0,147,1.33,0.21,14.0,0.24,6,6.0,Clay,Buena,victorias,Regular,victorias,player1,True,False,False
0.0,0.23,1445,25.0,101.0,0,1567,182.0,0.33,9.0,11.0,0.39,45.0,2.2195121951219514,159.0,1.19,81.0,1,134.0,-122,1.32,0.17,5.0,0.09,1,15.0,Clay,Mala,victorias,Regular,victorias,player1,True,False,False
5.0172,0.0,1592,55.0,52.0,1,1680,77.0,0.35,11.0,9.0,0.44,55.0,2.9615384615384617,215.0,1.33,25.0,2,161.0,-88,1.37,0.2,11.0,0.0,1,9.0,Clay,Regular,victorias,Regular,victorias,player2,True,False,False
0.0,0.0,1769,75.0,19.0,2,1530,81.0,0.53,5.0,6.0,0.38,45.5,1.2857142857142858,169.0,1.49,62.0,1,159.0,239,1.28,0.17,15.0,0.26,1,5.0,Clay,Excelente,victorias,Regular,victorias,player1,True,False,False
0.0,0.0,1754,70.0,-99.0,1,1684,77.0,0.0,11.0,9.0,0.38,55.0,0.4350282485875706,135.0,1.47,176.0,2,161.0,70,1.49,0.14,14.0,0.21,1,6.0,Clay,Buena,victorias,Regular,victorias,player2,True,False,False
5.0482,0.0,1573,45.0,-59.0,1,1665,98.0,0.28,14.0,6.0,0.38,70.0,0.620253164556962,138.0,1.29,157.0,3,152.0,-92,1.4,0.15,9.0,0.0,1,11.0,Clay,Regular,victorias,Buena,victorias,player2,True,False,False
14.0422,0.25,1632,50.0,-116.0,0,1603,41.0,0.41,10.0,10.0,0.38,50.0,0.25949367088607594,138.0,1.3,157.0,5,187.0,29,1.26,0.23,10.0,0.0,1,10.0,Clay,Regular,victorias,Regular,victorias,player2,True,False,False
0.0,0.28,1634,55.0,0.0,3,1544,157.0,0.37,6.0,8.0,0.49,42.9,0.9936708860759493,138.0,1.39,157.0,1,138.0,90,1.29,0.21,11.0,0.0,1,9.0,Clay,Regular,victorias,Regular,victorias,player1,True,False,False
0.9999999999999998,0.0,1651,55.0,76.0,1,1591,157.0,0.43,9.0,11.0,0.47,45.0,1.9146341463414633,159.0,1.38,81.0,2,138.0,60,1.29,0.21,11.0,0.0,1,9.0,Clay,Regular,victorias,Regular,victorias,player1,True,False,False
0.0,0.29,1465,30.0,45.0,2,1530,77.0,0.43,9.0,11.0,0.39,45.0,2.3333333333333335,200.0,1.2,32.0,2,161.0,-65,1.33,0.16,6.0,0.21,1,14.0,Clay,Mala,victorias,Regular,victorias,player2,True,False,False
0.0,0.0,1790,75.0,59.0,1,1552,81.0,0.48,6.0,14.0,0.43,30.0,3.5217391304347827,223.0,1.62,22.0,1,159.0,238,1.21,0.27,15.0,0.25,6,5.0,Clay,Excelente,victorias,Mala,victorias,player1,True,False,False
0.0,0.0,1736,65.0,59.0,1,1686,157.0,0.58,14.0,6.0,0.42,70.0,1.5858585858585859,152.0,1.46,98.0,2,138.0,50,1.4,0.22,13.0,0.27,1,7.0,Clay,Buena,victorias,Buena,victorias,player2,True,False,False
0.0,0.0,1584,45.0,-132.0,0,1728,39.0,0.47,14.0,6.0,0.43,70.0,0.22674418604651161,136.0,1.34,171.0,0,190.0,-144,1.5,0.25,9.0,0.26,1,11.0,Clay,Regular,victorias,Buena,victorias,player1,True,False,False
12.0391,0.1,1654,55.0,-85.0,1,1692,110.0,0.44,13.0,7.0,0.37,65.0,0.5612244897959183,133.0,1.31,195.0,5,149.0,-38,1.35,0.22,11.0,0.26,1,9.0,Clay,Regular,victorias,Buena,victorias,player1,True,False,False
2.5,0.0,1725,70.0,-19.0,2,1657,22.0,0.62,10.0,10.0,0.53,50.0,0.5238095238095238,187.0,1.4,41.0,1,223.0,68,1.32,0.25,14.0,0.27,1,6.0,Clay,Buena,victorias,Regular,victorias,player2,True,False,False
7.8104,0.31,1793,65.0,29.0,2,1702,98.0,0.66,11.0,9.0,0.61,55.0,1.4,165.0,1.44,69.0,6,152.0,91,1.26,0.27,13.0,0.27,3,7.0,Clay,Buena,victorias,Regular,victorias,player2,True,False,False
7.8104,0.31,1793,65.0,29.0,2,1702,98.0,0.66,11.0,9.0,0.61,55.0,1.4,165.0,1.44,69.0,6,152.0,91,1.26,0.27,13.0,0.27,3,7.0,Clay,Buena,victorias,Regular,victorias,player2,True,False,False
5.0276,0.0,1529,25.0,-19.0,2,1735,157.0,0.63,13.0,7.0,0.65,65.0,0.8870056497175142,135.0,1.12,176.0,3,138.0,-206,1.37,0.27,5.0,0.27,1,15.0,Clay,Mala,victorias,Buena,victorias,player2,True,False,False
7.5311,0.04,1952,70.0,-15.0,2,1810,62.0,0.0,13.0,7.0,0.71,65.0,0.7948717948717948,161.0,1.69,77.0,6,169.0,142,1.68,0.27,14.0,0.27,1,6.0,Grass,Buena,victorias,Buena,victorias,player1,False,True,False
95.82589999999999,0.06,2051,75.0,114.0,0,1779,195.0,0.0,8.0,12.0,0.51,40.0,2.3780487804878048,159.0,1.68,81.0,10,133.0,272,1.35,0.27,15.0,0.27,1,5.0,Grass,Excelente,victorias,Regular,victorias,player1,False,True,False
0.0,-0.0,1560,30.0,-82.0,1,1699,100.0,0.44,12.0,8.0,0.6,60.0,0.546448087431694,134.0,1.46,182.0,3,152.0,-139,1.75,0.27,6.0,0.27,2,14.0,Grass,Mala,victorias,Buena,victorias,player2,False,True,False
7.3,0.0,1728,55.0,44.0,2,1776,52.0,0.58,16.0,4.0,0.45,80.0,5.777777777777778,319.0,1.67,8.0,5,176.0,-48,1.66,0.27,11.0,0.27,4,9.0,Grass,Regular,victorias,Excelente,victorias,player1,False,True,False
7.3,0.0,1728,55.0,44.0,2,1776,52.0,0.58,16.0,4.0,0.45,80.0,5.777777777777778,319.0,1.67,8.0,5,176.0,-48,1.66,0.27,11.0,0.27,4,9.0,Grass,Regular,victorias,Excelente,victorias,player1,False,True,False
0.0,0.0,1795,60.0,-146.0,0,1788,8.0,0.54,15.0,5.0,0.44,75.0,0.05161290322580645,139.0,1.35,154.0,2,319.0,7,1.5,0.26,12.0,0.27,1,8.0,Hard,Buena,victorias,Excelente,victorias,player2,False,False,True
0.0,0.03,1716,50.0,38.0,2,1572,62.0,0.48,9.0,11.0,0.42,45.0,2.48,217.0,1.38,24.0,1,169.0,144,1.27,0.25,10.0,0.27,1,10.0,Hard,Regular,victorias,Regular,victorias,player1,False,False,True
5.0293,0.07,1821,75.0,-150.0,0,1703,32.0,0.57,14.0,6.0,0.42,70.0,0.17486338797814208,134.0,1.46,182.0,2,200.0,118,1.52,0.24,15.0,0.27,1,5.0,Hard,Excelente,victorias,Buena,victorias,player1,False,False,True
5.0293,0.07,1821,75.0,-150.0,0,1703,32.0,0.57,14.0,6.0,0.42,70.0,0.17486338797814208,134.0,1.46,182.0,2,200.0,118,1.52,0.24,15.0,0.27,1,5.0,Hard,Excelente,victorias,Buena,victorias,player1,False,False,True
32.2266,0.09,1793,55.0,-38.0,2,1911,24.0,0.56,14.0,6.0,0.65,70.0,0.38095238095238093,169.0,1.59,62.0,8,217.0,-118,1.58,0.27,11.0,0.27,3,9.0,Grass,Regular,victorias,Buena,victorias,player1,False,True,False
32.2266,0.09,1793,55.0,-38.0,2,1911,24.0,0.56,14.0,6.0,0.65,70.0,0.38095238095238093,169.0,1.59,62.0,8,217.0,-118,1.58,0.27,11.0,0.27,3,9.0,Grass,Regular,victorias,Buena,victorias,player1,False,True,False
5.0479,0.0,1736,65.0,0.0,3,1431,176.0,0.44,3.0,14.0,0.39,17.6,0.9943502824858758,135.0,1.45,176.0,1,135.0,305,0.99,0.09,13.0,0.16,2,7.0,Clay,Buena,victorias,Mala,derrotas,player1,True,False,False
6.617,0.0,1482,25.0,99.0,1,1511,176.0,0.26,7.0,13.0,0.45,35.0,2.2564102564102564,161.0,1.11,77.0,1,135.0,-29,1.3,0.21,1.0,0.0,-1,3.0,Clay,Mala,derrotas,Mala,victorias,player2,True,False,False
0.0,0.0,1625,55.6,0.0,3,1529,200.0,0.52,8.0,12.0,0.43,40.0,0.9950248756218906,132.0,1.38,200.0,0,132.0,96,1.21,0.23,10.0,0.23,-1,8.0,Hard,Regular,derrotas,Regular,derrotas,player1,False,False,True
33.5312,0.05,1597,30.0,0.0,3,1557,100.0,0.44,9.0,11.0,0.39,45.0,0.9900990099009901,152.0,1.08,100.0,7,152.0,40,1.2,0.14,6.0,0.22,1,14.0,Hard,Mala,victorias,Regular,victorias,player1,False,False,True
12.2961,0.0,1566,45.0,-135.0,0,1662,100.0,0.37,12.0,8.0,0.4,60.0,0.423728813559322,128.0,1.25,235.0,4,152.0,-96,1.36,0.12,9.0,0.21,1,11.0,Hard,Regular,victorias,Buena,victorias,player1,False,False,True
8.2795,0.04,1660,55.0,-76.0,1,1480,24.0,0.42,7.0,13.0,0.36,35.0,0.2376237623762376,152.0,1.34,100.0,4,217.0,180,1.19,0.13,11.0,0.09,1,9.0,Hard,Regular,victorias,Mala,victorias,player1,False,False,True
6.5415,0.0,1699,60.0,-76.0,1,1675,24.0,0.42,13.0,7.0,0.42,65.0,0.2376237623762376,152.0,1.36,100.0,1,217.0,24,1.42,0.09,12.0,0.27,1,8.0,Hard,Buena,victorias,Buena,victorias,player1,False,False,True
6.5328,0.0,1691,65.0,6.0,3,1685,106.0,0.41,12.0,8.0,0.42,60.0,1.0495049504950495,152.0,1.55,100.0,3,150.0,6,1.32,0.14,13.0,0.22,6,7.0,Hard,Buena,victorias,Buena,victorias,player2,False,False,True
0.0132,0.23,1715,65.0,-100.0,1,1640,100.0,0.41,11.0,9.0,0.43,55.0,0.4975124378109453,132.0,1.38,200.0,6,152.0,75,1.29,0.19,13.0,0.0,1,7.0,Hard,Buena,victorias,Regular,victorias,player2,False,False,True
5.0341,0.13,1649,55.0,0.0,3,1639,100.0,0.42,12.0,8.0,0.39,60.0,0.9900990099009901,152.0,1.31,100.0,3,152.0,10,1.37,0.13,11.0,0.17,1,9.0,Hard,Regular,victorias,Buena,victorias,player2,False,False,True
0.0,0.0,1493,35.0,0.0,3,1462,100.0,0.2,2.0,6.0,0.2,25.0,0.9900990099009901,152.0,1.27,100.0,0,152.0,31,1.19,0.0,7.0,0.2,1,13.0,Hard,Mala,victorias,Mala,victorias,player2,False,False,True
19.0258,0.12,1555,35.0,6.0,3,1475,106.0,0.38,6.0,14.0,0.31,30.0,1.0495049504950495,152.0,1.16,100.0,7,150.0,80,1.13,0.18,7.0,0.21,1,13.0,Hard,Mala,victorias,Mala,victorias,player1,False,False,True
0.0,0.09,1441,26.3,-86.0,1,1619,100.0,0.28,10.0,10.0,0.39,50.0,0.5347593582887701,134.0,1.17,186.0,1,152.0,-178,1.36,0.23,5.0,0.17,1,14.0,Hard,Mala,victorias,Regular,victorias,player1,False,False,True
12.5451,0.0,1585,40.0,-48.0,2,1498,52.0,0.5,1.0,2.0,0.0,33.3,0.5148514851485149,152.0,1.26,100.0,1,176.0,87,1.26,0.14,8.0,0.27,1,12.0,Hard,Regular,victorias,Mala,victorias,player1,False,False,True
0.0,0.2,1583,50.0,21.0,2,1702,121.0,0.39,14.0,6.0,0.48,70.0,1.198019801980198,152.0,1.28,100.0,4,146.0,-119,1.41,0.27,10.0,0.25,1,10.0,Hard,Regular,victorias,Buena,victorias,player2,False,False,True
8.285,0.0,1543,45.0,6.0,3,1653,106.0,0.37,9.0,11.0,0.48,45.0,1.0495049504950495,152.0,1.3,100.0,2,150.0,-110,1.3,0.27,9.0,0.12,1,11.0,Hard,Regular,victorias,Regular,victorias,player2,False,False,True
12.5425,0.0,1674,55.0,-40.0,2,1625,100.0,0.48,10.0,10.0,0.39,50.0,0.7092198581560284,141.0,1.34,140.0,2,152.0,49,1.32,0.22,11.0,0.26,1,9.0,Hard,Regular,victorias,Regular,victorias,player2,False,False,True
5.0429,0.21,1619,55.0,0.0,3,1659,100.0,0.46,11.0,9.0,0.42,55.0,0.9900990099009901,152.0,1.31,100.0,5,152.0,-40,1.31,0.24,11.0,0.25,1,9.0,Hard,Regular,victorias,Regular,victorias,player1,False,False,True
5.0435,0.17,1642,60.0,86.0,1,1746,186.0,0.38,13.0,7.0,0.48,65.0,1.8415841584158417,152.0,1.32,100.0,4,134.0,-104,1.54,0.23,12.0,0.21,1,8.0,Hard,Buena,victorias,Buena,victorias,player1,False,False,True
10.0518,0.11,1862,85.0,-80.0,1,1707,106.0,0.45,11.0,9.0,0.44,55.0,0.5668449197860963,134.0,1.5,186.0,6,150.0,155,1.27,0.23,17.0,0.24,11,3.0,Hard,Excelente,victorias,Regular,victorias,player1,False,False,True
5.0365,0.26,1850,75.0,92.0,1,1605,100.0,0.53,10.0,10.0,0.45,50.0,11.11111111111111,319.0,1.42,8.0,8,152.0,245,1.2,0.27,15.0,0.27,1,5.0,Hard,Excelente,victorias,Regular,victorias,player1,False,False,True
10.7936,0.24,1610,40.0,6.0,3,1672,106.0,0.44,12.0,8.0,0.45,60.0,1.0495049504950495,152.0,1.18,100.0,9,150.0,-62,1.28,0.27,8.0,0.26,1,12.0,Hard,Regular,victorias,Buena,victorias,player2,False,False,True
10.03,0.0,1666,55.0,-118.0,0,1573,100.0,0.4,10.0,10.0,0.37,50.0,0.45662100456621,130.0,1.32,218.0,3,152.0,93,1.3,0.24,11.0,0.23,1,9.0,Hard,Regular,victorias,Regular,victorias,player1,False,False,True
7.0061,0.06,1667,55.0,-21.0,2,1672,100.0,0.44,13.0,7.0,0.43,65.0,0.819672131147541,146.0,1.27,121.0,7,152.0,-5,1.31,0.12,11.0,0.17,1,9.0,Hard,Regular,victorias,Buena,victorias,player2,False,False,True
9.2849,0.12,1719,70.0,6.0,3,1609,106.0,0.41,9.0,11.0,0.43,45.0,1.0495049504950495,152.0,1.38,100.0,4,150.0,110,1.27,0.22,14.0,0.14,1,6.0,Hard,Buena,victorias,Regular,victorias,player2,False,False,True
0.0,0.0,1581,50.0,129.0,0,1598,153.0,0.43,10.0,10.0,0.39,50.0,6.12,217.0,1.33,24.0,2,139.0,-17,1.33,0.0,10.0,0.27,1,10.0,Hard,Regular,victorias,Regular,victorias,player1,False,False,True
0.0,0.12,1543,42.1,54.0,1,1513,106.0,0.35,7.0,13.0,0.35,35.0,2.0,176.0,1.27,52.0,2,150.0,30,1.27,0.15,8.0,0.16,1,11.0,Hard,Regular,victorias,Mala,victorias,player2,False,False,True
0.0,0.08,1595,55.0,6.0,3,1615,106.0,0.4,10.0,10.0,0.45,50.0,1.0495049504950495,152.0,1.33,100.0,2,150.0,-20,1.35,0.21,11.0,0.22,1,9.0,Hard,Regular,victorias,Regular,victorias,player1,False,False,True
10.0447,0.22,1434,10.0,82.0,1,1729,106.0,0.35,14.0,6.0,0.43,70.0,4.24,217.0,0.94,24.0,5,150.0,-295,1.37,0.21,2.0,0.16,1,18.0,Hard,Mala,victorias,Buena,victorias,player2,False,False,True
0.9999999999999998,0.19,1699,65.0,-44.0,2,1663,8.0,0.51,9.0,11.0,0.5,45.0,0.1509433962264151,176.0,1.36,52.0,5,319.0,36,1.27,0.27,13.0,0.27,1,7.0,Hard,Buena,victorias,Regular,victorias,player2,False,False,True
15.0418,0.0,1746,60.0,-44.0,2,1731,8.0,0.53,13.0,7.0,0.47,65.0,0.1509433962264151,176.0,1.31,52.0,3,319.0,15,1.37,0.26,12.0,0.26,1,8.0,Hard,Buena,victorias,Buena,victorias,player1,False,False,True
2.5121,0.12,1758,75.0,0.0,3,1653,52.0,0.47,10.0,10.0,0.45,50.0,0.9811320754716981,176.0,1.39,52.0,4,176.0,105,1.3,0.23,15.0,0.27,1,5.0,Hard,Excelente,victorias,Regular,victorias,player2,False,False,True
0.0,0.19,1758,75.0,-100.0,1,1756,100.0,0.48,16.0,4.0,0.45,80.0,0.4975124378109453,132.0,1.4,200.0,6,152.0,2,1.37,0.26,15.0,0.27,1,5.0,Hard,Excelente,victorias,Excelente,victorias,player1,False,False,True
0.0,0.0,1673,50.0,173.0,0,1561,181.0,0.4,7.0,13.0,0.47,35.0,20.11111111111111,319.0,1.34,8.0,1,135.0,112,1.26,0.27,10.0,0.25,1,10.0,Hard,Regular,victorias,Mala,victorias,player2,False,False,True
0.0,0.15,1489,30.0,0.0,3,1755,52.0,0.42,12.0,8.0,0.47,60.0,0.9811320754716981,176.0,1.19,52.0,2,176.0,-266,1.39,0.26,6.0,0.27,1,14.0,Hard,Mala,victorias,Buena,victorias,player2,False,False,True
8.2623,0.22,1618,45.0,0.0,3,1685,52.0,0.42,11.0,9.0,0.46,55.0,0.9811320754716981,176.0,1.21,52.0,9,176.0,-67,1.26,0.27,9.0,0.26,1,11.0,Hard,Regular,victorias,Regular,victorias,player1,False,False,True
5.0457,0.5,1741,60.0,18.0,2,1712,157.0,0.55,13.0,7.0,0.52,65.0,1.1214285714285714,142.0,1.41,139.0,2,138.0,29,1.39,0.27,12.0,0.27,1,8.0,Clay,Buena,victorias,Buena,victorias,player1,True,False,False
6.5945,0.25,1541,42.9,0.0,3,1644,157.0,0.53,10.0,10.0,0.47,50.0,0.9936708860759493,138.0,1.29,157.0,2,138.0,-103,1.33,0.27,3.0,0.22,1,4.0,Clay,Regular,victorias,Regular,victorias,player2,True,False,False
0.0,0.21,1646,40.0,0.0,3,1595,157.0,0.49,9.0,11.0,0.45,45.0,0.9936708860759493,138.0,1.29,157.0,3,138.0,51,1.28,0.27,8.0,0.27,1,12.0,Clay,Regular,victorias,Regular,victorias,player2,True,False,False
30.0529,0.0,1677,65.0,0.0,3,1670,157.0,0.51,12.0,8.0,0.39,60.0,0.9936708860759493,138.0,1.41,157.0,1,138.0,7,1.42,0.22,13.0,0.27,1,7.0,Clay,Buena,victorias,Buena,victorias,player2,True,False,False
0.0,0.62,1556,30.0,95.0,1,1547,157.0,0.41,7.0,13.0,0.55,35.0,2.492063492063492,169.0,1.19,62.0,5,138.0,9,1.22,0.27,6.0,0.26,1,14.0,Clay,Mala,victorias,Mala,victorias,player1,True,False,False
0.0,0.28,1513,41.7,-10.0,3,1597,81.0,0.38,11.0,9.0,0.49,55.0,0.8804347826086957,155.0,1.31,91.0,1,159.0,-84,1.37,0.27,5.0,0.16,1,7.0,Clay,Regular,victorias,Regular,victorias,player2,True,False,False
0.0,0.25,1477,35.0,101.0,0,1676,182.0,0.26,12.0,8.0,0.36,60.0,2.2195121951219514,159.0,1.26,81.0,1,134.0,-199,1.39,0.26,7.0,0.21,1,13.0,Clay,Mala,victorias,Buena,victorias,player2,True,False,False
0.0,0.0,1769,75.0,19.0,2,1530,81.0,0.53,5.0,6.0,0.38,45.5,1.2857142857142858,169.0,1.49,62.0,1,159.0,239,1.28,0.17,15.0,0.26,1,5.0,Clay,Excelente,victorias,Regular,victorias,player1,True,False,False
0.0,0.0,1756,70.0,-99.0,1,1684,77.0,0.0,11.0,9.0,0.38,55.0,0.4350282485875706,135.0,1.47,176.0,2,161.0,72,1.49,0.14,14.0,0.21,1,6.0,Clay,Buena,victorias,Regular,victorias,player2,True,False,False
6.5109,0.12,1740,70.0,101.0,0,1593,182.0,0.41,11.0,9.0,0.37,55.0,2.2195121951219514,159.0,1.59,81.0,2,134.0,147,1.33,0.21,14.0,0.24,6,6.0,Clay,Buena,victorias,Regular,victorias,player1,True,False,False
0.0,0.23,1445,25.0,101.0,0,1567,182.0,0.33,9.0,11.0,0.39,45.0,2.2195121951219514,159.0,1.19,81.0,1,134.0,-122,1.32,0.17,5.0,0.09,1,15.0,Clay,Mala,victorias,Regular,victorias,player1,True,False,False
5.0172,0.0,1592,55.0,52.0,1,1680,77.0,0.35,11.0,9.0,0.44,55.0,2.9615384615384617,215.0,1.33,25.0,2,161.0,-88,1.37,0.2,11.0,0.0,1,9.0,Clay,Regular,victorias,Regular,victorias,player2,True,False,False
0.0,0.0,1415,18.8,-76.0,1,1587,81.0,0.44,9.0,11.0,0.42,45.0,0.5126582278481012,138.0,1.12,157.0,0,159.0,-172,1.36,0.12,3.0,0.23,1,13.0,Clay,Mala,victorias,Regular,victorias,player2,True,False,False
5.0482,0.0,1573,45.0,-59.0,1,1665,98.0,0.28,14.0,6.0,0.38,70.0,0.620253164556962,138.0,1.29,157.0,3,152.0,-92,1.4,0.15,9.0,0.0,1,11.0,Clay,Regular,victorias,Buena,victorias,player2,True,False,False
14.0422,0.25,1632,50.0,-116.0,0,1603,41.0,0.41,10.0,10.0,0.38,50.0,0.25949367088607594,138.0,1.3,157.0,5,187.0,29,1.26,0.23,10.0,0.0,1,10.0,Clay,Regular,victorias,Regular,victorias,player2,True,False,False
0.0,0.28,1634,55.0,0.0,3,1544,157.0,0.37,6.0,8.0,0.49,42.9,0.9936708860759493,138.0,1.39,157.0,1,138.0,90,1.29,0.21,11.0,0.0,1,9.0,Clay,Regular,victorias,Regular,victorias,player1,True,False,False
0.9999999999999998,0.0,1651,55.0,76.0,1,1591,157.0,0.43,9.0,11.0,0.47,45.0,1.9146341463414633,159.0,1.38,81.0,2,138.0,60,1.29,0.21,11.0,0.0,1,9.0,Clay,Regular,victorias,Regular,victorias,player1,True,False,False
0.0,0.0,1517,30.0,122.0,0,1555,191.0,0.51,8.0,12.0,0.35,40.0,2.7285714285714286,165.0,1.23,69.0,0,133.0,-38,1.3,0.19,3.0,0.23,1,7.0,Hard,Mala,victorias,Regular,victorias,player2,False,False,True
14.0,0.09,1495,30.0,-89.0,1,1602,102.0,0.35,8.0,12.0,0.46,40.0,0.53125,133.0,1.19,191.0,4,151.0,-107,1.25,0.27,6.0,0.26,1,14.0,Hard,Mala,victorias,Regular,victorias,player2,False,False,True
1.2999999999999998,0.11,1730,50.0,86.0,1,1716,110.0,0.57,14.0,6.0,0.42,70.0,4.4,217.0,1.27,24.0,5,149.0,14,1.44,0.22,10.0,0.27,1,10.0,Hard,Regular,victorias,Buena,victorias,player1,False,False,True
0.0,0.07,1558,40.0,0.0,3,1507,93.0,0.38,7.0,13.0,0.37,35.0,0.9893617021276596,154.0,1.29,93.0,1,154.0,51,1.26,0.0,8.0,0.0,1,12.0,Hard,Regular,victorias,Mala,victorias,player2,False,False,True
0.0,0.0,1592,55.0,-30.0,2,1605,200.0,0.34,12.0,8.0,0.42,60.0,0.8658008658008658,129.0,1.38,230.0,0,132.0,-13,1.4,0.09,11.0,0.12,1,9.0,Hard,Regular,victorias,Buena,victorias,player1,False,False,True
6.5725999999999996,0.0,1432,20.0,-113.0,0,1588,52.0,0.34,9.0,11.0,0.41,45.0,0.3132530120481928,137.0,1.13,165.0,1,176.0,-156,1.31,0.23,4.0,0.09,1,16.0,Hard,Mala,victorias,Regular,victorias,player2,False,False,True
0.0,0.0,1423,20.0,-79.0,1,1573,116.0,0.31,10.0,10.0,0.33,50.0,0.5918367346938775,133.0,1.14,195.0,1,147.0,-150,1.34,0.09,4.0,0.22,1,16.0,Hard,Mala,victorias,Regular,victorias,player2,False,False,True
0.0,0.42,1645,55.0,-94.0,1,1708,8.0,0.49,13.0,7.0,0.47,65.0,0.07766990291262135,151.0,1.35,102.0,3,319.0,-63,1.39,0.26,11.0,0.22,1,9.0,Clay,Regular,victorias,Buena,victorias,player2,True,False,False
0.0,0.0,1688,70.0,-3.0,3,1665,154.0,0.47,10.0,10.0,0.51,50.0,0.9746835443037974,138.0,1.41,157.0,3,139.0,23,1.33,0.27,14.0,0.25,1,6.0,Clay,Buena,victorias,Regular,victorias,player1,True,False,False
0.0,0.0,1777,75.0,-42.0,2,1647,41.0,0.42,11.0,9.0,0.43,55.0,0.4880952380952381,158.0,1.45,83.0,1,187.0,130,1.37,0.24,15.0,0.27,1,5.0,Clay,Excelente,victorias,Regular,victorias,player2,True,False,False
3.25,0.0,1571,35.0,108.0,0,1682,191.0,0.35,10.0,10.0,0.51,50.0,2.2738095238095237,158.0,1.25,83.0,2,133.0,-111,1.34,0.27,7.0,0.27,1,13.0,Clay,Mala,victorias,Regular,victorias,player1,True,False,False
0.0,0.0,1590,55.6,101.0,0,1517,176.0,0.5,8.0,12.0,0.51,40.0,2.3157894736842106,162.0,1.41,75.0,0,135.0,73,1.29,0.23,10.0,0.22,1,8.0,Clay,Regular,victorias,Regular,victorias,player1,True,False,False
2.5,0.0,1489,30.0,0.0,3,1494,77.0,0.38,7.0,13.0,0.31,35.0,0.9871794871794872,161.0,1.19,77.0,3,161.0,-5,1.26,0.0,6.0,0.23,1,14.0,Clay,Mala,victorias,Mala,victorias,player2,True,False,False
0.0,0.4,1561,50.0,21.0,2,1635,98.0,0.42,10.0,10.0,0.42,50.0,1.2564102564102564,161.0,1.3,77.0,5,152.0,-74,1.3,0.17,10.0,0.25,1,10.0,Clay,Regular,victorias,Regular,victorias,player2,True,False,False
0.0,0.0,1414,20.0,-68.0,1,1684,98.0,0.43,13.0,7.0,0.0,65.0,0.5868263473053892,137.0,1.14,166.0,1,152.0,-270,1.47,0.13,4.0,0.21,1,16.0,Clay,Mala,victorias,Buena,victorias,player1,True,False,False
0.0,0.29,1468,30.0,45.0,2,1531,77.0,0.43,9.0,11.0,0.39,45.0,2.3333333333333335,200.0,1.2,32.0,2,161.0,-63,1.33,0.18,6.0,0.22,1,14.0,Clay,Mala,victorias,Regular,victorias,player2,True,False,False
0.0,0.0,1785,75.0,59.0,1,1546,81.0,0.47,6.0,14.0,0.41,30.0,3.5217391304347827,223.0,1.62,22.0,1,159.0,239,1.21,0.26,15.0,0.23,6,5.0,Clay,Excelente,victorias,Mala,victorias,player1,True,False,False
0.0,0.26,1690,55.0,-45.0,2,1620,32.0,0.48,10.0,10.0,0.37,50.0,0.41025641025641024,161.0,1.37,77.0,1,200.0,70,1.35,0.25,11.0,0.27,1,9.0,Clay,Regular,victorias,Regular,victorias,player1,True,False,False
0.0,0.0,1726,65.0,59.0,1,1686,157.0,0.58,14.0,6.0,0.42,70.0,1.5858585858585859,152.0,1.46,98.0,2,138.0,40,1.4,0.22,13.0,0.27,1,7.0,Clay,Buena,victorias,Buena,victorias,player2,True,False,False
0.0,0.0,1598,45.0,-132.0,0,1732,39.0,0.47,14.0,6.0,0.44,70.0,0.22674418604651161,136.0,1.34,171.0,0,190.0,-134,1.5,0.26,9.0,0.27,1,11.0,Clay,Regular,victorias,Buena,victorias,player1,True,False,False
12.0391,0.1,1668,55.0,-85.0,1,1703,110.0,0.44,13.0,7.0,0.37,65.0,0.5612244897959183,133.0,1.31,195.0,5,149.0,-35,1.35,0.24,11.0,0.27,1,9.0,Clay,Regular,victorias,Buena,victorias,player1,True,False,False
0.0,0.0,1551,50.0,-38.0,2,1576,157.0,0.38,8.0,12.0,0.41,40.0,0.8010204081632653,133.0,1.36,195.0,0,138.0,-25,1.31,0.21,10.0,0.13,1,10.0,Clay,Regular,victorias,Regular,victorias,player2,True,False,False
0.0,0.26,1519,40.0,10.0,3,1621,91.0,0.38,12.0,8.0,0.39,60.0,1.1097560975609757,159.0,1.27,81.0,1,155.0,-102,1.42,0.21,8.0,0.0,1,12.0,Clay,Regular,victorias,Buena,victorias,player2,True,False,False
5.0363,0.0,1604,55.0,157.0,0,1588,181.0,0.39,10.0,10.0,0.45,50.0,7.24,217.0,1.36,24.0,1,135.0,16,1.34,0.27,11.0,0.0,1,9.0,Clay,Regular,victorias,Regular,victorias,player1,True,False,False
0.0,0.0,1586,55.0,-35.0,2,1531,98.0,0.37,1.0,0.0,0.0,100.0,0.7313432835820896,143.0,1.39,133.0,0,152.0,55,1.54,0.0,11.0,0.0,1,9.0,Clay,Regular,victorias,Excelente,victorias,player1,True,False,False
3.2588,0.0,1616,50.0,0.0,3,1492,167.0,0.39,6.0,14.0,0.31,30.0,0.9940476190476191,137.0,1.33,167.0,2,137.0,124,1.21,0.0,10.0,0.0,1,10.0,Clay,Regular,victorias,Mala,victorias,player1,True,False,False
0.0,0.0,1472,40.0,-135.0,0,1444,41.0,0.29,5.0,15.0,0.27,25.0,0.23163841807909605,135.0,1.3,176.0,1,187.0,28,1.19,0.09,8.0,0.15,1,12.0,Clay,Regular,victorias,Mala,victorias,player1,True,False,False
0.0,0.0,1503,35.0,22.0,2,1661,47.0,0.36,11.0,9.0,0.41,55.0,1.8076923076923077,215.0,1.23,25.0,2,181.0,-158,1.38,0.2,7.0,0.0,1,13.0,Clay,Mala,victorias,Regular,victorias,player2,True,False,False
0.0,0.23,1527,35.0,90.0,1,1747,98.0,0.41,14.0,6.0,0.42,70.0,10.88888888888889,319.0,1.22,8.0,3,152.0,-220,1.59,0.0,7.0,0.19,1,13.0,Clay,Mala,victorias,Buena,victorias,player2,True,False,False
5.0434,0.09,1652,55.0,47.0,2,1716,145.0,0.43,14.0,6.0,0.42,70.0,1.4646464646464648,152.0,1.38,98.0,2,140.0,-64,1.44,0.0,11.0,0.22,2,9.0,Clay,Regular,victorias,Buena,victorias,player2,True,False,False
5.0407,0.31,1692,70.0,-97.0,1,1702,98.0,0.38,13.0,7.0,0.45,65.0,0.5,133.0,1.42,195.0,3,152.0,-10,1.41,0.09,14.0,0.21,2,6.0,Clay,Buena,victorias,Buena,victorias,player2,True,False,False
7.0427,0.25,1757,75.0,57.0,1,1761,98.0,0.37,14.0,6.0,0.44,70.0,2.3333333333333335,187.0,1.57,41.0,4,152.0,-4,1.41,0.12,15.0,0.0,7,5.0,Clay,Excelente,victorias,Buena,victorias,player1,True,False,False
9.0402,0.0,1655,45.0,-137.0,0,1580,63.0,0.46,9.0,11.0,0.46,45.0,0.31343283582089554,132.0,1.32,200.0,2,168.0,75,1.28,0.26,9.0,0.27,1,11.0,Clay,Regular,victorias,Regular,victorias,player2,True,False,False
30.0116,0.25,1740,70.0,-1.0,3,1694,181.0,0.38,12.0,8.0,0.45,60.0,0.9890710382513661,134.0,1.37,182.0,4,135.0,46,1.37,0.27,14.0,0.27,1,6.0,Clay,Buena,victorias,Buena,victorias,player1,True,False,False
0.0,0.0,1732,70.0,-41.0,2,1529,140.0,0.45,8.0,12.0,0.5,40.0,0.7692307692307693,135.0,1.47,181.0,0,141.0,203,1.29,0.25,14.0,0.27,1,6.0,Clay,Buena,victorias,Regular,victorias,player1,True,False,False
5.0466,0.0,1593,50.0,102.0,0,1764,200.0,0.44,14.0,6.0,0.42,70.0,2.0202020202020203,152.0,1.28,98.0,2,132.0,-171,1.56,0.24,10.0,0.27,1,10.0,Clay,Regular,victorias,Buena,victorias,player1,True,False,False
7.5429,0.27,1702,55.0,19.0,2,1675,200.0,0.52,12.0,8.0,0.42,60.0,1.098901098901099,135.0,1.33,181.0,4,132.0,27,1.35,0.22,11.0,0.25,1,9.0,Clay,Regular,victorias,Buena,victorias,player2,True,False,False
2.5,0.0,1729,70.0,-19.0,2,1658,22.0,0.62,10.0,10.0,0.53,50.0,0.5238095238095238,187.0,1.4,41.0,1,223.0,71,1.32,0.25,14.0,0.27,1,6.0,Clay,Buena,victorias,Regular,victorias,player2,True,False,False
5.0276,0.0,1529,25.0,-19.0,2,1739,157.0,0.64,13.0,7.0,0.66,65.0,0.8870056497175142,135.0,1.12,176.0,3,138.0,-210,1.37,0.27,5.0,0.27,1,15.0,Clay,Mala,victorias,Buena,victorias,player2,True,False,False
5.031,0.0,1654,65.0,113.0,0,1569,190.0,0.41,10.0,10.0,0.35,50.0,2.4358974358974357,161.0,1.4,77.0,1,133.0,85,1.33,0.0,13.0,0.12,1,7.0,Hard,Buena,victorias,Regular,victorias,player1,False,False,True
0.0,0.09,1692,65.0,45.0,2,1633,176.0,0.43,12.0,8.0,0.41,60.0,1.3333333333333333,143.0,1.41,131.0,1,135.0,59,1.39,0.15,13.0,0.2,1,7.0,Hard,Buena,victorias,Buena,victorias,player1,False,False,True
5.0188,0.0,1553,40.0,103.0,0,1550,197.0,0.37,8.0,12.0,0.35,40.0,2.0736842105263156,154.0,1.28,94.0,1,132.0,3,1.28,0.0,8.0,0.16,1,12.0,Hard,Regular,victorias,Regular,victorias,player1,False,False,True
0.0,0.28,1565,55.0,0.0,3,1678,154.0,0.37,12.0,8.0,0.46,60.0,0.9935483870967742,139.0,1.37,154.0,1,139.0,-113,1.39,0.24,11.0,0.16,1,9.0,Clay,Regular,victorias,Buena,victorias,player2,True,False,False
0.0,0.28,1565,55.0,0.0,3,1678,154.0,0.37,12.0,8.0,0.46,60.0,0.9935483870967742,139.0,1.37,154.0,1,139.0,-113,1.39,0.24,11.0,0.16,1,9.0,Clay,Regular,victorias,Buena,victorias,player2,True,False,False
7.5311,0.04,1953,70.0,-15.0,2,1821,62.0,0.0,13.0,7.0,0.71,65.0,0.7948717948717948,161.0,1.69,77.0,6,169.0,132,1.68,0.27,14.0,0.27,1,6.0,Grass,Buena,victorias,Buena,victorias,player1,False,True,False
95.8259,0.06,2051,75.0,114.0,0,1790,195.0,0.0,8.0,12.0,0.51,40.0,2.3780487804878048,159.0,1.68,81.0,10,133.0,261,1.35,0.27,15.0,0.27,1,5.0,Grass,Excelente,victorias,Regular,victorias,player1,False,True,False
0.0,0.0,1767,70.0,168.0,0,1681,176.0,0.49,13.0,7.0,0.4,65.0,19.555555555555557,319.0,1.6,8.0,0,135.0,86,1.47,0.2,14.0,0.21,6,6.0,Hard,Buena,victorias,Buena,victorias,player1,False,False,True
2.5,0.0,1693,65.0,-45.0,2,1650,155.0,0.43,11.0,9.0,0.43,55.0,0.7711442786069652,132.0,1.41,200.0,1,139.0,43,1.37,0.16,13.0,0.18,1,7.0,Hard,Buena,victorias,Regular,victorias,player1,False,False,True
16.5403,0.25,1571,40.0,21.0,2,1709,176.0,0.42,13.0,7.0,0.41,65.0,1.1282051282051282,139.0,1.15,155.0,9,135.0,-138,1.29,0.09,8.0,0.0,1,12.0,Hard,Regular,victorias,Buena,victorias,player2,False,False,True
0.0,0.1,1842,85.0,43.0,2,1642,182.0,0.45,11.0,9.0,0.41,55.0,1.3,142.0,1.57,139.0,4,134.0,200,1.31,0.22,17.0,0.0,11,3.0,Hard,Excelente,victorias,Regular,victorias,player2,False,False,True
0.0,0.1,1842,85.0,43.0,2,1642,182.0,0.45,11.0,9.0,0.41,55.0,1.3,142.0,1.57,139.0,4,134.0,200,1.31,0.22,17.0,0.0,11,3.0,Hard,Excelente,victorias,Regular,victorias,player2,False,False,True
13.8284,0.08,1729,35.0,-109.0,0,1886,91.0,0.51,12.0,8.0,0.7,60.0,0.4527363184079602,132.0,1.32,200.0,9,155.0,-157,1.57,0.27,7.0,0.27,1,13.0,Grass,Mala,victorias,Buena,victorias,player2,False,True,False
33.42660000000001,0.1,1928,65.0,0.0,3,1781,200.0,0.73,11.0,9.0,0.0,55.0,0.9950248756218906,132.0,1.71,200.0,11,132.0,147,1.4,0.27,13.0,0.27,5,7.0,Grass,Buena,victorias,Regular,victorias,player1,False,True,False
5.0409,0.18,1751,80.0,0.0,3,1664,176.0,0.44,11.0,9.0,0.41,55.0,0.9943502824858758,135.0,1.46,176.0,4,135.0,87,1.34,0.0,16.0,0.09,2,4.0,Clay,Excelente,victorias,Regular,victorias,player1,True,False,False
11.5465,0.31,1607,45.0,37.0,2,1650,176.0,0.39,11.0,9.0,0.43,55.0,1.2571428571428571,142.0,1.3,139.0,6,135.0,-43,1.3,0.16,9.0,0.0,2,11.0,Clay,Regular,victorias,Regular,victorias,player2,True,False,False
5.0479,0.0,1736,65.0,0.0,3,1431,176.0,0.44,3.0,14.0,0.39,17.6,0.9943502824858758,135.0,1.45,176.0,1,135.0,305,0.99,0.09,13.0,0.16,2,7.0,Clay,Buena,victorias,Mala,derrotas,player1,True,False,False
6.617,0.0,1482,25.0,99.0,1,1511,176.0,0.26,7.0,13.0,0.45,35.0,2.2564102564102564,161.0,1.11,77.0,1,135.0,-29,1.3,0.21,1.0,0.0,-1,3.0,Clay,Mala,derrotas,Mala,victorias,player2,True,False,False
13.843300000000001,0.03,1774,60.0,-9.0,3,1856,182.0,0.48,13.0,7.0,0.65,65.0,0.9479166666666666,133.0,1.64,191.0,6,134.0,-82,1.71,0.27,12.0,0.27,3,8.0,Grass,Buena,victorias,Buena,victorias,player1,False,True,False
0.0,0.22,1610,64.3,0.0,3,1685,77.0,0.48,13.0,7.0,0.48,65.0,0.9871794871794872,161.0,1.45,77.0,1,161.0,-75,1.41,0.12,9.0,0.13,4,5.0,Clay,Buena,victorias,Buena,victorias,player1,True,False,False
3.8,-0.0,1813,80.0,150.0,0,1686,197.0,0.0,11.0,9.0,0.49,55.0,4.104166666666667,181.0,1.73,47.0,3,132.0,127,1.63,0.27,16.0,0.16,2,4.0,Grass,Excelente,victorias,Regular,victorias,player1,False,True,False
7.0469,0.02,1698,25.0,-36.0,2,1744,41.0,0.58,13.0,7.0,0.51,65.0,0.5256410256410257,161.0,1.41,77.0,5,187.0,-46,1.63,0.27,5.0,0.27,2,15.0,Grass,Mala,victorias,Buena,victorias,player2,False,True,False
0.0,-0.0,1760,60.0,-6.0,3,1747,77.0,0.0,14.0,6.0,0.44,70.0,0.9166666666666666,158.0,1.63,83.0,2,161.0,13,1.78,0.24,12.0,0.27,2,8.0,Grass,Buena,victorias,Buena,victorias,player1,False,True,False
8.05,0.0,1721,55.0,-151.0,0,1690,25.0,0.54,12.0,8.0,0.59,60.0,0.14124293785310735,135.0,1.32,176.0,4,215.0,31,1.34,0.27,11.0,0.27,2,9.0,Clay,Regular,victorias,Buena,victorias,player1,True,False,False
7.5446,0.35,1729,65.0,-51.0,1,1642,167.0,0.63,11.0,9.0,0.49,55.0,0.7625570776255708,130.0,1.37,218.0,5,137.0,87,1.33,0.27,13.0,0.27,2,7.0,Clay,Buena,victorias,Regular,victorias,player1,True,False,False
6.5471,0.0,1791,85.0,-59.0,1,1669,22.0,0.54,10.0,10.0,0.59,50.0,0.2682926829268293,159.0,1.51,81.0,1,223.0,122,1.4,0.15,17.0,0.25,2,3.0,Clay,Excelente,victorias,Regular,victorias,player1,True,False,False
5.0351,0.0,1644,55.0,59.0,1,1631,98.0,0.54,11.0,9.0,0.55,55.0,2.45,190.0,1.36,39.0,2,152.0,13,1.36,0.26,11.0,0.18,2,9.0,Clay,Regular,victorias,Regular,victorias,player1,True,False,False
0.0,0.0,1794,60.0,-146.0,0,1795,8.0,0.54,15.0,5.0,0.47,75.0,0.05161290322580645,139.0,1.35,154.0,2,319.0,-1,1.5,0.27,12.0,0.27,1,8.0,Hard,Buena,victorias,Excelente,victorias,player2,False,False,True
0.0,0.04,1719,50.0,38.0,2,1577,62.0,0.48,9.0,11.0,0.44,45.0,2.48,217.0,1.38,24.0,1,169.0,142,1.27,0.27,10.0,0.27,1,10.0,Hard,Regular,victorias,Regular,victorias,player1,False,False,True
0.0,-0.0,1560,30.0,-82.0,1,1699,100.0,0.44,12.0,8.0,0.6,60.0,0.546448087431694,134.0,1.46,182.0,3,152.0,-139,1.75,0.27,6.0,0.27,2,14.0,Grass,Mala,victorias,Buena,victorias,player2,False,True,False
0.0,0.0,1512,35.0,105.0,0,1619,186.0,0.4,11.0,9.0,0.38,55.0,2.268292682926829,159.0,1.26,81.0,1,134.0,-107,1.37,0.09,7.0,0.16,1,13.0,Clay,Mala,victorias,Regular,victorias,player1,True,False,False
0.0,0.0,1595,53.3,5.0,3,1562,81.0,0.0,10.0,10.0,0.34,50.0,1.051948051948052,161.0,1.38,76.0,0,159.0,33,1.36,0.16,8.0,0.09,1,7.0,Clay,Regular,victorias,Regular,victorias,player1,True,False,False
0.0,0.0,1625,55.6,0.0,3,1529,200.0,0.52,8.0,12.0,0.43,40.0,0.9950248756218906,132.0,1.38,200.0,0,132.0,96,1.21,0.23,10.0,0.23,-1,8.0,Hard,Regular,derrotas,Regular,derrotas,player1,False,False,True
33.5312,0.05,1597,30.0,0.0,3,1557,100.0,0.44,9.0,11.0,0.39,45.0,0.9900990099009901,152.0,1.08,100.0,7,152.0,40,1.2,0.14,6.0,0.22,1,14.0,Hard,Mala,victorias,Regular,victorias,player1,False,False,True
12.2961,0.0,1566,45.0,-135.0,0,1662,100.0,0.37,12.0,8.0,0.4,60.0,0.423728813559322,128.0,1.25,235.0,4,152.0,-96,1.36,0.12,9.0,0.21,1,11.0,Hard,Regular,victorias,Buena,victorias,player1,False,False,True
8.2795,0.04,1660,55.0,-76.0,1,1480,24.0,0.42,7.0,13.0,0.36,35.0,0.2376237623762376,152.0,1.34,100.0,4,217.0,180,1.19,0.13,11.0,0.09,1,9.0,Hard,Regular,victorias,Mala,victorias,player1,False,False,True
6.5415,0.0,1699,60.0,-76.0,1,1675,24.0,0.42,13.0,7.0,0.42,65.0,0.2376237623762376,152.0,1.36,100.0,1,217.0,24,1.42,0.09,12.0,0.27,1,8.0,Hard,Buena,victorias,Buena,victorias,player1,False,False,True
6.5328,0.0,1691,65.0,6.0,3,1685,106.0,0.41,12.0,8.0,0.42,60.0,1.0495049504950495,152.0,1.55,100.0,3,150.0,6,1.32,0.14,13.0,0.22,6,7.0,Hard,Buena,victorias,Buena,victorias,player2,False,False,True
0.0132,0.23,1715,65.0,-100.0,1,1640,100.0,0.41,11.0,9.0,0.43,55.0,0.4975124378109453,132.0,1.38,200.0,6,152.0,75,1.29,0.19,13.0,0.0,1,7.0,Hard,Buena,victorias,Regular,victorias,player2,False,False,True
5.0341,0.13,1649,55.0,0.0,3,1639,100.0,0.42,12.0,8.0,0.39,60.0,0.9900990099009901,152.0,1.31,100.0,3,152.0,10,1.37,0.13,11.0,0.17,1,9.0,Hard,Regular,victorias,Buena,victorias,player2,False,False,True
0.0,0.0,1493,35.0,0.0,3,1462,100.0,0.2,2.0,6.0,0.2,25.0,0.9900990099009901,152.0,1.27,100.0,0,152.0,31,1.19,0.0,7.0,0.2,1,13.0,Hard,Mala,victorias,Mala,victorias,player2,False,False,True
19.0258,0.12,1555,35.0,6.0,3,1475,106.0,0.38,6.0,14.0,0.31,30.0,1.0495049504950495,152.0,1.16,100.0,7,150.0,80,1.13,0.18,7.0,0.21,1,13.0,Hard,Mala,victorias,Mala,victorias,player1,False,False,True
0.0,0.09,1441,26.3,-86.0,1,1619,100.0,0.28,10.0,10.0,0.39,50.0,0.5347593582887701,134.0,1.17,186.0,1,152.0,-178,1.36,0.23,5.0,0.17,1,14.0,Hard,Mala,victorias,Regular,victorias,player1,False,False,True
12.5451,0.0,1585,40.0,-48.0,2,1498,52.0,0.5,1.0,2.0,0.0,33.3,0.5148514851485149,152.0,1.26,100.0,1,176.0,87,1.26,0.14,8.0,0.27,1,12.0,Hard,Regular,victorias,Mala,victorias,player1,False,False,True
0.0,0.2,1583,50.0,21.0,2,1702,121.0,0.39,14.0,6.0,0.48,70.0,1.198019801980198,152.0,1.28,100.0,4,146.0,-119,1.41,0.27,10.0,0.25,1,10.0,Hard,Regular,victorias,Buena,victorias,player2,False,False,True
8.285,0.0,1543,45.0,6.0,3,1653,106.0,0.37,9.0,11.0,0.48,45.0,1.0495049504950495,152.0,1.3,100.0,2,150.0,-110,1.3,0.27,9.0,0.12,1,11.0,Hard,Regular,victorias,Regular,victorias,player2,False,False,True
12.5425,0.0,1674,55.0,-40.0,2,1625,100.0,0.48,10.0,10.0,0.39,50.0,0.7092198581560284,141.0,1.34,140.0,2,152.0,49,1.32,0.22,11.0,0.26,1,9.0,Hard,Regular,victorias,Regular,victorias,player2,False,False,True
5.0429,0.21,1619,55.0,0.0,3,1659,100.0,0.46,11.0,9.0,0.42,55.0,0.9900990099009901,152.0,1.31,100.0,5,152.0,-40,1.31,0.24,11.0,0.25,1,9.0,Hard,Regular,victorias,Regular,victorias,player1,False,False,True
5.0435,0.17,1642,60.0,86.0,1,1746,186.0,0.38,13.0,7.0,0.48,65.0,1.8415841584158417,152.0,1.32,100.0,4,134.0,-104,1.54,0.23,12.0,0.21,1,8.0,Hard,Buena,victorias,Buena,victorias,player1,False,False,True
10.0518,0.11,1862,85.0,-80.0,1,1707,106.0,0.45,11.0,9.0,0.44,55.0,0.5668449197860963,134.0,1.5,186.0,6,150.0,155,1.27,0.23,17.0,0.24,11,3.0,Hard,Excelente,victorias,Regular,victorias,player1,False,False,True
5.0365,0.26,1850,75.0,92.0,1,1605,100.0,0.53,10.0,10.0,0.45,50.0,11.11111111111111,319.0,1.42,8.0,8,152.0,245,1.2,0.27,15.0,0.27,1,5.0,Hard,Excelente,victorias,Regular,victorias,player1,False,False,True
10.7936,0.24,1610,40.0,6.0,3,1672,106.0,0.44,12.0,8.0,0.45,60.0,1.0495049504950495,152.0,1.18,100.0,9,150.0,-62,1.28,0.27,8.0,0.26,1,12.0,Hard,Regular,victorias,Buena,victorias,player2,False,False,True
10.03,0.0,1666,55.0,-118.0,0,1573,100.0,0.4,10.0,10.0,0.37,50.0,0.45662100456621,130.0,1.32,218.0,3,152.0,93,1.3,0.24,11.0,0.23,1,9.0,Hard,Regular,victorias,Regular,victorias,player1,False,False,True
7.0061,0.06,1667,55.0,-21.0,2,1672,100.0,0.44,13.0,7.0,0.43,65.0,0.819672131147541,146.0,1.27,121.0,7,152.0,-5,1.31,0.12,11.0,0.17,1,9.0,Hard,Regular,victorias,Buena,victorias,player2,False,False,True
9.2849,0.12,1719,70.0,6.0,3,1609,106.0,0.41,9.0,11.0,0.43,45.0,1.0495049504950495,152.0,1.38,100.0,4,150.0,110,1.27,0.22,14.0,0.14,1,6.0,Hard,Buena,victorias,Regular,victorias,player2,False,False,True
0.0,0.0,1581,50.0,129.0,0,1598,153.0,0.43,10.0,10.0,0.39,50.0,6.12,217.0,1.33,24.0,2,139.0,-17,1.33,0.0,10.0,0.27,1,10.0,Hard,Regular,victorias,Regular,victorias,player1,False,False,True
0.0,0.12,1543,42.1,54.0,1,1513,106.0,0.35,7.0,13.0,0.35,35.0,2.0,176.0,1.27,52.0,2,150.0,30,1.27,0.15,8.0,0.16,1,11.0,Hard,Regular,victorias,Mala,victorias,player2,False,False,True
0.0,0.08,1595,55.0,6.0,3,1615,106.0,0.4,10.0,10.0,0.45,50.0,1.0495049504950495,152.0,1.33,100.0,2,150.0,-20,1.35,0.21,11.0,0.22,1,9.0,Hard,Regular,victorias,Regular,victorias,player1,False,False,True
10.0447,0.22,1434,10.0,82.0,1,1729,106.0,0.35,14.0,6.0,0.43,70.0,4.24,217.0,0.94,24.0,5,150.0,-295,1.37,0.21,2.0,0.16,1,18.0,Hard,Mala,victorias,Buena,victorias,player2,False,False,True
0.9999999999999998,0.19,1699,65.0,-44.0,2,1663,8.0,0.51,9.0,11.0,0.5,45.0,0.1509433962264151,176.0,1.36,52.0,5,319.0,36,1.27,0.27,13.0,0.27,1,7.0,Hard,Buena,victorias,Regular,victorias,player2,False,False,True
15.0418,0.0,1746,60.0,-44.0,2,1731,8.0,0.53,13.0,7.0,0.47,65.0,0.1509433962264151,176.0,1.31,52.0,3,319.0,15,1.37,0.26,12.0,0.26,1,8.0,Hard,Buena,victorias,Buena,victorias,player1,False,False,True
2.5121,0.12,1758,75.0,0.0,3,1653,52.0,0.47,10.0,10.0,0.45,50.0,0.9811320754716981,176.0,1.39,52.0,4,176.0,105,1.3,0.23,15.0,0.27,1,5.0,Hard,Excelente,victorias,Regular,victorias,player2,False,False,True
0.0,0.19,1758,75.0,-100.0,1,1756,100.0,0.48,16.0,4.0,0.45,80.0,0.4975124378109453,132.0,1.4,200.0,6,152.0,2,1.37,0.26,15.0,0.27,1,5.0,Hard,Excelente,victorias,Excelente,victorias,player1,False,False,True
0.0,0.0,1673,50.0,173.0,0,1561,181.0,0.4,7.0,13.0,0.47,35.0,20.11111111111111,319.0,1.34,8.0,1,135.0,112,1.26,0.27,10.0,0.25,1,10.0,Hard,Regular,victorias,Mala,victorias,player2,False,False,True
0.0,0.15,1489,30.0,0.0,3,1755,52.0,0.42,12.0,8.0,0.47,60.0,0.9811320754716981,176.0,1.19,52.0,2,176.0,-266,1.39,0.26,6.0,0.27,1,14.0,Hard,Mala,victorias,Buena,victorias,player2,False,False,True
8.2623,0.22,1618,45.0,0.0,3,1685,52.0,0.42,11.0,9.0,0.46,55.0,0.9811320754716981,176.0,1.21,52.0,9,176.0,-67,1.26,0.27,9.0,0.26,1,11.0,Hard,Regular,victorias,Regular,victorias,player1,False,False,True
5.0457,0.5,1741,60.0,18.0,2,1712,157.0,0.55,13.0,7.0,0.52,65.0,1.1214285714285714,142.0,1.41,139.0,2,138.0,29,1.39,0.27,12.0,0.27,1,8.0,Clay,Buena,victorias,Buena,victorias,player1,True,False,False
6.5945,0.25,1541,42.9,0.0,3,1644,157.0,0.53,10.0,10.0,0.47,50.0,0.9936708860759493,138.0,1.29,157.0,2,138.0,-103,1.33,0.27,3.0,0.22,1,4.0,Clay,Regular,victorias,Regular,victorias,player2,True,False,False
0.0,0.21,1646,40.0,0.0,3,1595,157.0,0.49,9.0,11.0,0.45,45.0,0.9936708860759493,138.0,1.29,157.0,3,138.0,51,1.28,0.27,8.0,0.27,1,12.0,Clay,Regular,victorias,Regular,victorias,player2,True,False,False
30.0529,0.0,1677,65.0,0.0,3,1670,157.0,0.51,12.0,8.0,0.39,60.0,0.9936708860759493,138.0,1.41,157.0,1,138.0,7,1.42,0.22,13.0,0.27,1,7.0,Clay,Buena,victorias,Buena,victorias,player2,True,False,False
0.0,0.62,1556,30.0,95.0,1,1547,157.0,0.41,7.0,13.0,0.55,35.0,2.492063492063492,169.0,1.19,62.0,5,138.0,9,1.22,0.27,6.0,0.26,1,14.0,Clay,Mala,victorias,Mala,victorias,player1,True,False,False
0.0,0.28,1513,41.7,-10.0,3,1597,81.0,0.38,11.0,9.0,0.49,55.0,0.8804347826086957,155.0,1.31,91.0,1,159.0,-84,1.37,0.27,5.0,0.16,1,7.0,Clay,Regular,victorias,Regular,victorias,player2,True,False,False
0.0,0.25,1477,35.0,101.0,0,1676,182.0,0.26,12.0,8.0,0.36,60.0,2.2195121951219514,159.0,1.26,81.0,1,134.0,-199,1.39,0.26,7.0,0.21,1,13.0,Clay,Mala,victorias,Buena,victorias,player2,True,False,False
0.0,0.0,1769,75.0,19.0,2,1530,81.0,0.53,5.0,6.0,0.38,45.5,1.2857142857142858,169.0,1.49,62.0,1,159.0,239,1.28,0.17,15.0,0.26,1,5.0,Clay,Excelente,victorias,Regular,victorias,player1,True,False,False
0.0,0.0,1756,70.0,-99.0,1,1684,77.0,0.0,11.0,9.0,0.38,55.0,0.4350282485875706,135.0,1.47,176.0,2,161.0,72,1.49,0.14,14.0,0.21,1,6.0,Clay,Buena,victorias,Regular,victorias,player2,True,False,False
6.5109,0.12,1740,70.0,101.0,0,1593,182.0,0.41,11.0,9.0,0.37,55.0,2.2195121951219514,159.0,1.59,81.0,2,134.0,147,1.33,0.21,14.0,0.24,6,6.0,Clay,Buena,victorias,Regular,victorias,player1,True,False,False
0.0,0.23,1445,25.0,101.0,0,1567,182.0,0.33,9.0,11.0,0.39,45.0,2.2195121951219514,159.0,1.19,81.0,1,134.0,-122,1.32,0.17,5.0,0.09,1,15.0,Clay,Mala,victorias,Regular,victorias,player1,True,False,False
5.0172,0.0,1592,55.0,52.0,1,1680,77.0,0.35,11.0,9.0,0.44,55.0,2.9615384615384617,215.0,1.33,25.0,2,161.0,-88,1.37,0.2,11.0,0.0,1,9.0,Clay,Regular,victorias,Regular,victorias,player2,True,False,False
0.0,0.0,1415,18.8,-76.0,1,1587,81.0,0.44,9.0,11.0,0.42,45.0,0.5126582278481012,138.0,1.12,157.0,0,159.0,-172,1.36,0.12,3.0,0.23,1,13.0,Clay,Mala,victorias,Regular,victorias,player2,True,False,False
5.0482,0.0,1573,45.0,-59.0,1,1665,98.0,0.28,14.0,6.0,0.38,70.0,0.620253164556962,138.0,1.29,157.0,3,152.0,-92,1.4,0.15,9.0,0.0,1,11.0,Clay,Regular,victorias,Buena,victorias,player2,True,False,False
14.0422,0.25,1632,50.0,-116.0,0,1603,41.0,0.41,10.0,10.0,0.38,50.0,0.25949367088607594,138.0,1.3,157.0,5,187.0,29,1.26,0.23,10.0,0.0,1,10.0,Clay,Regular,victorias,Regular,victorias,player2,True,False,False
0.0,0.28,1634,55.0,0.0,3,1544,157.0,0.37,6.0,8.0,0.49,42.9,0.9936708860759493,138.0,1.39,157.0,1,138.0,90,1.29,0.21,11.0,0.0,1,9.0,Clay,Regular,victorias,Regular,victorias,player1,True,False,False
0.9999999999999998,0.0,1651,55.0,76.0,1,1591,157.0,0.43,9.0,11.0,0.47,45.0,1.9146341463414633,159.0,1.38,81.0,2,138.0,60,1.29,0.21,11.0,0.0,1,9.0,Clay,Regular,victorias,Regular,victorias,player1,True,False,False
0.0,0.0,1517,30.0,122.0,0,1555,191.0,0.51,8.0,12.0,0.35,40.0,2.7285714285714286,165.0,1.23,69.0,0,133.0,-38,1.3,0.19,3.0,0.23,1,7.0,Hard,Mala,victorias,Regular,victorias,player2,False,False,True
14.0,0.09,1495,30.0,-89.0,1,1602,102.0,0.35,8.0,12.0,0.46,40.0,0.53125,133.0,1.19,191.0,4,151.0,-107,1.25,0.27,6.0,0.26,1,14.0,Hard,Mala,victorias,Regular,victorias,player2,False,False,True
1.2999999999999998,0.11,1730,50.0,86.0,1,1716,110.0,0.57,14.0,6.0,0.42,70.0,4.4,217.0,1.27,24.0,5,149.0,14,1.44,0.22,10.0,0.27,1,10.0,Hard,Regular,victorias,Buena,victorias,player1,False,False,True
0.0,0.07,1558,40.0,0.0,3,1507,93.0,0.38,7.0,13.0,0.37,35.0,0.9893617021276596,154.0,1.29,93.0,1,154.0,51,1.26,0.0,8.0,0.0,1,12.0,Hard,Regular,victorias,Mala,victorias,player2,False,False,True
0.0,0.0,1592,55.0,-30.0,2,1605,200.0,0.34,12.0,8.0,0.42,60.0,0.8658008658008658,129.0,1.38,230.0,0,132.0,-13,1.4,0.09,11.0,0.12,1,9.0,Hard,Regular,victorias,Buena,victorias,player1,False,False,True
6.5725999999999996,0.0,1432,20.0,-113.0,0,1588,52.0,0.34,9.0,11.0,0.41,45.0,0.3132530120481928,137.0,1.13,165.0,1,176.0,-156,1.31,0.23,4.0,0.09,1,16.0,Hard,Mala,victorias,Regular,victorias,player2,False,False,True
0.0,0.0,1423,20.0,-79.0,1,1573,116.0,0.31,10.0,10.0,0.33,50.0,0.5918367346938775,133.0,1.14,195.0,1,147.0,-150,1.34,0.09,4.0,0.22,1,16.0,Hard,Mala,victorias,Regular,victorias,player2,False,False,True
0.0,0.42,1645,55.0,-94.0,1,1708,8.0,0.49,13.0,7.0,0.47,65.0,0.07766990291262135,151.0,1.35,102.0,3,319.0,-63,1.39,0.26,11.0,0.22,1,9.0,Clay,Regular,victorias,Buena,victorias,player2,True,False,False
0.0,0.0,1688,70.0,-3.0,3,1665,154.0,0.47,10.0,10.0,0.51,50.0,0.9746835443037974,138.0,1.41,157.0,3,139.0,23,1.33,0.27,14.0,0.25,1,6.0,Clay,Buena,victorias,Regular,victorias,player1,True,False,False
0.0,0.0,1777,75.0,-42.0,2,1647,41.0,0.42,11.0,9.0,0.43,55.0,0.4880952380952381,158.0,1.45,83.0,1,187.0,130,1.37,0.24,15.0,0.27,1,5.0,Clay,Excelente,victorias,Regular,victorias,player2,True,False,False
3.25,0.0,1571,35.0,108.0,0,1682,191.0,0.35,10.0,10.0,0.51,50.0,2.2738095238095237,158.0,1.25,83.0,2,133.0,-111,1.34,0.27,7.0,0.27,1,13.0,Clay,Mala,victorias,Regular,victorias,player1,True,False,False
0.0,0.0,1590,55.6,101.0,0,1517,176.0,0.5,8.0,12.0,0.51,40.0,2.3157894736842106,162.0,1.41,75.0,0,135.0,73,1.29,0.23,10.0,0.22,1,8.0,Clay,Regular,victorias,Regular,victorias,player1,True,False,False
2.5,0.0,1489,30.0,0.0,3,1494,77.0,0.38,7.0,13.0,0.31,35.0,0.9871794871794872,161.0,1.19,77.0,3,161.0,-5,1.26,0.0,6.0,0.23,1,14.0,Clay,Mala,victorias,Mala,victorias,player2,True,False,False
0.0,0.4,1561,50.0,21.0,2,1635,98.0,0.42,10.0,10.0,0.42,50.0,1.2564102564102564,161.0,1.3,77.0,5,152.0,-74,1.3,0.17,10.0,0.25,1,10.0,Clay,Regular,victorias,Regular,victorias,player2,True,False,False
0.0,0.0,1414,20.0,-68.0,1,1684,98.0,0.43,13.0,7.0,0.0,65.0,0.5868263473053892,137.0,1.14,166.0,1,152.0,-270,1.47,0.13,4.0,0.21,1,16.0,Clay,Mala,victorias,Buena,victorias,player1,True,False,False
0.0,0.29,1468,30.0,45.0,2,1531,77.0,0.43,9.0,11.0,0.39,45.0,2.3333333333333335,200.0,1.2,32.0,2,161.0,-63,1.33,0.18,6.0,0.22,1,14.0,Clay,Mala,victorias,Regular,victorias,player2,True,False,False
0.0,0.0,1785,75.0,59.0,1,1546,81.0,0.47,6.0,14.0,0.41,30.0,3.5217391304347827,223.0,1.62,22.0,1,159.0,239,1.21,0.26,15.0,0.23,6,5.0,Clay,Excelente,victorias,Mala,victorias,player1,True,False,False
0.0,0.26,1690,55.0,-45.0,2,1620,32.0,0.48,10.0,10.0,0.37,50.0,0.41025641025641024,161.0,1.37,77.0,1,200.0,70,1.35,0.25,11.0,0.27,1,9.0,Clay,Regular,victorias,Regular,victorias,player1,True,False,False
0.0,0.0,1726,65.0,59.0,1,1686,157.0,0.58,14.0,6.0,0.42,70.0,1.5858585858585859,152.0,1.46,98.0,2,138.0,40,1.4,0.22,13.0,0.27,1,7.0,Clay,Buena,victorias,Buena,victorias,player2,True,False,False
0.0,0.0,1598,45.0,-132.0,0,1732,39.0,0.47,14.0,6.0,0.44,70.0,0.22674418604651161,136.0,1.34,171.0,0,190.0,-134,1.5,0.26,9.0,0.27,1,11.0,Clay,Regular,victorias,Buena,victorias,player1,True,False,False
12.0391,0.1,1668,55.0,-85.0,1,1703,110.0,0.44,13.0,7.0,0.37,65.0,0.5612244897959183,133.0,1.31,195.0,5,149.0,-35,1.35,0.24,11.0,0.27,1,9.0,Clay,Regular,victorias,Buena,victorias,player1,True,False,False
0.0,0.0,1551,50.0,-38.0,2,1576,157.0,0.38,8.0,12.0,0.41,40.0,0.8010204081632653,133.0,1.36,195.0,0,138.0,-25,1.31,0.21,10.0,0.13,1,10.0,Clay,Regular,victorias,Regular,victorias,player2,True,False,False
0.0,0.26,1519,40.0,10.0,3,1621,91.0,0.38,12.0,8.0,0.39,60.0,1.1097560975609757,159.0,1.27,81.0,1,155.0,-102,1.42,0.21,8.0,0.0,1,12.0,Clay,Regular,victorias,Buena,victorias,player2,True,False,False
5.0363,0.0,1604,55.0,157.0,0,1588,181.0,0.39,10.0,10.0,0.45,50.0,7.24,217.0,1.36,24.0,1,135.0,16,1.34,0.27,11.0,0.0,1,9.0,Clay,Regular,victorias,Regular,victorias,player1,True,False,False
0.0,0.0,1586,55.0,-35.0,2,1531,98.0,0.37,1.0,0.0,0.0,100.0,0.7313432835820896,143.0,1.39,133.0,0,152.0,55,1.54,0.0,11.0,0.0,1,9.0,Clay,Regular,victorias,Excelente,victorias,player1,True,False,False
3.2588,0.0,1616,50.0,0.0,3,1492,167.0,0.39,6.0,14.0,0.31,30.0,0.9940476190476191,137.0,1.33,167.0,2,137.0,124,1.21,0.0,10.0,0.0,1,10.0,Clay,Regular,victorias,Mala,victorias,player1,True,False,False
0.0,0.0,1472,40.0,-135.0,0,1444,41.0,0.29,5.0,15.0,0.27,25.0,0.23163841807909605,135.0,1.3,176.0,1,187.0,28,1.19,0.09,8.0,0.15,1,12.0,Clay,Regular,victorias,Mala,victorias,player1,True,False,False
0.0,0.0,1503,35.0,22.0,2,1661,47.0,0.36,11.0,9.0,0.41,55.0,1.8076923076923077,215.0,1.23,25.0,2,181.0,-158,1.38,0.2,7.0,0.0,1,13.0,Clay,Mala,victorias,Regular,victorias,player2,True,False,False
0.0,0.23,1527,35.0,90.0,1,1747,98.0,0.41,14.0,6.0,0.42,70.0,10.88888888888889,319.0,1.22,8.0,3,152.0,-220,1.59,0.0,7.0,0.19,1,13.0,Clay,Mala,victorias,Buena,victorias,player2,True,False,False
5.0434,0.09,1652,55.0,47.0,2,1716,145.0,0.43,14.0,6.0,0.42,70.0,1.4646464646464648,152.0,1.38,98.0,2,140.0,-64,1.44,0.0,11.0,0.22,2,9.0,Clay,Regular,victorias,Buena,victorias,player2,True,False,False
5.0407,0.31,1692,70.0,-97.0,1,1702,98.0,0.38,13.0,7.0,0.45,65.0,0.5,133.0,1.42,195.0,3,152.0,-10,1.41,0.09,14.0,0.21,2,6.0,Clay,Buena,victorias,Buena,victorias,player2,True,False,False
7.0427,0.25,1757,75.0,57.0,1,1761,98.0,0.37,14.0,6.0,0.44,70.0,2.3333333333333335,187.0,1.57,41.0,4,152.0,-4,1.41,0.12,15.0,0.0,7,5.0,Clay,Excelente,victorias,Buena,victorias,player1,True,False,False
9.0402,0.0,1655,45.0,-137.0,0,1580,63.0,0.46,9.0,11.0,0.46,45.0,0.31343283582089554,132.0,1.32,200.0,2,168.0,75,1.28,0.26,9.0,0.27,1,11.0,Clay,Regular,victorias,Regular,victorias,player2,True,False,False
30.0116,0.25,1740,70.0,-1.0,3,1694,181.0,0.38,12.0,8.0,0.45,60.0,0.9890710382513661,134.0,1.37,182.0,4,135.0,46,1.37,0.27,14.0,0.27,1,6.0,Clay,Buena,victorias,Buena,victorias,player1,True,False,False
0.0,0.0,1732,70.0,-41.0,2,1529,140.0,0.45,8.0,12.0,0.5,40.0,0.7692307692307693,135.0,1.47,181.0,0,141.0,203,1.29,0.25,14.0,0.27,1,6.0,Clay,Buena,victorias,Regular,victorias,player1,True,False,False
5.0466,0.0,1593,50.0,102.0,0,1764,200.0,0.44,14.0,6.0,0.42,70.0,2.0202020202020203,152.0,1.28,98.0,2,132.0,-171,1.56,0.24,10.0,0.27,1,10.0,Clay,Regular,victorias,Buena,victorias,player1,True,False,False
7.5429,0.27,1702,55.0,19.0,2,1675,200.0,0.52,12.0,8.0,0.42,60.0,1.098901098901099,135.0,1.33,181.0,4,132.0,27,1.35,0.22,11.0,0.25,1,9.0,Clay,Regular,victorias,Buena,victorias,player2,True,False,False
2.5,0.0,1729,70.0,-19.0,2,1658,22.0,0.62,10.0,10.0,0.53,50.0,0.5238095238095238,187.0,1.4,41.0,1,223.0,71,1.32,0.25,14.0,0.27,1,6.0,Clay,Buena,victorias,Regular,victorias,player2,True,False,False
5.0276,0.0,1529,25.0,-19.0,2,1739,157.0,0.64,13.0,7.0,0.66,65.0,0.8870056497175142,135.0,1.12,176.0,3,138.0,-210,1.37,0.27,5.0,0.27,1,15.0,Clay,Mala,victorias,Buena,victorias,player2,True,False,False
5.031,0.0,1654,65.0,113.0,0,1569,190.0,0.41,10.0,10.0,0.35,50.0,2.4358974358974357,161.0,1.4,77.0,1,133.0,85,1.33,0.0,13.0,0.12,1,7.0,Hard,Buena,victorias,Regular,victorias,player1,False,False,True
0.0,0.09,1692,65.0,45.0,2,1633,176.0,0.43,12.0,8.0,0.41,60.0,1.3333333333333333,143.0,1.41,131.0,1,135.0,59,1.39,0.15,13.0,0.2,1,7.0,Hard,Buena,victorias,Buena,victorias,player1,False,False,True
5.0188,0.0,1553,40.0,103.0,0,1550,197.0,0.37,8.0,12.0,0.35,40.0,2.0736842105263156,154.0,1.28,94.0,1,132.0,3,1.28,0.0,8.0,0.16,1,12.0,Hard,Regular,victorias,Regular,victorias,player1,False,False,True
0.0,0.28,1565,55.0,0.0,3,1678,154.0,0.37,12.0,8.0,0.46,60.0,0.9935483870967742,139.0,1.37,154.0,1,139.0,-113,1.39,0.24,11.0,0.16,1,9.0,Clay,Regular,victorias,Buena,victorias,player2,True,False,False
0.0,0.28,1565,55.0,0.0,3,1678,154.0,0.37,12.0,8.0,0.46,60.0,0.9935483870967742,139.0,1.37,154.0,1,139.0,-113,1.39,0.24,11.0,0.16,1,9.0,Clay,Regular,victorias,Buena,victorias,player2,True,False,False
7.5311,0.04,1953,70.0,-15.0,2,1821,62.0,0.0,13.0,7.0,0.71,65.0,0.7948717948717948,161.0,1.69,77.0,6,169.0,132,1.68,0.27,14.0,0.27,1,6.0,Grass,Buena,victorias,Buena,victorias,player1,False,True,False
95.82589999999999,0.06,2051,75.0,114.0,0,1790,195.0,0.0,8.0,12.0,0.51,40.0,2.3780487804878048,159.0,1.68,81.0,10,133.0,261,1.35,0.27,15.0,0.27,1,5.0,Grass,Excelente,victorias,Regular,victorias,player1,False,True,False
0.0,0.0,1767,70.0,168.0,0,1681,176.0,0.49,13.0,7.0,0.4,65.0,19.555555555555557,319.0,1.6,8.0,0,135.0,86,1.47,0.2,14.0,0.21,6,6.0,Hard,Buena,victorias,Buena,victorias,player1,False,False,True
2.5,0.0,1693,65.0,-45.0,2,1650,155.0,0.43,11.0,9.0,0.43,55.0,0.7711442786069652,132.0,1.41,200.0,1,139.0,43,1.37,0.16,13.0,0.18,1,7.0,Hard,Buena,victorias,Regular,victorias,player1,False,False,True
16.5403,0.25,1571,40.0,21.0,2,1709,176.0,0.42,13.0,7.0,0.41,65.0,1.1282051282051282,139.0,1.15,155.0,9,135.0,-138,1.29,0.09,8.0,0.0,1,12.0,Hard,Regular,victorias,Buena,victorias,player2,False,False,True
0.0,0.1,1842,85.0,43.0,2,1642,182.0,0.45,11.0,9.0,0.41,55.0,1.3,142.0,1.57,139.0,4,134.0,200,1.31,0.22,17.0,0.0,11,3.0,Hard,Excelente,victorias,Regular,victorias,player2,False,False,True
0.0,0.1,1842,85.0,43.0,2,1642,182.0,0.45,11.0,9.0,0.41,55.0,1.3,142.0,1.57,139.0,4,134.0,200,1.31,0.22,17.0,0.0,11,3.0,Hard,Excelente,victorias,Regular,victorias,player2,False,False,True
13.8284,0.08,1729,35.0,-109.0,0,1886,91.0,0.51,12.0,8.0,0.7,60.0,0.4527363184079602,132.0,1.32,200.0,9,155.0,-157,1.57,0.27,7.0,0.27,1,13.0,Grass,Mala,victorias,Buena,victorias,player2,False,True,False
33.42660000000001,0.1,1928,65.0,0.0,3,1781,200.0,0.73,11.0,9.0,0.0,55.0,0.9950248756218906,132.0,1.71,200.0,11,132.0,147,1.4,0.27,13.0,0.27,5,7.0,Grass,Buena,victorias,Regular,victorias,player1,False,True,False
5.0409,0.18,1751,80.0,0.0,3,1664,176.0,0.44,11.0,9.0,0.41,55.0,0.9943502824858758,135.0,1.46,176.0,4,135.0,87,1.34,0.0,16.0,0.09,2,4.0,Clay,Excelente,victorias,Regular,victorias,player1,True,False,False
11.5465,0.31,1607,45.0,37.0,2,1650,176.0,0.39,11.0,9.0,0.43,55.0,1.2571428571428571,142.0,1.3,139.0,6,135.0,-43,1.3,0.16,9.0,0.0,2,11.0,Clay,Regular,victorias,Regular,victorias,player2,True,False,False
5.0479,0.0,1736,65.0,0.0,3,1431,176.0,0.44,3.0,14.0,0.39,17.6,0.9943502824858758,135.0,1.45,176.0,1,135.0,305,0.99,0.09,13.0,0.16,2,7.0,Clay,Buena,victorias,Mala,derrotas,player1,True,False,False
6.617,0.0,1482,25.0,99.0,1,1511,176.0,0.26,7.0,13.0,0.45,35.0,2.2564102564102564,161.0,1.11,77.0,1,135.0,-29,1.3,0.21,1.0,0.0,-1,3.0,Clay,Mala,derrotas,Mala,victorias,player2,True,False,False
13.843300000000001,0.03,1774,60.0,-9.0,3,1856,182.0,0.48,13.0,7.0,0.65,65.0,0.9479166666666666,133.0,1.64,191.0,6,134.0,-82,1.71,0.27,12.0,0.27,3,8.0,Grass,Buena,victorias,Buena,victorias,player1,False,True,False
0.0,0.22,1610,64.3,0.0,3,1685,77.0,0.48,13.0,7.0,0.48,65.0,0.9871794871794872,161.0,1.45,77.0,1,161.0,-75,1.41,0.12,9.0,0.13,4,5.0,Clay,Buena,victorias,Buena,victorias,player1,True,False,False
3.8,-0.0,1813,80.0,150.0,0,1686,197.0,0.0,11.0,9.0,0.49,55.0,4.104166666666667,181.0,1.73,47.0,3,132.0,127,1.63,0.27,16.0,0.16,2,4.0,Grass,Excelente,victorias,Regular,victorias,player1,False,True,False
7.0469,0.02,1698,25.0,-36.0,2,1744,41.0,0.58,13.0,7.0,0.51,65.0,0.5256410256410257,161.0,1.41,77.0,5,187.0,-46,1.63,0.27,5.0,0.27,2,15.0,Grass,Mala,victorias,Buena,victorias,player2,False,True,False
0.0,-0.0,1760,60.0,-6.0,3,1747,77.0,0.0,14.0,6.0,0.44,70.0,0.9166666666666666,158.0,1.63,83.0,2,161.0,13,1.78,0.24,12.0,0.27,2,8.0,Grass,Buena,victorias,Buena,victorias,player1,False,True,False
8.05,0.0,1721,55.0,-151.0,0,1690,25.0,0.54,12.0,8.0,0.59,60.0,0.14124293785310735,135.0,1.32,176.0,4,215.0,31,1.34,0.27,11.0,0.27,2,9.0,Clay,Regular,victorias,Buena,victorias,player1,True,False,False
7.5446,0.35,1729,65.0,-51.0,1,1642,167.0,0.63,11.0,9.0,0.49,55.0,0.7625570776255708,130.0,1.37,218.0,5,137.0,87,1.33,0.27,13.0,0.27,2,7.0,Clay,Buena,victorias,Regular,victorias,player1,True,False,False
6.5471,0.0,1791,85.0,-59.0,1,1669,22.0,0.54,10.0,10.0,0.59,50.0,0.2682926829268293,159.0,1.51,81.0,1,223.0,122,1.4,0.15,17.0,0.25,2,3.0,Clay,Excelente,victorias,Regular,victorias,player1,True,False,False
5.0351,0.0,1644,55.0,59.0,1,1631,98.0,0.54,11.0,9.0,0.55,55.0,2.45,190.0,1.36,39.0,2,152.0,13,1.36,0.26,11.0,0.18,2,9.0,Clay,Regular,victorias,Regular,victorias,player1,True,False,False
0.0,0.0,1794,60.0,-146.0,0,1795,8.0,0.54,15.0,5.0,0.47,75.0,0.05161290322580645,139.0,1.35,154.0,2,319.0,-1,1.5,0.27,12.0,0.27,1,8.0,Hard,Buena,victorias,Excelente,victorias,player2,False,False,True
0.0,0.04,1719,50.0,38.0,2,1577,62.0,0.48,9.0,11.0,0.44,45.0,2.48,217.0,1.38,24.0,1,169.0,142,1.27,0.27,10.0,0.27,1,10.0,Hard,Regular,victorias,Regular,victorias,player1,False,False,True
0.0,-0.0,1560,30.0,-82.0,1,1699,100.0,0.44,12.0,8.0,0.6,60.0,0.546448087431694,134.0,1.46,182.0,3,152.0,-139,1.75,0.27,6.0,0.27,2,14.0,Grass,Mala,victorias,Buena,victorias,player2,False,True,False
0.0,0.0,1512,35.0,105.0,0,1619,186.0,0.4,11.0,9.0,0.38,55.0,2.268292682926829,159.0,1.26,81.0,1,134.0,-107,1.37,0.09,7.0,0.16,1,13.0,Clay,Mala,victorias,Regular,victorias,player1,True,False,False
0.0,0.0,1595,53.3,5.0,3,1562,81.0,0.0,10.0,10.0,0.34,50.0,1.051948051948052,161.0,1.38,76.0,0,159.0,33,1.36,0.16,8.0,0.09,1,7.0,Clay,Regular,victorias,Regular,victorias,player1,True,False,False
0.0,0.0,1625,55.6,0.0,3,1529,200.0,0.52,8.0,12.0,0.43,40.0,0.9950248756218906,132.0,1.38,200.0,0,132.0,96,1.21,0.23,10.0,0.23,-1,8.0,Hard,Regular,derrotas,Regular,derrotas,player1,False,False,True
33.5312,0.05,1597,30.0,0.0,3,1557,100.0,0.44,9.0,11.0,0.39,45.0,0.9900990099009901,152.0,1.08,100.0,7,152.0,40,1.2,0.14,6.0,0.22,1,14.0,Hard,Mala,victorias,Regular,victorias,player1,False,False,True
12.2961,0.0,1566,45.0,-135.0,0,1662,100.0,0.37,12.0,8.0,0.4,60.0,0.423728813559322,128.0,1.25,235.0,4,152.0,-96,1.36,0.12,9.0,0.21,1,11.0,Hard,Regular,victorias,Buena,victorias,player1,False,False,True
8.2795,0.04,1660,55.0,-76.0,1,1480,24.0,0.42,7.0,13.0,0.36,35.0,0.2376237623762376,152.0,1.34,100.0,4,217.0,180,1.19,0.13,11.0,0.09,1,9.0,Hard,Regular,victorias,Mala,victorias,player1,False,False,True
6.5415,0.0,1699,60.0,-76.0,1,1675,24.0,0.42,13.0,7.0,0.42,65.0,0.2376237623762376,152.0,1.36,100.0,1,217.0,24,1.42,0.09,12.0,0.27,1,8.0,Hard,Buena,victorias,Buena,victorias,player1,False,False,True
6.5328,0.0,1691,65.0,6.0,3,1685,106.0,0.41,12.0,8.0,0.42,60.0,1.0495049504950495,152.0,1.55,100.0,3,150.0,6,1.32,0.14,13.0,0.22,6,7.0,Hard,Buena,victorias,Buena,victorias,player2,False,False,True
0.0132,0.23,1715,65.0,-100.0,1,1640,100.0,0.41,11.0,9.0,0.43,55.0,0.4975124378109453,132.0,1.38,200.0,6,152.0,75,1.29,0.19,13.0,0.0,1,7.0,Hard,Buena,victorias,Regular,victorias,player2,False,False,True
5.0341,0.13,1649,55.0,0.0,3,1639,100.0,0.42,12.0,8.0,0.39,60.0,0.9900990099009901,152.0,1.31,100.0,3,152.0,10,1.37,0.13,11.0,0.17,1,9.0,Hard,Regular,victorias,Buena,victorias,player2,False,False,True
0.0,0.0,1493,35.0,0.0,3,1462,100.0,0.2,2.0,6.0,0.2,25.0,0.9900990099009901,152.0,1.27,100.0,0,152.0,31,1.19,0.0,7.0,0.2,1,13.0,Hard,Mala,victorias,Mala,victorias,player2,False,False,True
19.0258,0.12,1555,35.0,6.0,3,1475,106.0,0.38,6.0,14.0,0.31,30.0,1.0495049504950495,152.0,1.16,100.0,7,150.0,80,1.13,0.18,7.0,0.21,1,13.0,Hard,Mala,victorias,Mala,victorias,player1,False,False,True
0.0,0.09,1441,26.3,-86.0,1,1619,100.0,0.28,10.0,10.0,0.39,50.0,0.5347593582887701,134.0,1.17,186.0,1,152.0,-178,1.36,0.23,5.0,0.17,1,14.0,Hard,Mala,victorias,Regular,victorias,player1,False,False,True
12.5451,0.0,1585,40.0,-48.0,2,1498,52.0,0.5,1.0,2.0,0.0,33.3,0.5148514851485149,152.0,1.26,100.0,1,176.0,87,1.26,0.14,8.0,0.27,1,12.0,Hard,Regular,victorias,Mala,victorias,player1,False,False,True
0.0,0.2,1583,50.0,21.0,2,1702,121.0,0.39,14.0,6.0,0.48,70.0,1.198019801980198,152.0,1.28,100.0,4,146.0,-119,1.41,0.27,10.0,0.25,1,10.0,Hard,Regular,victorias,Buena,victorias,player2,False,False,True
8.285,0.0,1543,45.0,6.0,3,1653,106.0,0.37,9.0,11.0,0.48,45.0,1.0495049504950495,152.0,1.3,100.0,2,150.0,-110,1.3,0.27,9.0,0.12,1,11.0,Hard,Regular,victorias,Regular,victorias,player2,False,False,True
12.5425,0.0,1674,55.0,-40.0,2,1625,100.0,0.48,10.0,10.0,0.39,50.0,0.7092198581560284,141.0,1.34,140.0,2,152.0,49,1.32,0.22,11.0,0.26,1,9.0,Hard,Regular,victorias,Regular,victorias,player2,False,False,True
5.0429,0.21,1619,55.0,0.0,3,1659,100.0,0.46,11.0,9.0,0.42,55.0,0.9900990099009901,152.0,1.31,100.0,5,152.0,-40,1.31,0.24,11.0,0.25,1,9.0,Hard,Regular,victorias,Regular,victorias,player1,False,False,True
5.0435,0.17,1642,60.0,86.0,1,1746,186.0,0.38,13.0,7.0,0.48,65.0,1.8415841584158417,152.0,1.32,100.0,4,134.0,-104,1.54,0.23,12.0,0.21,1,8.0,Hard,Buena,victorias,Buena,victorias,player1,False,False,True
10.0518,0.11,1862,85.0,-80.0,1,1707,106.0,0.45,11.0,9.0,0.44,55.0,0.5668449197860963,134.0,1.5,186.0,6,150.0,155,1.27,0.23,17.0,0.24,11,3.0,Hard,Excelente,victorias,Regular,victorias,player1,False,False,True
5.0365,0.26,1850,75.0,92.0,1,1605,100.0,0.53,10.0,10.0,0.45,50.0,11.11111111111111,319.0,1.42,8.0,8,152.0,245,1.2,0.27,15.0,0.27,1,5.0,Hard,Excelente,victorias,Regular,victorias,player1,False,False,True
10.7936,0.24,1610,40.0,6.0,3,1672,106.0,0.44,12.0,8.0,0.45,60.0,1.0495049504950495,152.0,1.18,100.0,9,150.0,-62,1.28,0.27,8.0,0.26,1,12.0,Hard,Regular,victorias,Buena,victorias,player2,False,False,True
10.03,0.0,1666,55.0,-118.0,0,1573,100.0,0.4,10.0,10.0,0.37,50.0,0.45662100456621,130.0,1.32,218.0,3,152.0,93,1.3,0.24,11.0,0.23,1,9.0,Hard,Regular,victorias,Regular,victorias,player1,False,False,True
7.0061,0.06,1667,55.0,-21.0,2,1672,100.0,0.44,13.0,7.0,0.43,65.0,0.819672131147541,146.0,1.27,121.0,7,152.0,-5,1.31,0.12,11.0,0.17,1,9.0,Hard,Regular,victorias,Buena,victorias,player2,False,False,True
9.2849,0.12,1719,70.0,6.0,3,1609,106.0,0.41,9.0,11.0,0.43,45.0,1.0495049504950495,152.0,1.38,100.0,4,150.0,110,1.27,0.22,14.0,0.14,1,6.0,Hard,Buena,victorias,Regular,victorias,player2,False,False,True
0.0,0.0,1581,50.0,129.0,0,1598,153.0,0.43,10.0,10.0,0.39,50.0,6.12,217.0,1.33,24.0,2,139.0,-17,1.33,0.0,10.0,0.27,1,10.0,Hard,Regular,victorias,Regular,victorias,player1,False,False,True
0.0,0.12,1543,42.1,54.0,1,1513,106.0,0.35,7.0,13.0,0.35,35.0,2.0,176.0,1.27,52.0,2,150.0,30,1.27,0.15,8.0,0.16,1,11.0,Hard,Regular,victorias,Mala,victorias,player2,False,False,True
0.0,0.08,1595,55.0,6.0,3,1615,106.0,0.4,10.0,10.0,0.45,50.0,1.0495049504950495,152.0,1.33,100.0,2,150.0,-20,1.35,0.21,11.0,0.22,1,9.0,Hard,Regular,victorias,Regular,victorias,player1,False,False,True
10.0447,0.22,1434,10.0,82.0,1,1729,106.0,0.35,14.0,6.0,0.43,70.0,4.24,217.0,0.94,24.0,5,150.0,-295,1.37,0.21,2.0,0.16,1,18.0,Hard,Mala,victorias,Buena,victorias,player2,False,False,True
0.9999999999999998,0.19,1699,65.0,-44.0,2,1663,8.0,0.51,9.0,11.0,0.5,45.0,0.1509433962264151,176.0,1.36,52.0,5,319.0,36,1.27,0.27,13.0,0.27,1,7.0,Hard,Buena,victorias,Regular,victorias,player2,False,False,True
15.0418,0.0,1746,60.0,-44.0,2,1731,8.0,0.53,13.0,7.0,0.47,65.0,0.1509433962264151,176.0,1.31,52.0,3,319.0,15,1.37,0.26,12.0,0.26,1,8.0,Hard,Buena,victorias,Buena,victorias,player1,False,False,True
2.5121,0.12,1758,75.0,0.0,3,1653,52.0,0.47,10.0,10.0,0.45,50.0,0.9811320754716981,176.0,1.39,52.0,4,176.0,105,1.3,0.23,15.0,0.27,1,5.0,Hard,Excelente,victorias,Regular,victorias,player2,False,False,True
0.0,0.19,1758,75.0,-100.0,1,1756,100.0,0.48,16.0,4.0,0.45,80.0,0.4975124378109453,132.0,1.4,200.0,6,152.0,2,1.37,0.26,15.0,0.27,1,5.0,Hard,Excelente,victorias,Excelente,victorias,player1,False,False,True
0.0,0.0,1673,50.0,173.0,0,1561,181.0,0.4,7.0,13.0,0.47,35.0,20.11111111111111,319.0,1.34,8.0,1,135.0,112,1.26,0.27,10.0,0.25,1,10.0,Hard,Regular,victorias,Mala,victorias,player2,False,False,True
0.0,0.15,1489,30.0,0.0,3,1755,52.0,0.42,12.0,8.0,0.47,60.0,0.9811320754716981,176.0,1.19,52.0,2,176.0,-266,1.39,0.26,6.0,0.27,1,14.0,Hard,Mala,victorias,Buena,victorias,player2,False,False,True
8.2623,0.22,1618,45.0,0.0,3,1685,52.0,0.42,11.0,9.0,0.46,55.0,0.9811320754716981,176.0,1.21,52.0,9,176.0,-67,1.26,0.27,9.0,0.26,1,11.0,Hard,Regular,victorias,Regular,victorias,player1,False,False,True
5.0457,0.5,1741,60.0,18.0,2,1712,157.0,0.55,13.0,7.0,0.52,65.0,1.1214285714285714,142.0,1.41,139.0,2,138.0,29,1.39,0.27,12.0,0.27,1,8.0,Clay,Buena,victorias,Buena,victorias,player1,True,False,False
6.5945,0.25,1541,42.9,0.0,3,1644,157.0,0.53,10.0,10.0,0.47,50.0,0.9936708860759493,138.0,1.29,157.0,2,138.0,-103,1.33,0.27,3.0,0.22,1,4.0,Clay,Regular,victorias,Regular,victorias,player2,True,False,False
0.0,0.21,1646,40.0,0.0,3,1595,157.0,0.49,9.0,11.0,0.45,45.0,0.9936708860759493,138.0,1.29,157.0,3,138.0,51,1.28,0.27,8.0,0.27,1,12.0,Clay,Regular,victorias,Regular,victorias,player2,True,False,False
30.0529,0.0,1677,65.0,0.0,3,1670,157.0,0.51,12.0,8.0,0.39,60.0,0.9936708860759493,138.0,1.41,157.0,1,138.0,7,1.42,0.22,13.0,0.27,1,7.0,Clay,Buena,victorias,Buena,victorias,player2,True,False,False
0.0,0.62,1556,30.0,95.0,1,1547,157.0,0.41,7.0,13.0,0.55,35.0,2.492063492063492,169.0,1.19,62.0,5,138.0,9,1.22,0.27,6.0,0.26,1,14.0,Clay,Mala,victorias,Mala,victorias,player1,True,False,False
0.0,0.28,1513,41.7,-10.0,3,1597,81.0,0.38,11.0,9.0,0.49,55.0,0.8804347826086957,155.0,1.31,91.0,1,159.0,-84,1.37,0.27,5.0,0.16,1,7.0,Clay,Regular,victorias,Regular,victorias,player2,True,False,False
0.0,0.25,1477,35.0,101.0,0,1676,182.0,0.26,12.0,8.0,0.36,60.0,2.2195121951219514,159.0,1.26,81.0,1,134.0,-199,1.39,0.26,7.0,0.21,1,13.0,Clay,Mala,victorias,Buena,victorias,player2,True,False,False
0.0,0.0,1769,75.0,19.0,2,1530,81.0,0.53,5.0,6.0,0.38,45.5,1.2857142857142858,169.0,1.49,62.0,1,159.0,239,1.28,0.17,15.0,0.26,1,5.0,Clay,Excelente,victorias,Regular,victorias,player1,True,False,False
0.0,0.0,1756,70.0,-99.0,1,1684,77.0,0.0,11.0,9.0,0.38,55.0,0.4350282485875706,135.0,1.47,176.0,2,161.0,72,1.49,0.14,14.0,0.21,1,6.0,Clay,Buena,victorias,Regular,victorias,player2,True,False,False
6.5109,0.12,1740,70.0,101.0,0,1593,182.0,0.41,11.0,9.0,0.37,55.0,2.2195121951219514,159.0,1.59,81.0,2,134.0,147,1.33,0.21,14.0,0.24,6,6.0,Clay,Buena,victorias,Regular,victorias,player1,True,False,False
0.0,0.23,1445,25.0,101.0,0,1567,182.0,0.33,9.0,11.0,0.39,45.0,2.2195121951219514,159.0,1.19,81.0,1,134.0,-122,1.32,0.17,5.0,0.09,1,15.0,Clay,Mala,victorias,Regular,victorias,player1,True,False,False
5.0172,0.0,1592,55.0,52.0,1,1680,77.0,0.35,11.0,9.0,0.44,55.0,2.9615384615384617,215.0,1.33,25.0,2,161.0,-88,1.37,0.2,11.0,0.0,1,9.0,Clay,Regular,victorias,Regular,victorias,player2,True,False,False
0.0,0.0,1415,18.8,-76.0,1,1587,81.0,0.44,9.0,11.0,0.42,45.0,0.5126582278481012,138.0,1.12,157.0,0,159.0,-172,1.36,0.12,3.0,0.23,1,13.0,Clay,Mala,victorias,Regular,victorias,player2,True,False,False
5.0482,0.0,1573,45.0,-59.0,1,1665,98.0,0.28,14.0,6.0,0.38,70.0,0.620253164556962,138.0,1.29,157.0,3,152.0,-92,1.4,0.15,9.0,0.0,1,11.0,Clay,Regular,victorias,Buena,victorias,player2,True,False,False
14.0422,0.25,1632,50.0,-116.0,0,1603,41.0,0.41,10.0,10.0,0.38,50.0,0.25949367088607594,138.0,1.3,157.0,5,187.0,29,1.26,0.23,10.0,0.0,1,10.0,Clay,Regular,victorias,Regular,victorias,player2,True,False,False
0.0,0.28,1634,55.0,0.0,3,1544,157.0,0.37,6.0,8.0,0.49,42.9,0.9936708860759493,138.0,1.39,157.0,1,138.0,90,1.29,0.21,11.0,0.0,1,9.0,Clay,Regular,victorias,Regular,victorias,player1,True,False,False
0.9999999999999998,0.0,1651,55.0,76.0,1,1591,157.0,0.43,9.0,11.0,0.47,45.0,1.9146341463414633,159.0,1.38,81.0,2,138.0,60,1.29,0.21,11.0,0.0,1,9.0,Clay,Regular,victorias,Regular,victorias,player1,True,False,False
0.0,0.0,1517,30.0,122.0,0,1555,191.0,0.51,8.0,12.0,0.35,40.0,2.7285714285714286,165.0,1.23,69.0,0,133.0,-38,1.3,0.19,3.0,0.23,1,7.0,Hard,Mala,victorias,Regular,victorias,player2,False,False,True
14.0,0.09,1495,30.0,-89.0,1,1602,102.0,0.35,8.0,12.0,0.46,40.0,0.53125,133.0,1.19,191.0,4,151.0,-107,1.25,0.27,6.0,0.26,1,14.0,Hard,Mala,victorias,Regular,victorias,player2,False,False,True
1.2999999999999998,0.11,1730,50.0,86.0,1,1716,110.0,0.57,14.0,6.0,0.42,70.0,4.4,217.0,1.27,24.0,5,149.0,14,1.44,0.22,10.0,0.27,1,10.0,Hard,Regular,victorias,Buena,victorias,player1,False,False,True
0.0,0.07,1558,40.0,0.0,3,1507,93.0,0.38,7.0,13.0,0.37,35.0,0.9893617021276596,154.0,1.29,93.0,1,154.0,51,1.26,0.0,8.0,0.0,1,12.0,Hard,Regular,victorias,Mala,victorias,player2,False,False,True
0.0,0.0,1592,55.0,-30.0,2,1605,200.0,0.34,12.0,8.0,0.42,60.0,0.8658008658008658,129.0,1.38,230.0,0,132.0,-13,1.4,0.09,11.0,0.12,1,9.0,Hard,Regular,victorias,Buena,victorias,player1,False,False,True
6.5725999999999996,0.0,1432,20.0,-113.0,0,1588,52.0,0.34,9.0,11.0,0.41,45.0,0.3132530120481928,137.0,1.13,165.0,1,176.0,-156,1.31,0.23,4.0,0.09,1,16.0,Hard,Mala,victorias,Regular,victorias,player2,False,False,True
0.0,0.0,1423,20.0,-79.0,1,1573,116.0,0.31,10.0,10.0,0.33,50.0,0.5918367346938775,133.0,1.14,195.0,1,147.0,-150,1.34,0.09,4.0,0.22,1,16.0,Hard,Mala,victorias,Regular,victorias,player2,False,False,True
0.0,0.42,1645,55.0,-94.0,1,1708,8.0,0.49,13.0,7.0,0.47,65.0,0.07766990291262135,151.0,1.35,102.0,3,319.0,-63,1.39,0.26,11.0,0.22,1,9.0,Clay,Regular,victorias,Buena,victorias,player2,True,False,False
0.0,0.0,1688,70.0,-3.0,3,1665,154.0,0.47,10.0,10.0,0.51,50.0,0.9746835443037974,138.0,1.41,157.0,3,139.0,23,1.33,0.27,14.0,0.25,1,6.0,Clay,Buena,victorias,Regular,victorias,player1,True,False,False
0.0,0.0,1777,75.0,-42.0,2,1647,41.0,0.42,11.0,9.0,0.43,55.0,0.4880952380952381,158.0,1.45,83.0,1,187.0,130,1.37,0.24,15.0,0.27,1,5.0,Clay,Excelente,victorias,Regular,victorias,player2,True,False,False
3.25,0.0,1571,35.0,108.0,0,1682,191.0,0.35,10.0,10.0,0.51,50.0,2.2738095238095237,158.0,1.25,83.0,2,133.0,-111,1.34,0.27,7.0,0.27,1,13.0,Clay,Mala,victorias,Regular,victorias,player1,True,False,False
0.0,0.0,1590,55.6,101.0,0,1517,176.0,0.5,8.0,12.0,0.51,40.0,2.3157894736842106,162.0,1.41,75.0,0,135.0,73,1.29,0.23,10.0,0.22,1,8.0,Clay,Regular,victorias,Regular,victorias,player1,True,False,False
2.5,0.0,1489,30.0,0.0,3,1494,77.0,0.38,7.0,13.0,0.31,35.0,0.9871794871794872,161.0,1.19,77.0,3,161.0,-5,1.26,0.0,6.0,0.23,1,14.0,Clay,Mala,victorias,Mala,victorias,player2,True,False,False
0.0,0.4,1561,50.0,21.0,2,1635,98.0,0.42,10.0,10.0,0.42,50.0,1.2564102564102564,161.0,1.3,77.0,5,152.0,-74,1.3,0.17,10.0,0.25,1,10.0,Clay,Regular,victorias,Regular,victorias,player2,True,False,False
0.0,0.0,1414,20.0,-68.0,1,1684,98.0,0.43,13.0,7.0,0.0,65.0,0.5868263473053892,137.0,1.14,166.0,1,152.0,-270,1.47,0.13,4.0,0.21,1,16.0,Clay,Mala,victorias,Buena,victorias,player1,True,False,False
0.0,0.29,1468,30.0,45.0,2,1531,77.0,0.43,9.0,11.0,0.39,45.0,2.3333333333333335,200.0,1.2,32.0,2,161.0,-63,1.33,0.18,6.0,0.22,1,14.0,Clay,Mala,victorias,Regular,victorias,player2,True,False,False
0.0,0.0,1785,75.0,59.0,1,1546,81.0,0.47,6.0,14.0,0.41,30.0,3.5217391304347827,223.0,1.62,22.0,1,159.0,239,1.21,0.26,15.0,0.23,6,5.0,Clay,Excelente,victorias,Mala,victorias,player1,True,False,False
0.0,0.26,1690,55.0,-45.0,2,1620,32.0,0.48,10.0,10.0,0.37,50.0,0.41025641025641024,161.0,1.37,77.0,1,200.0,70,1.35,0.25,11.0,0.27,1,9.0,Clay,Regular,victorias,Regular,victorias,player1,True,False,False
0.0,0.0,1726,65.0,59.0,1,1686,157.0,0.58,14.0,6.0,0.42,70.0,1.5858585858585859,152.0,1.46,98.0,2,138.0,40,1.4,0.22,13.0,0.27,1,7.0,Clay,Buena,victorias,Buena,victorias,player2,True,False,False
0.0,0.0,1598,45.0,-132.0,0,1732,39.0,0.47,14.0,6.0,0.44,70.0,0.22674418604651161,136.0,1.34,171.0,0,190.0,-134,1.5,0.26,9.0,0.27,1,11.0,Clay,Regular,victorias,Buena,victorias,player1,True,False,False
12.0391,0.1,1668,55.0,-85.0,1,1703,110.0,0.44,13.0,7.0,0.37,65.0,0.5612244897959183,133.0,1.31,195.0,5,149.0,-35,1.35,0.24,11.0,0.27,1,9.0,Clay,Regular,victorias,Buena,victorias,player1,True,False,False
0.0,0.0,1551,50.0,-38.0,2,1576,157.0,0.38,8.0,12.0,0.41,40.0,0.8010204081632653,133.0,1.36,195.0,0,138.0,-25,1.31,0.21,10.0,0.13,1,10.0,Clay,Regular,victorias,Regular,victorias,player2,True,False,False
0.0,0.26,1519,40.0,10.0,3,1621,91.0,0.38,12.0,8.0,0.39,60.0,1.1097560975609757,159.0,1.27,81.0,1,155.0,-102,1.42,0.21,8.0,0.0,1,12.0,Clay,Regular,victorias,Buena,victorias,player2,True,False,False
5.0363,0.0,1604,55.0,157.0,0,1588,181.0,0.39,10.0,10.0,0.45,50.0,7.24,217.0,1.36,24.0,1,135.0,16,1.34,0.27,11.0,0.0,1,9.0,Clay,Regular,victorias,Regular,victorias,player1,True,False,False
0.0,0.0,1586,55.0,-35.0,2,1531,98.0,0.37,1.0,0.0,0.0,100.0,0.7313432835820896,143.0,1.39,133.0,0,152.0,55,1.54,0.0,11.0,0.0,1,9.0,Clay,Regular,victorias,Excelente,victorias,player1,True,False,False
3.2588,0.0,1616,50.0,0.0,3,1492,167.0,0.39,6.0,14.0,0.31,30.0,0.9940476190476191,137.0,1.33,167.0,2,137.0,124,1.21,0.0,10.0,0.0,1,10.0,Clay,Regular,victorias,Mala,victorias,player1,True,False,False
0.0,0.0,1472,40.0,-135.0,0,1444,41.0,0.29,5.0,15.0,0.27,25.0,0.23163841807909605,135.0,1.3,176.0,1,187.0,28,1.19,0.09,8.0,0.15,1,12.0,Clay,Regular,victorias,Mala,victorias,player1,True,False,False
0.0,0.0,1503,35.0,22.0,2,1661,47.0,0.36,11.0,9.0,0.41,55.0,1.8076923076923077,215.0,1.23,25.0,2,181.0,-158,1.38,0.2,7.0,0.0,1,13.0,Clay,Mala,victorias,Regular,victorias,player2,True,False,False
0.0,0.23,1527,35.0,90.0,1,1747,98.0,0.41,14.0,6.0,0.42,70.0,10.88888888888889,319.0,1.22,8.0,3,152.0,-220,1.59,0.0,7.0,0.19,1,13.0,Clay,Mala,victorias,Buena,victorias,player2,True,False,False
5.0434,0.09,1652,55.0,47.0,2,1716,145.0,0.43,14.0,6.0,0.42,70.0,1.4646464646464648,152.0,1.38,98.0,2,140.0,-64,1.44,0.0,11.0,0.22,2,9.0,Clay,Regular,victorias,Buena,victorias,player2,True,False,False
5.0407,0.31,1692,70.0,-97.0,1,1702,98.0,0.38,13.0,7.0,0.45,65.0,0.5,133.0,1.42,195.0,3,152.0,-10,1.41,0.09,14.0,0.21,2,6.0,Clay,Buena,victorias,Buena,victorias,player2,True,False,False
7.0427,0.25,1757,75.0,57.0,1,1761,98.0,0.37,14.0,6.0,0.44,70.0,2.3333333333333335,187.0,1.57,41.0,4,152.0,-4,1.41,0.12,15.0,0.0,7,5.0,Clay,Excelente,victorias,Buena,victorias,player1,True,False,False
9.0402,0.0,1655,45.0,-137.0,0,1580,63.0,0.46,9.0,11.0,0.46,45.0,0.31343283582089554,132.0,1.32,200.0,2,168.0,75,1.28,0.26,9.0,0.27,1,11.0,Clay,Regular,victorias,Regular,victorias,player2,True,False,False
30.0116,0.25,1740,70.0,-1.0,3,1694,181.0,0.38,12.0,8.0,0.45,60.0,0.9890710382513661,134.0,1.37,182.0,4,135.0,46,1.37,0.27,14.0,0.27,1,6.0,Clay,Buena,victorias,Buena,victorias,player1,True,False,False
0.0,0.0,1732,70.0,-41.0,2,1529,140.0,0.45,8.0,12.0,0.5,40.0,0.7692307692307693,135.0,1.47,181.0,0,141.0,203,1.29,0.25,14.0,0.27,1,6.0,Clay,Buena,victorias,Regular,victorias,player1,True,False,False
5.0466,0.0,1593,50.0,102.0,0,1764,200.0,0.44,14.0,6.0,0.42,70.0,2.0202020202020203,152.0,1.28,98.0,2,132.0,-171,1.56,0.24,10.0,0.27,1,10.0,Clay,Regular,victorias,Buena,victorias,player1,True,False,False
7.5429,0.27,1702,55.0,19.0,2,1675,200.0,0.52,12.0,8.0,0.42,60.0,1.098901098901099,135.0,1.33,181.0,4,132.0,27,1.35,0.22,11.0,0.25,1,9.0,Clay,Regular,victorias,Buena,victorias,player2,True,False,False
2.5,0.0,1729,70.0,-19.0,2,1658,22.0,0.62,10.0,10.0,0.53,50.0,0.5238095238095238,187.0,1.4,41.0,1,223.0,71,1.32,0.25,14.0,0.27,1,6.0,Clay,Buena,victorias,Regular,victorias,player2,True,False,False
5.0276,0.0,1529,25.0,-19.0,2,1739,157.0,0.64,13.0,7.0,0.66,65.0,0.8870056497175142,135.0,1.12,176.0,3,138.0,-210,1.37,0.27,5.0,0.27,1,15.0,Clay,Mala,victorias,Buena,victorias,player2,True,False,False
5.031,0.0,1654,65.0,113.0,0,1569,190.0,0.41,10.0,10.0,0.35,50.0,2.4358974358974357,161.0,1.4,77.0,1,133.0,85,1.33,0.0,13.0,0.12,1,7.0,Hard,Buena,victorias,Regular,victorias,player1,False,False,True
0.0,0.09,1692,65.0,45.0,2,1633,176.0,0.43,12.0,8.0,0.41,60.0,1.3333333333333333,143.0,1.41,131.0,1,135.0,59,1.39,0.15,13.0,0.2,1,7.0,Hard,Buena,victorias,Buena,victorias,player1,False,False,True
5.0188,0.0,1553,40.0,103.0,0,1550,197.0,0.37,8.0,12.0,0.35,40.0,2.0736842105263156,154.0,1.28,94.0,1,132.0,3,1.28,0.0,8.0,0.16,1,12.0,Hard,Regular,victorias,Regular,victorias,player1,False,False,True
0.0,0.28,1565,55.0,0.0,3,1678,154.0,0.37,12.0,8.0,0.46,60.0,0.9935483870967742,139.0,1.37,154.0,1,139.0,-113,1.39,0.24,11.0,0.16,1,9.0,Clay,Regular,victorias,Buena,victorias,player2,True,False,False
0.0,0.28,1565,55.0,0.0,3,1678,154.0,0.37,12.0,8.0,0.46,60.0,0.9935483870967742,139.0,1.37,154.0,1,139.0,-113,1.39,0.24,11.0,0.16,1,9.0,Clay,Regular,victorias,Buena,victorias,player2,True,False,False
7.5311,0.04,1953,70.0,-15.0,2,1821,62.0,0.0,13.0,7.0,0.71,65.0,0.7948717948717948,161.0,1.69,77.0,6,169.0,132,1.68,0.27,14.0,0.27,1,6.0,Grass,Buena,victorias,Buena,victorias,player1,False,True,False
95.8259,0.06,2051,75.0,114.0,0,1790,195.0,0.0,8.0,12.0,0.51,40.0,2.3780487804878048,159.0,1.68,81.0,10,133.0,261,1.35,0.27,15.0,0.27,1,5.0,Grass,Excelente,victorias,Regular,victorias,player1,False,True,False
0.0,0.0,1767,70.0,168.0,0,1681,176.0,0.49,13.0,7.0,0.4,65.0,19.555555555555557,319.0,1.6,8.0,0,135.0,86,1.47,0.2,14.0,0.21,6,6.0,Hard,Buena,victorias,Buena,victorias,player1,False,False,True
2.5,0.0,1693,65.0,-45.0,2,1650,155.0,0.43,11.0,9.0,0.43,55.0,0.7711442786069652,132.0,1.41,200.0,1,139.0,43,1.37,0.16,13.0,0.18,1,7.0,Hard,Buena,victorias,Regular,victorias,player1,False,False,True
16.5403,0.25,1571,40.0,21.0,2,1709,176.0,0.42,13.0,7.0,0.41,65.0,1.1282051282051282,139.0,1.15,155.0,9,135.0,-138,1.29,0.09,8.0,0.0,1,12.0,Hard,Regular,victorias,Buena,victorias,player2,False,False,True
0.0,0.1,1842,85.0,43.0,2,1642,182.0,0.45,11.0,9.0,0.41,55.0,1.3,142.0,1.57,139.0,4,134.0,200,1.31,0.22,17.0,0.0,11,3.0,Hard,Excelente,victorias,Regular,victorias,player2,False,False,True
0.0,0.1,1842,85.0,43.0,2,1642,182.0,0.45,11.0,9.0,0.41,55.0,1.3,142.0,1.57,139.0,4,134.0,200,1.31,0.22,17.0,0.0,11,3.0,Hard,Excelente,victorias,Regular,victorias,player2,False,False,True
13.8284,0.08,1729,35.0,-109.0,0,1886,91.0,0.51,12.0,8.0,0.7,60.0,0.4527363184079602,132.0,1.32,200.0,9,155.0,-157,1.57,0.27,7.0,0.27,1,13.0,Grass,Mala,victorias,Buena,victorias,player2,False,True,False
33.42660000000001,0.1,1928,65.0,0.0,3,1781,200.0,0.73,11.0,9.0,0.0,55.0,0.9950248756218906,132.0,1.71,200.0,11,132.0,147,1.4,0.27,13.0,0.27,5,7.0,Grass,Buena,victorias,Regular,victorias,player1,False,True,False
5.0409,0.18,1751,80.0,0.0,3,1664,176.0,0.44,11.0,9.0,0.41,55.0,0.9943502824858758,135.0,1.46,176.0,4,135.0,87,1.34,0.0,16.0,0.09,2,4.0,Clay,Excelente,victorias,Regular,victorias,player1,True,False,False
11.5465,0.31,1607,45.0,37.0,2,1650,176.0,0.39,11.0,9.0,0.43,55.0,1.2571428571428571,142.0,1.3,139.0,6,135.0,-43,1.3,0.16,9.0,0.0,2,11.0,Clay,Regular,victorias,Regular,victorias,player2,True,False,False
5.0479,0.0,1736,65.0,0.0,3,1431,176.0,0.44,3.0,14.0,0.39,17.6,0.9943502824858758,135.0,1.45,176.0,1,135.0,305,0.99,0.09,13.0,0.16,2,7.0,Clay,Buena,victorias,Mala,derrotas,player1,True,False,False
6.617,0.0,1482,25.0,99.0,1,1511,176.0,0.26,7.0,13.0,0.45,35.0,2.2564102564102564,161.0,1.11,77.0,1,135.0,-29,1.3,0.21,1.0,0.0,-1,3.0,Clay,Mala,derrotas,Mala,victorias,player2,True,False,False
13.843300000000001,0.03,1774,60.0,-9.0,3,1856,182.0,0.48,13.0,7.0,0.65,65.0,0.9479166666666666,133.0,1.64,191.0,6,134.0,-82,1.71,0.27,12.0,0.27,3,8.0,Grass,Buena,victorias,Buena,victorias,player1,False,True,False
0.0,0.22,1610,64.3,0.0,3,1685,77.0,0.48,13.0,7.0,0.48,65.0,0.9871794871794872,161.0,1.45,77.0,1,161.0,-75,1.41,0.12,9.0,0.13,4,5.0,Clay,Buena,victorias,Buena,victorias,player1,True,False,False
3.8,-0.0,1813,80.0,150.0,0,1686,197.0,0.0,11.0,9.0,0.49,55.0,4.104166666666667,181.0,1.73,47.0,3,132.0,127,1.63,0.27,16.0,0.16,2,4.0,Grass,Excelente,victorias,Regular,victorias,player1,False,True,False
7.0469,0.02,1698,25.0,-36.0,2,1744,41.0,0.58,13.0,7.0,0.51,65.0,0.5256410256410257,161.0,1.41,77.0,5,187.0,-46,1.63,0.27,5.0,0.27,2,15.0,Grass,Mala,victorias,Buena,victorias,player2,False,True,False
0.0,-0.0,1760,60.0,-6.0,3,1747,77.0,0.0,14.0,6.0,0.44,70.0,0.9166666666666666,158.0,1.63,83.0,2,161.0,13,1.78,0.24,12.0,0.27,2,8.0,Grass,Buena,victorias,Buena,victorias,player1,False,True,False
8.05,0.0,1721,55.0,-151.0,0,1690,25.0,0.54,12.0,8.0,0.59,60.0,0.14124293785310735,135.0,1.32,176.0,4,215.0,31,1.34,0.27,11.0,0.27,2,9.0,Clay,Regular,victorias,Buena,victorias,player1,True,False,False
7.5446,0.35,1729,65.0,-51.0,1,1642,167.0,0.63,11.0,9.0,0.49,55.0,0.7625570776255708,130.0,1.37,218.0,5,137.0,87,1.33,0.27,13.0,0.27,2,7.0,Clay,Buena,victorias,Regular,victorias,player1,True,False,False
6.5471,0.0,1791,85.0,-59.0,1,1669,22.0,0.54,10.0,10.0,0.59,50.0,0.2682926829268293,159.0,1.51,81.0,1,223.0,122,1.4,0.15,17.0,0.25,2,3.0,Clay,Excelente,victorias,Regular,victorias,player1,True,False,False
5.0351,0.0,1644,55.0,59.0,1,1631,98.0,0.54,11.0,9.0,0.55,55.0,2.45,190.0,1.36,39.0,2,152.0,13,1.36,0.26,11.0,0.18,2,9.0,Clay,Regular,victorias,Regular,victorias,player1,True,False,False
0.0,0.0,1794,60.0,-146.0,0,1795,8.0,0.54,15.0,5.0,0.47,75.0,0.05161290322580645,139.0,1.35,154.0,2,319.0,-1,1.5,0.27,12.0,0.27,1,8.0,Hard,Buena,victorias,Excelente,victorias,player2,False,False,True
0.0,0.04,1719,50.0,38.0,2,1577,62.0,0.48,9.0,11.0,0.44,45.0,2.48,217.0,1.38,24.0,1,169.0,142,1.27,0.27,10.0,0.27,1,10.0,Hard,Regular,victorias,Regular,victorias,player1,False,False,True
0.0,-0.0,1560,30.0,-82.0,1,1699,100.0,0.44,12.0,8.0,0.6,60.0,0.546448087431694,134.0,1.46,182.0,3,152.0,-139,1.75,0.27,6.0,0.27,2,14.0,Grass,Mala,victorias,Buena,victorias,player2,False,True,False
0.0,0.0,1512,35.0,105.0,0,1619,186.0,0.4,11.0,9.0,0.38,55.0,2.268292682926829,159.0,1.26,81.0,1,134.0,-107,1.37,0.09,7.0,0.16,1,13.0,Clay,Mala,victorias,Regular,victorias,player1,True,False,False
0.0,0.0,1595,53.3,5.0,3,1562,81.0,0.0,10.0,10.0,0.34,50.0,1.051948051948052,161.0,1.38,76.0,0,159.0,33,1.36,0.16,8.0,0.09,1,7.0,Clay,Regular,victorias,Regular,victorias,player1,True,False,False
0.0,0.0,1625,55.6,0.0,3,1529,200.0,0.52,8.0,12.0,0.43,40.0,0.9950248756218906,132.0,1.38,200.0,0,132.0,96,1.21,0.23,10.0,0.23,-1,8.0,Hard,Regular,derrotas,Regular,derrotas,player1,False,False,True
33.5312,0.05,1597,30.0,0.0,3,1557,100.0,0.44,9.0,11.0,0.39,45.0,0.9900990099009901,152.0,1.08,100.0,7,152.0,40,1.2,0.14,6.0,0.22,1,14.0,Hard,Mala,victorias,Regular,victorias,player1,False,False,True
12.2961,0.0,1566,45.0,-135.0,0,1662,100.0,0.37,12.0,8.0,0.4,60.0,0.423728813559322,128.0,1.25,235.0,4,152.0,-96,1.36,0.12,9.0,0.21,1,11.0,Hard,Regular,victorias,Buena,victorias,player1,False,False,True
8.2795,0.04,1660,55.0,-76.0,1,1480,24.0,0.42,7.0,13.0,0.36,35.0,0.2376237623762376,152.0,1.34,100.0,4,217.0,180,1.19,0.13,11.0,0.09,1,9.0,Hard,Regular,victorias,Mala,victorias,player1,False,False,True
6.5415,0.0,1699,60.0,-76.0,1,1675,24.0,0.42,13.0,7.0,0.42,65.0,0.2376237623762376,152.0,1.36,100.0,1,217.0,24,1.42,0.09,12.0,0.27,1,8.0,Hard,Buena,victorias,Buena,victorias,player1,False,False,True
6.5328,0.0,1691,65.0,6.0,3,1685,106.0,0.41,12.0,8.0,0.42,60.0,1.0495049504950495,152.0,1.55,100.0,3,150.0,6,1.32,0.14,13.0,0.22,6,7.0,Hard,Buena,victorias,Buena,victorias,player2,False,False,True
0.0132,0.23,1715,65.0,-100.0,1,1640,100.0,0.41,11.0,9.0,0.43,55.0,0.4975124378109453,132.0,1.38,200.0,6,152.0,75,1.29,0.19,13.0,0.0,1,7.0,Hard,Buena,victorias,Regular,victorias,player2,False,False,True
5.0341,0.13,1649,55.0,0.0,3,1639,100.0,0.42,12.0,8.0,0.39,60.0,0.9900990099009901,152.0,1.31,100.0,3,152.0,10,1.37,0.13,11.0,0.17,1,9.0,Hard,Regular,victorias,Buena,victorias,player2,False,False,True
0.0,0.0,1493,35.0,0.0,3,1462,100.0,0.2,2.0,6.0,0.2,25.0,0.9900990099009901,152.0,1.27,100.0,0,152.0,31,1.19,0.0,7.0,0.2,1,13.0,Hard,Mala,victorias,Mala,victorias,player2,False,False,True
19.0258,0.12,1555,35.0,6.0,3,1475,106.0,0.38,6.0,14.0,0.31,30.0,1.0495049504950495,152.0,1.16,100.0,7,150.0,80,1.13,0.18,7.0,0.21,1,13.0,Hard,Mala,victorias,Mala,victorias,player1,False,False,True
0.0,0.09,1441,26.3,-86.0,1,1619,100.0,0.28,10.0,10.0,0.39,50.0,0.5347593582887701,134.0,1.17,186.0,1,152.0,-178,1.36,0.23,5.0,0.17,1,14.0,Hard,Mala,victorias,Regular,victorias,player1,False,False,True
12.5451,0.0,1585,40.0,-48.0,2,1498,52.0,0.5,1.0,2.0,0.0,33.3,0.5148514851485149,152.0,1.26,100.0,1,176.0,87,1.26,0.14,8.0,0.27,1,12.0,Hard,Regular,victorias,Mala,victorias,player1,False,False,True
0.0,0.2,1583,50.0,21.0,2,1702,121.0,0.39,14.0,6.0,0.48,70.0,1.198019801980198,152.0,1.28,100.0,4,146.0,-119,1.41,0.27,10.0,0.25,1,10.0,Hard,Regular,victorias,Buena,victorias,player2,False,False,True
8.285,0.0,1543,45.0,6.0,3,1653,106.0,0.37,9.0,11.0,0.48,45.0,1.0495049504950495,152.0,1.3,100.0,2,150.0,-110,1.3,0.27,9.0,0.12,1,11.0,Hard,Regular,victorias,Regular,victorias,player2,False,False,True
12.5425,0.0,1674,55.0,-40.0,2,1625,100.0,0.48,10.0,10.0,0.39,50.0,0.7092198581560284,141.0,1.34,140.0,2,152.0,49,1.32,0.22,11.0,0.26,1,9.0,Hard,Regular,victorias,Regular,victorias,player2,False,False,True
5.0429,0.21,1619,55.0,0.0,3,1659,100.0,0.46,11.0,9.0,0.42,55.0,0.9900990099009901,152.0,1.31,100.0,5,152.0,-40,1.31,0.24,11.0,0.25,1,9.0,Hard,Regular,victorias,Regular,victorias,player1,False,False,True
5.0435,0.17,1642,60.0,86.0,1,1746,186.0,0.38,13.0,7.0,0.48,65.0,1.8415841584158417,152.0,1.32,100.0,4,134.0,-104,1.54,0.23,12.0,0.21,1,8.0,Hard,Buena,victorias,Buena,victorias,player1,False,False,True
10.0518,0.11,1862,85.0,-80.0,1,1707,106.0,0.45,11.0,9.0,0.44,55.0,0.5668449197860963,134.0,1.5,186.0,6,150.0,155,1.27,0.23,17.0,0.24,11,3.0,Hard,Excelente,victorias,Regular,victorias,player1,False,False,True
5.0365,0.26,1850,75.0,92.0,1,1605,100.0,0.53,10.0,10.0,0.45,50.0,11.11111111111111,319.0,1.42,8.0,8,152.0,245,1.2,0.27,15.0,0.27,1,5.0,Hard,Excelente,victorias,Regular,victorias,player1,False,False,True
10.7936,0.24,1610,40.0,6.0,3,1672,106.0,0.44,12.0,8.0,0.45,60.0,1.0495049504950495,152.0,1.18,100.0,9,150.0,-62,1.28,0.27,8.0,0.26,1,12.0,Hard,Regular,victorias,Buena,victorias,player2,False,False,True
10.03,0.0,1666,55.0,-118.0,0,1573,100.0,0.4,10.0,10.0,0.37,50.0,0.45662100456621,130.0,1.32,218.0,3,152.0,93,1.3,0.24,11.0,0.23,1,9.0,Hard,Regular,victorias,Regular,victorias,player1,False,False,True
7.0061,0.06,1667,55.0,-21.0,2,1672,100.0,0.44,13.0,7.0,0.43,65.0,0.819672131147541,146.0,1.27,121.0,7,152.0,-5,1.31,0.12,11.0,0.17,1,9.0,Hard,Regular,victorias,Buena,victorias,player2,False,False,True
9.2849,0.12,1719,70.0,6.0,3,1609,106.0,0.41,9.0,11.0,0.43,45.0,1.0495049504950495,152.0,1.38,100.0,4,150.0,110,1.27,0.22,14.0,0.14,1,6.0,Hard,Buena,victorias,Regular,victorias,player2,False,False,True
0.0,0.0,1581,50.0,129.0,0,1598,153.0,0.43,10.0,10.0,0.39,50.0,6.12,217.0,1.33,24.0,2,139.0,-17,1.33,0.0,10.0,0.27,1,10.0,Hard,Regular,victorias,Regular,victorias,player1,False,False,True
0.0,0.12,1543,42.1,54.0,1,1513,106.0,0.35,7.0,13.0,0.35,35.0,2.0,176.0,1.27,52.0,2,150.0,30,1.27,0.15,8.0,0.16,1,11.0,Hard,Regular,victorias,Mala,victorias,player2,False,False,True
0.0,0.08,1595,55.0,6.0,3,1615,106.0,0.4,10.0,10.0,0.45,50.0,1.0495049504950495,152.0,1.33,100.0,2,150.0,-20,1.35,0.21,11.0,0.22,1,9.0,Hard,Regular,victorias,Regular,victorias,player1,False,False,True
10.0447,0.22,1434,10.0,82.0,1,1729,106.0,0.35,14.0,6.0,0.43,70.0,4.24,217.0,0.94,24.0,5,150.0,-295,1.37,0.21,2.0,0.16,1,18.0,Hard,Mala,victorias,Buena,victorias,player2,False,False,True
0.9999999999999998,0.19,1699,65.0,-44.0,2,1663,8.0,0.51,9.0,11.0,0.5,45.0,0.1509433962264151,176.0,1.36,52.0,5,319.0,36,1.27,0.27,13.0,0.27,1,7.0,Hard,Buena,victorias,Regular,victorias,player2,False,False,True
15.0418,0.0,1746,60.0,-44.0,2,1731,8.0,0.53,13.0,7.0,0.47,65.0,0.1509433962264151,176.0,1.31,52.0,3,319.0,15,1.37,0.26,12.0,0.26,1,8.0,Hard,Buena,victorias,Buena,victorias,player1,False,False,True
2.5121,0.12,1758,75.0,0.0,3,1653,52.0,0.47,10.0,10.0,0.45,50.0,0.9811320754716981,176.0,1.39,52.0,4,176.0,105,1.3,0.23,15.0,0.27,1,5.0,Hard,Excelente,victorias,Regular,victorias,player2,False,False,True
0.0,0.19,1758,75.0,-100.0,1,1756,100.0,0.48,16.0,4.0,0.45,80.0,0.4975124378109453,132.0,1.4,200.0,6,152.0,2,1.37,0.26,15.0,0.27,1,5.0,Hard,Excelente,victorias,Excelente,victorias,player1,False,False,True
0.0,0.0,1673,50.0,173.0,0,1561,181.0,0.4,7.0,13.0,0.47,35.0,20.11111111111111,319.0,1.34,8.0,1,135.0,112,1.26,0.27,10.0,0.25,1,10.0,Hard,Regular,victorias,Mala,victorias,player2,False,False,True
0.0,0.15,1489,30.0,0.0,3,1755,52.0,0.42,12.0,8.0,0.47,60.0,0.9811320754716981,176.0,1.19,52.0,2,176.0,-266,1.39,0.26,6.0,0.27,1,14.0,Hard,Mala,victorias,Buena,victorias,player2,False,False,True
8.2623,0.22,1618,45.0,0.0,3,1685,52.0,0.42,11.0,9.0,0.46,55.0,0.9811320754716981,176.0,1.21,52.0,9,176.0,-67,1.26,0.27,9.0,0.26,1,11.0,Hard,Regular,victorias,Regular,victorias,player1,False,False,True
5.0457,0.5,1741,60.0,18.0,2,1712,157.0,0.55,13.0,7.0,0.52,65.0,1.1214285714285714,142.0,1.41,139.0,2,138.0,29,1.39,0.27,12.0,0.27,1,8.0,Clay,Buena,victorias,Buena,victorias,player1,True,False,False
6.5945,0.25,1541,42.9,0.0,3,1644,157.0,0.53,10.0,10.0,0.47,50.0,0.9936708860759493,138.0,1.29,157.0,2,138.0,-103,1.33,0.27,3.0,0.22,1,4.0,Clay,Regular,victorias,Regular,victorias,player2,True,False,False
0.0,0.21,1646,40.0,0.0,3,1595,157.0,0.49,9.0,11.0,0.45,45.0,0.9936708860759493,138.0,1.29,157.0,3,138.0,51,1.28,0.27,8.0,0.27,1,12.0,Clay,Regular,victorias,Regular,victorias,player2,True,False,False
30.0529,0.0,1677,65.0,0.0,3,1670,157.0,0.51,12.0,8.0,0.39,60.0,0.9936708860759493,138.0,1.41,157.0,1,138.0,7,1.42,0.22,13.0,0.27,1,7.0,Clay,Buena,victorias,Buena,victorias,player2,True,False,False
0.0,0.62,1556,30.0,95.0,1,1547,157.0,0.41,7.0,13.0,0.55,35.0,2.492063492063492,169.0,1.19,62.0,5,138.0,9,1.22,0.27,6.0,0.26,1,14.0,Clay,Mala,victorias,Mala,victorias,player1,True,False,False
0.0,0.28,1513,41.7,-10.0,3,1597,81.0,0.38,11.0,9.0,0.49,55.0,0.8804347826086957,155.0,1.31,91.0,1,159.0,-84,1.37,0.27,5.0,0.16,1,7.0,Clay,Regular,victorias,Regular,victorias,player2,True,False,False
0.0,0.25,1477,35.0,101.0,0,1676,182.0,0.26,12.0,8.0,0.36,60.0,2.2195121951219514,159.0,1.26,81.0,1,134.0,-199,1.39,0.26,7.0,0.21,1,13.0,Clay,Mala,victorias,Buena,victorias,player2,True,False,False
0.0,0.0,1769,75.0,19.0,2,1530,81.0,0.53,5.0,6.0,0.38,45.5,1.2857142857142858,169.0,1.49,62.0,1,159.0,239,1.28,0.17,15.0,0.26,1,5.0,Clay,Excelente,victorias,Regular,victorias,player1,True,False,False
0.0,0.0,1756,70.0,-99.0,1,1684,77.0,0.0,11.0,9.0,0.38,55.0,0.4350282485875706,135.0,1.47,176.0,2,161.0,72,1.49,0.14,14.0,0.21,1,6.0,Clay,Buena,victorias,Regular,victorias,player2,True,False,False
6.5109,0.12,1740,70.0,101.0,0,1593,182.0,0.41,11.0,9.0,0.37,55.0,2.2195121951219514,159.0,1.59,81.0,2,134.0,147,1.33,0.21,14.0,0.24,6,6.0,Clay,Buena,victorias,Regular,victorias,player1,True,False,False
0.0,0.23,1445,25.0,101.0,0,1567,182.0,0.33,9.0,11.0,0.39,45.0,2.2195121951219514,159.0,1.19,81.0,1,134.0,-122,1.32,0.17,5.0,0.09,1,15.0,Clay,Mala,victorias,Regular,victorias,player1,True,False,False
5.0172,0.0,1592,55.0,52.0,1,1680,77.0,0.35,11.0,9.0,0.44,55.0,2.9615384615384617,215.0,1.33,25.0,2,161.0,-88,1.37,0.2,11.0,0.0,1,9.0,Clay,Regular,victorias,Regular,victorias,player2,True,False,False
0.0,0.0,1415,18.8,-76.0,1,1587,81.0,0.44,9.0,11.0,0.42,45.0,0.5126582278481012,138.0,1.12,157.0,0,159.0,-172,1.36,0.12,3.0,0.23,1,13.0,Clay,Mala,victorias,Regular,victorias,player2,True,False,False
5.0482,0.0,1573,45.0,-59.0,1,1665,98.0,0.28,14.0,6.0,0.38,70.0,0.620253164556962,138.0,1.29,157.0,3,152.0,-92,1.4,0.15,9.0,0.0,1,11.0,Clay,Regular,victorias,Buena,victorias,player2,True,False,False
14.0422,0.25,1632,50.0,-116.0,0,1603,41.0,0.41,10.0,10.0,0.38,50.0,0.25949367088607594,138.0,1.3,157.0,5,187.0,29,1.26,0.23,10.0,0.0,1,10.0,Clay,Regular,victorias,Regular,victorias,player2,True,False,False
0.0,0.28,1634,55.0,0.0,3,1544,157.0,0.37,6.0,8.0,0.49,42.9,0.9936708860759493,138.0,1.39,157.0,1,138.0,90,1.29,0.21,11.0,0.0,1,9.0,Clay,Regular,victorias,Regular,victorias,player1,True,False,False
0.9999999999999998,0.0,1651,55.0,76.0,1,1591,157.0,0.43,9.0,11.0,0.47,45.0,1.9146341463414633,159.0,1.38,81.0,2,138.0,60,1.29,0.21,11.0,0.0,1,9.0,Clay,Regular,victorias,Regular,victorias,player1,True,False,False
0.0,0.0,1517,30.0,122.0,0,1555,191.0,0.51,8.0,12.0,0.35,40.0,2.7285714285714286,165.0,1.23,69.0,0,133.0,-38,1.3,0.19,3.0,0.23,1,7.0,Hard,Mala,victorias,Regular,victorias,player2,False,False,True
14.0,0.09,1495,30.0,-89.0,1,1602,102.0,0.35,8.0,12.0,0.46,40.0,0.53125,133.0,1.19,191.0,4,151.0,-107,1.25,0.27,6.0,0.26,1,14.0,Hard,Mala,victorias,Regular,victorias,player2,False,False,True
1.2999999999999998,0.11,1730,50.0,86.0,1,1716,110.0,0.57,14.0,6.0,0.42,70.0,4.4,217.0,1.27,24.0,5,149.0,14,1.44,0.22,10.0,0.27,1,10.0,Hard,Regular,victorias,Buena,victorias,player1,False,False,True
0.0,0.07,1558,40.0,0.0,3,1507,93.0,0.38,7.0,13.0,0.37,35.0,0.9893617021276596,154.0,1.29,93.0,1,154.0,51,1.26,0.0,8.0,0.0,1,12.0,Hard,Regular,victorias,Mala,victorias,player2,False,False,True
0.0,0.0,1592,55.0,-30.0,2,1605,200.0,0.34,12.0,8.0,0.42,60.0,0.8658008658008658,129.0,1.38,230.0,0,132.0,-13,1.4,0.09,11.0,0.12,1,9.0,Hard,Regular,victorias,Buena,victorias,player1,False,False,True
6.5725999999999996,0.0,1432,20.0,-113.0,0,1588,52.0,0.34,9.0,11.0,0.41,45.0,0.3132530120481928,137.0,1.13,165.0,1,176.0,-156,1.31,0.23,4.0,0.09,1,16.0,Hard,Mala,victorias,Regular,victorias,player2,False,False,True
0.0,0.0,1423,20.0,-79.0,1,1573,116.0,0.31,10.0,10.0,0.33,50.0,0.5918367346938775,133.0,1.14,195.0,1,147.0,-150,1.34,0.09,4.0,0.22,1,16.0,Hard,Mala,victorias,Regular,victorias,player2,False,False,True
0.0,0.42,1645,55.0,-94.0,1,1708,8.0,0.49,13.0,7.0,0.47,65.0,0.07766990291262135,151.0,1.35,102.0,3,319.0,-63,1.39,0.26,11.0,0.22,1,9.0,Clay,Regular,victorias,Buena,victorias,player2,True,False,False
0.0,0.0,1688,70.0,-3.0,3,1665,154.0,0.47,10.0,10.0,0.51,50.0,0.9746835443037974,138.0,1.41,157.0,3,139.0,23,1.33,0.27,14.0,0.25,1,6.0,Clay,Buena,victorias,Regular,victorias,player1,True,False,False
0.0,0.0,1777,75.0,-42.0,2,1647,41.0,0.42,11.0,9.0,0.43,55.0,0.4880952380952381,158.0,1.45,83.0,1,187.0,130,1.37,0.24,15.0,0.27,1,5.0,Clay,Excelente,victorias,Regular,victorias,player2,True,False,False
3.25,0.0,1571,35.0,108.0,0,1682,191.0,0.35,10.0,10.0,0.51,50.0,2.2738095238095237,158.0,1.25,83.0,2,133.0,-111,1.34,0.27,7.0,0.27,1,13.0,Clay,Mala,victorias,Regular,victorias,player1,True,False,False
0.0,0.0,1590,55.6,101.0,0,1517,176.0,0.5,8.0,12.0,0.51,40.0,2.3157894736842106,162.0,1.41,75.0,0,135.0,73,1.29,0.23,10.0,0.22,1,8.0,Clay,Regular,victorias,Regular,victorias,player1,True,False,False
2.5,0.0,1489,30.0,0.0,3,1494,77.0,0.38,7.0,13.0,0.31,35.0,0.9871794871794872,161.0,1.19,77.0,3,161.0,-5,1.26,0.0,6.0,0.23,1,14.0,Clay,Mala,victorias,Mala,victorias,player2,True,False,False
0.0,0.4,1561,50.0,21.0,2,1635,98.0,0.42,10.0,10.0,0.42,50.0,1.2564102564102564,161.0,1.3,77.0,5,152.0,-74,1.3,0.17,10.0,0.25,1,10.0,Clay,Regular,victorias,Regular,victorias,player2,True,False,False
0.0,0.0,1414,20.0,-68.0,1,1684,98.0,0.43,13.0,7.0,0.0,65.0,0.5868263473053892,137.0,1.14,166.0,1,152.0,-270,1.47,0.13,4.0,0.21,1,16.0,Clay,Mala,victorias,Buena,victorias,player1,True,False,False
0.0,0.29,1468,30.0,45.0,2,1531,77.0,0.43,9.0,11.0,0.39,45.0,2.3333333333333335,200.0,1.2,32.0,2,161.0,-63,1.33,0.18,6.0,0.22,1,14.0,Clay,Mala,victorias,Regular,victorias,player2,True,False,False
0.0,0.0,1785,75.0,59.0,1,1546,81.0,0.47,6.0,14.0,0.41,30.0,3.5217391304347827,223.0,1.62,22.0,1,159.0,239,1.21,0.26,15.0,0.23,6,5.0,Clay,Excelente,victorias,Mala,victorias,player1,True,False,False
0.0,0.26,1690,55.0,-45.0,2,1620,32.0,0.48,10.0,10.0,0.37,50.0,0.41025641025641024,161.0,1.37,77.0,1,200.0,70,1.35,0.25,11.0,0.27,1,9.0,Clay,Regular,victorias,Regular,victorias,player1,True,False,False
0.0,0.0,1726,65.0,59.0,1,1686,157.0,0.58,14.0,6.0,0.42,70.0,1.5858585858585859,152.0,1.46,98.0,2,138.0,40,1.4,0.22,13.0,0.27,1,7.0,Clay,Buena,victorias,Buena,victorias,player2,True,False,False
0.0,0.0,1598,45.0,-132.0,0,1732,39.0,0.47,14.0,6.0,0.44,70.0,0.22674418604651161,136.0,1.34,171.0,0,190.0,-134,1.5,0.26,9.0,0.27,1,11.0,Clay,Regular,victorias,Buena,victorias,player1,True,False,False
12.0391,0.1,1668,55.0,-85.0,1,1703,110.0,0.44,13.0,7.0,0.37,65.0,0.5612244897959183,133.0,1.31,195.0,5,149.0,-35,1.35,0.24,11.0,0.27,1,9.0,Clay,Regular,victorias,Buena,victorias,player1,True,False,False
0.0,0.0,1551,50.0,-38.0,2,1576,157.0,0.38,8.0,12.0,0.41,40.0,0.8010204081632653,133.0,1.36,195.0,0,138.0,-25,1.31,0.21,10.0,0.13,1,10.0,Clay,Regular,victorias,Regular,victorias,player2,True,False,False
0.0,0.26,1519,40.0,10.0,3,1621,91.0,0.38,12.0,8.0,0.39,60.0,1.1097560975609757,159.0,1.27,81.0,1,155.0,-102,1.42,0.21,8.0,0.0,1,12.0,Clay,Regular,victorias,Buena,victorias,player2,True,False,False
5.0363,0.0,1604,55.0,157.0,0,1588,181.0,0.39,10.0,10.0,0.45,50.0,7.24,217.0,1.36,24.0,1,135.0,16,1.34,0.27,11.0,0.0,1,9.0,Clay,Regular,victorias,Regular,victorias,player1,True,False,False
0.0,0.0,1586,55.0,-35.0,2,1531,98.0,0.37,1.0,0.0,0.0,100.0,0.7313432835820896,143.0,1.39,133.0,0,152.0,55,1.54,0.0,11.0,0.0,1,9.0,Clay,Regular,victorias,Excelente,victorias,player1,True,False,False
3.2588,0.0,1616,50.0,0.0,3,1492,167.0,0.39,6.0,14.0,0.31,30.0,0.9940476190476191,137.0,1.33,167.0,2,137.0,124,1.21,0.0,10.0,0.0,1,10.0,Clay,Regular,victorias,Mala,victorias,player1,True,False,False
0.0,0.0,1472,40.0,-135.0,0,1444,41.0,0.29,5.0,15.0,0.27,25.0,0.23163841807909605,135.0,1.3,176.0,1,187.0,28,1.19,0.09,8.0,0.15,1,12.0,Clay,Regular,victorias,Mala,victorias,player1,True,False,False
0.0,0.0,1503,35.0,22.0,2,1661,47.0,0.36,11.0,9.0,0.41,55.0,1.8076923076923077,215.0,1.23,25.0,2,181.0,-158,1.38,0.2,7.0,0.0,1,13.0,Clay,Mala,victorias,Regular,victorias,player2,True,False,False
0.0,0.23,1527,35.0,90.0,1,1747,98.0,0.41,14.0,6.0,0.42,70.0,10.88888888888889,319.0,1.22,8.0,3,152.0,-220,1.59,0.0,7.0,0.19,1,13.0,Clay,Mala,victorias,Buena,victorias,player2,True,False,False
5.0434,0.09,1652,55.0,47.0,2,1716,145.0,0.43,14.0,6.0,0.42,70.0,1.4646464646464648,152.0,1.38,98.0,2,140.0,-64,1.44,0.0,11.0,0.22,2,9.0,Clay,Regular,victorias,Buena,victorias,player2,True,False,False
5.0407,0.31,1692,70.0,-97.0,1,1702,98.0,0.38,13.0,7.0,0.45,65.0,0.5,133.0,1.42,195.0,3,152.0,-10,1.41,0.09,14.0,0.21,2,6.0,Clay,Buena,victorias,Buena,victorias,player2,True,False,False
7.0427,0.25,1757,75.0,57.0,1,1761,98.0,0.37,14.0,6.0,0.44,70.0,2.3333333333333335,187.0,1.57,41.0,4,152.0,-4,1.41,0.12,15.0,0.0,7,5.0,Clay,Excelente,victorias,Buena,victorias,player1,True,False,False
9.0402,0.0,1655,45.0,-137.0,0,1580,63.0,0.46,9.0,11.0,0.46,45.0,0.31343283582089554,132.0,1.32,200.0,2,168.0,75,1.28,0.26,9.0,0.27,1,11.0,Clay,Regular,victorias,Regular,victorias,player2,True,False,False
30.0116,0.25,1740,70.0,-1.0,3,1694,181.0,0.38,12.0,8.0,0.45,60.0,0.9890710382513661,134.0,1.37,182.0,4,135.0,46,1.37,0.27,14.0,0.27,1,6.0,Clay,Buena,victorias,Buena,victorias,player1,True,False,False
0.0,0.0,1732,70.0,-41.0,2,1529,140.0,0.45,8.0,12.0,0.5,40.0,0.7692307692307693,135.0,1.47,181.0,0,141.0,203,1.29,0.25,14.0,0.27,1,6.0,Clay,Buena,victorias,Regular,victorias,player1,True,False,False
5.0466,0.0,1593,50.0,102.0,0,1764,200.0,0.44,14.0,6.0,0.42,70.0,2.0202020202020203,152.0,1.28,98.0,2,132.0,-171,1.56,0.24,10.0,0.27,1,10.0,Clay,Regular,victorias,Buena,victorias,player1,True,False,False
7.5429,0.27,1702,55.0,19.0,2,1675,200.0,0.52,12.0,8.0,0.42,60.0,1.098901098901099,135.0,1.33,181.0,4,132.0,27,1.35,0.22,11.0,0.25,1,9.0,Clay,Regular,victorias,Buena,victorias,player2,True,False,False
2.5,0.0,1729,70.0,-19.0,2,1658,22.0,0.62,10.0,10.0,0.53,50.0,0.5238095238095238,187.0,1.4,41.0,1,223.0,71,1.32,0.25,14.0,0.27,1,6.0,Clay,Buena,victorias,Regular,victorias,player2,True,False,False
5.0276,0.0,1529,25.0,-19.0,2,1739,157.0,0.64,13.0,7.0,0.66,65.0,0.8870056497175142,135.0,1.12,176.0,3,138.0,-210,1.37,0.27,5.0,0.27,1,15.0,Clay,Mala,victorias,Buena,victorias,player2,True,False,False
5.031,0.0,1654,65.0,113.0,0,1569,190.0,0.41,10.0,10.0,0.35,50.0,2.4358974358974357,161.0,1.4,77.0,1,133.0,85,1.33,0.0,13.0,0.12,1,7.0,Hard,Buena,victorias,Regular,victorias,player1,False,False,True
0.0,0.09,1692,65.0,45.0,2,1633,176.0,0.43,12.0,8.0,0.41,60.0,1.3333333333333333,143.0,1.41,131.0,1,135.0,59,1.39,0.15,13.0,0.2,1,7.0,Hard,Buena,victorias,Buena,victorias,player1,False,False,True
5.0188,0.0,1553,40.0,103.0,0,1550,197.0,0.37,8.0,12.0,0.35,40.0,2.0736842105263156,154.0,1.28,94.0,1,132.0,3,1.28,0.0,8.0,0.16,1,12.0,Hard,Regular,victorias,Regular,victorias,player1,False,False,True
0.0,0.28,1565,55.0,0.0,3,1678,154.0,0.37,12.0,8.0,0.46,60.0,0.9935483870967742,139.0,1.37,154.0,1,139.0,-113,1.39,0.24,11.0,0.16,1,9.0,Clay,Regular,victorias,Buena,victorias,player2,True,False,False
0.0,0.28,1565,55.0,0.0,3,1678,154.0,0.37,12.0,8.0,0.46,60.0,0.9935483870967742,139.0,1.37,154.0,1,139.0,-113,1.39,0.24,11.0,0.16,1,9.0,Clay,Regular,victorias,Buena,victorias,player2,True,False,False
7.5311,0.04,1953,70.0,-15.0,2,1821,62.0,0.0,13.0,7.0,0.71,65.0,0.7948717948717948,161.0,1.69,77.0,6,169.0,132,1.68,0.27,14.0,0.27,1,6.0,Grass,Buena,victorias,Buena,victorias,player1,False,True,False
95.8259,0.06,2051,75.0,114.0,0,1790,195.0,0.0,8.0,12.0,0.51,40.0,2.3780487804878048,159.0,1.68,81.0,10,133.0,261,1.35,0.27,15.0,0.27,1,5.0,Grass,Excelente,victorias,Regular,victorias,player1,False,True,False
0.0,0.0,1767,70.0,168.0,0,1681,176.0,0.49,13.0,7.0,0.4,65.0,19.555555555555557,319.0,1.6,8.0,0,135.0,86,1.47,0.2,14.0,0.21,6,6.0,Hard,Buena,victorias,Buena,victorias,player1,False,False,True
2.5,0.0,1693,65.0,-45.0,2,1650,155.0,0.43,11.0,9.0,0.43,55.0,0.7711442786069652,132.0,1.41,200.0,1,139.0,43,1.37,0.16,13.0,0.18,1,7.0,Hard,Buena,victorias,Regular,victorias,player1,False,False,True
16.5403,0.25,1571,40.0,21.0,2,1709,176.0,0.42,13.0,7.0,0.41,65.0,1.1282051282051282,139.0,1.15,155.0,9,135.0,-138,1.29,0.09,8.0,0.0,1,12.0,Hard,Regular,victorias,Buena,victorias,player2,False,False,True
0.0,0.1,1842,85.0,43.0,2,1642,182.0,0.45,11.0,9.0,0.41,55.0,1.3,142.0,1.57,139.0,4,134.0,200,1.31,0.22,17.0,0.0,11,3.0,Hard,Excelente,victorias,Regular,victorias,player2,False,False,True
0.0,0.1,1842,85.0,43.0,2,1642,182.0,0.45,11.0,9.0,0.41,55.0,1.3,142.0,1.57,139.0,4,134.0,200,1.31,0.22,17.0,0.0,11,3.0,Hard,Excelente,victorias,Regular,victorias,player2,False,False,True
13.8284,0.08,1729,35.0,-109.0,0,1886,91.0,0.51,12.0,8.0,0.7,60.0,0.4527363184079602,132.0,1.32,200.0,9,155.0,-157,1.57,0.27,7.0,0.27,1,13.0,Grass,Mala,victorias,Buena,victorias,player2,False,True,False
33.42660000000001,0.1,1928,65.0,0.0,3,1781,200.0,0.73,11.0,9.0,0.0,55.0,0.9950248756218906,132.0,1.71,200.0,11,132.0,147,1.4,0.27,13.0,0.27,5,7.0,Grass,Buena,victorias,Regular,victorias,player1,False,True,False
5.0409,0.18,1751,80.0,0.0,3,1664,176.0,0.44,11.0,9.0,0.41,55.0,0.9943502824858758,135.0,1.46,176.0,4,135.0,87,1.34,0.0,16.0,0.09,2,4.0,Clay,Excelente,victorias,Regular,victorias,player1,True,False,False
11.5465,0.31,1607,45.0,37.0,2,1650,176.0,0.39,11.0,9.0,0.43,55.0,1.2571428571428571,142.0,1.3,139.0,6,135.0,-43,1.3,0.16,9.0,0.0,2,11.0,Clay,Regular,victorias,Regular,victorias,player2,True,False,False
5.0479,0.0,1736,65.0,0.0,3,1431,176.0,0.44,3.0,14.0,0.39,17.6,0.9943502824858758,135.0,1.45,176.0,1,135.0,305,0.99,0.09,13.0,0.16,2,7.0,Clay,Buena,victorias,Mala,derrotas,player1,True,False,False
6.617,0.0,1482,25.0,99.0,1,1511,176.0,0.26,7.0,13.0,0.45,35.0,2.2564102564102564,161.0,1.11,77.0,1,135.0,-29,1.3,0.21,1.0,0.0,-1,3.0,Clay,Mala,derrotas,Mala,victorias,player2,True,False,False
13.843300000000001,0.03,1774,60.0,-9.0,3,1856,182.0,0.48,13.0,7.0,0.65,65.0,0.9479166666666666,133.0,1.64,191.0,6,134.0,-82,1.71,0.27,12.0,0.27,3,8.0,Grass,Buena,victorias,Buena,victorias,player1,False,True,False
0.0,0.22,1610,64.3,0.0,3,1685,77.0,0.48,13.0,7.0,0.48,65.0,0.9871794871794872,161.0,1.45,77.0,1,161.0,-75,1.41,0.12,9.0,0.13,4,5.0,Clay,Buena,victorias,Buena,victorias,player1,True,False,False
3.8,-0.0,1813,80.0,150.0,0,1686,197.0,0.0,11.0,9.0,0.49,55.0,4.104166666666667,181.0,1.73,47.0,3,132.0,127,1.63,0.27,16.0,0.16,2,4.0,Grass,Excelente,victorias,Regular,victorias,player1,False,True,False
7.0469,0.02,1698,25.0,-36.0,2,1744,41.0,0.58,13.0,7.0,0.51,65.0,0.5256410256410257,161.0,1.41,77.0,5,187.0,-46,1.63,0.27,5.0,0.27,2,15.0,Grass,Mala,victorias,Buena,victorias,player2,False,True,False
0.0,-0.0,1760,60.0,-6.0,3,1747,77.0,0.0,14.0,6.0,0.44,70.0,0.9166666666666666,158.0,1.63,83.0,2,161.0,13,1.78,0.24,12.0,0.27,2,8.0,Grass,Buena,victorias,Buena,victorias,player1,False,True,False
8.049999999999999,0.0,1721,55.0,-151.0,0,1690,25.0,0.54,12.0,8.0,0.59,60.0,0.14124293785310735,135.0,1.32,176.0,4,215.0,31,1.34,0.27,11.0,0.27,2,9.0,Clay,Regular,victorias,Buena,victorias,player1,True,False,False
7.5446,0.35,1729,65.0,-51.0,1,1642,167.0,0.63,11.0,9.0,0.49,55.0,0.7625570776255708,130.0,1.37,218.0,5,137.0,87,1.33,0.27,13.0,0.27,2,7.0,Clay,Buena,victorias,Regular,victorias,player1,True,False,False
6.5471,0.0,1791,85.0,-59.0,1,1669,22.0,0.54,10.0,10.0,0.59,50.0,0.2682926829268293,159.0,1.51,81.0,1,223.0,122,1.4,0.15,17.0,0.25,2,3.0,Clay,Excelente,victorias,Regular,victorias,player1,True,False,False
5.0351,0.0,1644,55.0,59.0,1,1631,98.0,0.54,11.0,9.0,0.55,55.0,2.45,190.0,1.36,39.0,2,152.0,13,1.36,0.26,11.0,0.18,2,9.0,Clay,Regular,victorias,Regular,victorias,player1,True,False,False
0.0,0.0,1794,60.0,-146.0,0,1795,8.0,0.54,15.0,5.0,0.47,75.0,0.05161290322580645,139.0,1.35,154.0,2,319.0,-1,1.5,0.27,12.0,0.27,1,8.0,Hard,Buena,victorias,Excelente,victorias,player2,False,False,True
0.0,0.04,1719,50.0,38.0,2,1577,62.0,0.48,9.0,11.0,0.44,45.0,2.48,217.0,1.38,24.0,1,169.0,142,1.27,0.27,10.0,0.27,1,10.0,Hard,Regular,victorias,Regular,victorias,player1,False,False,True
0.0,-0.0,1560,30.0,-82.0,1,1699,100.0,0.44,12.0,8.0,0.6,60.0,0.546448087431694,134.0,1.46,182.0,3,152.0,-139,1.75,0.27,6.0,0.27,2,14.0,Grass,Mala,victorias,Buena,victorias,player2,False,True,False
0.0,0.0,1512,35.0,105.0,0,1619,186.0,0.4,11.0,9.0,0.38,55.0,2.268292682926829,159.0,1.26,81.0,1,134.0,-107,1.37,0.09,7.0,0.16,1,13.0,Clay,Mala,victorias,Regular,victorias,player1,True,False,False
0.0,0.0,1595,53.3,5.0,3,1562,81.0,0.0,10.0,10.0,0.34,50.0,1.051948051948052,161.0,1.38,76.0,0,159.0,33,1.36,0.16,8.0,0.09,1,7.0,Clay,Regular,victorias,Regular,victorias,player1,True,False,False
0.0,0.0,1625,55.6,0.0,3,1529,200.0,0.52,8.0,12.0,0.43,40.0,0.9950248756218906,132.0,1.38,200.0,0,132.0,96,1.21,0.23,10.0,0.23,-1,8.0,Hard,Regular,derrotas,Regular,derrotas,player1,False,False,True
33.5312,0.05,1597,30.0,0.0,3,1557,100.0,0.44,9.0,11.0,0.39,45.0,0.9900990099009901,152.0,1.08,100.0,7,152.0,40,1.2,0.14,6.0,0.22,1,14.0,Hard,Mala,victorias,Regular,victorias,player1,False,False,True
12.2961,0.0,1566,45.0,-135.0,0,1662,100.0,0.37,12.0,8.0,0.4,60.0,0.423728813559322,128.0,1.25,235.0,4,152.0,-96,1.36,0.12,9.0,0.21,1,11.0,Hard,Regular,victorias,Buena,victorias,player1,False,False,True
8.2795,0.04,1660,55.0,-76.0,1,1480,24.0,0.42,7.0,13.0,0.36,35.0,0.2376237623762376,152.0,1.34,100.0,4,217.0,180,1.19,0.13,11.0,0.09,1,9.0,Hard,Regular,victorias,Mala,victorias,player1,False,False,True
6.5415,0.0,1699,60.0,-76.0,1,1675,24.0,0.42,13.0,7.0,0.42,65.0,0.2376237623762376,152.0,1.36,100.0,1,217.0,24,1.42,0.09,12.0,0.27,1,8.0,Hard,Buena,victorias,Buena,victorias,player1,False,False,True
6.5328,0.0,1691,65.0,6.0,3,1685,106.0,0.41,12.0,8.0,0.42,60.0,1.0495049504950495,152.0,1.55,100.0,3,150.0,6,1.32,0.14,13.0,0.22,6,7.0,Hard,Buena,victorias,Buena,victorias,player2,False,False,True
0.0132,0.23,1715,65.0,-100.0,1,1640,100.0,0.41,11.0,9.0,0.43,55.0,0.4975124378109453,132.0,1.38,200.0,6,152.0,75,1.29,0.19,13.0,0.0,1,7.0,Hard,Buena,victorias,Regular,victorias,player2,False,False,True
5.0341,0.13,1649,55.0,0.0,3,1639,100.0,0.42,12.0,8.0,0.39,60.0,0.9900990099009901,152.0,1.31,100.0,3,152.0,10,1.37,0.13,11.0,0.17,1,9.0,Hard,Regular,victorias,Buena,victorias,player2,False,False,True
0.0,0.0,1493,35.0,0.0,3,1462,100.0,0.2,2.0,6.0,0.2,25.0,0.9900990099009901,152.0,1.27,100.0,0,152.0,31,1.19,0.0,7.0,0.2,1,13.0,Hard,Mala,victorias,Mala,victorias,player2,False,False,True
19.0258,0.12,1555,35.0,6.0,3,1475,106.0,0.38,6.0,14.0,0.31,30.0,1.0495049504950495,152.0,1.16,100.0,7,150.0,80,1.13,0.18,7.0,0.21,1,13.0,Hard,Mala,victorias,Mala,victorias,player1,False,False,True
0.0,0.09,1441,26.3,-86.0,1,1619,100.0,0.28,10.0,10.0,0.39,50.0,0.5347593582887701,134.0,1.17,186.0,1,152.0,-178,1.36,0.23,5.0,0.17,1,14.0,Hard,Mala,victorias,Regular,victorias,player1,False,False,True
12.5451,0.0,1585,40.0,-48.0,2,1498,52.0,0.5,1.0,2.0,0.0,33.3,0.5148514851485149,152.0,1.26,100.0,1,176.0,87,1.26,0.14,8.0,0.27,1,12.0,Hard,Regular,victorias,Mala,victorias,player1,False,False,True
0.0,0.2,1583,50.0,21.0,2,1702,121.0,0.39,14.0,6.0,0.48,70.0,1.198019801980198,152.0,1.28,100.0,4,146.0,-119,1.41,0.27,10.0,0.25,1,10.0,Hard,Regular,victorias,Buena,victorias,player2,False,False,True
8.285,0.0,1543,45.0,6.0,3,1653,106.0,0.37,9.0,11.0,0.48,45.0,1.0495049504950495,152.0,1.3,100.0,2,150.0,-110,1.3,0.27,9.0,0.12,1,11.0,Hard,Regular,victorias,Regular,victorias,player2,False,False,True
12.5425,0.0,1674,55.0,-40.0,2,1625,100.0,0.48,10.0,10.0,0.39,50.0,0.7092198581560284,141.0,1.34,140.0,2,152.0,49,1.32,0.22,11.0,0.26,1,9.0,Hard,Regular,victorias,Regular,victorias,player2,False,False,True
5.0429,0.21,1619,55.0,0.0,3,1659,100.0,0.46,11.0,9.0,0.42,55.0,0.9900990099009901,152.0,1.31,100.0,5,152.0,-40,1.31,0.24,11.0,0.25,1,9.0,Hard,Regular,victorias,Regular,victorias,player1,False,False,True
5.0435,0.17,1642,60.0,86.0,1,1746,186.0,0.38,13.0,7.0,0.48,65.0,1.8415841584158417,152.0,1.32,100.0,4,134.0,-104,1.54,0.23,12.0,0.21,1,8.0,Hard,Buena,victorias,Buena,victorias,player1,False,False,True
10.0518,0.11,1862,85.0,-80.0,1,1707,106.0,0.45,11.0,9.0,0.44,55.0,0.5668449197860963,134.0,1.5,186.0,6,150.0,155,1.27,0.23,17.0,0.24,11,3.0,Hard,Excelente,victorias,Regular,victorias,player1,False,False,True
5.0365,0.26,1850,75.0,92.0,1,1605,100.0,0.53,10.0,10.0,0.45,50.0,11.11111111111111,319.0,1.42,8.0,8,152.0,245,1.2,0.27,15.0,0.27,1,5.0,Hard,Excelente,victorias,Regular,victorias,player1,False,False,True
10.7936,0.24,1610,40.0,6.0,3,1672,106.0,0.44,12.0,8.0,0.45,60.0,1.0495049504950495,152.0,1.18,100.0,9,150.0,-62,1.28,0.27,8.0,0.26,1,12.0,Hard,Regular,victorias,Buena,victorias,player2,False,False,True
10.03,0.0,1666,55.0,-118.0,0,1573,100.0,0.4,10.0,10.0,0.37,50.0,0.45662100456621,130.0,1.32,218.0,3,152.0,93,1.3,0.24,11.0,0.23,1,9.0,Hard,Regular,victorias,Regular,victorias,player1,False,False,True
7.0061,0.06,1667,55.0,-21.0,2,1672,100.0,0.44,13.0,7.0,0.43,65.0,0.819672131147541,146.0,1.27,121.0,7,152.0,-5,1.31,0.12,11.0,0.17,1,9.0,Hard,Regular,victorias,Buena,victorias,player2,False,False,True
9.2849,0.12,1719,70.0,6.0,3,1609,106.0,0.41,9.0,11.0,0.43,45.0,1.0495049504950495,152.0,1.38,100.0,4,150.0,110,1.27,0.22,14.0,0.14,1,6.0,Hard,Buena,victorias,Regular,victorias,player2,False,False,True
0.0,0.0,1581,50.0,129.0,0,1598,153.0,0.43,10.0,10.0,0.39,50.0,6.12,217.0,1.33,24.0,2,139.0,-17,1.33,0.0,10.0,0.27,1,10.0,Hard,Regular,victorias,Regular,victorias,player1,False,False,True
0.0,0.12,1543,42.1,54.0,1,1513,106.0,0.35,7.0,13.0,0.35,35.0,2.0,176.0,1.27,52.0,2,150.0,30,1.27,0.15,8.0,0.16,1,11.0,Hard,Regular,victorias,Mala,victorias,player2,False,False,True
0.0,0.08,1595,55.0,6.0,3,1615,106.0,0.4,10.0,10.0,0.45,50.0,1.0495049504950495,152.0,1.33,100.0,2,150.0,-20,1.35,0.21,11.0,0.22,1,9.0,Hard,Regular,victorias,Regular,victorias,player1,False,False,True
10.0447,0.22,1434,10.0,82.0,1,1729,106.0,0.35,14.0,6.0,0.43,70.0,4.24,217.0,0.94,24.0,5,150.0,-295,1.37,0.21,2.0,0.16,1,18.0,Hard,Mala,victorias,Buena,victorias,player2,False,False,True
0.9999999999999998,0.19,1699,65.0,-44.0,2,1663,8.0,0.51,9.0,11.0,0.5,45.0,0.1509433962264151,176.0,1.36,52.0,5,319.0,36,1.27,0.27,13.0,0.27,1,7.0,Hard,Buena,victorias,Regular,victorias,player2,False,False,True
15.0418,0.0,1746,60.0,-44.0,2,1731,8.0,0.53,13.0,7.0,0.47,65.0,0.1509433962264151,176.0,1.31,52.0,3,319.0,15,1.37,0.26,12.0,0.26,1,8.0,Hard,Buena,victorias,Buena,victorias,player1,False,False,True
2.5121,0.12,1758,75.0,0.0,3,1653,52.0,0.47,10.0,10.0,0.45,50.0,0.9811320754716981,176.0,1.39,52.0,4,176.0,105,1.3,0.23,15.0,0.27,1,5.0,Hard,Excelente,victorias,Regular,victorias,player2,False,False,True
0.0,0.19,1758,75.0,-100.0,1,1756,100.0,0.48,16.0,4.0,0.45,80.0,0.4975124378109453,132.0,1.4,200.0,6,152.0,2,1.37,0.26,15.0,0.27,1,5.0,Hard,Excelente,victorias,Excelente,victorias,player1,False,False,True
0.0,0.0,1673,50.0,173.0,0,1561,181.0,0.4,7.0,13.0,0.47,35.0,20.11111111111111,319.0,1.34,8.0,1,135.0,112,1.26,0.27,10.0,0.25,1,10.0,Hard,Regular,victorias,Mala,victorias,player2,False,False,True
0.0,0.15,1489,30.0,0.0,3,1755,52.0,0.42,12.0,8.0,0.47,60.0,0.9811320754716981,176.0,1.19,52.0,2,176.0,-266,1.39,0.26,6.0,0.27,1,14.0,Hard,Mala,victorias,Buena,victorias,player2,False,False,True
8.2623,0.22,1618,45.0,0.0,3,1685,52.0,0.42,11.0,9.0,0.46,55.0,0.9811320754716981,176.0,1.21,52.0,9,176.0,-67,1.26,0.27,9.0,0.26,1,11.0,Hard,Regular,victorias,Regular,victorias,player1,False,False,True
5.0457,0.5,1741,60.0,18.0,2,1712,157.0,0.55,13.0,7.0,0.52,65.0,1.1214285714285714,142.0,1.41,139.0,2,138.0,29,1.39,0.27,12.0,0.27,1,8.0,Clay,Buena,victorias,Buena,victorias,player1,True,False,False
6.5945,0.25,1541,42.9,0.0,3,1644,157.0,0.53,10.0,10.0,0.47,50.0,0.9936708860759493,138.0,1.29,157.0,2,138.0,-103,1.33,0.27,3.0,0.22,1,4.0,Clay,Regular,victorias,Regular,victorias,player2,True,False,False
0.0,0.21,1646,40.0,0.0,3,1595,157.0,0.49,9.0,11.0,0.45,45.0,0.9936708860759493,138.0,1.29,157.0,3,138.0,51,1.28,0.27,8.0,0.27,1,12.0,Clay,Regular,victorias,Regular,victorias,player2,True,False,False
30.0529,0.0,1677,65.0,0.0,3,1670,157.0,0.51,12.0,8.0,0.39,60.0,0.9936708860759493,138.0,1.41,157.0,1,138.0,7,1.42,0.22,13.0,0.27,1,7.0,Clay,Buena,victorias,Buena,victorias,player2,True,False,False
0.0,0.62,1556,30.0,95.0,1,1547,157.0,0.41,7.0,13.0,0.55,35.0,2.492063492063492,169.0,1.19,62.0,5,138.0,9,1.22,0.27,6.0,0.26,1,14.0,Clay,Mala,victorias,Mala,victorias,player1,True,False,False
0.0,0.28,1513,41.7,-10.0,3,1597,81.0,0.38,11.0,9.0,0.49,55.0,0.8804347826086957,155.0,1.31,91.0,1,159.0,-84,1.37,0.27,5.0,0.16,1,7.0,Clay,Regular,victorias,Regular,victorias,player2,True,False,False
0.0,0.25,1477,35.0,101.0,0,1676,182.0,0.26,12.0,8.0,0.36,60.0,2.2195121951219514,159.0,1.26,81.0,1,134.0,-199,1.39,0.26,7.0,0.21,1,13.0,Clay,Mala,victorias,Buena,victorias,player2,True,False,False
0.0,0.0,1769,75.0,19.0,2,1530,81.0,0.53,5.0,6.0,0.38,45.5,1.2857142857142858,169.0,1.49,62.0,1,159.0,239,1.28,0.17,15.0,0.26,1,5.0,Clay,Excelente,victorias,Regular,victorias,player1,True,False,False
0.0,0.0,1756,70.0,-99.0,1,1684,77.0,0.0,11.0,9.0,0.38,55.0,0.4350282485875706,135.0,1.47,176.0,2,161.0,72,1.49,0.14,14.0,0.21,1,6.0,Clay,Buena,victorias,Regular,victorias,player2,True,False,False
6.5109,0.12,1740,70.0,101.0,0,1593,182.0,0.41,11.0,9.0,0.37,55.0,2.2195121951219514,159.0,1.59,81.0,2,134.0,147,1.33,0.21,14.0,0.24,6,6.0,Clay,Buena,victorias,Regular,victorias,player1,True,False,False
0.0,0.23,1445,25.0,101.0,0,1567,182.0,0.33,9.0,11.0,0.39,45.0,2.2195121951219514,159.0,1.19,81.0,1,134.0,-122,1.32,0.17,5.0,0.09,1,15.0,Clay,Mala,victorias,Regular,victorias,player1,True,False,False
5.0172,0.0,1592,55.0,52.0,1,1680,77.0,0.35,11.0,9.0,0.44,55.0,2.9615384615384617,215.0,1.33,25.0,2,161.0,-88,1.37,0.2,11.0,0.0,1,9.0,Clay,Regular,victorias,Regular,victorias,player2,True,False,False
0.0,0.0,1415,18.8,-76.0,1,1587,81.0,0.44,9.0,11.0,0.42,45.0,0.5126582278481012,138.0,1.12,157.0,0,159.0,-172,1.36,0.12,3.0,0.23,1,13.0,Clay,Mala,victorias,Regular,victorias,player2,True,False,False
5.0482,0.0,1573,45.0,-59.0,1,1665,98.0,0.28,14.0,6.0,0.38,70.0,0.620253164556962,138.0,1.29,157.0,3,152.0,-92,1.4,0.15,9.0,0.0,1,11.0,Clay,Regular,victorias,Buena,victorias,player2,True,False,False
14.0422,0.25,1632,50.0,-116.0,0,1603,41.0,0.41,10.0,10.0,0.38,50.0,0.25949367088607594,138.0,1.3,157.0,5,187.0,29,1.26,0.23,10.0,0.0,1,10.0,Clay,Regular,victorias,Regular,victorias,player2,True,False,False
0.0,0.28,1634,55.0,0.0,3,1544,157.0,0.37,6.0,8.0,0.49,42.9,0.9936708860759493,138.0,1.39,157.0,1,138.0,90,1.29,0.21,11.0,0.0,1,9.0,Clay,Regular,victorias,Regular,victorias,player1,True,False,False
0.9999999999999998,0.0,1651,55.0,76.0,1,1591,157.0,0.43,9.0,11.0,0.47,45.0,1.9146341463414633,159.0,1.38,81.0,2,138.0,60,1.29,0.21,11.0,0.0,1,9.0,Clay,Regular,victorias,Regular,victorias,player1,True,False,False
0.0,0.0,1517,30.0,122.0,0,1555,191.0,0.51,8.0,12.0,0.35,40.0,2.7285714285714286,165.0,1.23,69.0,0,133.0,-38,1.3,0.19,3.0,0.23,1,7.0,Hard,Mala,victorias,Regular,victorias,player2,False,False,True
14.0,0.09,1495,30.0,-89.0,1,1602,102.0,0.35,8.0,12.0,0.46,40.0,0.53125,133.0,1.19,191.0,4,151.0,-107,1.25,0.27,6.0,0.26,1,14.0,Hard,Mala,victorias,Regular,victorias,player2,False,False,True
1.2999999999999998,0.11,1730,50.0,86.0,1,1716,110.0,0.57,14.0,6.0,0.42,70.0,4.4,217.0,1.27,24.0,5,149.0,14,1.44,0.22,10.0,0.27,1,10.0,Hard,Regular,victorias,Buena,victorias,player1,False,False,True
0.0,0.07,1558,40.0,0.0,3,1507,93.0,0.38,7.0,13.0,0.37,35.0,0.9893617021276596,154.0,1.29,93.0,1,154.0,51,1.26,0.0,8.0,0.0,1,12.0,Hard,Regular,victorias,Mala,victorias,player2,False,False,True
0.0,0.0,1592,55.0,-30.0,2,1605,200.0,0.34,12.0,8.0,0.42,60.0,0.8658008658008658,129.0,1.38,230.0,0,132.0,-13,1.4,0.09,11.0,0.12,1,9.0,Hard,Regular,victorias,Buena,victorias,player1,False,False,True
6.5725999999999996,0.0,1432,20.0,-113.0,0,1588,52.0,0.34,9.0,11.0,0.41,45.0,0.3132530120481928,137.0,1.13,165.0,1,176.0,-156,1.31,0.23,4.0,0.09,1,16.0,Hard,Mala,victorias,Regular,victorias,player2,False,False,True
0.0,0.0,1423,20.0,-79.0,1,1573,116.0,0.31,10.0,10.0,0.33,50.0,0.5918367346938775,133.0,1.14,195.0,1,147.0,-150,1.34,0.09,4.0,0.22,1,16.0,Hard,Mala,victorias,Regular,victorias,player2,False,False,True
0.0,0.42,1645,55.0,-94.0,1,1708,8.0,0.49,13.0,7.0,0.47,65.0,0.07766990291262135,151.0,1.35,102.0,3,319.0,-63,1.39,0.26,11.0,0.22,1,9.0,Clay,Regular,victorias,Buena,victorias,player2,True,False,False
0.0,0.0,1688,70.0,-3.0,3,1665,154.0,0.47,10.0,10.0,0.51,50.0,0.9746835443037974,138.0,1.41,157.0,3,139.0,23,1.33,0.27,14.0,0.25,1,6.0,Clay,Buena,victorias,Regular,victorias,player1,True,False,False
0.0,0.0,1777,75.0,-42.0,2,1647,41.0,0.42,11.0,9.0,0.43,55.0,0.4880952380952381,158.0,1.45,83.0,1,187.0,130,1.37,0.24,15.0,0.27,1,5.0,Clay,Excelente,victorias,Regular,victorias,player2,True,False,False
3.25,0.0,1571,35.0,108.0,0,1682,191.0,0.35,10.0,10.0,0.51,50.0,2.2738095238095237,158.0,1.25,83.0,2,133.0,-111,1.34,0.27,7.0,0.27,1,13.0,Clay,Mala,victorias,Regular,victorias,player1,True,False,False
0.0,0.0,1590,55.6,101.0,0,1517,176.0,0.5,8.0,12.0,0.51,40.0,2.3157894736842106,162.0,1.41,75.0,0,135.0,73,1.29,0.23,10.0,0.22,1,8.0,Clay,Regular,victorias,Regular,victorias,player1,True,False,False
2.5,0.0,1489,30.0,0.0,3,1494,77.0,0.38,7.0,13.0,0.31,35.0,0.9871794871794872,161.0,1.19,77.0,3,161.0,-5,1.26,0.0,6.0,0.23,1,14.0,Clay,Mala,victorias,Mala,victorias,player2,True,False,False
0.0,0.4,1561,50.0,21.0,2,1635,98.0,0.42,10.0,10.0,0.42,50.0,1.2564102564102564,161.0,1.3,77.0,5,152.0,-74,1.3,0.17,10.0,0.25,1,10.0,Clay,Regular,victorias,Regular,victorias,player2,True,False,False
0.0,0.0,1414,20.0,-68.0,1,1684,98.0,0.43,13.0,7.0,0.0,65.0,0.5868263473053892,137.0,1.14,166.0,1,152.0,-270,1.47,0.13,4.0,0.21,1,16.0,Clay,Mala,victorias,Buena,victorias,player1,True,False,False
0.0,0.29,1468,30.0,45.0,2,1531,77.0,0.43,9.0,11.0,0.39,45.0,2.3333333333333335,200.0,1.2,32.0,2,161.0,-63,1.33,0.18,6.0,0.22,1,14.0,Clay,Mala,victorias,Regular,victorias,player2,True,False,False
0.0,0.0,1785,75.0,59.0,1,1546,81.0,0.47,6.0,14.0,0.41,30.0,3.5217391304347827,223.0,1.62,22.0,1,159.0,239,1.21,0.26,15.0,0.23,6,5.0,Clay,Excelente,victorias,Mala,victorias,player1,True,False,False
0.0,0.26,1690,55.0,-45.0,2,1620,32.0,0.48,10.0,10.0,0.37,50.0,0.41025641025641024,161.0,1.37,77.0,1,200.0,70,1.35,0.25,11.0,0.27,1,9.0,Clay,Regular,victorias,Regular,victorias,player1,True,False,False
0.0,0.0,1726,65.0,59.0,1,1686,157.0,0.58,14.0,6.0,0.42,70.0,1.5858585858585859,152.0,1.46,98.0,2,138.0,40,1.4,0.22,13.0,0.27,1,7.0,Clay,Buena,victorias,Buena,victorias,player2,True,False,False
0.0,0.0,1598,45.0,-132.0,0,1732,39.0,0.47,14.0,6.0,0.44,70.0,0.22674418604651161,136.0,1.34,171.0,0,190.0,-134,1.5,0.26,9.0,0.27,1,11.0,Clay,Regular,victorias,Buena,victorias,player1,True,False,False
12.0391,0.1,1668,55.0,-85.0,1,1703,110.0,0.44,13.0,7.0,0.37,65.0,0.5612244897959183,133.0,1.31,195.0,5,149.0,-35,1.35,0.24,11.0,0.27,1,9.0,Clay,Regular,victorias,Buena,victorias,player1,True,False,False
0.0,0.0,1551,50.0,-38.0,2,1576,157.0,0.38,8.0,12.0,0.41,40.0,0.8010204081632653,133.0,1.36,195.0,0,138.0,-25,1.31,0.21,10.0,0.13,1,10.0,Clay,Regular,victorias,Regular,victorias,player2,True,False,False
0.0,0.26,1519,40.0,10.0,3,1621,91.0,0.38,12.0,8.0,0.39,60.0,1.1097560975609757,159.0,1.27,81.0,1,155.0,-102,1.42,0.21,8.0,0.0,1,12.0,Clay,Regular,victorias,Buena,victorias,player2,True,False,False
5.0363,0.0,1604,55.0,157.0,0,1588,181.0,0.39,10.0,10.0,0.45,50.0,7.24,217.0,1.36,24.0,1,135.0,16,1.34,0.27,11.0,0.0,1,9.0,Clay,Regular,victorias,Regular,victorias,player1,True,False,False
0.0,0.0,1586,55.0,-35.0,2,1531,98.0,0.37,1.0,0.0,0.0,100.0,0.7313432835820896,143.0,1.39,133.0,0,152.0,55,1.54,0.0,11.0,0.0,1,9.0,Clay,Regular,victorias,Excelente,victorias,player1,True,False,False
3.2588,0.0,1616,50.0,0.0,3,1492,167.0,0.39,6.0,14.0,0.31,30.0,0.9940476190476191,137.0,1.33,167.0,2,137.0,124,1.21,0.0,10.0,0.0,1,10.0,Clay,Regular,victorias,Mala,victorias,player1,True,False,False
0.0,0.0,1472,40.0,-135.0,0,1444,41.0,0.29,5.0,15.0,0.27,25.0,0.23163841807909605,135.0,1.3,176.0,1,187.0,28,1.19,0.09,8.0,0.15,1,12.0,Clay,Regular,victorias,Mala,victorias,player1,True,False,False
0.0,0.0,1503,35.0,22.0,2,1661,47.0,0.36,11.0,9.0,0.41,55.0,1.8076923076923077,215.0,1.23,25.0,2,181.0,-158,1.38,0.2,7.0,0.0,1,13.0,Clay,Mala,victorias,Regular,victorias,player2,True,False,False
0.0,0.23,1527,35.0,90.0,1,1747,98.0,0.41,14.0,6.0,0.42,70.0,10.88888888888889,319.0,1.22,8.0,3,152.0,-220,1.59,0.0,7.0,0.19,1,13.0,Clay,Mala,victorias,Buena,victorias,player2,True,False,False
5.0434,0.09,1652,55.0,47.0,2,1716,145.0,0.43,14.0,6.0,0.42,70.0,1.4646464646464648,152.0,1.38,98.0,2,140.0,-64,1.44,0.0,11.0,0.22,2,9.0,Clay,Regular,victorias,Buena,victorias,player2,True,False,False
5.0407,0.31,1692,70.0,-97.0,1,1702,98.0,0.38,13.0,7.0,0.45,65.0,0.5,133.0,1.42,195.0,3,152.0,-10,1.41,0.09,14.0,0.21,2,6.0,Clay,Buena,victorias,Buena,victorias,player2,True,False,False
7.0427,0.25,1757,75.0,57.0,1,1761,98.0,0.37,14.0,6.0,0.44,70.0,2.3333333333333335,187.0,1.57,41.0,4,152.0,-4,1.41,0.12,15.0,0.0,7,5.0,Clay,Excelente,victorias,Buena,victorias,player1,True,False,False
9.0402,0.0,1655,45.0,-137.0,0,1580,63.0,0.46,9.0,11.0,0.46,45.0,0.31343283582089554,132.0,1.32,200.0,2,168.0,75,1.28,0.26,9.0,0.27,1,11.0,Clay,Regular,victorias,Regular,victorias,player2,True,False,False
30.0116,0.25,1740,70.0,-1.0,3,1694,181.0,0.38,12.0,8.0,0.45,60.0,0.9890710382513661,134.0,1.37,182.0,4,135.0,46,1.37,0.27,14.0,0.27,1,6.0,Clay,Buena,victorias,Buena,victorias,player1,True,False,False
0.0,0.0,1732,70.0,-41.0,2,1529,140.0,0.45,8.0,12.0,0.5,40.0,0.7692307692307693,135.0,1.47,181.0,0,141.0,203,1.29,0.25,14.0,0.27,1,6.0,Clay,Buena,victorias,Regular,victorias,player1,True,False,False
5.0466,0.0,1593,50.0,102.0,0,1764,200.0,0.44,14.0,6.0,0.42,70.0,2.0202020202020203,152.0,1.28,98.0,2,132.0,-171,1.56,0.24,10.0,0.27,1,10.0,Clay,Regular,victorias,Buena,victorias,player1,True,False,False
7.5429,0.27,1702,55.0,19.0,2,1675,200.0,0.52,12.0,8.0,0.42,60.0,1.098901098901099,135.0,1.33,181.0,4,132.0,27,1.35,0.22,11.0,0.25,1,9.0,Clay,Regular,victorias,Buena,victorias,player2,True,False,False
2.5,0.0,1729,70.0,-19.0,2,1658,22.0,0.62,10.0,10.0,0.53,50.0,0.5238095238095238,187.0,1.4,41.0,1,223.0,71,1.32,0.25,14.0,0.27,1,6.0,Clay,Buena,victorias,Regular,victorias,player2,True,False,False
5.0276,0.0,1529,25.0,-19.0,2,1739,157.0,0.64,13.0,7.0,0.66,65.0,0.8870056497175142,135.0,1.12,176.0,3,138.0,-210,1.37,0.27,5.0,0.27,1,15.0,Clay,Mala,victorias,Buena,victorias,player2,True,False,False
5.031,0.0,1654,65.0,113.0,0,1569,190.0,0.41,10.0,10.0,0.35,50.0,2.4358974358974357,161.0,1.4,77.0,1,133.0,85,1.33,0.0,13.0,0.12,1,7.0,Hard,Buena,victorias,Regular,victorias,player1,False,False,True
0.0,0.09,1692,65.0,45.0,2,1633,176.0,0.43,12.0,8.0,0.41,60.0,1.3333333333333333,143.0,1.41,131.0,1,135.0,59,1.39,0.15,13.0,0.2,1,7.0,Hard,Buena,victorias,Buena,victorias,player1,False,False,True
5.0188,0.0,1553,40.0,103.0,0,1550,197.0,0.37,8.0,12.0,0.35,40.0,2.0736842105263156,154.0,1.28,94.0,1,132.0,3,1.28,0.0,8.0,0.16,1,12.0,Hard,Regular,victorias,Regular,victorias,player1,False,False,True
0.0,0.28,1565,55.0,0.0,3,1678,154.0,0.37,12.0,8.0,0.46,60.0,0.9935483870967742,139.0,1.37,154.0,1,139.0,-113,1.39,0.24,11.0,0.16,1,9.0,Clay,Regular,victorias,Buena,victorias,player2,True,False,False
0.0,0.28,1565,55.0,0.0,3,1678,154.0,0.37,12.0,8.0,0.46,60.0,0.9935483870967742,139.0,1.37,154.0,1,139.0,-113,1.39,0.24,11.0,0.16,1,9.0,Clay,Regular,victorias,Buena,victorias,player2,True,False,False
7.5311,0.04,1953,70.0,-15.0,2,1821,62.0,0.0,13.0,7.0,0.71,65.0,0.7948717948717948,161.0,1.69,77.0,6,169.0,132,1.68,0.27,14.0,0.27,1,6.0,Grass,Buena,victorias,Buena,victorias,player1,False,True,False
95.8259,0.06,2051,75.0,114.0,0,1790,195.0,0.0,8.0,12.0,0.51,40.0,2.3780487804878048,159.0,1.68,81.0,10,133.0,261,1.35,0.27,15.0,0.27,1,5.0,Grass,Excelente,victorias,Regular,victorias,player1,False,True,False
0.0,0.0,1767,70.0,168.0,0,1681,176.0,0.49,13.0,7.0,0.4,65.0,19.555555555555557,319.0,1.6,8.0,0,135.0,86,1.47,0.2,14.0,0.21,6,6.0,Hard,Buena,victorias,Buena,victorias,player1,False,False,True
2.5,0.0,1693,65.0,-45.0,2,1650,155.0,0.43,11.0,9.0,0.43,55.0,0.7711442786069652,132.0,1.41,200.0,1,139.0,43,1.37,0.16,13.0,0.18,1,7.0,Hard,Buena,victorias,Regular,victorias,player1,False,False,True
16.5403,0.25,1571,40.0,21.0,2,1709,176.0,0.42,13.0,7.0,0.41,65.0,1.1282051282051282,139.0,1.15,155.0,9,135.0,-138,1.29,0.09,8.0,0.0,1,12.0,Hard,Regular,victorias,Buena,victorias,player2,False,False,True
0.0,0.1,1842,85.0,43.0,2,1642,182.0,0.45,11.0,9.0,0.41,55.0,1.3,142.0,1.57,139.0,4,134.0,200,1.31,0.22,17.0,0.0,11,3.0,Hard,Excelente,victorias,Regular,victorias,player2,False,False,True
0.0,0.1,1842,85.0,43.0,2,1642,182.0,0.45,11.0,9.0,0.41,55.0,1.3,142.0,1.57,139.0,4,134.0,200,1.31,0.22,17.0,0.0,11,3.0,Hard,Excelente,victorias,Regular,victorias,player2,False,False,True
13.8284,0.08,1729,35.0,-109.0,0,1886,91.0,0.51,12.0,8.0,0.7,60.0,0.4527363184079602,132.0,1.32,200.0,9,155.0,-157,1.57,0.27,7.0,0.27,1,13.0,Grass,Mala,victorias,Buena,victorias,player2,False,True,False
33.42660000000001,0.1,1928,65.0,0.0,3,1781,200.0,0.73,11.0,9.0,0.0,55.0,0.9950248756218906,132.0,1.71,200.0,11,132.0,147,1.4,0.27,13.0,0.27,5,7.0,Grass,Buena,victorias,Regular,victorias,player1,False,True,False
5.0409,0.18,1751,80.0,0.0,3,1664,176.0,0.44,11.0,9.0,0.41,55.0,0.9943502824858758,135.0,1.46,176.0,4,135.0,87,1.34,0.0,16.0,0.09,2,4.0,Clay,Excelente,victorias,Regular,victorias,player1,True,False,False
11.5465,0.31,1607,45.0,37.0,2,1650,176.0,0.39,11.0,9.0,0.43,55.0,1.2571428571428571,142.0,1.3,139.0,6,135.0,-43,1.3,0.16,9.0,0.0,2,11.0,Clay,Regular,victorias,Regular,victorias,player2,True,False,False
5.0479,0.0,1736,65.0,0.0,3,1431,176.0,0.44,3.0,14.0,0.39,17.6,0.9943502824858758,135.0,1.45,176.0,1,135.0,305,0.99,0.09,13.0,0.16,2,7.0,Clay,Buena,victorias,Mala,derrotas,player1,True,False,False
6.617,0.0,1482,25.0,99.0,1,1511,176.0,0.26,7.0,13.0,0.45,35.0,2.2564102564102564,161.0,1.11,77.0,1,135.0,-29,1.3,0.21,1.0,0.0,-1,3.0,Clay,Mala,derrotas,Mala,victorias,player2,True,False,False
13.843300000000001,0.03,1774,60.0,-9.0,3,1856,182.0,0.48,13.0,7.0,0.65,65.0,0.9479166666666666,133.0,1.64,191.0,6,134.0,-82,1.71,0.27,12.0,0.27,3,8.0,Grass,Buena,victorias,Buena,victorias,player1,False,True,False
0.0,0.22,1610,64.3,0.0,3,1685,77.0,0.48,13.0,7.0,0.48,65.0,0.9871794871794872,161.0,1.45,77.0,1,161.0,-75,1.41,0.12,9.0,0.13,4,5.0,Clay,Buena,victorias,Buena,victorias,player1,True,False,False
3.8,-0.0,1813,80.0,150.0,0,1686,197.0,0.0,11.0,9.0,0.49,55.0,4.104166666666667,181.0,1.73,47.0,3,132.0,127,1.63,0.27,16.0,0.16,2,4.0,Grass,Excelente,victorias,Regular,victorias,player1,False,True,False
7.0469,0.02,1698,25.0,-36.0,2,1744,41.0,0.58,13.0,7.0,0.51,65.0,0.5256410256410257,161.0,1.41,77.0,5,187.0,-46,1.63,0.27,5.0,0.27,2,15.0,Grass,Mala,victorias,Buena,victorias,player2,False,True,False
0.0,-0.0,1760,60.0,-6.0,3,1747,77.0,0.0,14.0,6.0,0.44,70.0,0.9166666666666666,158.0,1.63,83.0,2,161.0,13,1.78,0.24,12.0,0.27,2,8.0,Grass,Buena,victorias,Buena,victorias,player1,False,True,False
8.049999999999999,0.0,1721,55.0,-151.0,0,1690,25.0,0.54,12.0,8.0,0.59,60.0,0.14124293785310735,135.0,1.32,176.0,4,215.0,31,1.34,0.27,11.0,0.27,2,9.0,Clay,Regular,victorias,Buena,victorias,player1,True,False,False
7.5446,0.35,1729,65.0,-51.0,1,1642,167.0,0.63,11.0,9.0,0.49,55.0,0.7625570776255708,130.0,1.37,218.0,5,137.0,87,1.33,0.27,13.0,0.27,2,7.0,Clay,Buena,victorias,Regular,victorias,player1,True,False,False
6.5471,0.0,1791,85.0,-59.0,1,1669,22.0,0.54,10.0,10.0,0.59,50.0,0.2682926829268293,159.0,1.51,81.0,1,223.0,122,1.4,0.15,17.0,0.25,2,3.0,Clay,Excelente,victorias,Regular,victorias,player1,True,False,False
5.0351,0.0,1644,55.0,59.0,1,1631,98.0,0.54,11.0,9.0,0.55,55.0,2.45,190.0,1.36,39.0,2,152.0,13,1.36,0.26,11.0,0.18,2,9.0,Clay,Regular,victorias,Regular,victorias,player1,True,False,False
0.0,0.0,1794,60.0,-146.0,0,1795,8.0,0.54,15.0,5.0,0.47,75.0,0.05161290322580645,139.0,1.35,154.0,2,319.0,-1,1.5,0.27,12.0,0.27,1,8.0,Hard,Buena,victorias,Excelente,victorias,player2,False,False,True
0.0,0.04,1719,50.0,38.0,2,1577,62.0,0.48,9.0,11.0,0.44,45.0,2.48,217.0,1.38,24.0,1,169.0,142,1.27,0.27,10.0,0.27,1,10.0,Hard,Regular,victorias,Regular,victorias,player1,False,False,True
0.0,-0.0,1560,30.0,-82.0,1,1699,100.0,0.44,12.0,8.0,0.6,60.0,0.546448087431694,134.0,1.46,182.0,3,152.0,-139,1.75,0.27,6.0,0.27,2,14.0,Grass,Mala,victorias,Buena,victorias,player2,False,True,False
0.0,0.0,1512,35.0,105.0,0,1619,186.0,0.4,11.0,9.0,0.38,55.0,2.268292682926829,159.0,1.26,81.0,1,134.0,-107,1.37,0.09,7.0,0.16,1,13.0,Clay,Mala,victorias,Regular,victorias,player1,True,False,False
0.0,0.0,1595,53.3,5.0,3,1562,81.0,0.0,10.0,10.0,0.34,50.0,1.051948051948052,161.0,1.38,76.0,0,159.0,33,1.36,0.16,8.0,0.09,1,7.0,Clay,Regular,victorias,Regular,victorias,player1,True,False,False
0.0,0.0,1625,55.6,0.0,3,1529,200.0,0.52,8.0,12.0,0.43,40.0,0.9950248756218906,132.0,1.38,200.0,0,132.0,96,1.21,0.23,10.0,0.23,-1,8.0,Hard,Regular,derrotas,Regular,derrotas,player1,False,False,True
33.5312,0.05,1597,30.0,0.0,3,1557,100.0,0.44,9.0,11.0,0.39,45.0,0.9900990099009901,152.0,1.08,100.0,7,152.0,40,1.2,0.14,6.0,0.22,1,14.0,Hard,Mala,victorias,Regular,victorias,player1,False,False,True
12.2961,0.0,1566,45.0,-135.0,0,1662,100.0,0.37,12.0,8.0,0.4,60.0,0.423728813559322,128.0,1.25,235.0,4,152.0,-96,1.36,0.12,9.0,0.21,1,11.0,Hard,Regular,victorias,Buena,victorias,player1,False,False,True
8.2795,0.04,1660,55.0,-76.0,1,1480,24.0,0.42,7.0,13.0,0.36,35.0,0.2376237623762376,152.0,1.34,100.0,4,217.0,180,1.19,0.13,11.0,0.09,1,9.0,Hard,Regular,victorias,Mala,victorias,player1,False,False,True
6.5415,0.0,1699,60.0,-76.0,1,1675,24.0,0.42,13.0,7.0,0.42,65.0,0.2376237623762376,152.0,1.36,100.0,1,217.0,24,1.42,0.09,12.0,0.27,1,8.0,Hard,Buena,victorias,Buena,victorias,player1,False,False,True
6.5328,0.0,1691,65.0,6.0,3,1685,106.0,0.41,12.0,8.0,0.42,60.0,1.0495049504950495,152.0,1.55,100.0,3,150.0,6,1.32,0.14,13.0,0.22,6,7.0,Hard,Buena,victorias,Buena,victorias,player2,False,False,True
0.0132,0.23,1715,65.0,-100.0,1,1640,100.0,0.41,11.0,9.0,0.43,55.0,0.4975124378109453,132.0,1.38,200.0,6,152.0,75,1.29,0.19,13.0,0.0,1,7.0,Hard,Buena,victorias,Regular,victorias,player2,False,False,True
5.0341,0.13,1649,55.0,0.0,3,1639,100.0,0.42,12.0,8.0,0.39,60.0,0.9900990099009901,152.0,1.31,100.0,3,152.0,10,1.37,0.13,11.0,0.17,1,9.0,Hard,Regular,victorias,Buena,victorias,player2,False,False,True
0.0,0.0,1493,35.0,0.0,3,1462,100.0,0.2,2.0,6.0,0.2,25.0,0.9900990099009901,152.0,1.27,100.0,0,152.0,31,1.19,0.0,7.0,0.2,1,13.0,Hard,Mala,victorias,Mala,victorias,player2,False,False,True
19.0258,0.12,1555,35.0,6.0,3,1475,106.0,0.38,6.0,14.0,0.31,30.0,1.0495049504950495,152.0,1.16,100.0,7,150.0,80,1.13,0.18,7.0,0.21,1,13.0,Hard,Mala,victorias,Mala,victorias,player1,False,False,True
0.0,0.09,1441,26.3,-86.0,1,1619,100.0,0.28,10.0,10.0,0.39,50.0,0.5347593582887701,134.0,1.17,186.0,1,152.0,-178,1.36,0.23,5.0,0.17,1,14.0,Hard,Mala,victorias,Regular,victorias,player1,False,False,True
12.5451,0.0,1585,40.0,-48.0,2,1498,52.0,0.5,1.0,2.0,0.0,33.3,0.5148514851485149,152.0,1.26,100.0,1,176.0,87,1.26,0.14,8.0,0.27,1,12.0,Hard,Regular,victorias,Mala,victorias,player1,False,False,True
0.0,0.2,1583,50.0,21.0,2,1702,121.0,0.39,14.0,6.0,0.48,70.0,1.198019801980198,152.0,1.28,100.0,4,146.0,-119,1.41,0.27,10.0,0.25,1,10.0,Hard,Regular,victorias,Buena,victorias,player2,False,False,True
8.285,0.0,1543,45.0,6.0,3,1653,106.0,0.37,9.0,11.0,0.48,45.0,1.0495049504950495,152.0,1.3,100.0,2,150.0,-110,1.3,0.27,9.0,0.12,1,11.0,Hard,Regular,victorias,Regular,victorias,player2,False,False,True
12.5425,0.0,1674,55.0,-40.0,2,1625,100.0,0.48,10.0,10.0,0.39,50.0,0.7092198581560284,141.0,1.34,140.0,2,152.0,49,1.32,0.22,11.0,0.26,1,9.0,Hard,Regular,victorias,Regular,victorias,player2,False,False,True
5.0429,0.21,1619,55.0,0.0,3,1659,100.0,0.46,11.0,9.0,0.42,55.0,0.9900990099009901,152.0,1.31,100.0,5,152.0,-40,1.31,0.24,11.0,0.25,1,9.0,Hard,Regular,victorias,Regular,victorias,player1,False,False,True
5.0435,0.17,1642,60.0,86.0,1,1746,186.0,0.38,13.0,7.0,0.48,65.0,1.8415841584158417,152.0,1.32,100.0,4,134.0,-104,1.54,0.23,12.0,0.21,1,8.0,Hard,Buena,victorias,Buena,victorias,player1,False,False,True
10.0518,0.11,1862,85.0,-80.0,1,1707,106.0,0.45,11.0,9.0,0.44,55.0,0.5668449197860963,134.0,1.5,186.0,6,150.0,155,1.27,0.23,17.0,0.24,11,3.0,Hard,Excelente,victorias,Regular,victorias,player1,False,False,True
5.0365,0.26,1850,75.0,92.0,1,1605,100.0,0.53,10.0,10.0,0.45,50.0,11.11111111111111,319.0,1.42,8.0,8,152.0,245,1.2,0.27,15.0,0.27,1,5.0,Hard,Excelente,victorias,Regular,victorias,player1,False,False,True
10.7936,0.24,1610,40.0,6.0,3,1672,106.0,0.44,12.0,8.0,0.45,60.0,1.0495049504950495,152.0,1.18,100.0,9,150.0,-62,1.28,0.27,8.0,0.26,1,12.0,Hard,Regular,victorias,Buena,victorias,player2,False,False,True
10.03,0.0,1666,55.0,-118.0,0,1573,100.0,0.4,10.0,10.0,0.37,50.0,0.45662100456621,130.0,1.32,218.0,3,152.0,93,1.3,0.24,11.0,0.23,1,9.0,Hard,Regular,victorias,Regular,victorias,player1,False,False,True
7.0061,0.06,1667,55.0,-21.0,2,1672,100.0,0.44,13.0,7.0,0.43,65.0,0.819672131147541,146.0,1.27,121.0,7,152.0,-5,1.31,0.12,11.0,0.17,1,9.0,Hard,Regular,victorias,Buena,victorias,player2,False,False,True
9.2849,0.12,1719,70.0,6.0,3,1609,106.0,0.41,9.0,11.0,0.43,45.0,1.0495049504950495,152.0,1.38,100.0,4,150.0,110,1.27,0.22,14.0,0.14,1,6.0,Hard,Buena,victorias,Regular,victorias,player2,False,False,True
0.0,0.0,1581,50.0,129.0,0,1598,153.0,0.43,10.0,10.0,0.39,50.0,6.12,217.0,1.33,24.0,2,139.0,-17,1.33,0.0,10.0,0.27,1,10.0,Hard,Regular,victorias,Regular,victorias,player1,False,False,True
0.0,0.12,1543,42.1,54.0,1,1513,106.0,0.35,7.0,13.0,0.35,35.0,2.0,176.0,1.27,52.0,2,150.0,30,1.27,0.15,8.0,0.16,1,11.0,Hard,Regular,victorias,Mala,victorias,player2,False,False,True
0.0,0.08,1595,55.0,6.0,3,1615,106.0,0.4,10.0,10.0,0.45,50.0,1.0495049504950495,152.0,1.33,100.0,2,150.0,-20,1.35,0.21,11.0,0.22,1,9.0,Hard,Regular,victorias,Regular,victorias,player1,False,False,True
10.0447,0.22,1434,10.0,82.0,1,1729,106.0,0.35,14.0,6.0,0.43,70.0,4.24,217.0,0.94,24.0,5,150.0,-295,1.37,0.21,2.0,0.16,1,18.0,Hard,Mala,victorias,Buena,victorias,player2,False,False,True
0.9999999999999998,0.19,1699,65.0,-44.0,2,1663,8.0,0.51,9.0,11.0,0.5,45.0,0.1509433962264151,176.0,1.36,52.0,5,319.0,36,1.27,0.27,13.0,0.27,1,7.0,Hard,Buena,victorias,Regular,victorias,player2,False,False,True
15.0418,0.0,1746,60.0,-44.0,2,1731,8.0,0.53,13.0,7.0,0.47,65.0,0.1509433962264151,176.0,1.31,52.0,3,319.0,15,1.37,0.26,12.0,0.26,1,8.0,Hard,Buena,victorias,Buena,victorias,player1,False,False,True
2.5121,0.12,1758,75.0,0.0,3,1653,52.0,0.47,10.0,10.0,0.45,50.0,0.9811320754716981,176.0,1.39,52.0,4,176.0,105,1.3,0.23,15.0,0.27,1,5.0,Hard,Excelente,victorias,Regular,victorias,player2,False,False,True
0.0,0.19,1758,75.0,-100.0,1,1756,100.0,0.48,16.0,4.0,0.45,80.0,0.4975124378109453,132.0,1.4,200.0,6,152.0,2,1.37,0.26,15.0,0.27,1,5.0,Hard,Excelente,victorias,Excelente,victorias,player1,False,False,True
0.0,0.0,1673,50.0,173.0,0,1561,181.0,0.4,7.0,13.0,0.47,35.0,20.11111111111111,319.0,1.34,8.0,1,135.0,112,1.26,0.27,10.0,0.25,1,10.0,Hard,Regular,victorias,Mala,victorias,player2,False,False,True
0.0,0.15,1489,30.0,0.0,3,1755,52.0,0.42,12.0,8.0,0.47,60.0,0.9811320754716981,176.0,1.19,52.0,2,176.0,-266,1.39,0.26,6.0,0.27,1,14.0,Hard,Mala,victorias,Buena,victorias,player2,False,False,True
8.2623,0.22,1618,45.0,0.0,3,1685,52.0,0.42,11.0,9.0,0.46,55.0,0.9811320754716981,176.0,1.21,52.0,9,176.0,-67,1.26,0.27,9.0,0.26,1,11.0,Hard,Regular,victorias,Regular,victorias,player1,False,False,True
5.0457,0.5,1741,60.0,18.0,2,1712,157.0,0.55,13.0,7.0,0.52,65.0,1.1214285714285714,142.0,1.41,139.0,2,138.0,29,1.39,0.27,12.0,0.27,1,8.0,Clay,Buena,victorias,Buena,victorias,player1,True,False,False
6.5945,0.25,1541,42.9,0.0,3,1644,157.0,0.53,10.0,10.0,0.47,50.0,0.9936708860759493,138.0,1.29,157.0,2,138.0,-103,1.33,0.27,3.0,0.22,1,4.0,Clay,Regular,victorias,Regular,victorias,player2,True,False,False
0.0,0.21,1646,40.0,0.0,3,1595,157.0,0.49,9.0,11.0,0.45,45.0,0.9936708860759493,138.0,1.29,157.0,3,138.0,51,1.28,0.27,8.0,0.27,1,12.0,Clay,Regular,victorias,Regular,victorias,player2,True,False,False
30.0529,0.0,1677,65.0,0.0,3,1670,157.0,0.51,12.0,8.0,0.39,60.0,0.9936708860759493,138.0,1.41,157.0,1,138.0,7,1.42,0.22,13.0,0.27,1,7.0,Clay,Buena,victorias,Buena,victorias,player2,True,False,False
0.0,0.62,1556,30.0,95.0,1,1547,157.0,0.41,7.0,13.0,0.55,35.0,2.492063492063492,169.0,1.19,62.0,5,138.0,9,1.22,0.27,6.0,0.26,1,14.0,Clay,Mala,victorias,Mala,victorias,player1,True,False,False
0.0,0.28,1513,41.7,-10.0,3,1597,81.0,0.38,11.0,9.0,0.49,55.0,0.8804347826086957,155.0,1.31,91.0,1,159.0,-84,1.37,0.27,5.0,0.16,1,7.0,Clay,Regular,victorias,Regular,victorias,player2,True,False,False
0.0,0.25,1477,35.0,101.0,0,1676,182.0,0.26,12.0,8.0,0.36,60.0,2.2195121951219514,159.0,1.26,81.0,1,134.0,-199,1.39,0.26,7.0,0.21,1,13.0,Clay,Mala,victorias,Buena,victorias,player2,True,False,False
0.0,0.0,1769,75.0,19.0,2,1530,81.0,0.53,5.0,6.0,0.38,45.5,1.2857142857142858,169.0,1.49,62.0,1,159.0,239,1.28,0.17,15.0,0.26,1,5.0,Clay,Excelente,victorias,Regular,victorias,player1,True,False,False
0.0,0.0,1756,70.0,-99.0,1,1684,77.0,0.0,11.0,9.0,0.38,55.0,0.4350282485875706,135.0,1.47,176.0,2,161.0,72,1.49,0.14,14.0,0.21,1,6.0,Clay,Buena,victorias,Regular,victorias,player2,True,False,False
6.5109,0.12,1740,70.0,101.0,0,1593,182.0,0.41,11.0,9.0,0.37,55.0,2.2195121951219514,159.0,1.59,81.0,2,134.0,147,1.33,0.21,14.0,0.24,6,6.0,Clay,Buena,victorias,Regular,victorias,player1,True,False,False
0.0,0.23,1445,25.0,101.0,0,1567,182.0,0.33,9.0,11.0,0.39,45.0,2.2195121951219514,159.0,1.19,81.0,1,134.0,-122,1.32,0.17,5.0,0.09,1,15.0,Clay,Mala,victorias,Regular,victorias,player1,True,False,False
5.0172,0.0,1592,55.0,52.0,1,1680,77.0,0.35,11.0,9.0,0.44,55.0,2.9615384615384617,215.0,1.33,25.0,2,161.0,-88,1.37,0.2,11.0,0.0,1,9.0,Clay,Regular,victorias,Regular,victorias,player2,True,False,False
0.0,0.0,1415,18.8,-76.0,1,1587,81.0,0.44,9.0,11.0,0.42,45.0,0.5126582278481012,138.0,1.12,157.0,0,159.0,-172,1.36,0.12,3.0,0.23,1,13.0,Clay,Mala,victorias,Regular,victorias,player2,True,False,False
5.0482,0.0,1573,45.0,-59.0,1,1665,98.0,0.28,14.0,6.0,0.38,70.0,0.620253164556962,138.0,1.29,157.0,3,152.0,-92,1.4,0.15,9.0,0.0,1,11.0,Clay,Regular,victorias,Buena,victorias,player2,True,False,False
14.0422,0.25,1632,50.0,-116.0,0,1603,41.0,0.41,10.0,10.0,0.38,50.0,0.25949367088607594,138.0,1.3,157.0,5,187.0,29,1.26,0.23,10.0,0.0,1,10.0,Clay,Regular,victorias,Regular,victorias,player2,True,False,False
0.0,0.28,1634,55.0,0.0,3,1544,157.0,0.37,6.0,8.0,0.49,42.9,0.9936708860759493,138.0,1.39,157.0,1,138.0,90,1.29,0.21,11.0,0.0,1,9.0,Clay,Regular,victorias,Regular,victorias,player1,True,False,False
0.9999999999999998,0.0,1651,55.0,76.0,1,1591,157.0,0.43,9.0,11.0,0.47,45.0,1.9146341463414633,159.0,1.38,81.0,2,138.0,60,1.29,0.21,11.0,0.0,1,9.0,Clay,Regular,victorias,Regular,victorias,player1,True,False,False
0.0,0.0,1517,30.0,122.0,0,1555,191.0,0.51,8.0,12.0,0.35,40.0,2.7285714285714286,165.0,1.23,69.0,0,133.0,-38,1.3,0.19,3.0,0.23,1,7.0,Hard,Mala,victorias,Regular,victorias,player2,False,False,True
14.0,0.09,1495,30.0,-89.0,1,1602,102.0,0.35,8.0,12.0,0.46,40.0,0.53125,133.0,1.19,191.0,4,151.0,-107,1.25,0.27,6.0,0.26,1,14.0,Hard,Mala,victorias,Regular,victorias,player2,False,False,True
1.2999999999999998,0.11,1730,50.0,86.0,1,1716,110.0,0.57,14.0,6.0,0.42,70.0,4.4,217.0,1.27,24.0,5,149.0,14,1.44,0.22,10.0,0.27,1,10.0,Hard,Regular,victorias,Buena,victorias,player1,False,False,True
0.0,0.07,1558,40.0,0.0,3,1507,93.0,0.38,7.0,13.0,0.37,35.0,0.9893617021276596,154.0,1.29,93.0,1,154.0,51,1.26,0.0,8.0,0.0,1,12.0,Hard,Regular,victorias,Mala,victorias,player2,False,False,True
0.0,0.0,1592,55.0,-30.0,2,1605,200.0,0.34,12.0,8.0,0.42,60.0,0.8658008658008658,129.0,1.38,230.0,0,132.0,-13,1.4,0.09,11.0,0.12,1,9.0,Hard,Regular,victorias,Buena,victorias,player1,False,False,True
6.5725999999999996,0.0,1432,20.0,-113.0,0,1588,52.0,0.34,9.0,11.0,0.41,45.0,0.3132530120481928,137.0,1.13,165.0,1,176.0,-156,1.31,0.23,4.0,0.09,1,16.0,Hard,Mala,victorias,Regular,victorias,player2,False,False,True
0.0,0.0,1423,20.0,-79.0,1,1573,116.0,0.31,10.0,10.0,0.33,50.0,0.5918367346938775,133.0,1.14,195.0,1,147.0,-150,1.34,0.09,4.0,0.22,1,16.0,Hard,Mala,victorias,Regular,victorias,player2,False,False,True
0.0,0.42,1645,55.0,-94.0,1,1708,8.0,0.49,13.0,7.0,0.47,65.0,0.07766990291262135,151.0,1.35,102.0,3,319.0,-63,1.39,0.26,11.0,0.22,1,9.0,Clay,Regular,victorias,Buena,victorias,player2,True,False,False
0.0,0.0,1688,70.0,-3.0,3,1665,154.0,0.47,10.0,10.0,0.51,50.0,0.9746835443037974,138.0,1.41,157.0,3,139.0,23,1.33,0.27,14.0,0.25,1,6.0,Clay,Buena,victorias,Regular,victorias,player1,True,False,False
0.0,0.0,1777,75.0,-42.0,2,1647,41.0,0.42,11.0,9.0,0.43,55.0,0.4880952380952381,158.0,1.45,83.0,1,187.0,130,1.37,0.24,15.0,0.27,1,5.0,Clay,Excelente,victorias,Regular,victorias,player2,True,False,False
3.25,0.0,1571,35.0,108.0,0,1682,191.0,0.35,10.0,10.0,0.51,50.0,2.2738095238095237,158.0,1.25,83.0,2,133.0,-111,1.34,0.27,7.0,0.27,1,13.0,Clay,Mala,victorias,Regular,victorias,player1,True,False,False
0.0,0.0,1590,55.6,101.0,0,1517,176.0,0.5,8.0,12.0,0.51,40.0,2.3157894736842106,162.0,1.41,75.0,0,135.0,73,1.29,0.23,10.0,0.22,1,8.0,Clay,Regular,victorias,Regular,victorias,player1,True,False,False
2.5,0.0,1489,30.0,0.0,3,1494,77.0,0.38,7.0,13.0,0.31,35.0,0.9871794871794872,161.0,1.19,77.0,3,161.0,-5,1.26,0.0,6.0,0.23,1,14.0,Clay,Mala,victorias,Mala,victorias,player2,True,False,False
0.0,0.4,1561,50.0,21.0,2,1635,98.0,0.42,10.0,10.0,0.42,50.0,1.2564102564102564,161.0,1.3,77.0,5,152.0,-74,1.3,0.17,10.0,0.25,1,10.0,Clay,Regular,victorias,Regular,victorias,player2,True,False,False
0.0,0.0,1414,20.0,-68.0,1,1684,98.0,0.43,13.0,7.0,0.0,65.0,0.5868263473053892,137.0,1.14,166.0,1,152.0,-270,1.47,0.13,4.0,0.21,1,16.0,Clay,Mala,victorias,Buena,victorias,player1,True,False,False
0.0,0.29,1468,30.0,45.0,2,1531,77.0,0.43,9.0,11.0,0.39,45.0,2.3333333333333335,200.0,1.2,32.0,2,161.0,-63,1.33,0.18,6.0,0.22,1,14.0,Clay,Mala,victorias,Regular,victorias,player2,True,False,False
0.0,0.0,1785,75.0,59.0,1,1546,81.0,0.47,6.0,14.0,0.41,30.0,3.5217391304347827,223.0,1.62,22.0,1,159.0,239,1.21,0.26,15.0,0.23,6,5.0,Clay,Excelente,victorias,Mala,victorias,player1,True,False,False
0.0,0.26,1690,55.0,-45.0,2,1620,32.0,0.48,10.0,10.0,0.37,50.0,0.41025641025641024,161.0,1.37,77.0,1,200.0,70,1.35,0.25,11.0,0.27,1,9.0,Clay,Regular,victorias,Regular,victorias,player1,True,False,False
0.0,0.0,1726,65.0,59.0,1,1686,157.0,0.58,14.0,6.0,0.42,70.0,1.5858585858585859,152.0,1.46,98.0,2,138.0,40,1.4,0.22,13.0,0.27,1,7.0,Clay,Buena,victorias,Buena,victorias,player2,True,False,False
0.0,0.0,1598,45.0,-132.0,0,1732,39.0,0.47,14.0,6.0,0.44,70.0,0.22674418604651161,136.0,1.34,171.0,0,190.0,-134,1.5,0.26,9.0,0.27,1,11.0,Clay,Regular,victorias,Buena,victorias,player1,True,False,False
12.0391,0.1,1668,55.0,-85.0,1,1703,110.0,0.44,13.0,7.0,0.37,65.0,0.5612244897959183,133.0,1.31,195.0,5,149.0,-35,1.35,0.24,11.0,0.27,1,9.0,Clay,Regular,victorias,Buena,victorias,player1,True,False,False
0.0,0.0,1551,50.0,-38.0,2,1576,157.0,0.38,8.0,12.0,0.41,40.0,0.8010204081632653,133.0,1.36,195.0,0,138.0,-25,1.31,0.21,10.0,0.13,1,10.0,Clay,Regular,victorias,Regular,victorias,player2,True,False,False
0.0,0.26,1519,40.0,10.0,3,1621,91.0,0.38,12.0,8.0,0.39,60.0,1.1097560975609757,159.0,1.27,81.0,1,155.0,-102,1.42,0.21,8.0,0.0,1,12.0,Clay,Regular,victorias,Buena,victorias,player2,True,False,False
5.0363,0.0,1604,55.0,157.0,0,1588,181.0,0.39,10.0,10.0,0.45,50.0,7.24,217.0,1.36,24.0,1,135.0,16,1.34,0.27,11.0,0.0,1,9.0,Clay,Regular,victorias,Regular,victorias,player1,True,False,False
0.0,0.0,1586,55.0,-35.0,2,1531,98.0,0.37,1.0,0.0,0.0,100.0,0.7313432835820896,143.0,1.39,133.0,0,152.0,55,1.54,0.0,11.0,0.0,1,9.0,Clay,Regular,victorias,Excelente,victorias,player1,True,False,False
3.2588,0.0,1616,50.0,0.0,3,1492,167.0,0.39,6.0,14.0,0.31,30.0,0.9940476190476191,137.0,1.33,167.0,2,137.0,124,1.21,0.0,10.0,0.0,1,10.0,Clay,Regular,victorias,Mala,victorias,player1,True,False,False
0.0,0.0,1472,40.0,-135.0,0,1444,41.0,0.29,5.0,15.0,0.27,25.0,0.23163841807909605,135.0,1.3,176.0,1,187.0,28,1.19,0.09,8.0,0.15,1,12.0,Clay,Regular,victorias,Mala,victorias,player1,True,False,False
0.0,0.0,1503,35.0,22.0,2,1661,47.0,0.36,11.0,9.0,0.41,55.0,1.8076923076923077,215.0,1.23,25.0,2,181.0,-158,1.38,0.2,7.0,0.0,1,13.0,Clay,Mala,victorias,Regular,victorias,player2,True,False,False
0.0,0.23,1527,35.0,90.0,1,1747,98.0,0.41,14.0,6.0,0.42,70.0,10.88888888888889,319.0,1.22,8.0,3,152.0,-220,1.59,0.0,7.0,0.19,1,13.0,Clay,Mala,victorias,Buena,victorias,player2,True,False,False
5.0434,0.09,1652,55.0,47.0,2,1716,145.0,0.43,14.0,6.0,0.42,70.0,1.4646464646464648,152.0,1.38,98.0,2,140.0,-64,1.44,0.0,11.0,0.22,2,9.0,Clay,Regular,victorias,Buena,victorias,player2,True,False,False
5.0407,0.31,1692,70.0,-97.0,1,1702,98.0,0.38,13.0,7.0,0.45,65.0,0.5,133.0,1.42,195.0,3,152.0,-10,1.41,0.09,14.0,0.21,2,6.0,Clay,Buena,victorias,Buena,victorias,player2,True,False,False
7.0427,0.25,1757,75.0,57.0,1,1761,98.0,0.37,14.0,6.0,0.44,70.0,2.3333333333333335,187.0,1.57,41.0,4,152.0,-4,1.41,0.12,15.0,0.0,7,5.0,Clay,Excelente,victorias,Buena,victorias,player1,True,False,False
9.0402,0.0,1655,45.0,-137.0,0,1580,63.0,0.46,9.0,11.0,0.46,45.0,0.31343283582089554,132.0,1.32,200.0,2,168.0,75,1.28,0.26,9.0,0.27,1,11.0,Clay,Regular,victorias,Regular,victorias,player2,True,False,False
30.0116,0.25,1740,70.0,-1.0,3,1694,181.0,0.38,12.0,8.0,0.45,60.0,0.9890710382513661,134.0,1.37,182.0,4,135.0,46,1.37,0.27,14.0,0.27,1,6.0,Clay,Buena,victorias,Buena,victorias,player1,True,False,False
0.0,0.0,1732,70.0,-41.0,2,1529,140.0,0.45,8.0,12.0,0.5,40.0,0.7692307692307693,135.0,1.47,181.0,0,141.0,203,1.29,0.25,14.0,0.27,1,6.0,Clay,Buena,victorias,Regular,victorias,player1,True,False,False
5.0466,0.0,1593,50.0,102.0,0,1764,200.0,0.44,14.0,6.0,0.42,70.0,2.0202020202020203,152.0,1.28,98.0,2,132.0,-171,1.56,0.24,10.0,0.27,1,10.0,Clay,Regular,victorias,Buena,victorias,player1,True,False,False
7.5429,0.27,1702,55.0,19.0,2,1675,200.0,0.52,12.0,8.0,0.42,60.0,1.098901098901099,135.0,1.33,181.0,4,132.0,27,1.35,0.22,11.0,0.25,1,9.0,Clay,Regular,victorias,Buena,victorias,player2,True,False,False
2.5,0.0,1729,70.0,-19.0,2,1658,22.0,0.62,10.0,10.0,0.53,50.0,0.5238095238095238,187.0,1.4,41.0,1,223.0,71,1.32,0.25,14.0,0.27,1,6.0,Clay,Buena,victorias,Regular,victorias,player2,True,False,False
5.0276,0.0,1529,25.0,-19.0,2,1739,157.0,0.64,13.0,7.0,0.66,65.0,0.8870056497175142,135.0,1.12,176.0,3,138.0,-210,1.37,0.27,5.0,0.27,1,15.0,Clay,Mala,victorias,Buena,victorias,player2,True,False,False
5.031,0.0,1654,65.0,113.0,0,1569,190.0,0.41,10.0,10.0,0.35,50.0,2.4358974358974357,161.0,1.4,77.0,1,133.0,85,1.33,0.0,13.0,0.12,1,7.0,Hard,Buena,victorias,Regular,victorias,player1,False,False,True
0.0,0.09,1692,65.0,45.0,2,1633,176.0,0.43,12.0,8.0,0.41,60.0,1.3333333333333333,143.0,1.41,131.0,1,135.0,59,1.39,0.15,13.0,0.2,1,7.0,Hard,Buena,victorias,Buena,victorias,player1,False,False,True
5.0188,0.0,1553,40.0,103.0,0,1550,197.0,0.37,8.0,12.0,0.35,40.0,2.0736842105263156,154.0,1.28,94.0,1,132.0,3,1.28,0.0,8.0,0.16,1,12.0,Hard,Regular,victorias,Regular,victorias,player1,False,False,True
0.0,0.28,1565,55.0,0.0,3,1678,154.0,0.37,12.0,8.0,0.46,60.0,0.9935483870967742,139.0,1.37,154.0,1,139.0,-113,1.39,0.24,11.0,0.16,1,9.0,Clay,Regular,victorias,Buena,victorias,player2,True,False,False
0.0,0.28,1565,55.0,0.0,3,1678,154.0,0.37,12.0,8.0,0.46,60.0,0.9935483870967742,139.0,1.37,154.0,1,139.0,-113,1.39,0.24,11.0,0.16,1,9.0,Clay,Regular,victorias,Buena,victorias,player2,True,False,False
7.5311,0.04,1953,70.0,-15.0,2,1821,62.0,0.0,13.0,7.0,0.71,65.0,0.7948717948717948,161.0,1.69,77.0,6,169.0,132,1.68,0.27,14.0,0.27,1,6.0,Grass,Buena,victorias,Buena,victorias,player1,False,True,False
95.82589999999999,0.06,2051,75.0,114.0,0,1790,195.0,0.0,8.0,12.0,0.51,40.0,2.3780487804878048,159.0,1.68,81.0,10,133.0,261,1.35,0.27,15.0,0.27,1,5.0,Grass,Excelente,victorias,Regular,victorias,player1,False,True,False
0.0,0.0,1767,70.0,168.0,0,1681,176.0,0.49,13.0,7.0,0.4,65.0,19.555555555555557,319.0,1.6,8.0,0,135.0,86,1.47,0.2,14.0,0.21,6,6.0,Hard,Buena,victorias,Buena,victorias,player1,False,False,True
2.5,0.0,1693,65.0,-45.0,2,1650,155.0,0.43,11.0,9.0,0.43,55.0,0.7711442786069652,132.0,1.41,200.0,1,139.0,43,1.37,0.16,13.0,0.18,1,7.0,Hard,Buena,victorias,Regular,victorias,player1,False,False,True
16.5403,0.25,1571,40.0,21.0,2,1709,176.0,0.42,13.0,7.0,0.41,65.0,1.1282051282051282,139.0,1.15,155.0,9,135.0,-138,1.29,0.09,8.0,0.0,1,12.0,Hard,Regular,victorias,Buena,victorias,player2,False,False,True
0.0,0.1,1842,85.0,43.0,2,1642,182.0,0.45,11.0,9.0,0.41,55.0,1.3,142.0,1.57,139.0,4,134.0,200,1.31,0.22,17.0,0.0,11,3.0,Hard,Excelente,victorias,Regular,victorias,player2,False,False,True
0.0,0.1,1842,85.0,43.0,2,1642,182.0,0.45,11.0,9.0,0.41,55.0,1.3,142.0,1.57,139.0,4,134.0,200,1.31,0.22,17.0,0.0,11,3.0,Hard,Excelente,victorias,Regular,victorias,player2,False,False,True
13.8284,0.08,1729,35.0,-109.0,0,1886,91.0,0.51,12.0,8.0,0.7,60.0,0.4527363184079602,132.0,1.32,200.0,9,155.0,-157,1.57,0.27,7.0,0.27,1,13.0,Grass,Mala,victorias,Buena,victorias,player2,False,True,False
33.42660000000001,0.1,1928,65.0,0.0,3,1781,200.0,0.73,11.0,9.0,0.0,55.0,0.9950248756218906,132.0,1.71,200.0,11,132.0,147,1.4,0.27,13.0,0.27,5,7.0,Grass,Buena,victorias,Regular,victorias,player1,False,True,False
5.0409,0.18,1751,80.0,0.0,3,1664,176.0,0.44,11.0,9.0,0.41,55.0,0.9943502824858758,135.0,1.46,176.0,4,135.0,87,1.34,0.0,16.0,0.09,2,4.0,Clay,Excelente,victorias,Regular,victorias,player1,True,False,False
11.5465,0.31,1607,45.0,37.0,2,1650,176.0,0.39,11.0,9.0,0.43,55.0,1.2571428571428571,142.0,1.3,139.0,6,135.0,-43,1.3,0.16,9.0,0.0,2,11.0,Clay,Regular,victorias,Regular,victorias,player2,True,False,False
5.0479,0.0,1736,65.0,0.0,3,1431,176.0,0.44,3.0,14.0,0.39,17.6,0.9943502824858758,135.0,1.45,176.0,1,135.0,305,0.99,0.09,13.0,0.16,2,7.0,Clay,Buena,victorias,Mala,derrotas,player1,True,False,False
6.617,0.0,1482,25.0,99.0,1,1511,176.0,0.26,7.0,13.0,0.45,35.0,2.2564102564102564,161.0,1.11,77.0,1,135.0,-29,1.3,0.21,1.0,0.0,-1,3.0,Clay,Mala,derrotas,Mala,victorias,player2,True,False,False
13.843300000000001,0.03,1774,60.0,-9.0,3,1856,182.0,0.48,13.0,7.0,0.65,65.0,0.9479166666666666,133.0,1.64,191.0,6,134.0,-82,1.71,0.27,12.0,0.27,3,8.0,Grass,Buena,victorias,Buena,victorias,player1,False,True,False
0.0,0.22,1610,64.3,0.0,3,1685,77.0,0.48,13.0,7.0,0.48,65.0,0.9871794871794872,161.0,1.45,77.0,1,161.0,-75,1.41,0.12,9.0,0.13,4,5.0,Clay,Buena,victorias,Buena,victorias,player1,True,False,False
3.8,-0.0,1813,80.0,150.0,0,1686,197.0,0.0,11.0,9.0,0.49,55.0,4.104166666666667,181.0,1.73,47.0,3,132.0,127,1.63,0.27,16.0,0.16,2,4.0,Grass,Excelente,victorias,Regular,victorias,player1,False,True,False
7.0469,0.02,1698,25.0,-36.0,2,1744,41.0,0.58,13.0,7.0,0.51,65.0,0.5256410256410257,161.0,1.41,77.0,5,187.0,-46,1.63,0.27,5.0,0.27,2,15.0,Grass,Mala,victorias,Buena,victorias,player2,False,True,False
0.0,-0.0,1760,60.0,-6.0,3,1747,77.0,0.0,14.0,6.0,0.44,70.0,0.9166666666666666,158.0,1.63,83.0,2,161.0,13,1.78,0.24,12.0,0.27,2,8.0,Grass,Buena,victorias,Buena,victorias,player1,False,True,False
8.05,0.0,1721,55.0,-151.0,0,1690,25.0,0.54,12.0,8.0,0.59,60.0,0.14124293785310735,135.0,1.32,176.0,4,215.0,31,1.34,0.27,11.0,0.27,2,9.0,Clay,Regular,victorias,Buena,victorias,player1,True,False,False
7.5446,0.35,1729,65.0,-51.0,1,1642,167.0,0.63,11.0,9.0,0.49,55.0,0.7625570776255708,130.0,1.37,218.0,5,137.0,87,1.33,0.27,13.0,0.27,2,7.0,Clay,Buena,victorias,Regular,victorias,player1,True,False,False
6.5471,0.0,1791,85.0,-59.0,1,1669,22.0,0.54,10.0,10.0,0.59,50.0,0.2682926829268293,159.0,1.51,81.0,1,223.0,122,1.4,0.15,17.0,0.25,2,3.0,Clay,Excelente,victorias,Regular,victorias,player1,True,False,False
5.0351,0.0,1644,55.0,59.0,1,1631,98.0,0.54,11.0,9.0,0.55,55.0,2.45,190.0,1.36,39.0,2,152.0,13,1.36,0.26,11.0,0.18,2,9.0,Clay,Regular,victorias,Regular,victorias,player1,True,False,False
0.0,0.0,1794,60.0,-146.0,0,1795,8.0,0.54,15.0,5.0,0.47,75.0,0.05161290322580645,139.0,1.35,154.0,2,319.0,-1,1.5,0.27,12.0,0.27,1,8.0,Hard,Buena,victorias,Excelente,victorias,player2,False,False,True
0.0,0.04,1719,50.0,38.0,2,1577,62.0,0.48,9.0,11.0,0.44,45.0,2.48,217.0,1.38,24.0,1,169.0,142,1.27,0.27,10.0,0.27,1,10.0,Hard,Regular,victorias,Regular,victorias,player1,False,False,True
0.0,-0.0,1560,30.0,-82.0,1,1699,100.0,0.44,12.0,8.0,0.6,60.0,0.546448087431694,134.0,1.46,182.0,3,152.0,-139,1.75,0.27,6.0,0.27,2,14.0,Grass,Mala,victorias,Buena,victorias,player2,False,True,False
0.0,0.0,1512,35.0,105.0,0,1619,186.0,0.4,11.0,9.0,0.38,55.0,2.268292682926829,159.0,1.26,81.0,1,134.0,-107,1.37,0.09,7.0,0.16,1,13.0,Clay,Mala,victorias,Regular,victorias,player1,True,False,False
0.0,0.0,1595,53.3,5.0,3,1562,81.0,0.0,10.0,10.0,0.34,50.0,1.051948051948052,161.0,1.38,76.0,0,159.0,33,1.36,0.16,8.0,0.09,1,7.0,Clay,Regular,victorias,Regular,victorias,player1,True,False,False
0.0,0.1,1842,85.0,43.0,2,1642,182.0,0.45,11.0,9.0,0.41,55.0,1.3,142.0,1.57,139.0,4,134.0,200,1.31,0.22,17.0,0.0,11,3.0,Hard,Excelente,victorias,Regular,victorias,player2,False,False,True
0.0,0.1,1842,85.0,43.0,2,1642,182.0,0.45,11.0,9.0,0.41,55.0,1.3,142.0,1.57,139.0,4,134.0,200,1.31,0.22,17.0,0.0,11,3.0,Hard,Excelente,victorias,Regular,victorias,player2,False,False,True
29.0382,0.18,1898,70.0,138.0,0,1993,200.0,0.58,15.0,5.0,0.0,75.0,3.1746031746031744,169.0,1.54,62.0,15,132.0,-95,1.55,0.27,14.0,0.27,1,6.0,Grass,Buena,victorias,Excelente,victorias,player1,False,True,False
29.0382,0.18,1898,70.0,138.0,0,1993,200.0,0.58,15.0,5.0,0.0,75.0,3.1746031746031744,169.0,1.54,62.0,15,132.0,-95,1.55,0.27,14.0,0.27,1,6.0,Grass,Buena,victorias,Excelente,victorias,player1,False,True,False
29.0382,0.18,1898,70.0,138.0,0,1993,200.0,0.58,15.0,5.0,0.0,75.0,3.1746031746031744,169.0,1.54,62.0,15,132.0,-95,1.55,0.27,14.0,0.27,1,6.0,Grass,Buena,victorias,Excelente,victorias,player1,False,True,False
7.0475,0.16,1875,60.0,51.0,1,2018,153.0,0.57,15.0,5.0,0.0,75.0,1.4854368932038835,151.0,1.55,102.0,12,139.0,-143,1.58,0.27,12.0,0.27,1,8.0,Grass,Buena,victorias,Excelente,derrotas,player1,False,True,False
7.0475,0.16,1875,60.0,51.0,1,2018,153.0,0.57,15.0,5.0,0.0,75.0,1.4854368932038835,151.0,1.55,102.0,12,139.0,-143,1.58,0.27,12.0,0.27,1,8.0,Grass,Buena,victorias,Excelente,derrotas,player1,False,True,False
63.7785,0.06,2062,85.0,0.0,3,1813,81.0,0.0,11.0,9.0,0.65,55.0,0.9878048780487805,159.0,1.71,81.0,11,159.0,249,1.43,0.27,17.0,0.27,8,3.0,Grass,Excelente,victorias,Regular,victorias,player1,False,True,False
63.7785,0.06,2062,85.0,0.0,3,1813,81.0,0.0,11.0,9.0,0.65,55.0,0.9878048780487805,159.0,1.71,81.0,11,159.0,249,1.43,0.27,17.0,0.27,8,3.0,Grass,Excelente,victorias,Regular,victorias,player1,False,True,False
63.7785,0.06,2062,85.0,0.0,3,1813,81.0,0.0,11.0,9.0,0.65,55.0,0.9878048780487805,159.0,1.71,81.0,11,159.0,249,1.43,0.27,17.0,0.27,8,3.0,Grass,Excelente,victorias,Regular,victorias,player1,False,True,False
20.0313,0.0,1919,80.0,-66.0,1,1785,32.0,0.59,11.0,9.0,0.64,55.0,0.32323232323232326,152.0,1.65,98.0,7,200.0,134,1.57,0.27,16.0,0.27,3,4.0,Grass,Excelente,victorias,Regular,victorias,player1,False,True,False
20.0313,0.0,1919,80.0,-66.0,1,1785,32.0,0.59,11.0,9.0,0.64,55.0,0.32323232323232326,152.0,1.65,98.0,7,200.0,134,1.57,0.27,16.0,0.27,3,4.0,Grass,Excelente,victorias,Regular,victorias,player1,False,True,False
32.2266,0.09,1793,55.0,-38.0,2,1911,24.0,0.56,14.0,6.0,0.65,70.0,0.38095238095238093,169.0,1.59,62.0,8,217.0,-118,1.58,0.27,11.0,0.27,3,9.0,Grass,Regular,victorias,Buena,victorias,player1,False,True,False
32.2266,0.09,1793,55.0,-38.0,2,1911,24.0,0.56,14.0,6.0,0.65,70.0,0.38095238095238093,169.0,1.59,62.0,8,217.0,-118,1.58,0.27,11.0,0.27,3,9.0,Grass,Regular,victorias,Buena,victorias,player1,False,True,False
102.49310000000001,0.16,1927,65.0,-176.0,0,1827,24.0,0.66,11.0,9.0,0.0,55.0,0.11940298507462686,132.0,1.48,200.0,15,217.0,100,1.44,0.27,13.0,0.27,2,7.0,Grass,Buena,victorias,Regular,victorias,player2,False,True,False
102.49310000000001,0.16,1927,65.0,-176.0,0,1827,24.0,0.66,11.0,9.0,0.0,55.0,0.11940298507462686,132.0,1.48,200.0,15,217.0,100,1.44,0.27,13.0,0.27,2,7.0,Grass,Buena,victorias,Regular,victorias,player2,False,True,False
102.49310000000001,0.16,1927,65.0,-176.0,0,1827,24.0,0.66,11.0,9.0,0.0,55.0,0.11940298507462686,132.0,1.48,200.0,15,217.0,100,1.44,0.27,13.0,0.27,2,7.0,Grass,Buena,victorias,Regular,victorias,player2,False,True,False
9.0329,0.0,1777,75.0,105.0,0,1656,182.0,0.56,13.0,7.0,0.48,65.0,2.3333333333333335,161.0,1.57,77.0,2,134.0,121,1.37,0.09,15.0,0.25,7,5.0,Clay,Excelente,victorias,Buena,victorias,player1,True,False,False
9.0329,0.0,1777,75.0,105.0,0,1656,182.0,0.56,13.0,7.0,0.48,65.0,2.3333333333333335,161.0,1.57,77.0,2,134.0,121,1.37,0.09,15.0,0.25,7,5.0,Clay,Excelente,victorias,Buena,victorias,player1,True,False,False
9.0329,0.0,1777,75.0,105.0,0,1656,182.0,0.56,13.0,7.0,0.48,65.0,2.3333333333333335,161.0,1.57,77.0,2,134.0,121,1.37,0.09,15.0,0.25,7,5.0,Clay,Excelente,victorias,Buena,victorias,player1,True,False,False
0.0,0.41,1711,60.0,21.0,2,1720,98.0,0.56,10.0,10.0,0.54,50.0,1.2564102564102564,161.0,1.35,77.0,3,152.0,-9,1.31,0.27,12.0,0.27,2,8.0,Clay,Buena,victorias,Regular,victorias,player2,True,False,False
0.0,0.41,1711,60.0,21.0,2,1720,98.0,0.56,10.0,10.0,0.54,50.0,1.2564102564102564,161.0,1.35,77.0,3,152.0,-9,1.31,0.27,12.0,0.27,2,8.0,Clay,Buena,victorias,Regular,victorias,player2,True,False,False
5.0497,0.36,1721,70.0,144.0,0,1758,176.0,0.5,15.0,5.0,0.59,75.0,5.333333333333333,200.0,1.41,32.0,5,135.0,-37,1.47,0.17,14.0,0.21,2,6.0,Clay,Buena,victorias,Excelente,victorias,player1,True,False,False
5.0497,0.36,1721,70.0,144.0,0,1758,176.0,0.5,15.0,5.0,0.59,75.0,5.333333333333333,200.0,1.41,32.0,5,135.0,-37,1.47,0.17,14.0,0.21,2,6.0,Clay,Buena,victorias,Excelente,victorias,player1,True,False,False
5.0367,0.22,1756,75.0,-158.0,0,1684,39.0,0.61,12.0,8.0,0.52,60.0,0.19696969696969696,132.0,1.4,197.0,5,190.0,72,1.35,0.27,15.0,0.27,2,5.0,Clay,Excelente,victorias,Buena,victorias,player1,True,False,False
5.0367,0.22,1756,75.0,-158.0,0,1684,39.0,0.61,12.0,8.0,0.52,60.0,0.19696969696969696,132.0,1.4,197.0,5,190.0,72,1.35,0.27,15.0,0.27,2,5.0,Clay,Excelente,victorias,Buena,victorias,player1,True,False,False
7.8104,0.31,1798,65.0,29.0,2,1702,98.0,0.66,11.0,9.0,0.61,55.0,1.4,165.0,1.44,69.0,6,152.0,96,1.26,0.27,13.0,0.27,3,7.0,Clay,Buena,victorias,Regular,victorias,player2,True,False,False
7.8104,0.31,1798,65.0,29.0,2,1702,98.0,0.66,11.0,9.0,0.61,55.0,1.4,165.0,1.44,69.0,6,152.0,96,1.26,0.27,13.0,0.27,3,7.0,Clay,Buena,victorias,Regular,victorias,player2,True,False,False
3.999999999999999,0.29,1596,40.0,36.0,2,1599,77.0,0.5,7.0,13.0,0.49,35.0,1.8333333333333333,187.0,1.27,41.0,3,161.0,-3,1.24,0.27,8.0,0.27,1,12.0,Clay,Regular,victorias,Mala,victorias,player1,True,False,False
3.999999999999999,0.29,1596,40.0,36.0,2,1599,77.0,0.5,7.0,13.0,0.49,35.0,1.8333333333333333,187.0,1.27,41.0,3,161.0,-3,1.24,0.27,8.0,0.27,1,12.0,Clay,Regular,victorias,Mala,victorias,player1,True,False,False
3.999999999999999,0.29,1596,40.0,36.0,2,1599,77.0,0.5,7.0,13.0,0.49,35.0,1.8333333333333333,187.0,1.27,41.0,3,161.0,-3,1.24,0.27,8.0,0.27,1,12.0,Clay,Regular,victorias,Mala,victorias,player1,True,False,False
21.427599999999998,0.04,1855,55.0,176.0,0,1741,200.0,0.0,13.0,7.0,0.5,65.0,8.0,217.0,1.5,24.0,6,132.0,114,1.54,0.27,11.0,0.27,1,9.0,Grass,Regular,victorias,Buena,victorias,player1,False,True,False
21.427599999999998,0.04,1855,55.0,176.0,0,1741,200.0,0.0,13.0,7.0,0.5,65.0,8.0,217.0,1.5,24.0,6,132.0,114,1.54,0.27,11.0,0.27,1,9.0,Grass,Regular,victorias,Buena,victorias,player1,False,True,False
0.0,0.0,1499,33.3,0.0,3,1675,22.0,0.37,12.0,8.0,0.53,60.0,0.9565217391304348,223.0,1.26,22.0,0,223.0,-176,1.41,0.27,1.0,0.0,1,2.0,Clay,Mala,victorias,Buena,victorias,player2,True,False,False
0.0,0.0,1499,33.3,0.0,3,1675,22.0,0.37,12.0,8.0,0.53,60.0,0.9565217391304348,223.0,1.26,22.0,0,223.0,-176,1.41,0.27,1.0,0.0,1,2.0,Clay,Mala,victorias,Buena,victorias,player2,True,False,False
9.7943,0.0,1735,55.0,43.0,2,1471,51.0,0.56,5.0,14.0,0.45,26.3,5.666666666666667,319.0,1.37,8.0,2,177.0,264,1.16,0.26,11.0,0.27,1,9.0,Clay,Regular,victorias,Mala,victorias,player1,True,False,False
9.7943,0.0,1735,55.0,43.0,2,1471,51.0,0.56,5.0,14.0,0.45,26.3,5.666666666666667,319.0,1.37,8.0,2,177.0,264,1.16,0.26,11.0,0.27,1,9.0,Clay,Regular,victorias,Mala,victorias,player1,True,False,False
0.0,0.46,1525,35.0,178.0,0,1702,200.0,0.39,12.0,8.0,0.53,60.0,8.695652173913043,223.0,1.17,22.0,7,132.0,-177,1.33,0.27,7.0,0.24,1,13.0,Clay,Mala,victorias,Buena,victorias,player2,True,False,False
0.0,0.46,1525,35.0,178.0,0,1702,200.0,0.39,12.0,8.0,0.53,60.0,8.695652173913043,223.0,1.17,22.0,7,132.0,-177,1.33,0.27,7.0,0.24,1,13.0,Clay,Mala,victorias,Buena,victorias,player2,True,False,False
1.2999999999999998,0.28,1643,50.0,-112.0,0,1645,39.0,0.45,13.0,7.0,0.46,65.0,0.2565789473684211,139.0,1.33,151.0,3,190.0,-2,1.39,0.26,10.0,0.27,1,10.0,Clay,Regular,victorias,Buena,victorias,player2,True,False,False
1.2999999999999998,0.28,1643,50.0,-112.0,0,1645,39.0,0.45,13.0,7.0,0.46,65.0,0.2565789473684211,139.0,1.33,151.0,3,190.0,-2,1.39,0.26,10.0,0.27,1,10.0,Clay,Regular,victorias,Buena,victorias,player2,True,False,False
0.0,0.0,1576,45.0,-152.0,0,1524,53.0,0.41,1.0,0.0,0.0,100.0,0.25728155339805825,131.0,1.34,205.0,0,175.0,52,1.54,0.0,9.0,0.23,1,11.0,Clay,Regular,victorias,Excelente,victorias,player1,True,False,False
0.0,0.0,1576,45.0,-152.0,0,1524,53.0,0.41,1.0,0.0,0.0,100.0,0.25728155339805825,131.0,1.34,205.0,0,175.0,52,1.54,0.0,9.0,0.23,1,11.0,Clay,Regular,victorias,Excelente,victorias,player1,True,False,False
0.0,0.0,1463,16.7,0.0,3,1485,77.0,0.28,1.0,3.0,0.0,25.0,0.9871794871794872,161.0,1.12,77.0,0,161.0,-22,1.2,0.0,1.0,0.14,1,5.0,Clay,Mala,victorias,Mala,victorias,player1,True,False,False
0.0,0.0,1463,16.7,0.0,3,1485,77.0,0.28,1.0,3.0,0.0,25.0,0.9871794871794872,161.0,1.12,77.0,0,161.0,-22,1.2,0.0,1.0,0.14,1,5.0,Clay,Mala,victorias,Mala,victorias,player1,True,False,False
5.0293,0.07,1803,75.0,-150.0,0,1697,32.0,0.55,14.0,6.0,0.42,70.0,0.17486338797814208,134.0,1.4,182.0,2,200.0,106,1.52,0.23,15.0,0.27,1,5.0,Hard,Excelente,victorias,Buena,victorias,player1,False,False,True
5.0293,0.07,1803,75.0,-150.0,0,1697,32.0,0.55,14.0,6.0,0.42,70.0,0.17486338797814208,134.0,1.4,182.0,2,200.0,106,1.52,0.23,15.0,0.27,1,5.0,Hard,Excelente,victorias,Buena,victorias,player1,False,False,True
23.8352,0.11,1627,40.0,-53.0,1,1789,24.0,0.38,11.0,9.0,0.57,55.0,0.3076923076923077,161.0,1.39,77.0,13,217.0,-162,1.51,0.27,8.0,0.27,2,12.0,Grass,Regular,victorias,Regular,victorias,player1,False,True,False
23.8352,0.11,1627,40.0,-53.0,1,1789,24.0,0.38,11.0,9.0,0.57,55.0,0.3076923076923077,161.0,1.39,77.0,13,217.0,-162,1.51,0.27,8.0,0.27,2,12.0,Grass,Regular,victorias,Regular,victorias,player1,False,True,False
7.3,0.0,1728,55.0,44.0,2,1776,52.0,0.58,16.0,4.0,0.45,80.0,5.777777777777778,319.0,1.67,8.0,5,176.0,-48,1.66,0.27,11.0,0.27,4,9.0,Grass,Regular,victorias,Excelente,victorias,player1,False,True,False
7.3,0.0,1728,55.0,44.0,2,1776,52.0,0.58,16.0,4.0,0.45,80.0,5.777777777777778,319.0,1.67,8.0,5,176.0,-48,1.66,0.27,11.0,0.27,4,9.0,Grass,Regular,victorias,Excelente,victorias,player1,False,True,False
0.0,0.04,1586,40.0,121.0,0,1724,197.0,0.43,10.0,10.0,0.57,50.0,2.5584415584415585,161.0,1.46,76.0,8,132.0,-138,1.51,0.27,8.0,0.27,2,12.0,Grass,Regular,victorias,Regular,victorias,player2,False,True,False
0.0,0.04,1586,40.0,121.0,0,1724,197.0,0.43,10.0,10.0,0.57,50.0,2.5584415584415585,161.0,1.46,76.0,8,132.0,-138,1.51,0.27,8.0,0.27,2,12.0,Grass,Regular,victorias,Regular,victorias,player2,False,True,False
1.3175999999999999,0.0,1773,75.0,47.0,2,1757,124.0,0.5,14.0,6.0,0.5,70.0,1.5897435897435896,161.0,1.49,77.0,3,145.0,16,1.48,0.21,15.0,0.27,2,5.0,Clay,Excelente,victorias,Buena,victorias,player1,True,False,False
1.3175999999999999,0.0,1773,75.0,47.0,2,1757,124.0,0.5,14.0,6.0,0.5,70.0,1.5897435897435896,161.0,1.49,77.0,3,145.0,16,1.48,0.21,15.0,0.27,2,5.0,Clay,Excelente,victorias,Buena,victorias,player1,True,False,False
0.0,0.28,1568,55.0,0.0,3,1675,154.0,0.37,12.0,8.0,0.46,60.0,0.9935483870967742,139.0,1.37,154.0,1,139.0,-107,1.39,0.22,11.0,0.16,1,9.0,Clay,Regular,victorias,Buena,victorias,player2,True,False,False
0.0,0.28,1568,55.0,0.0,3,1675,154.0,0.37,12.0,8.0,0.46,60.0,0.9935483870967742,139.0,1.37,154.0,1,139.0,-107,1.39,0.22,11.0,0.16,1,9.0,Clay,Regular,victorias,Buena,victorias,player2,True,False,False
0.0,0.0,1629,60.0,-153.0,0,1779,47.0,0.39,13.0,7.0,0.46,65.0,0.23383084577114427,132.0,1.37,200.0,1,181.0,-150,1.48,0.15,12.0,0.17,1,8.0,Hard,Buena,victorias,Buena,victorias,player2,False,False,True
0.0,0.0,1629,60.0,-153.0,0,1779,47.0,0.39,13.0,7.0,0.46,65.0,0.23383084577114427,132.0,1.37,200.0,1,181.0,-150,1.48,0.15,12.0,0.17,1,8.0,Hard,Buena,victorias,Buena,victorias,player2,False,False,True
10.0282,0.0,1552,40.0,3.0,3,1650,200.0,0.4,10.0,10.0,0.47,50.0,1.0101010101010102,132.0,1.25,197.0,3,132.0,-98,1.3,0.26,8.0,0.2,1,12.0,Hard,Regular,victorias,Regular,victorias,player1,False,False,True
10.0282,0.0,1552,40.0,3.0,3,1650,200.0,0.4,10.0,10.0,0.47,50.0,1.0101010101010102,132.0,1.25,197.0,3,132.0,-98,1.3,0.26,8.0,0.2,1,12.0,Hard,Regular,victorias,Regular,victorias,player1,False,False,True
0.0,0.0,1501,33.3,0.0,3,1749,200.0,0.34,15.0,5.0,0.42,75.0,0.9950248756218906,132.0,1.24,200.0,0,132.0,-248,1.63,0.22,4.0,0.0,1,8.0,Hard,Mala,victorias,Excelente,victorias,player1,False,False,True
0.0,0.0,1501,33.3,0.0,3,1749,200.0,0.34,15.0,5.0,0.42,75.0,0.9950248756218906,132.0,1.24,200.0,0,132.0,-248,1.63,0.22,4.0,0.0,1,8.0,Hard,Mala,victorias,Excelente,victorias,player1,False,False,True
9.0439,0.0,1574,35.0,-153.0,0,1612,47.0,0.49,10.0,10.0,0.42,50.0,0.23383084577114427,132.0,1.21,200.0,3,181.0,-38,1.33,0.14,7.0,0.26,1,13.0,Hard,Mala,victorias,Regular,victorias,player2,False,False,True
9.0439,0.0,1574,35.0,-153.0,0,1612,47.0,0.49,10.0,10.0,0.42,50.0,0.23383084577114427,132.0,1.21,200.0,3,181.0,-38,1.33,0.14,7.0,0.26,1,13.0,Hard,Mala,victorias,Regular,victorias,player2,False,False,True
0.0,0.0,1587,50.0,0.0,3,1635,200.0,0.39,12.0,8.0,0.44,60.0,0.9950248756218906,132.0,1.36,200.0,1,132.0,-48,1.37,0.2,10.0,0.16,1,10.0,Hard,Regular,victorias,Buena,victorias,player2,False,False,True
0.0,0.0,1587,50.0,0.0,3,1635,200.0,0.39,12.0,8.0,0.44,60.0,0.9950248756218906,132.0,1.36,200.0,1,132.0,-48,1.37,0.2,10.0,0.16,1,10.0,Hard,Regular,victorias,Buena,victorias,player2,False,False,True
5.0453,0.08,1681,55.0,176.0,0,1729,200.0,0.44,13.0,7.0,0.43,65.0,8.0,217.0,1.34,24.0,2,132.0,-48,1.39,0.18,11.0,0.09,1,9.0,Hard,Regular,victorias,Buena,victorias,player1,False,False,True
5.0453,0.08,1681,55.0,176.0,0,1729,200.0,0.44,13.0,7.0,0.43,65.0,8.0,217.0,1.34,24.0,2,132.0,-48,1.39,0.18,11.0,0.09,1,9.0,Hard,Regular,victorias,Buena,victorias,player1,False,False,True
0.0,0.0,1738,70.0,4.0,3,1619,81.0,0.45,8.0,5.0,0.47,61.5,1.0384615384615385,161.0,1.42,77.0,0,159.0,119,1.43,0.0,14.0,0.09,1,6.0,Clay,Buena,victorias,Buena,victorias,player1,True,False,False
0.0,0.0,1738,70.0,4.0,3,1619,81.0,0.45,8.0,5.0,0.47,61.5,1.0384615384615385,161.0,1.42,77.0,0,159.0,119,1.43,0.0,14.0,0.09,1,6.0,Clay,Buena,victorias,Buena,victorias,player1,True,False,False
0.0,0.0,1482,30.0,0.0,3,1521,77.0,0.22,5.0,8.0,0.32,38.5,0.9871794871794872,161.0,1.24,77.0,0,161.0,-39,1.3,0.0,6.0,0.0,1,14.0,Clay,Mala,victorias,Mala,victorias,player2,True,False,False
0.0,0.0,1482,30.0,0.0,3,1521,77.0,0.22,5.0,8.0,0.32,38.5,0.9871794871794872,161.0,1.24,77.0,0,161.0,-39,1.3,0.0,6.0,0.0,1,14.0,Clay,Mala,victorias,Mala,victorias,player2,True,False,False
5.0,0.26,1660,50.0,-73.0,1,1681,81.0,0.41,13.0,7.0,0.42,65.0,0.5225806451612903,139.0,1.31,154.0,4,159.0,-21,1.38,0.0,10.0,0.0,1,10.0,Clay,Regular,victorias,Buena,victorias,player2,True,False,False
5.0,0.26,1660,50.0,-73.0,1,1681,81.0,0.41,13.0,7.0,0.42,65.0,0.5225806451612903,139.0,1.31,154.0,4,159.0,-21,1.38,0.0,10.0,0.0,1,10.0,Clay,Regular,victorias,Buena,victorias,player2,True,False,False
0.0,0.23,1775,70.0,19.0,2,1592,81.0,0.44,9.0,11.0,0.4,45.0,1.2857142857142858,169.0,1.61,62.0,2,159.0,183,1.29,0.17,14.0,0.0,11,6.0,Clay,Buena,victorias,Regular,victorias,player1,True,False,False
0.0,0.23,1775,70.0,19.0,2,1592,81.0,0.44,9.0,11.0,0.4,45.0,1.2857142857142858,169.0,1.61,62.0,2,159.0,183,1.29,0.17,14.0,0.0,11,6.0,Clay,Buena,victorias,Regular,victorias,player1,True,False,False
0.0,0.0,1749,75.0,115.0,0,1668,167.0,0.41,13.0,7.0,0.42,65.0,3.150943396226415,176.0,1.48,52.0,0,137.0,81,1.45,0.2,15.0,0.18,2,5.0,Hard,Excelente,victorias,Buena,victorias,player1,False,False,True
0.0,0.0,1749,75.0,115.0,0,1668,167.0,0.41,13.0,7.0,0.42,65.0,3.150943396226415,176.0,1.48,52.0,0,137.0,81,1.45,0.2,15.0,0.18,2,5.0,Hard,Excelente,victorias,Buena,victorias,player1,False,False,True
6.544,0.0,1580,35.0,69.0,1,1690,77.0,0.38,10.0,10.0,0.47,50.0,8.555555555555555,319.0,1.27,8.0,1,161.0,-110,1.39,0.24,7.0,0.25,2,13.0,Hard,Mala,victorias,Regular,victorias,player2,False,False,True
6.544,0.0,1580,35.0,69.0,1,1690,77.0,0.38,10.0,10.0,0.47,50.0,8.555555555555555,319.0,1.27,8.0,1,161.0,-110,1.39,0.24,7.0,0.25,2,13.0,Hard,Mala,victorias,Regular,victorias,player2,False,False,True
0.0,0.22,1861,90.0,15.0,2,1701,66.0,0.58,13.0,7.0,0.5,65.0,1.2692307692307692,177.0,1.53,51.0,3,166.0,160,1.37,0.22,18.0,0.15,2,2.0,Clay,Excelente,victorias,Buena,victorias,player1,True,False,False
0.0,0.22,1861,90.0,15.0,2,1701,66.0,0.58,13.0,7.0,0.5,65.0,1.2692307692307692,177.0,1.53,51.0,3,166.0,160,1.37,0.22,18.0,0.15,2,2.0,Clay,Excelente,victorias,Buena,victorias,player1,True,False,False
19.5258,0.28,1689,60.0,0.0,3,1702,22.0,0.56,13.0,7.0,0.51,65.0,0.9565217391304348,223.0,1.25,22.0,12,223.0,-13,1.31,0.21,12.0,0.12,2,8.0,Clay,Buena,victorias,Buena,victorias,player1,True,False,False
19.5258,0.28,1689,60.0,0.0,3,1702,22.0,0.56,13.0,7.0,0.51,65.0,0.9565217391304348,223.0,1.25,22.0,12,223.0,-13,1.31,0.21,12.0,0.12,2,8.0,Clay,Buena,victorias,Buena,victorias,player1,True,False,False
0.0,0.0,1657,60.0,61.0,1,1615,200.0,0.42,10.0,8.0,0.41,55.6,1.4285714285714286,142.0,1.37,139.0,2,132.0,42,1.36,0.09,12.0,0.2,1,8.0,Hard,Buena,victorias,Regular,victorias,player1,False,False,True
0.0,0.0,1657,60.0,61.0,1,1615,200.0,0.42,10.0,8.0,0.41,55.6,1.4285714285714286,142.0,1.37,139.0,2,132.0,42,1.36,0.09,12.0,0.2,1,8.0,Hard,Buena,victorias,Regular,victorias,player1,False,False,True
6.5289,0.0,1611,70.0,0.0,3,1550,200.0,0.45,8.0,12.0,0.31,40.0,0.9950248756218906,132.0,1.42,200.0,1,132.0,61,1.28,0.21,7.0,0.0,1,3.0,Hard,Buena,victorias,Regular,victorias,player2,False,False,True
6.5289,0.0,1611,70.0,0.0,3,1550,200.0,0.45,8.0,12.0,0.31,40.0,0.9950248756218906,132.0,1.42,200.0,1,132.0,61,1.28,0.21,7.0,0.0,1,3.0,Hard,Buena,victorias,Regular,victorias,player2,False,False,True
0.0,0.0,1507,40.0,119.0,0,1487,200.0,0.39,6.0,14.0,0.43,30.0,2.4390243902439024,159.0,1.3,81.0,0,132.0,20,1.23,0.21,4.0,0.0,1,6.0,Hard,Regular,victorias,Mala,victorias,player2,False,False,True
0.0,0.0,1507,40.0,119.0,0,1487,200.0,0.39,6.0,14.0,0.43,30.0,2.4390243902439024,159.0,1.3,81.0,0,132.0,20,1.23,0.21,4.0,0.0,1,6.0,Hard,Regular,victorias,Mala,victorias,player2,False,False,True
0.0,0.0,1517,35.3,0.0,3,1675,200.0,0.36,11.0,9.0,0.4,55.0,0.9950248756218906,132.0,1.25,200.0,0,132.0,-158,1.4,0.15,6.0,0.0,1,11.0,Hard,Mala,victorias,Regular,victorias,player2,False,False,True
0.0,0.0,1517,35.3,0.0,3,1675,200.0,0.36,11.0,9.0,0.4,55.0,0.9950248756218906,132.0,1.25,200.0,0,132.0,-158,1.4,0.15,6.0,0.0,1,11.0,Hard,Mala,victorias,Regular,victorias,player2,False,False,True
0.0,0.0,1538,45.0,-138.0,0,1608,62.0,0.28,11.0,9.0,0.45,55.0,0.30845771144278605,132.0,1.33,200.0,0,169.0,-70,1.38,0.24,9.0,0.12,1,11.0,Hard,Regular,victorias,Regular,victorias,player2,False,False,True
0.0,0.0,1538,45.0,-138.0,0,1608,62.0,0.28,11.0,9.0,0.45,55.0,0.30845771144278605,132.0,1.33,200.0,0,169.0,-70,1.38,0.24,9.0,0.12,1,11.0,Hard,Regular,victorias,Regular,victorias,player2,False,False,True
0.0,0.0,1522,30.0,0.0,3,1503,200.0,0.34,1.0,3.0,0.0,25.0,0.9950248756218906,132.0,1.23,200.0,0,132.0,19,1.19,0.16,6.0,0.23,1,14.0,Hard,Mala,victorias,Mala,victorias,player1,False,False,True
0.0,0.0,1522,30.0,0.0,3,1503,200.0,0.34,1.0,3.0,0.0,25.0,0.9950248756218906,132.0,1.23,200.0,0,132.0,19,1.19,0.16,6.0,0.23,1,14.0,Hard,Mala,victorias,Mala,victorias,player1,False,False,True
0.0,0.1,1457,35.0,-107.0,0,1643,47.0,0.36,13.0,7.0,0.36,65.0,0.3032258064516129,139.0,1.26,154.0,1,181.0,-186,1.41,0.2,7.0,0.2,1,13.0,Hard,Mala,victorias,Buena,victorias,player1,False,False,True
0.0,0.1,1457,35.0,-107.0,0,1643,47.0,0.36,13.0,7.0,0.36,65.0,0.3032258064516129,139.0,1.26,154.0,1,181.0,-186,1.41,0.2,7.0,0.2,1,13.0,Hard,Mala,victorias,Buena,victorias,player1,False,False,True
1.2999999999999998,0.11,1554,46.2,0.0,3,1648,200.0,0.37,11.0,8.0,0.51,57.9,0.9950248756218906,132.0,1.29,200.0,2,132.0,-94,1.39,0.23,6.0,0.14,1,7.0,Hard,Regular,victorias,Regular,victorias,player2,False,False,True
1.2999999999999998,0.11,1554,46.2,0.0,3,1648,200.0,0.37,11.0,8.0,0.51,57.9,0.9950248756218906,132.0,1.29,200.0,2,132.0,-94,1.39,0.23,6.0,0.14,1,7.0,Hard,Regular,victorias,Regular,victorias,player2,False,False,True
0.0,0.0,1636,60.0,0.0,3,1505,200.0,0.0,7.0,13.0,0.49,35.0,0.9950248756218906,132.0,1.42,200.0,0,132.0,131,1.25,0.26,6.0,0.25,1,4.0,Hard,Buena,victorias,Mala,victorias,player2,False,False,True
0.0,0.0,1636,60.0,0.0,3,1505,200.0,0.0,7.0,13.0,0.49,35.0,0.9950248756218906,132.0,1.42,200.0,0,132.0,131,1.25,0.26,6.0,0.25,1,4.0,Hard,Buena,victorias,Mala,victorias,player2,False,False,True
6.5427,0.0,1662,60.0,-192.0,0,1484,8.0,0.4,2.0,5.0,0.2,28.6,0.03980099502487562,132.0,1.38,200.0,1,319.0,178,1.2,0.09,12.0,0.26,1,8.0,Hard,Buena,victorias,Mala,victorias,player1,False,False,True
6.5427,0.0,1662,60.0,-192.0,0,1484,8.0,0.4,2.0,5.0,0.2,28.6,0.03980099502487562,132.0,1.38,200.0,1,319.0,178,1.2,0.09,12.0,0.26,1,8.0,Hard,Buena,victorias,Mala,victorias,player1,False,False,True
0.0,0.0,1509,40.0,0.0,3,1655,200.0,0.37,9.0,11.0,0.47,45.0,0.9950248756218906,132.0,1.28,200.0,0,132.0,-146,1.35,0.27,2.0,0.0,1,3.0,Hard,Regular,victorias,Regular,victorias,player2,False,False,True
0.0,0.0,1509,40.0,0.0,3,1655,200.0,0.37,9.0,11.0,0.47,45.0,0.9950248756218906,132.0,1.28,200.0,0,132.0,-146,1.35,0.27,2.0,0.0,1,3.0,Hard,Regular,victorias,Regular,victorias,player2,False,False,True
0.0267,0.0,1471,30.8,192.0,0,1675,200.0,0.27,11.0,9.0,0.39,55.0,22.22222222222222,319.0,1.2,8.0,1,132.0,-204,1.51,0.24,4.0,0.0,1,9.0,Hard,Mala,victorias,Regular,victorias,player2,False,False,True
0.0267,0.0,1471,30.8,192.0,0,1675,200.0,0.27,11.0,9.0,0.39,55.0,22.22222222222222,319.0,1.2,8.0,1,132.0,-204,1.51,0.24,4.0,0.0,1,9.0,Hard,Mala,victorias,Regular,victorias,player2,False,False,True
0.0,0.23,1539,45.0,0.0,3,1738,100.0,0.36,14.0,6.0,0.49,70.0,0.9900990099009901,152.0,1.28,100.0,7,152.0,-199,1.37,0.27,9.0,0.19,2,11.0,Hard,Regular,victorias,Buena,victorias,player2,False,False,True
5.0466,0.0,1592,45.0,-48.0,2,1684,52.0,0.51,10.0,10.0,0.49,50.0,0.5148514851485149,152.0,1.32,100.0,3,176.0,-92,1.34,0.27,9.0,0.27,2,11.0,Hard,Regular,victorias,Regular,victorias,player2,False,False,True
6.5285,0.11,1677,50.0,0.0,3,1674,52.0,0.53,10.0,10.0,0.48,50.0,0.9811320754716981,176.0,1.32,52.0,4,176.0,3,1.32,0.27,10.0,0.27,2,10.0,Hard,Regular,victorias,Regular,victorias,player2,False,False,True
6.5285,0.11,1677,50.0,0.0,3,1674,52.0,0.53,10.0,10.0,0.48,50.0,0.9811320754716981,176.0,1.32,52.0,4,176.0,3,1.32,0.27,10.0,0.27,2,10.0,Hard,Regular,victorias,Regular,victorias,player2,False,False,True
6.5285,0.11,1677,50.0,0.0,3,1674,52.0,0.53,10.0,10.0,0.48,50.0,0.9811320754716981,176.0,1.32,52.0,4,176.0,3,1.32,0.27,10.0,0.27,2,10.0,Hard,Regular,victorias,Regular,victorias,player2,False,False,True
15.5244,0.0,1877,90.0,-28.0,2,1541,24.0,0.47,8.0,12.0,0.35,40.0,0.4528301886792453,176.0,1.5,52.0,7,217.0,336,1.22,0.14,18.0,0.2,17,2.0,Hard,Excelente,victorias,Regular,victorias,player1,False,False,True
17.5362,0.0,1619,35.0,0.0,3,1593,100.0,0.44,10.0,10.0,0.37,50.0,0.9900990099009901,152.0,1.22,100.0,6,152.0,26,1.29,0.21,7.0,0.22,2,13.0,Hard,Mala,victorias,Regular,victorias,player1,False,False,True
0.0,0.11,1804,80.0,43.0,2,1663,182.0,0.46,11.0,9.0,0.41,55.0,1.3,142.0,1.46,139.0,4,134.0,141,1.34,0.22,16.0,0.0,-1,4.0,Hard,Excelente,derrotas,Regular,victorias,player2,False,False,True
0.0,0.11,1804,80.0,43.0,2,1663,182.0,0.46,11.0,9.0,0.41,55.0,1.3,142.0,1.46,139.0,4,134.0,141,1.34,0.22,16.0,0.0,-1,4.0,Hard,Excelente,derrotas,Regular,victorias,player2,False,False,True
29.313599999999997,0.16,1915,70.0,138.0,0,1976,200.0,0.6,14.0,6.0,0.0,70.0,3.1746031746031744,169.0,1.57,62.0,15,132.0,-61,1.51,0.27,14.0,0.27,2,6.0,Grass,Buena,victorias,Buena,derrotas,player1,False,True,False
29.313599999999997,0.16,1915,70.0,138.0,0,1976,200.0,0.6,14.0,6.0,0.0,70.0,3.1746031746031744,169.0,1.57,62.0,15,132.0,-61,1.51,0.27,14.0,0.27,2,6.0,Grass,Buena,victorias,Buena,derrotas,player1,False,True,False
29.313599999999997,0.16,1915,70.0,138.0,0,1976,200.0,0.6,14.0,6.0,0.0,70.0,3.1746031746031744,169.0,1.57,62.0,15,132.0,-61,1.51,0.27,14.0,0.27,2,6.0,Grass,Buena,victorias,Buena,derrotas,player1,False,True,False
5.997399999999999,0.14,1898,60.0,51.0,1,1990,153.0,0.56,14.0,6.0,0.47,70.0,1.4854368932038835,151.0,1.64,102.0,12,139.0,-92,1.56,0.27,12.0,0.27,2,8.0,Grass,Buena,victorias,Buena,derrotas,player1,False,True,False
5.997399999999999,0.14,1898,60.0,51.0,1,1990,153.0,0.56,14.0,6.0,0.47,70.0,1.4854368932038835,151.0,1.64,102.0,12,139.0,-92,1.56,0.27,12.0,0.27,2,8.0,Grass,Buena,victorias,Buena,derrotas,player1,False,True,False
38.2825,0.05,2062,85.0,0.0,3,1810,81.0,0.0,10.0,10.0,0.59,50.0,0.9878048780487805,159.0,1.71,81.0,11,159.0,252,1.36,0.27,17.0,0.27,9,3.0,Grass,Excelente,victorias,Regular,derrotas,player1,False,True,False
38.2825,0.05,2062,85.0,0.0,3,1810,81.0,0.0,10.0,10.0,0.59,50.0,0.9878048780487805,159.0,1.71,81.0,11,159.0,252,1.36,0.27,17.0,0.27,9,3.0,Grass,Excelente,victorias,Regular,derrotas,player1,False,True,False
38.2825,0.05,2062,85.0,0.0,3,1810,81.0,0.0,10.0,10.0,0.59,50.0,0.9878048780487805,159.0,1.71,81.0,11,159.0,252,1.36,0.27,17.0,0.27,9,3.0,Grass,Excelente,victorias,Regular,derrotas,player1,False,True,False
12.7297,0.0,1924,80.0,-66.0,1,1768,32.0,0.61,11.0,9.0,0.62,55.0,0.32323232323232326,152.0,1.65,98.0,7,200.0,156,1.44,0.27,16.0,0.27,4,4.0,Grass,Excelente,victorias,Regular,derrotas,player1,False,True,False
12.7297,0.0,1924,80.0,-66.0,1,1768,32.0,0.61,11.0,9.0,0.62,55.0,0.32323232323232326,152.0,1.65,98.0,7,200.0,156,1.44,0.27,16.0,0.27,4,4.0,Grass,Excelente,victorias,Regular,derrotas,player1,False,True,False
20.083099999999998,0.08,1815,60.0,-38.0,2,1883,24.0,0.61,13.0,7.0,0.61,65.0,0.38095238095238093,169.0,1.58,62.0,7,217.0,-68,1.53,0.27,12.0,0.27,4,8.0,Grass,Buena,victorias,Buena,derrotas,player1,False,True,False
20.083099999999998,0.08,1815,60.0,-38.0,2,1883,24.0,0.61,13.0,7.0,0.61,65.0,0.38095238095238093,169.0,1.58,62.0,7,217.0,-68,1.53,0.27,12.0,0.27,4,8.0,Grass,Buena,victorias,Buena,derrotas,player1,False,True,False
62.3841,0.14,1927,65.0,-176.0,0,1827,24.0,0.66,11.0,9.0,0.0,55.0,0.11940298507462686,132.0,1.48,200.0,15,217.0,100,1.44,0.27,13.0,0.27,2,7.0,Grass,Buena,victorias,Regular,victorias,player2,False,True,False
62.3841,0.14,1927,65.0,-176.0,0,1827,24.0,0.66,11.0,9.0,0.0,55.0,0.11940298507462686,132.0,1.48,200.0,15,217.0,100,1.44,0.27,13.0,0.27,2,7.0,Grass,Buena,victorias,Regular,victorias,player2,False,True,False
62.3841,0.14,1927,65.0,-176.0,0,1827,24.0,0.66,11.0,9.0,0.0,55.0,0.11940298507462686,132.0,1.48,200.0,15,217.0,100,1.44,0.27,13.0,0.27,2,7.0,Grass,Buena,victorias,Regular,victorias,player2,False,True,False
10.855900000000002,0.0,1786,80.0,105.0,0,1637,182.0,0.57,13.0,7.0,0.46,65.0,2.3333333333333335,161.0,1.57,77.0,2,134.0,149,1.32,0.09,16.0,0.24,8,4.0,Clay,Excelente,victorias,Buena,derrotas,player1,True,False,False
10.855900000000002,0.0,1786,80.0,105.0,0,1637,182.0,0.57,13.0,7.0,0.46,65.0,2.3333333333333335,161.0,1.57,77.0,2,134.0,149,1.32,0.09,16.0,0.24,8,4.0,Clay,Excelente,victorias,Buena,derrotas,player1,True,False,False
10.855900000000002,0.0,1786,80.0,105.0,0,1637,182.0,0.57,13.0,7.0,0.46,65.0,2.3333333333333335,161.0,1.57,77.0,2,134.0,149,1.32,0.09,16.0,0.24,8,4.0,Clay,Excelente,victorias,Buena,derrotas,player1,True,False,False
0.0,0.4,1693,55.0,21.0,2,1729,98.0,0.54,10.0,10.0,0.54,50.0,1.2564102564102564,161.0,1.27,77.0,3,152.0,-36,1.34,0.27,11.0,0.27,-1,9.0,Clay,Regular,derrotas,Regular,victorias,player2,True,False,False
0.0,0.4,1693,55.0,21.0,2,1729,98.0,0.54,10.0,10.0,0.54,50.0,1.2564102564102564,161.0,1.27,77.0,3,152.0,-36,1.34,0.27,11.0,0.27,-1,9.0,Clay,Regular,derrotas,Regular,victorias,player2,True,False,False
4.8017,0.37,1732,75.0,144.0,0,1732,176.0,0.51,14.0,6.0,0.58,70.0,5.333333333333333,200.0,1.49,32.0,5,135.0,0,1.31,0.17,15.0,0.21,3,5.0,Clay,Excelente,victorias,Buena,derrotas,player1,True,False,False
4.8017,0.37,1732,75.0,144.0,0,1732,176.0,0.51,14.0,6.0,0.58,70.0,5.333333333333333,200.0,1.49,32.0,5,135.0,0,1.31,0.17,15.0,0.21,3,5.0,Clay,Excelente,victorias,Buena,derrotas,player1,True,False,False
6.534,0.0,1772,80.0,-158.0,0,1664,39.0,0.61,12.0,8.0,0.52,60.0,0.19696969696969696,132.0,1.46,197.0,4,190.0,108,1.28,0.27,16.0,0.27,3,4.0,Clay,Excelente,victorias,Buena,derrotas,player1,True,False,False
6.534,0.0,1772,80.0,-158.0,0,1664,39.0,0.61,12.0,8.0,0.52,60.0,0.19696969696969696,132.0,1.46,197.0,4,190.0,108,1.28,0.27,16.0,0.27,3,4.0,Clay,Excelente,victorias,Buena,derrotas,player1,True,False,False
10.1506,0.34,1772,65.0,29.0,2,1711,98.0,0.66,11.0,9.0,0.62,55.0,1.4,165.0,1.34,69.0,6,152.0,61,1.31,0.27,13.0,0.27,-1,7.0,Clay,Buena,derrotas,Regular,victorias,player2,True,False,False
10.1506,0.34,1772,65.0,29.0,2,1711,98.0,0.66,11.0,9.0,0.62,55.0,1.4,165.0,1.34,69.0,6,152.0,61,1.31,0.27,13.0,0.27,-1,7.0,Clay,Buena,derrotas,Regular,victorias,player2,True,False,False
5.199999999999999,0.32,1618,45.0,36.0,2,1576,77.0,0.51,7.0,13.0,0.49,35.0,1.8333333333333333,187.0,1.34,41.0,3,161.0,42,1.19,0.27,9.0,0.27,2,11.0,Clay,Regular,victorias,Mala,derrotas,player1,True,False,False
5.199999999999999,0.32,1618,45.0,36.0,2,1576,77.0,0.51,7.0,13.0,0.49,35.0,1.8333333333333333,187.0,1.34,41.0,3,161.0,42,1.19,0.27,9.0,0.27,2,11.0,Clay,Regular,victorias,Mala,derrotas,player1,True,False,False
5.199999999999999,0.32,1618,45.0,36.0,2,1576,77.0,0.51,7.0,13.0,0.49,35.0,1.8333333333333333,187.0,1.34,41.0,3,161.0,42,1.19,0.27,9.0,0.27,2,11.0,Clay,Regular,victorias,Mala,derrotas,player1,True,False,False
12.8672,0.03,1865,60.0,176.0,0,1731,200.0,0.0,12.0,8.0,0.49,60.0,8.0,217.0,1.56,24.0,6,132.0,134,1.49,0.27,12.0,0.27,2,8.0,Grass,Buena,victorias,Buena,derrotas,player1,False,True,False
12.8672,0.03,1865,60.0,176.0,0,1731,200.0,0.0,12.0,8.0,0.49,60.0,8.0,217.0,1.56,24.0,6,132.0,134,1.49,0.27,12.0,0.27,2,8.0,Grass,Buena,victorias,Buena,derrotas,player1,False,True,False
0.0,0.0,1482,25.0,0.0,3,1720,22.0,0.33,12.0,8.0,0.55,60.0,0.9565217391304348,223.0,1.1,22.0,0,223.0,-238,1.46,0.27,1.0,0.14,-1,3.0,Clay,Mala,derrotas,Buena,victorias,player2,True,False,False
0.0,0.0,1482,25.0,0.0,3,1720,22.0,0.33,12.0,8.0,0.55,60.0,0.9565217391304348,223.0,1.1,22.0,0,223.0,-238,1.46,0.27,1.0,0.14,-1,3.0,Clay,Mala,derrotas,Buena,victorias,player2,True,False,False
0.0,0.5,1525,35.0,178.0,0,1720,200.0,0.39,12.0,8.0,0.53,60.0,8.695652173913043,223.0,1.1,22.0,7,132.0,-195,1.38,0.27,7.0,0.23,-1,13.0,Clay,Mala,derrotas,Buena,victorias,player2,True,False,False
0.0,0.5,1525,35.0,178.0,0,1720,200.0,0.39,12.0,8.0,0.53,60.0,8.695652173913043,223.0,1.1,22.0,7,132.0,-195,1.38,0.27,7.0,0.23,-1,13.0,Clay,Mala,derrotas,Buena,victorias,player2,True,False,False
0.7799999999999998,0.27,1640,45.0,-112.0,0,1665,39.0,0.45,13.0,7.0,0.5,65.0,0.2565789473684211,139.0,1.26,151.0,3,190.0,-25,1.42,0.27,9.0,0.27,-1,11.0,Clay,Regular,derrotas,Buena,victorias,player2,True,False,False
0.7799999999999998,0.27,1640,45.0,-112.0,0,1665,39.0,0.45,13.0,7.0,0.5,65.0,0.2565789473684211,139.0,1.26,151.0,3,190.0,-25,1.42,0.27,9.0,0.27,-1,11.0,Clay,Regular,derrotas,Buena,victorias,player2,True,False,False
0.0,0.0,1595,45.0,-152.0,0,1505,53.0,0.43,1.0,1.0,0.0,50.0,0.25728155339805825,131.0,1.37,205.0,0,175.0,90,1.32,0.12,9.0,0.23,2,11.0,Clay,Regular,victorias,Regular,derrotas,player1,True,False,False
0.0,0.0,1595,45.0,-152.0,0,1505,53.0,0.43,1.0,1.0,0.0,50.0,0.25728155339805825,131.0,1.37,205.0,0,175.0,90,1.32,0.12,9.0,0.23,2,11.0,Clay,Regular,victorias,Regular,derrotas,player1,True,False,False
0.0,0.0,1489,28.6,0.0,3,1462,77.0,0.45,1.0,4.0,0.39,20.0,0.9871794871794872,161.0,1.28,77.0,0,161.0,27,1.06,0.12,2.0,0.19,2,5.0,Clay,Mala,victorias,Mala,derrotas,player1,True,False,False
0.0,0.0,1489,28.6,0.0,3,1462,77.0,0.45,1.0,4.0,0.39,20.0,0.9871794871794872,161.0,1.28,77.0,0,161.0,27,1.06,0.12,2.0,0.19,2,5.0,Clay,Mala,victorias,Mala,derrotas,player1,True,False,False
6.5291,0.06,1808,80.0,-150.0,0,1679,32.0,0.55,13.0,7.0,0.42,65.0,0.17486338797814208,134.0,1.46,182.0,2,200.0,129,1.36,0.24,16.0,0.27,2,4.0,Hard,Excelente,victorias,Buena,derrotas,player1,False,False,True
6.5291,0.06,1808,80.0,-150.0,0,1679,32.0,0.55,13.0,7.0,0.42,65.0,0.17486338797814208,134.0,1.46,182.0,2,200.0,129,1.36,0.24,16.0,0.27,2,4.0,Hard,Excelente,victorias,Buena,derrotas,player1,False,False,True
14.3154,0.11,1648,40.0,-53.0,1,1768,24.0,0.46,11.0,9.0,0.54,55.0,0.3076923076923077,161.0,1.45,77.0,12,217.0,-120,1.41,0.27,8.0,0.27,3,12.0,Grass,Regular,victorias,Regular,derrotas,player1,False,True,False
14.3154,0.11,1648,40.0,-53.0,1,1768,24.0,0.46,11.0,9.0,0.54,55.0,0.3076923076923077,161.0,1.45,77.0,12,217.0,-120,1.41,0.27,8.0,0.27,3,12.0,Grass,Regular,victorias,Regular,derrotas,player1,False,True,False
6.934999999999999,0.0,1740,55.0,44.0,2,1749,52.0,0.58,15.0,5.0,0.45,75.0,5.777777777777778,319.0,1.7,8.0,5,176.0,-9,1.58,0.27,11.0,0.27,5,9.0,Grass,Regular,victorias,Excelente,derrotas,player1,False,True,False
6.934999999999999,0.0,1740,55.0,44.0,2,1749,52.0,0.58,15.0,5.0,0.45,75.0,5.777777777777778,319.0,1.7,8.0,5,176.0,-9,1.58,0.27,11.0,0.27,5,9.0,Grass,Regular,victorias,Excelente,derrotas,player1,False,True,False
0.0,0.03,1570,35.0,121.0,0,1739,197.0,0.4,10.0,10.0,0.57,50.0,2.5584415584415585,161.0,1.32,76.0,8,132.0,-169,1.54,0.27,7.0,0.27,-1,13.0,Grass,Mala,derrotas,Regular,victorias,player2,False,True,False
0.0,0.03,1570,35.0,121.0,0,1739,197.0,0.4,10.0,10.0,0.57,50.0,2.5584415584415585,161.0,1.32,76.0,8,132.0,-169,1.54,0.27,7.0,0.27,-1,13.0,Grass,Mala,derrotas,Regular,victorias,player2,False,True,False
1.7069999999999999,0.0,1785,75.0,47.0,2,1722,124.0,0.51,13.0,7.0,0.49,65.0,1.5897435897435896,161.0,1.53,77.0,3,145.0,63,1.38,0.22,15.0,0.27,3,5.0,Clay,Excelente,victorias,Buena,derrotas,player1,True,False,False
1.7069999999999999,0.0,1785,75.0,47.0,2,1722,124.0,0.51,13.0,7.0,0.49,65.0,1.5897435897435896,161.0,1.53,77.0,3,145.0,63,1.38,0.22,15.0,0.27,3,5.0,Clay,Excelente,victorias,Buena,derrotas,player1,True,False,False
0.0,0.22,1546,50.0,0.0,3,1695,154.0,0.37,12.0,8.0,0.47,60.0,0.9935483870967742,139.0,1.31,154.0,1,139.0,-149,1.42,0.23,10.0,0.17,-1,10.0,Clay,Regular,derrotas,Buena,victorias,player2,True,False,False
0.0,0.22,1546,50.0,0.0,3,1695,154.0,0.37,12.0,8.0,0.47,60.0,0.9935483870967742,139.0,1.31,154.0,1,139.0,-149,1.42,0.23,10.0,0.17,-1,10.0,Clay,Regular,derrotas,Buena,victorias,player2,True,False,False
0.0,0.0,1603,60.0,-153.0,0,1789,47.0,0.38,14.0,6.0,0.46,70.0,0.23383084577114427,132.0,1.33,200.0,1,181.0,-186,1.52,0.15,12.0,0.17,-1,8.0,Hard,Buena,derrotas,Buena,victorias,player2,False,False,True
0.0,0.0,1603,60.0,-153.0,0,1789,47.0,0.38,14.0,6.0,0.46,70.0,0.23383084577114427,132.0,1.33,200.0,1,181.0,-186,1.52,0.15,12.0,0.17,-1,8.0,Hard,Buena,derrotas,Buena,victorias,player2,False,False,True
11.2782,0.0,1577,45.0,3.0,3,1622,200.0,0.4,9.0,11.0,0.46,45.0,1.0101010101010102,132.0,1.31,197.0,3,132.0,-45,1.23,0.26,9.0,0.2,2,11.0,Hard,Regular,victorias,Regular,derrotas,player1,False,False,True
11.2782,0.0,1577,45.0,3.0,3,1622,200.0,0.4,9.0,11.0,0.46,45.0,1.0101010101010102,132.0,1.31,197.0,3,132.0,-45,1.23,0.26,9.0,0.2,2,11.0,Hard,Regular,victorias,Regular,derrotas,player1,False,False,True
0.0,0.0,1531,38.5,0.0,3,1711,200.0,0.36,14.0,6.0,0.42,70.0,0.9950248756218906,132.0,1.31,200.0,0,132.0,-180,1.48,0.22,5.0,0.0,2,8.0,Hard,Mala,victorias,Buena,derrotas,player1,False,False,True
0.0,0.0,1531,38.5,0.0,3,1711,200.0,0.36,14.0,6.0,0.42,70.0,0.9950248756218906,132.0,1.31,200.0,0,132.0,-180,1.48,0.22,5.0,0.0,2,8.0,Hard,Mala,victorias,Buena,derrotas,player1,False,False,True
9.468900000000001,0.0,1552,30.0,-153.0,0,1633,47.0,0.49,10.0,10.0,0.42,50.0,0.23383084577114427,132.0,1.11,200.0,3,181.0,-81,1.36,0.14,6.0,0.26,-1,14.0,Hard,Mala,derrotas,Regular,victorias,player2,False,False,True
9.468900000000001,0.0,1552,30.0,-153.0,0,1633,47.0,0.49,10.0,10.0,0.42,50.0,0.23383084577114427,132.0,1.11,200.0,3,181.0,-81,1.36,0.14,6.0,0.26,-1,14.0,Hard,Mala,derrotas,Regular,victorias,player2,False,False,True
0.0,0.0,1562,50.0,0.0,3,1658,200.0,0.38,13.0,7.0,0.45,65.0,0.9950248756218906,132.0,1.3,200.0,1,132.0,-96,1.43,0.2,10.0,0.16,-1,10.0,Hard,Regular,derrotas,Buena,victorias,player2,False,False,True
0.0,0.0,1562,50.0,0.0,3,1658,200.0,0.38,13.0,7.0,0.45,65.0,0.9950248756218906,132.0,1.3,200.0,1,132.0,-96,1.43,0.2,10.0,0.16,-1,10.0,Hard,Regular,derrotas,Buena,victorias,player2,False,False,True
6.5453,0.09,1699,55.0,176.0,0,1695,200.0,0.44,13.0,7.0,0.43,65.0,8.0,217.0,1.4,24.0,2,132.0,4,1.33,0.18,11.0,0.09,2,9.0,Hard,Regular,victorias,Buena,derrotas,player1,False,False,True
6.5453,0.09,1699,55.0,176.0,0,1695,200.0,0.44,13.0,7.0,0.43,65.0,8.0,217.0,1.4,24.0,2,132.0,4,1.33,0.18,11.0,0.09,2,9.0,Hard,Regular,victorias,Buena,derrotas,player1,False,False,True
0.0,0.0,1754,70.0,4.0,3,1594,81.0,0.45,8.0,6.0,0.46,57.1,1.0384615384615385,161.0,1.47,77.0,0,159.0,160,1.36,0.0,14.0,0.09,2,6.0,Clay,Buena,victorias,Regular,derrotas,player1,True,False,False
0.0,0.0,1754,70.0,4.0,3,1594,81.0,0.45,8.0,6.0,0.46,57.1,1.0384615384615385,161.0,1.47,77.0,0,159.0,160,1.36,0.0,14.0,0.09,2,6.0,Clay,Buena,victorias,Regular,derrotas,player1,True,False,False
0.0,0.0,1466,25.0,0.0,3,1550,77.0,0.2,6.0,8.0,0.34,42.9,0.9871794871794872,161.0,1.13,77.0,0,161.0,-84,1.36,0.0,5.0,0.0,-1,15.0,Clay,Mala,derrotas,Regular,victorias,player2,True,False,False
0.0,0.0,1466,25.0,0.0,3,1550,77.0,0.2,6.0,8.0,0.34,42.9,0.9871794871794872,161.0,1.13,77.0,0,161.0,-84,1.36,0.0,5.0,0.0,-1,15.0,Clay,Mala,derrotas,Regular,victorias,player2,True,False,False
3.25,0.29,1630,50.0,-73.0,1,1700,81.0,0.41,14.0,6.0,0.42,70.0,0.5225806451612903,139.0,1.27,154.0,3,159.0,-70,1.45,0.0,10.0,0.0,-1,10.0,Clay,Regular,derrotas,Buena,victorias,player2,True,False,False
3.25,0.29,1630,50.0,-73.0,1,1700,81.0,0.41,14.0,6.0,0.42,70.0,0.5225806451612903,139.0,1.27,154.0,3,159.0,-70,1.45,0.0,10.0,0.0,-1,10.0,Clay,Regular,derrotas,Buena,victorias,player2,True,False,False
0.0,0.0,1788,75.0,19.0,2,1569,81.0,0.45,9.0,11.0,0.41,45.0,1.2857142857142858,169.0,1.62,62.0,1,159.0,219,1.26,0.17,15.0,0.0,12,5.0,Clay,Excelente,victorias,Regular,derrotas,player1,True,False,False
0.0,0.0,1788,75.0,19.0,2,1569,81.0,0.45,9.0,11.0,0.41,45.0,1.2857142857142858,169.0,1.62,62.0,1,159.0,219,1.26,0.17,15.0,0.0,12,5.0,Clay,Excelente,victorias,Regular,derrotas,player1,True,False,False
0.0,0.0,1762,75.0,115.0,0,1639,167.0,0.43,12.0,8.0,0.41,60.0,3.150943396226415,176.0,1.5,52.0,0,137.0,123,1.37,0.2,15.0,0.21,3,5.0,Hard,Excelente,victorias,Buena,derrotas,player1,False,False,True
0.0,0.0,1762,75.0,115.0,0,1639,167.0,0.43,12.0,8.0,0.41,60.0,3.150943396226415,176.0,1.5,52.0,0,137.0,123,1.37,0.2,15.0,0.21,3,5.0,Hard,Excelente,victorias,Buena,derrotas,player1,False,False,True
6.544,0.0,1558,30.0,69.0,1,1707,77.0,0.37,11.0,9.0,0.48,55.0,8.555555555555555,319.0,1.13,8.0,1,161.0,-149,1.49,0.25,6.0,0.26,-1,14.0,Hard,Mala,derrotas,Regular,victorias,player2,False,False,True
6.544,0.0,1558,30.0,69.0,1,1707,77.0,0.37,11.0,9.0,0.48,55.0,8.555555555555555,319.0,1.13,8.0,1,161.0,-149,1.49,0.25,6.0,0.26,-1,14.0,Hard,Mala,derrotas,Regular,victorias,player2,False,False,True
0.0,0.24,1867,90.0,15.0,2,1681,66.0,0.58,13.0,7.0,0.5,65.0,1.2692307692307692,177.0,1.55,51.0,3,166.0,186,1.31,0.22,18.0,0.15,3,2.0,Clay,Excelente,victorias,Buena,derrotas,player1,True,False,False
0.0,0.24,1867,90.0,15.0,2,1681,66.0,0.58,13.0,7.0,0.5,65.0,1.2692307692307692,177.0,1.55,51.0,3,166.0,186,1.31,0.22,18.0,0.15,3,2.0,Clay,Excelente,victorias,Buena,derrotas,player1,True,False,False
25.375300000000006,0.31,1698,65.0,0.0,3,1682,22.0,0.56,13.0,7.0,0.5,65.0,0.9565217391304348,223.0,1.28,22.0,12,223.0,16,1.21,0.21,13.0,0.12,3,7.0,Clay,Buena,victorias,Buena,derrotas,player1,True,False,False
25.375300000000006,0.31,1698,65.0,0.0,3,1682,22.0,0.56,13.0,7.0,0.5,65.0,0.9565217391304348,223.0,1.28,22.0,12,223.0,16,1.21,0.21,13.0,0.12,3,7.0,Clay,Buena,victorias,Buena,derrotas,player1,True,False,False
0.0,0.0,1676,65.0,61.0,1,1590,200.0,0.42,10.0,9.0,0.39,52.6,1.4285714285714286,142.0,1.42,139.0,2,132.0,86,1.3,0.09,13.0,0.2,2,7.0,Hard,Buena,victorias,Regular,derrotas,player1,False,False,True
0.0,0.0,1676,65.0,61.0,1,1590,200.0,0.42,10.0,9.0,0.39,52.6,1.4285714285714286,142.0,1.42,139.0,2,132.0,86,1.3,0.09,13.0,0.2,2,7.0,Hard,Buena,victorias,Regular,derrotas,player1,False,False,True
8.480900000000002,0.0,1604,63.6,0.0,3,1577,200.0,0.44,9.0,11.0,0.31,45.0,0.9950248756218906,132.0,1.36,200.0,1,132.0,27,1.35,0.21,7.0,0.14,-1,4.0,Hard,Buena,derrotas,Regular,victorias,player2,False,False,True
8.480900000000002,0.0,1604,63.6,0.0,3,1577,200.0,0.44,9.0,11.0,0.31,45.0,0.9950248756218906,132.0,1.36,200.0,1,132.0,27,1.35,0.21,7.0,0.14,-1,4.0,Hard,Buena,derrotas,Regular,victorias,player2,False,False,True
0.0,0.0,1489,36.4,119.0,0,1519,200.0,0.37,6.0,14.0,0.43,30.0,2.4390243902439024,159.0,1.18,81.0,0,132.0,-30,1.33,0.21,4.0,0.0,-1,7.0,Hard,Mala,derrotas,Mala,victorias,player2,False,False,True
0.0,0.0,1489,36.4,119.0,0,1519,200.0,0.37,6.0,14.0,0.43,30.0,2.4390243902439024,159.0,1.18,81.0,0,132.0,-30,1.33,0.21,4.0,0.0,-1,7.0,Hard,Mala,derrotas,Mala,victorias,player2,False,False,True
0.0,0.0,1499,33.3,0.0,3,1694,200.0,0.34,12.0,8.0,0.41,60.0,0.9950248756218906,132.0,1.18,200.0,0,132.0,-195,1.5,0.15,6.0,0.0,-1,12.0,Hard,Mala,derrotas,Buena,victorias,player2,False,False,True
0.0,0.0,1499,33.3,0.0,3,1694,200.0,0.34,12.0,8.0,0.41,60.0,0.9950248756218906,132.0,1.18,200.0,0,132.0,-195,1.5,0.15,6.0,0.0,-1,12.0,Hard,Mala,derrotas,Buena,victorias,player2,False,False,True
0.0,0.0,1517,45.0,-138.0,0,1632,62.0,0.27,11.0,9.0,0.45,55.0,0.30845771144278605,132.0,1.29,200.0,0,169.0,-115,1.41,0.24,9.0,0.12,-1,11.0,Hard,Regular,derrotas,Regular,victorias,player2,False,False,True
0.0,0.0,1517,45.0,-138.0,0,1632,62.0,0.27,11.0,9.0,0.45,55.0,0.30845771144278605,132.0,1.29,200.0,0,169.0,-115,1.41,0.24,9.0,0.12,-1,11.0,Hard,Regular,derrotas,Regular,victorias,player2,False,False,True
0.0,0.0,1546,30.0,0.0,3,1485,200.0,0.36,1.0,4.0,0.28,20.0,0.9950248756218906,132.0,1.29,200.0,0,132.0,61,1.06,0.17,6.0,0.24,2,14.0,Hard,Mala,victorias,Mala,derrotas,player1,False,False,True
0.0,0.0,1546,30.0,0.0,3,1485,200.0,0.36,1.0,4.0,0.28,20.0,0.9950248756218906,132.0,1.29,200.0,0,132.0,61,1.06,0.17,6.0,0.24,2,14.0,Hard,Mala,victorias,Mala,derrotas,player1,False,False,True
0.0,0.11,1490,40.0,-107.0,0,1617,47.0,0.36,12.0,8.0,0.36,60.0,0.3032258064516129,139.0,1.33,154.0,1,181.0,-127,1.35,0.2,8.0,0.21,2,12.0,Hard,Regular,victorias,Buena,derrotas,player1,False,False,True
0.0,0.11,1490,40.0,-107.0,0,1617,47.0,0.36,12.0,8.0,0.36,60.0,0.3032258064516129,139.0,1.33,154.0,1,181.0,-127,1.35,0.2,8.0,0.21,2,12.0,Hard,Regular,victorias,Buena,derrotas,player1,False,False,True
1.69,0.12,1533,42.9,0.0,3,1668,200.0,0.36,12.0,8.0,0.51,60.0,0.9950248756218906,132.0,1.23,200.0,2,132.0,-135,1.42,0.24,6.0,0.15,-1,8.0,Hard,Regular,derrotas,Buena,victorias,player2,False,False,True
1.69,0.12,1533,42.9,0.0,3,1668,200.0,0.36,12.0,8.0,0.51,60.0,0.9950248756218906,132.0,1.23,200.0,2,132.0,-135,1.42,0.24,6.0,0.15,-1,8.0,Hard,Regular,derrotas,Buena,victorias,player2,False,False,True
0.0,0.0,1603,54.5,0.0,3,1536,200.0,0.62,7.0,13.0,0.49,35.0,0.9950248756218906,132.0,1.34,200.0,0,132.0,67,1.32,0.26,6.0,0.25,-1,5.0,Hard,Regular,derrotas,Mala,victorias,player2,False,False,True
0.0,0.0,1603,54.5,0.0,3,1536,200.0,0.62,7.0,13.0,0.49,35.0,0.9950248756218906,132.0,1.34,200.0,0,132.0,67,1.32,0.26,6.0,0.25,-1,5.0,Hard,Regular,derrotas,Mala,victorias,player2,False,False,True
8.493,0.0,1683,60.0,-192.0,0,1468,8.0,0.41,2.0,6.0,0.18,25.0,0.03980099502487562,132.0,1.43,200.0,1,319.0,215,1.08,0.17,12.0,0.26,2,8.0,Hard,Buena,victorias,Mala,derrotas,player1,False,False,True
8.493,0.0,1683,60.0,-192.0,0,1468,8.0,0.41,2.0,6.0,0.18,25.0,0.03980099502487562,132.0,1.43,200.0,1,319.0,215,1.08,0.17,12.0,0.26,2,8.0,Hard,Buena,victorias,Mala,derrotas,player1,False,False,True
0.0,0.0,1491,33.3,0.0,3,1669,200.0,0.34,10.0,10.0,0.47,50.0,0.9950248756218906,132.0,1.18,200.0,0,132.0,-178,1.41,0.27,2.0,0.09,-1,4.0,Hard,Mala,derrotas,Regular,victorias,player2,False,False,True
0.0,0.0,1491,33.3,0.0,3,1669,200.0,0.34,10.0,10.0,0.47,50.0,0.9950248756218906,132.0,1.18,200.0,0,132.0,-178,1.41,0.27,2.0,0.09,-1,4.0,Hard,Mala,derrotas,Regular,victorias,player2,False,False,True
0.0267,0.0,1471,30.8,192.0,0,1675,200.0,0.27,11.0,9.0,0.39,55.0,22.22222222222222,319.0,1.2,8.0,1,132.0,-204,1.51,0.24,4.0,0.0,1,9.0,Hard,Mala,victorias,Regular,victorias,player2,False,False,True
0.0267,0.0,1471,30.8,192.0,0,1675,200.0,0.27,11.0,9.0,0.39,55.0,22.22222222222222,319.0,1.2,8.0,1,132.0,-204,1.51,0.24,4.0,0.0,1,9.0,Hard,Mala,victorias,Regular,victorias,player2,False,False,True
0.0,0.25,1539,45.0,0.0,3,1738,100.0,0.36,14.0,6.0,0.49,70.0,0.9900990099009901,152.0,1.28,100.0,7,152.0,-199,1.37,0.27,9.0,0.19,2,11.0,Hard,Regular,victorias,Buena,victorias,player2,False,False,True
6.5466,0.0,1592,45.0,-48.0,2,1684,52.0,0.51,10.0,10.0,0.49,50.0,0.5148514851485149,152.0,1.32,100.0,3,176.0,-92,1.34,0.27,9.0,0.27,2,11.0,Hard,Regular,victorias,Regular,victorias,player2,False,False,True
8.4785,0.12,1677,50.0,0.0,3,1674,52.0,0.53,10.0,10.0,0.48,50.0,0.9811320754716981,176.0,1.32,52.0,4,176.0,3,1.32,0.27,10.0,0.27,2,10.0,Hard,Regular,victorias,Regular,victorias,player2,False,False,True
8.4785,0.12,1677,50.0,0.0,3,1674,52.0,0.53,10.0,10.0,0.48,50.0,0.9811320754716981,176.0,1.32,52.0,4,176.0,3,1.32,0.27,10.0,0.27,2,10.0,Hard,Regular,victorias,Regular,victorias,player2,False,False,True
8.4785,0.12,1677,50.0,0.0,3,1674,52.0,0.53,10.0,10.0,0.48,50.0,0.9811320754716981,176.0,1.32,52.0,4,176.0,3,1.32,0.27,10.0,0.27,2,10.0,Hard,Regular,victorias,Regular,victorias,player2,False,False,True
20.174400000000002,0.0,1877,90.0,-28.0,2,1541,24.0,0.47,8.0,12.0,0.35,40.0,0.4528301886792453,176.0,1.5,52.0,7,217.0,336,1.22,0.14,18.0,0.2,17,2.0,Hard,Excelente,victorias,Regular,victorias,player1,False,False,True
22.7862,0.0,1619,35.0,0.0,3,1593,100.0,0.44,10.0,10.0,0.37,50.0,0.9900990099009901,152.0,1.22,100.0,6,152.0,26,1.29,0.21,7.0,0.22,2,13.0,Hard,Mala,victorias,Regular,victorias,player1,False,False,True
0.0,0.11,1804,80.0,43.0,2,1663,182.0,0.46,11.0,9.0,0.41,55.0,1.3,142.0,1.46,139.0,4,134.0,141,1.34,0.22,16.0,0.0,-1,4.0,Hard,Excelente,derrotas,Regular,victorias,player2,False,False,True
0.0,0.11,1804,80.0,43.0,2,1663,182.0,0.46,11.0,9.0,0.41,55.0,1.3,142.0,1.46,139.0,4,134.0,141,1.34,0.22,16.0,0.0,-1,4.0,Hard,Excelente,derrotas,Regular,victorias,player2,False,False,True
29.313599999999997,0.16,1915,70.0,138.0,0,1976,200.0,0.6,14.0,6.0,0.0,70.0,3.1746031746031744,169.0,1.57,62.0,15,132.0,-61,1.51,0.27,14.0,0.27,2,6.0,Grass,Buena,victorias,Buena,derrotas,player1,False,True,False
29.313599999999997,0.16,1915,70.0,138.0,0,1976,200.0,0.6,14.0,6.0,0.0,70.0,3.1746031746031744,169.0,1.57,62.0,15,132.0,-61,1.51,0.27,14.0,0.27,2,6.0,Grass,Buena,victorias,Buena,derrotas,player1,False,True,False
29.313599999999997,0.16,1915,70.0,138.0,0,1976,200.0,0.6,14.0,6.0,0.0,70.0,3.1746031746031744,169.0,1.57,62.0,15,132.0,-61,1.51,0.27,14.0,0.27,2,6.0,Grass,Buena,victorias,Buena,derrotas,player1,False,True,False
5.997399999999999,0.14,1898,60.0,51.0,1,1990,153.0,0.56,14.0,6.0,0.34,70.0,1.4854368932038835,151.0,1.64,102.0,12,139.0,-92,1.56,0.27,12.0,0.27,2,8.0,Grass,Buena,victorias,Buena,derrotas,player1,False,True,False
5.997399999999999,0.14,1898,60.0,51.0,1,1990,153.0,0.56,14.0,6.0,0.34,70.0,1.4854368932038835,151.0,1.64,102.0,12,139.0,-92,1.56,0.27,12.0,0.27,2,8.0,Grass,Buena,victorias,Buena,derrotas,player1,False,True,False
38.2825,0.05,2062,85.0,0.0,3,1810,81.0,0.0,10.0,10.0,0.49,50.0,0.9878048780487805,159.0,1.71,81.0,11,159.0,252,1.36,0.27,17.0,0.27,9,3.0,Grass,Excelente,victorias,Regular,derrotas,player1,False,True,False
38.2825,0.05,2062,85.0,0.0,3,1810,81.0,0.0,10.0,10.0,0.49,50.0,0.9878048780487805,159.0,1.71,81.0,11,159.0,252,1.36,0.27,17.0,0.27,9,3.0,Grass,Excelente,victorias,Regular,derrotas,player1,False,True,False
38.2825,0.05,2062,85.0,0.0,3,1810,81.0,0.0,10.0,10.0,0.49,50.0,0.9878048780487805,159.0,1.71,81.0,11,159.0,252,1.36,0.27,17.0,0.27,9,3.0,Grass,Excelente,victorias,Regular,derrotas,player1,False,True,False
12.7297,0.0,1924,80.0,-66.0,1,1768,32.0,0.51,11.0,9.0,0.62,55.0,0.32323232323232326,152.0,1.65,98.0,7,200.0,156,1.44,0.27,16.0,0.27,4,4.0,Grass,Excelente,victorias,Regular,derrotas,player1,False,True,False
12.7297,0.0,1924,80.0,-66.0,1,1768,32.0,0.51,11.0,9.0,0.62,55.0,0.32323232323232326,152.0,1.65,98.0,7,200.0,156,1.44,0.27,16.0,0.27,4,4.0,Grass,Excelente,victorias,Regular,derrotas,player1,False,True,False
20.0831,0.08,1815,60.0,-38.0,2,1883,24.0,0.61,13.0,7.0,0.54,65.0,0.38095238095238093,169.0,1.58,62.0,7,217.0,-68,1.53,0.27,12.0,0.27,4,8.0,Grass,Buena,victorias,Buena,derrotas,player1,False,True,False
20.0831,0.08,1815,60.0,-38.0,2,1883,24.0,0.61,13.0,7.0,0.54,65.0,0.38095238095238093,169.0,1.58,62.0,7,217.0,-68,1.53,0.27,12.0,0.27,4,8.0,Grass,Buena,victorias,Buena,derrotas,player1,False,True,False
62.3841,0.14,1927,65.0,-176.0,0,1827,24.0,0.62,11.0,9.0,0.0,55.0,0.11940298507462686,132.0,1.48,200.0,15,217.0,100,1.44,0.27,13.0,0.27,2,7.0,Grass,Buena,victorias,Regular,victorias,player2,False,True,False
62.3841,0.14,1927,65.0,-176.0,0,1827,24.0,0.62,11.0,9.0,0.0,55.0,0.11940298507462686,132.0,1.48,200.0,15,217.0,100,1.44,0.27,13.0,0.27,2,7.0,Grass,Buena,victorias,Regular,victorias,player2,False,True,False
62.3841,0.14,1927,65.0,-176.0,0,1827,24.0,0.62,11.0,9.0,0.0,55.0,0.11940298507462686,132.0,1.48,200.0,15,217.0,100,1.44,0.27,13.0,0.27,2,7.0,Grass,Buena,victorias,Regular,victorias,player2,False,True,False
10.855900000000002,0.0,1786,80.0,105.0,0,1637,182.0,0.57,13.0,7.0,0.46,65.0,2.3333333333333335,161.0,1.57,77.0,2,134.0,149,1.32,0.09,16.0,0.24,8,4.0,Clay,Excelente,victorias,Buena,derrotas,player1,True,False,False
10.855900000000002,0.0,1786,80.0,105.0,0,1637,182.0,0.57,13.0,7.0,0.46,65.0,2.3333333333333335,161.0,1.57,77.0,2,134.0,149,1.32,0.09,16.0,0.24,8,4.0,Clay,Excelente,victorias,Buena,derrotas,player1,True,False,False
10.855900000000002,0.0,1786,80.0,105.0,0,1637,182.0,0.57,13.0,7.0,0.46,65.0,2.3333333333333335,161.0,1.57,77.0,2,134.0,149,1.32,0.09,16.0,0.24,8,4.0,Clay,Excelente,victorias,Buena,derrotas,player1,True,False,False
0.0,0.4,1693,55.0,21.0,2,1729,98.0,0.54,10.0,10.0,0.54,50.0,1.2564102564102564,161.0,1.27,77.0,3,152.0,-36,1.34,0.27,11.0,0.27,-1,9.0,Clay,Regular,derrotas,Regular,victorias,player2,True,False,False
0.0,0.4,1693,55.0,21.0,2,1729,98.0,0.54,10.0,10.0,0.54,50.0,1.2564102564102564,161.0,1.27,77.0,3,152.0,-36,1.34,0.27,11.0,0.27,-1,9.0,Clay,Regular,derrotas,Regular,victorias,player2,True,False,False
4.8017,0.37,1732,75.0,144.0,0,1732,176.0,0.51,14.0,6.0,0.58,70.0,5.333333333333333,200.0,1.49,32.0,5,135.0,0,1.31,0.17,15.0,0.21,3,5.0,Clay,Excelente,victorias,Buena,derrotas,player1,True,False,False
4.8017,0.37,1732,75.0,144.0,0,1732,176.0,0.51,14.0,6.0,0.58,70.0,5.333333333333333,200.0,1.49,32.0,5,135.0,0,1.31,0.17,15.0,0.21,3,5.0,Clay,Excelente,victorias,Buena,derrotas,player1,True,False,False
6.534,0.0,1772,80.0,-158.0,0,1664,39.0,0.61,12.0,8.0,0.52,60.0,0.19696969696969696,132.0,1.46,197.0,4,190.0,108,1.28,0.27,16.0,0.27,3,4.0,Clay,Excelente,victorias,Buena,derrotas,player1,True,False,False
6.534,0.0,1772,80.0,-158.0,0,1664,39.0,0.61,12.0,8.0,0.52,60.0,0.19696969696969696,132.0,1.46,197.0,4,190.0,108,1.28,0.27,16.0,0.27,3,4.0,Clay,Excelente,victorias,Buena,derrotas,player1,True,False,False
10.1506,0.34,1772,65.0,29.0,2,1711,98.0,0.66,11.0,9.0,0.62,55.0,1.4,165.0,1.34,69.0,6,152.0,61,1.31,0.27,13.0,0.27,-1,7.0,Clay,Buena,derrotas,Regular,victorias,player2,True,False,False
10.1506,0.34,1772,65.0,29.0,2,1711,98.0,0.66,11.0,9.0,0.62,55.0,1.4,165.0,1.34,69.0,6,152.0,61,1.31,0.27,13.0,0.27,-1,7.0,Clay,Buena,derrotas,Regular,victorias,player2,True,False,False
5.199999999999999,0.32,1618,45.0,36.0,2,1576,77.0,0.51,7.0,13.0,0.49,35.0,1.8333333333333333,187.0,1.34,41.0,3,161.0,42,1.19,0.27,9.0,0.27,2,11.0,Clay,Regular,victorias,Mala,derrotas,player1,True,False,False
5.199999999999999,0.32,1618,45.0,36.0,2,1576,77.0,0.51,7.0,13.0,0.49,35.0,1.8333333333333333,187.0,1.34,41.0,3,161.0,42,1.19,0.27,9.0,0.27,2,11.0,Clay,Regular,victorias,Mala,derrotas,player1,True,False,False
5.199999999999999,0.32,1618,45.0,36.0,2,1576,77.0,0.51,7.0,13.0,0.49,35.0,1.8333333333333333,187.0,1.34,41.0,3,161.0,42,1.19,0.27,9.0,0.27,2,11.0,Clay,Regular,victorias,Mala,derrotas,player1,True,False,False
12.8672,0.03,1865,60.0,176.0,0,1731,200.0,0.0,12.0,8.0,0.49,60.0,8.0,217.0,1.56,24.0,6,132.0,134,1.49,0.27,12.0,0.27,2,8.0,Grass,Buena,victorias,Buena,derrotas,player1,False,True,False
12.8672,0.03,1865,60.0,176.0,0,1731,200.0,0.0,12.0,8.0,0.49,60.0,8.0,217.0,1.56,24.0,6,132.0,134,1.49,0.27,12.0,0.27,2,8.0,Grass,Buena,victorias,Buena,derrotas,player1,False,True,False
0.0,0.0,1482,25.0,0.0,3,1720,22.0,0.24,12.0,8.0,0.55,60.0,0.9565217391304348,223.0,1.1,22.0,0,223.0,-238,1.46,0.27,1.0,0.14,-1,3.0,Clay,Mala,derrotas,Buena,victorias,player2,True,False,False
0.0,0.0,1482,25.0,0.0,3,1720,22.0,0.24,12.0,8.0,0.55,60.0,0.9565217391304348,223.0,1.1,22.0,0,223.0,-238,1.46,0.27,1.0,0.14,-1,3.0,Clay,Mala,derrotas,Buena,victorias,player2,True,False,False
0.0,0.5,1525,35.0,178.0,0,1720,200.0,0.39,12.0,8.0,0.53,60.0,8.695652173913043,223.0,1.1,22.0,7,132.0,-195,1.38,0.27,7.0,0.23,-1,13.0,Clay,Mala,derrotas,Buena,victorias,player2,True,False,False
0.0,0.5,1525,35.0,178.0,0,1720,200.0,0.39,12.0,8.0,0.53,60.0,8.695652173913043,223.0,1.1,22.0,7,132.0,-195,1.38,0.27,7.0,0.23,-1,13.0,Clay,Mala,derrotas,Buena,victorias,player2,True,False,False
0.7799999999999998,0.27,1640,45.0,-112.0,0,1665,39.0,0.45,13.0,7.0,0.5,65.0,0.2565789473684211,139.0,1.26,151.0,3,190.0,-25,1.42,0.27,9.0,0.27,-1,11.0,Clay,Regular,derrotas,Buena,victorias,player2,True,False,False
0.7799999999999998,0.27,1640,45.0,-112.0,0,1665,39.0,0.45,13.0,7.0,0.5,65.0,0.2565789473684211,139.0,1.26,151.0,3,190.0,-25,1.42,0.27,9.0,0.27,-1,11.0,Clay,Regular,derrotas,Buena,victorias,player2,True,False,False
0.0,0.0,1595,45.0,-152.0,0,1505,53.0,0.43,1.0,1.0,0.0,50.0,0.25728155339805825,131.0,1.37,205.0,0,175.0,90,1.32,0.12,9.0,0.23,2,11.0,Clay,Regular,victorias,Regular,derrotas,player1,True,False,False
0.0,0.0,1595,45.0,-152.0,0,1505,53.0,0.43,1.0,1.0,0.0,50.0,0.25728155339805825,131.0,1.37,205.0,0,175.0,90,1.32,0.12,9.0,0.23,2,11.0,Clay,Regular,victorias,Regular,derrotas,player1,True,False,False
0.0,0.0,1489,28.6,0.0,3,1462,77.0,0.35,1.0,4.0,0.26,20.0,0.9871794871794872,161.0,1.28,77.0,0,161.0,27,1.06,0.12,2.0,0.19,2,5.0,Clay,Mala,victorias,Mala,derrotas,player1,True,False,False
0.0,0.0,1489,28.6,0.0,3,1462,77.0,0.35,1.0,4.0,0.26,20.0,0.9871794871794872,161.0,1.28,77.0,0,161.0,27,1.06,0.12,2.0,0.19,2,5.0,Clay,Mala,victorias,Mala,derrotas,player1,True,False,False
6.5291,0.06,1808,80.0,-150.0,0,1679,32.0,0.55,13.0,7.0,0.42,65.0,0.17486338797814208,134.0,1.46,182.0,2,200.0,129,1.36,0.24,16.0,0.27,2,4.0,Hard,Excelente,victorias,Buena,derrotas,player1,False,False,True
6.5291,0.06,1808,80.0,-150.0,0,1679,32.0,0.55,13.0,7.0,0.42,65.0,0.17486338797814208,134.0,1.46,182.0,2,200.0,129,1.36,0.24,16.0,0.27,2,4.0,Hard,Excelente,victorias,Buena,derrotas,player1,False,False,True
14.3154,0.11,1648,40.0,-53.0,1,1768,24.0,0.46,11.0,9.0,0.54,55.0,0.3076923076923077,161.0,1.45,77.0,12,217.0,-120,1.41,0.27,8.0,0.27,3,12.0,Grass,Regular,victorias,Regular,derrotas,player1,False,True,False
14.3154,0.11,1648,40.0,-53.0,1,1768,24.0,0.46,11.0,9.0,0.54,55.0,0.3076923076923077,161.0,1.45,77.0,12,217.0,-120,1.41,0.27,8.0,0.27,3,12.0,Grass,Regular,victorias,Regular,derrotas,player1,False,True,False
6.934999999999999,0.0,1740,55.0,44.0,2,1749,52.0,0.58,15.0,5.0,0.45,75.0,5.777777777777778,319.0,1.7,8.0,5,176.0,-9,1.58,0.27,11.0,0.27,5,9.0,Grass,Regular,victorias,Excelente,derrotas,player1,False,True,False
6.934999999999999,0.0,1740,55.0,44.0,2,1749,52.0,0.58,15.0,5.0,0.45,75.0,5.777777777777778,319.0,1.7,8.0,5,176.0,-9,1.58,0.27,11.0,0.27,5,9.0,Grass,Regular,victorias,Excelente,derrotas,player1,False,True,False
0.0,0.03,1570,35.0,121.0,0,1739,197.0,0.38,10.0,10.0,0.57,50.0,2.5584415584415585,161.0,1.32,76.0,8,132.0,-169,1.54,0.27,7.0,0.27,-1,13.0,Grass,Mala,derrotas,Regular,victorias,player2,False,True,False
0.0,0.03,1570,35.0,121.0,0,1739,197.0,0.38,10.0,10.0,0.57,50.0,2.5584415584415585,161.0,1.32,76.0,8,132.0,-169,1.54,0.27,7.0,0.27,-1,13.0,Grass,Mala,derrotas,Regular,victorias,player2,False,True,False
1.7069999999999999,0.0,1785,75.0,47.0,2,1722,124.0,0.51,13.0,7.0,0.49,65.0,1.5897435897435896,161.0,1.53,77.0,3,145.0,63,1.38,0.22,15.0,0.27,3,5.0,Clay,Excelente,victorias,Buena,derrotas,player1,True,False,False
1.7069999999999999,0.0,1785,75.0,47.0,2,1722,124.0,0.51,13.0,7.0,0.49,65.0,1.5897435897435896,161.0,1.53,77.0,3,145.0,63,1.38,0.22,15.0,0.27,3,5.0,Clay,Excelente,victorias,Buena,derrotas,player1,True,False,False
0.0,0.22,1546,50.0,0.0,3,1695,154.0,0.37,12.0,8.0,0.47,60.0,0.9935483870967742,139.0,1.31,154.0,1,139.0,-149,1.42,0.23,10.0,0.17,-1,10.0,Clay,Regular,derrotas,Buena,victorias,player2,True,False,False
0.0,0.22,1546,50.0,0.0,3,1695,154.0,0.37,12.0,8.0,0.47,60.0,0.9935483870967742,139.0,1.31,154.0,1,139.0,-149,1.42,0.23,10.0,0.17,-1,10.0,Clay,Regular,derrotas,Buena,victorias,player2,True,False,False
0.0,0.0,1603,60.0,-153.0,0,1789,47.0,0.38,14.0,6.0,0.46,70.0,0.23383084577114427,132.0,1.33,200.0,1,181.0,-186,1.52,0.15,12.0,0.17,-1,8.0,Hard,Buena,derrotas,Buena,victorias,player2,False,False,True
0.0,0.0,1603,60.0,-153.0,0,1789,47.0,0.38,14.0,6.0,0.46,70.0,0.23383084577114427,132.0,1.33,200.0,1,181.0,-186,1.52,0.15,12.0,0.17,-1,8.0,Hard,Buena,derrotas,Buena,victorias,player2,False,False,True
11.2782,0.0,1577,45.0,3.0,3,1622,200.0,0.4,9.0,11.0,0.46,45.0,1.0101010101010102,132.0,1.31,197.0,3,132.0,-45,1.23,0.26,9.0,0.2,2,11.0,Hard,Regular,victorias,Regular,derrotas,player1,False,False,True
11.2782,0.0,1577,45.0,3.0,3,1622,200.0,0.4,9.0,11.0,0.46,45.0,1.0101010101010102,132.0,1.31,197.0,3,132.0,-45,1.23,0.26,9.0,0.2,2,11.0,Hard,Regular,victorias,Regular,derrotas,player1,False,False,True
0.0,0.0,1531,38.5,0.0,3,1711,200.0,0.36,14.0,6.0,0.42,70.0,0.9950248756218906,132.0,1.31,200.0,0,132.0,-180,1.48,0.22,5.0,0.0,2,8.0,Hard,Mala,victorias,Buena,derrotas,player1,False,False,True
0.0,0.0,1531,38.5,0.0,3,1711,200.0,0.36,14.0,6.0,0.42,70.0,0.9950248756218906,132.0,1.31,200.0,0,132.0,-180,1.48,0.22,5.0,0.0,2,8.0,Hard,Mala,victorias,Buena,derrotas,player1,False,False,True
9.468900000000001,0.0,1552,30.0,-153.0,0,1633,47.0,0.49,10.0,10.0,0.42,50.0,0.23383084577114427,132.0,1.11,200.0,3,181.0,-81,1.36,0.14,6.0,0.26,-1,14.0,Hard,Mala,derrotas,Regular,victorias,player2,False,False,True
9.468900000000001,0.0,1552,30.0,-153.0,0,1633,47.0,0.49,10.0,10.0,0.42,50.0,0.23383084577114427,132.0,1.11,200.0,3,181.0,-81,1.36,0.14,6.0,0.26,-1,14.0,Hard,Mala,derrotas,Regular,victorias,player2,False,False,True
0.0,0.0,1562,50.0,0.0,3,1658,200.0,0.38,13.0,7.0,0.45,65.0,0.9950248756218906,132.0,1.3,200.0,1,132.0,-96,1.43,0.2,10.0,0.16,-1,10.0,Hard,Regular,derrotas,Buena,victorias,player2,False,False,True
0.0,0.0,1562,50.0,0.0,3,1658,200.0,0.38,13.0,7.0,0.45,65.0,0.9950248756218906,132.0,1.3,200.0,1,132.0,-96,1.43,0.2,10.0,0.16,-1,10.0,Hard,Regular,derrotas,Buena,victorias,player2,False,False,True
6.5453,0.09,1699,55.0,176.0,0,1695,200.0,0.44,13.0,7.0,0.43,65.0,8.0,217.0,1.4,24.0,2,132.0,4,1.33,0.18,11.0,0.09,2,9.0,Hard,Regular,victorias,Buena,derrotas,player1,False,False,True
6.5453,0.09,1699,55.0,176.0,0,1695,200.0,0.44,13.0,7.0,0.43,65.0,8.0,217.0,1.4,24.0,2,132.0,4,1.33,0.18,11.0,0.09,2,9.0,Hard,Regular,victorias,Buena,derrotas,player1,False,False,True
0.0,0.0,1754,70.0,4.0,3,1594,81.0,0.45,8.0,6.0,0.42,57.1,1.0384615384615385,161.0,1.47,77.0,0,159.0,160,1.36,0.0,14.0,0.09,2,6.0,Clay,Buena,victorias,Regular,derrotas,player1,True,False,False
0.0,0.0,1754,70.0,4.0,3,1594,81.0,0.45,8.0,6.0,0.42,57.1,1.0384615384615385,161.0,1.47,77.0,0,159.0,160,1.36,0.0,14.0,0.09,2,6.0,Clay,Buena,victorias,Regular,derrotas,player1,True,False,False
0.0,0.0,1466,25.0,0.0,3,1550,77.0,0.18,6.0,8.0,0.34,42.9,0.9871794871794872,161.0,1.13,77.0,0,161.0,-84,1.36,0.0,5.0,0.0,-1,15.0,Clay,Mala,derrotas,Regular,victorias,player2,True,False,False
0.0,0.0,1466,25.0,0.0,3,1550,77.0,0.18,6.0,8.0,0.34,42.9,0.9871794871794872,161.0,1.13,77.0,0,161.0,-84,1.36,0.0,5.0,0.0,-1,15.0,Clay,Mala,derrotas,Regular,victorias,player2,True,False,False
3.25,0.29,1630,50.0,-73.0,1,1700,81.0,0.41,14.0,6.0,0.42,70.0,0.5225806451612903,139.0,1.27,154.0,3,159.0,-70,1.45,0.0,10.0,0.0,-1,10.0,Clay,Regular,derrotas,Buena,victorias,player2,True,False,False
3.25,0.29,1630,50.0,-73.0,1,1700,81.0,0.41,14.0,6.0,0.42,70.0,0.5225806451612903,139.0,1.27,154.0,3,159.0,-70,1.45,0.0,10.0,0.0,-1,10.0,Clay,Regular,derrotas,Buena,victorias,player2,True,False,False
0.0,0.0,1788,75.0,19.0,2,1569,81.0,0.45,9.0,11.0,0.41,45.0,1.2857142857142858,169.0,1.62,62.0,1,159.0,219,1.26,0.17,15.0,0.0,12,5.0,Clay,Excelente,victorias,Regular,derrotas,player1,True,False,False
0.0,0.0,1788,75.0,19.0,2,1569,81.0,0.45,9.0,11.0,0.41,45.0,1.2857142857142858,169.0,1.62,62.0,1,159.0,219,1.26,0.17,15.0,0.0,12,5.0,Clay,Excelente,victorias,Regular,derrotas,player1,True,False,False
0.0,0.0,1762,75.0,115.0,0,1639,167.0,0.43,12.0,8.0,0.41,60.0,3.150943396226415,176.0,1.5,52.0,0,137.0,123,1.37,0.2,15.0,0.21,3,5.0,Hard,Excelente,victorias,Buena,derrotas,player1,False,False,True
0.0,0.0,1762,75.0,115.0,0,1639,167.0,0.43,12.0,8.0,0.41,60.0,3.150943396226415,176.0,1.5,52.0,0,137.0,123,1.37,0.2,15.0,0.21,3,5.0,Hard,Excelente,victorias,Buena,derrotas,player1,False,False,True
6.544,0.0,1558,30.0,69.0,1,1707,77.0,0.37,11.0,9.0,0.48,55.0,8.555555555555555,319.0,1.13,8.0,1,161.0,-149,1.49,0.25,6.0,0.26,-1,14.0,Hard,Mala,derrotas,Regular,victorias,player2,False,False,True
6.544,0.0,1558,30.0,69.0,1,1707,77.0,0.37,11.0,9.0,0.48,55.0,8.555555555555555,319.0,1.13,8.0,1,161.0,-149,1.49,0.25,6.0,0.26,-1,14.0,Hard,Mala,derrotas,Regular,victorias,player2,False,False,True
0.0,0.24,1867,90.0,15.0,2,1681,66.0,0.58,13.0,7.0,0.5,65.0,1.2692307692307692,177.0,1.55,51.0,3,166.0,186,1.31,0.22,18.0,0.15,3,2.0,Clay,Excelente,victorias,Buena,derrotas,player1,True,False,False
0.0,0.24,1867,90.0,15.0,2,1681,66.0,0.58,13.0,7.0,0.5,65.0,1.2692307692307692,177.0,1.55,51.0,3,166.0,186,1.31,0.22,18.0,0.15,3,2.0,Clay,Excelente,victorias,Buena,derrotas,player1,True,False,False
25.375300000000003,0.31,1698,65.0,0.0,3,1682,22.0,0.56,13.0,7.0,0.5,65.0,0.9565217391304348,223.0,1.28,22.0,12,223.0,16,1.21,0.21,13.0,0.12,3,7.0,Clay,Buena,victorias,Buena,derrotas,player1,True,False,False
25.375300000000003,0.31,1698,65.0,0.0,3,1682,22.0,0.56,13.0,7.0,0.5,65.0,0.9565217391304348,223.0,1.28,22.0,12,223.0,16,1.21,0.21,13.0,0.12,3,7.0,Clay,Buena,victorias,Buena,derrotas,player1,True,False,False
0.0,0.0,1676,65.0,61.0,1,1590,200.0,0.42,10.0,9.0,0.39,52.6,1.4285714285714286,142.0,1.42,139.0,2,132.0,86,1.3,0.09,13.0,0.2,2,7.0,Hard,Buena,victorias,Regular,derrotas,player1,False,False,True
0.0,0.0,1676,65.0,61.0,1,1590,200.0,0.42,10.0,9.0,0.39,52.6,1.4285714285714286,142.0,1.42,139.0,2,132.0,86,1.3,0.09,13.0,0.2,2,7.0,Hard,Buena,victorias,Regular,derrotas,player1,False,False,True
8.480900000000002,0.0,1604,63.6,0.0,3,1577,200.0,0.44,9.0,11.0,0.31,45.0,0.9950248756218906,132.0,1.36,200.0,1,132.0,27,1.35,0.21,7.0,0.14,-1,4.0,Hard,Buena,derrotas,Regular,victorias,player2,False,False,True
8.480900000000002,0.0,1604,63.6,0.0,3,1577,200.0,0.44,9.0,11.0,0.31,45.0,0.9950248756218906,132.0,1.36,200.0,1,132.0,27,1.35,0.21,7.0,0.14,-1,4.0,Hard,Buena,derrotas,Regular,victorias,player2,False,False,True
0.0,0.0,1489,36.4,119.0,0,1519,200.0,0.37,6.0,14.0,0.43,30.0,2.4390243902439024,159.0,1.18,81.0,0,132.0,-30,1.33,0.21,4.0,0.0,-1,7.0,Hard,Mala,derrotas,Mala,victorias,player2,False,False,True
0.0,0.0,1489,36.4,119.0,0,1519,200.0,0.37,6.0,14.0,0.43,30.0,2.4390243902439024,159.0,1.18,81.0,0,132.0,-30,1.33,0.21,4.0,0.0,-1,7.0,Hard,Mala,derrotas,Mala,victorias,player2,False,False,True
0.0,0.0,1499,33.3,0.0,3,1694,200.0,0.34,12.0,8.0,0.41,60.0,0.9950248756218906,132.0,1.18,200.0,0,132.0,-195,1.5,0.15,6.0,0.0,-1,12.0,Hard,Mala,derrotas,Buena,victorias,player2,False,False,True
0.0,0.0,1499,33.3,0.0,3,1694,200.0,0.34,12.0,8.0,0.41,60.0,0.9950248756218906,132.0,1.18,200.0,0,132.0,-195,1.5,0.15,6.0,0.0,-1,12.0,Hard,Mala,derrotas,Buena,victorias,player2,False,False,True
0.0,0.0,1517,45.0,-138.0,0,1632,62.0,0.27,11.0,9.0,0.45,55.0,0.30845771144278605,132.0,1.29,200.0,0,169.0,-115,1.41,0.24,9.0,0.12,-1,11.0,Hard,Regular,derrotas,Regular,victorias,player2,False,False,True
0.0,0.0,1517,45.0,-138.0,0,1632,62.0,0.27,11.0,9.0,0.45,55.0,0.30845771144278605,132.0,1.29,200.0,0,169.0,-115,1.41,0.24,9.0,0.12,-1,11.0,Hard,Regular,derrotas,Regular,victorias,player2,False,False,True
0.0,0.0,1546,30.0,0.0,3,1485,200.0,0.36,1.0,4.0,0.17,20.0,0.9950248756218906,132.0,1.29,200.0,0,132.0,61,1.06,0.17,6.0,0.24,2,14.0,Hard,Mala,victorias,Mala,derrotas,player1,False,False,True
0.0,0.0,1546,30.0,0.0,3,1485,200.0,0.36,1.0,4.0,0.17,20.0,0.9950248756218906,132.0,1.29,200.0,0,132.0,61,1.06,0.17,6.0,0.24,2,14.0,Hard,Mala,victorias,Mala,derrotas,player1,False,False,True
0.0,0.11,1490,40.0,-107.0,0,1617,47.0,0.36,12.0,8.0,0.36,60.0,0.3032258064516129,139.0,1.33,154.0,1,181.0,-127,1.35,0.2,8.0,0.21,2,12.0,Hard,Regular,victorias,Buena,derrotas,player1,False,False,True
0.0,0.11,1490,40.0,-107.0,0,1617,47.0,0.36,12.0,8.0,0.36,60.0,0.3032258064516129,139.0,1.33,154.0,1,181.0,-127,1.35,0.2,8.0,0.21,2,12.0,Hard,Regular,victorias,Buena,derrotas,player1,False,False,True
1.69,0.12,1533,42.9,0.0,3,1668,200.0,0.36,12.0,8.0,0.51,60.0,0.9950248756218906,132.0,1.23,200.0,2,132.0,-135,1.42,0.24,6.0,0.15,-1,8.0,Hard,Regular,derrotas,Buena,victorias,player2,False,False,True
1.69,0.12,1533,42.9,0.0,3,1668,200.0,0.36,12.0,8.0,0.51,60.0,0.9950248756218906,132.0,1.23,200.0,2,132.0,-135,1.42,0.24,6.0,0.15,-1,8.0,Hard,Regular,derrotas,Buena,victorias,player2,False,False,True
0.0,0.0,1603,54.5,0.0,3,1536,200.0,0.48,7.0,13.0,0.49,35.0,0.9950248756218906,132.0,1.34,200.0,0,132.0,67,1.32,0.26,6.0,0.25,-1,5.0,Hard,Regular,derrotas,Mala,victorias,player2,False,False,True
0.0,0.0,1603,54.5,0.0,3,1536,200.0,0.48,7.0,13.0,0.49,35.0,0.9950248756218906,132.0,1.34,200.0,0,132.0,67,1.32,0.26,6.0,0.25,-1,5.0,Hard,Regular,derrotas,Mala,victorias,player2,False,False,True
8.493,0.0,1683,60.0,-192.0,0,1468,8.0,0.41,2.0,6.0,0.18,25.0,0.03980099502487562,132.0,1.43,200.0,1,319.0,215,1.08,0.17,12.0,0.26,2,8.0,Hard,Buena,victorias,Mala,derrotas,player1,False,False,True
8.493,0.0,1683,60.0,-192.0,0,1468,8.0,0.41,2.0,6.0,0.18,25.0,0.03980099502487562,132.0,1.43,200.0,1,319.0,215,1.08,0.17,12.0,0.26,2,8.0,Hard,Buena,victorias,Mala,derrotas,player1,False,False,True
0.0,0.0,1491,33.3,0.0,3,1669,200.0,0.3,10.0,10.0,0.47,50.0,0.9950248756218906,132.0,1.18,200.0,0,132.0,-178,1.41,0.27,2.0,0.09,-1,4.0,Hard,Mala,derrotas,Regular,victorias,player2,False,False,True
0.0,0.0,1491,33.3,0.0,3,1669,200.0,0.3,10.0,10.0,0.47,50.0,0.9950248756218906,132.0,1.18,200.0,0,132.0,-178,1.41,0.27,2.0,0.09,-1,4.0,Hard,Mala,derrotas,Regular,victorias,player2,False,False,True
0.0,0.25,1539,45.0,0.0,3,1738,100.0,0.36,14.0,6.0,0.49,70.0,0.9900990099009901,152.0,1.28,100.0,7,152.0,-199,1.37,0.27,9.0,0.19,2,11.0,Hard,Regular,victorias,Buena,victorias,player2,False,False,True
6.5466,0.0,1592,45.0,-48.0,2,1684,52.0,0.51,10.0,10.0,0.49,50.0,0.5148514851485149,152.0,1.32,100.0,3,176.0,-92,1.34,0.27,9.0,0.27,2,11.0,Hard,Regular,victorias,Regular,victorias,player2,False,False,True
8.4785,0.12,1677,50.0,0.0,3,1674,52.0,0.53,10.0,10.0,0.48,50.0,0.9811320754716981,176.0,1.32,52.0,4,176.0,3,1.32,0.27,10.0,0.27,2,10.0,Hard,Regular,victorias,Regular,victorias,player2,False,False,True
8.4785,0.12,1677,50.0,0.0,3,1674,52.0,0.53,10.0,10.0,0.48,50.0,0.9811320754716981,176.0,1.32,52.0,4,176.0,3,1.32,0.27,10.0,0.27,2,10.0,Hard,Regular,victorias,Regular,victorias,player2,False,False,True
8.4785,0.12,1677,50.0,0.0,3,1674,52.0,0.53,10.0,10.0,0.48,50.0,0.9811320754716981,176.0,1.32,52.0,4,176.0,3,1.32,0.27,10.0,0.27,2,10.0,Hard,Regular,victorias,Regular,victorias,player2,False,False,True
20.174400000000002,0.0,1877,90.0,-28.0,2,1541,24.0,0.47,8.0,12.0,0.35,40.0,0.4528301886792453,176.0,1.5,52.0,7,217.0,336,1.22,0.14,18.0,0.2,17,2.0,Hard,Excelente,victorias,Regular,victorias,player1,False,False,True
22.7862,0.0,1619,35.0,0.0,3,1593,100.0,0.44,10.0,10.0,0.37,50.0,0.9900990099009901,152.0,1.22,100.0,6,152.0,26,1.29,0.21,7.0,0.22,2,13.0,Hard,Mala,victorias,Regular,victorias,player1,False,False,True
0.0,0.11,1804,80.0,43.0,2,1663,182.0,0.46,11.0,9.0,0.41,55.0,1.3,142.0,1.46,139.0,4,134.0,141,1.34,0.22,16.0,0.0,-1,4.0,Hard,Excelente,derrotas,Regular,victorias,player2,False,False,True
0.0,0.11,1804,80.0,43.0,2,1663,182.0,0.46,11.0,9.0,0.41,55.0,1.3,142.0,1.46,139.0,4,134.0,141,1.34,0.22,16.0,0.0,-1,4.0,Hard,Excelente,derrotas,Regular,victorias,player2,False,False,True
29.313599999999997,0.16,1915,70.0,138.0,0,1976,200.0,0.6,14.0,6.0,0.0,70.0,3.1746031746031744,169.0,1.57,62.0,15,132.0,-61,1.51,0.27,14.0,0.27,2,6.0,Grass,Buena,victorias,Buena,derrotas,player1,False,True,False
29.313599999999997,0.16,1915,70.0,138.0,0,1976,200.0,0.6,14.0,6.0,0.0,70.0,3.1746031746031744,169.0,1.57,62.0,15,132.0,-61,1.51,0.27,14.0,0.27,2,6.0,Grass,Buena,victorias,Buena,derrotas,player1,False,True,False
29.313599999999997,0.16,1915,70.0,138.0,0,1976,200.0,0.6,14.0,6.0,0.0,70.0,3.1746031746031744,169.0,1.57,62.0,15,132.0,-61,1.51,0.27,14.0,0.27,2,6.0,Grass,Buena,victorias,Buena,derrotas,player1,False,True,False
5.997399999999999,0.14,1898,60.0,51.0,1,1990,153.0,0.56,14.0,6.0,0.34,70.0,1.4854368932038835,151.0,1.64,102.0,12,139.0,-92,1.56,0.27,12.0,0.27,2,8.0,Grass,Buena,victorias,Buena,derrotas,player1,False,True,False
5.997399999999999,0.14,1898,60.0,51.0,1,1990,153.0,0.56,14.0,6.0,0.34,70.0,1.4854368932038835,151.0,1.64,102.0,12,139.0,-92,1.56,0.27,12.0,0.27,2,8.0,Grass,Buena,victorias,Buena,derrotas,player1,False,True,False
38.2825,0.05,2062,85.0,0.0,3,1810,81.0,0.0,10.0,10.0,0.49,50.0,0.9878048780487805,159.0,1.71,81.0,11,159.0,252,1.36,0.27,17.0,0.27,9,3.0,Grass,Excelente,victorias,Regular,derrotas,player1,False,True,False
38.2825,0.05,2062,85.0,0.0,3,1810,81.0,0.0,10.0,10.0,0.49,50.0,0.9878048780487805,159.0,1.71,81.0,11,159.0,252,1.36,0.27,17.0,0.27,9,3.0,Grass,Excelente,victorias,Regular,derrotas,player1,False,True,False
38.2825,0.05,2062,85.0,0.0,3,1810,81.0,0.0,10.0,10.0,0.49,50.0,0.9878048780487805,159.0,1.71,81.0,11,159.0,252,1.36,0.27,17.0,0.27,9,3.0,Grass,Excelente,victorias,Regular,derrotas,player1,False,True,False
12.7297,0.0,1924,80.0,-66.0,1,1768,32.0,0.51,11.0,9.0,0.62,55.0,0.32323232323232326,152.0,1.65,98.0,7,200.0,156,1.44,0.27,16.0,0.27,4,4.0,Grass,Excelente,victorias,Regular,derrotas,player1,False,True,False
12.7297,0.0,1924,80.0,-66.0,1,1768,32.0,0.51,11.0,9.0,0.62,55.0,0.32323232323232326,152.0,1.65,98.0,7,200.0,156,1.44,0.27,16.0,0.27,4,4.0,Grass,Excelente,victorias,Regular,derrotas,player1,False,True,False
20.083099999999998,0.08,1815,60.0,-38.0,2,1883,24.0,0.61,13.0,7.0,0.54,65.0,0.38095238095238093,169.0,1.58,62.0,7,217.0,-68,1.53,0.27,12.0,0.27,4,8.0,Grass,Buena,victorias,Buena,derrotas,player1,False,True,False
20.083099999999998,0.08,1815,60.0,-38.0,2,1883,24.0,0.61,13.0,7.0,0.54,65.0,0.38095238095238093,169.0,1.58,62.0,7,217.0,-68,1.53,0.27,12.0,0.27,4,8.0,Grass,Buena,victorias,Buena,derrotas,player1,False,True,False
62.3841,0.14,1927,65.0,-176.0,0,1827,24.0,0.62,11.0,9.0,0.0,55.0,0.11940298507462686,132.0,1.48,200.0,15,217.0,100,1.44,0.27,13.0,0.27,2,7.0,Grass,Buena,victorias,Regular,victorias,player2,False,True,False
62.3841,0.14,1927,65.0,-176.0,0,1827,24.0,0.62,11.0,9.0,0.0,55.0,0.11940298507462686,132.0,1.48,200.0,15,217.0,100,1.44,0.27,13.0,0.27,2,7.0,Grass,Buena,victorias,Regular,victorias,player2,False,True,False
62.3841,0.14,1927,65.0,-176.0,0,1827,24.0,0.62,11.0,9.0,0.0,55.0,0.11940298507462686,132.0,1.48,200.0,15,217.0,100,1.44,0.27,13.0,0.27,2,7.0,Grass,Buena,victorias,Regular,victorias,player2,False,True,False
10.855900000000002,0.0,1786,80.0,105.0,0,1637,182.0,0.57,13.0,7.0,0.46,65.0,2.3333333333333335,161.0,1.57,77.0,2,134.0,149,1.32,0.09,16.0,0.24,8,4.0,Clay,Excelente,victorias,Buena,derrotas,player1,True,False,False
10.855900000000002,0.0,1786,80.0,105.0,0,1637,182.0,0.57,13.0,7.0,0.46,65.0,2.3333333333333335,161.0,1.57,77.0,2,134.0,149,1.32,0.09,16.0,0.24,8,4.0,Clay,Excelente,victorias,Buena,derrotas,player1,True,False,False
10.855900000000002,0.0,1786,80.0,105.0,0,1637,182.0,0.57,13.0,7.0,0.46,65.0,2.3333333333333335,161.0,1.57,77.0,2,134.0,149,1.32,0.09,16.0,0.24,8,4.0,Clay,Excelente,victorias,Buena,derrotas,player1,True,False,False
0.0,0.4,1693,55.0,21.0,2,1729,98.0,0.54,10.0,10.0,0.54,50.0,1.2564102564102564,161.0,1.27,77.0,3,152.0,-36,1.34,0.27,11.0,0.27,-1,9.0,Clay,Regular,derrotas,Regular,victorias,player2,True,False,False
0.0,0.4,1693,55.0,21.0,2,1729,98.0,0.54,10.0,10.0,0.54,50.0,1.2564102564102564,161.0,1.27,77.0,3,152.0,-36,1.34,0.27,11.0,0.27,-1,9.0,Clay,Regular,derrotas,Regular,victorias,player2,True,False,False
4.8017,0.37,1732,75.0,144.0,0,1732,176.0,0.51,14.0,6.0,0.58,70.0,5.333333333333333,200.0,1.49,32.0,5,135.0,0,1.31,0.17,15.0,0.21,3,5.0,Clay,Excelente,victorias,Buena,derrotas,player1,True,False,False
4.8017,0.37,1732,75.0,144.0,0,1732,176.0,0.51,14.0,6.0,0.58,70.0,5.333333333333333,200.0,1.49,32.0,5,135.0,0,1.31,0.17,15.0,0.21,3,5.0,Clay,Excelente,victorias,Buena,derrotas,player1,True,False,False
6.534,0.0,1772,80.0,-158.0,0,1664,39.0,0.61,12.0,8.0,0.52,60.0,0.19696969696969696,132.0,1.46,197.0,4,190.0,108,1.28,0.27,16.0,0.27,3,4.0,Clay,Excelente,victorias,Buena,derrotas,player1,True,False,False
6.534,0.0,1772,80.0,-158.0,0,1664,39.0,0.61,12.0,8.0,0.52,60.0,0.19696969696969696,132.0,1.46,197.0,4,190.0,108,1.28,0.27,16.0,0.27,3,4.0,Clay,Excelente,victorias,Buena,derrotas,player1,True,False,False
10.1506,0.34,1772,65.0,29.0,2,1711,98.0,0.66,11.0,9.0,0.62,55.0,1.4,165.0,1.34,69.0,6,152.0,61,1.31,0.27,13.0,0.27,-1,7.0,Clay,Buena,derrotas,Regular,victorias,player2,True,False,False
10.1506,0.34,1772,65.0,29.0,2,1711,98.0,0.66,11.0,9.0,0.62,55.0,1.4,165.0,1.34,69.0,6,152.0,61,1.31,0.27,13.0,0.27,-1,7.0,Clay,Buena,derrotas,Regular,victorias,player2,True,False,False
5.199999999999999,0.32,1618,45.0,36.0,2,1576,77.0,0.51,7.0,13.0,0.49,35.0,1.8333333333333333,187.0,1.34,41.0,3,161.0,42,1.19,0.27,9.0,0.27,2,11.0,Clay,Regular,victorias,Mala,derrotas,player1,True,False,False
5.199999999999999,0.32,1618,45.0,36.0,2,1576,77.0,0.51,7.0,13.0,0.49,35.0,1.8333333333333333,187.0,1.34,41.0,3,161.0,42,1.19,0.27,9.0,0.27,2,11.0,Clay,Regular,victorias,Mala,derrotas,player1,True,False,False
5.199999999999999,0.32,1618,45.0,36.0,2,1576,77.0,0.51,7.0,13.0,0.49,35.0,1.8333333333333333,187.0,1.34,41.0,3,161.0,42,1.19,0.27,9.0,0.27,2,11.0,Clay,Regular,victorias,Mala,derrotas,player1,True,False,False
12.8672,0.03,1865,60.0,176.0,0,1731,200.0,0.0,12.0,8.0,0.49,60.0,8.0,217.0,1.56,24.0,6,132.0,134,1.49,0.27,12.0,0.27,2,8.0,Grass,Buena,victorias,Buena,derrotas,player1,False,True,False
12.8672,0.03,1865,60.0,176.0,0,1731,200.0,0.0,12.0,8.0,0.49,60.0,8.0,217.0,1.56,24.0,6,132.0,134,1.49,0.27,12.0,0.27,2,8.0,Grass,Buena,victorias,Buena,derrotas,player1,False,True,False
0.0,0.0,1482,25.0,0.0,3,1720,22.0,0.24,12.0,8.0,0.55,60.0,0.9565217391304348,223.0,1.1,22.0,0,223.0,-238,1.46,0.27,1.0,0.14,-1,3.0,Clay,Mala,derrotas,Buena,victorias,player2,True,False,False
0.0,0.0,1482,25.0,0.0,3,1720,22.0,0.24,12.0,8.0,0.55,60.0,0.9565217391304348,223.0,1.1,22.0,0,223.0,-238,1.46,0.27,1.0,0.14,-1,3.0,Clay,Mala,derrotas,Buena,victorias,player2,True,False,False
0.0,0.5,1525,35.0,178.0,0,1720,200.0,0.39,12.0,8.0,0.53,60.0,8.695652173913043,223.0,1.1,22.0,7,132.0,-195,1.38,0.27,7.0,0.23,-1,13.0,Clay,Mala,derrotas,Buena,victorias,player2,True,False,False
0.0,0.5,1525,35.0,178.0,0,1720,200.0,0.39,12.0,8.0,0.53,60.0,8.695652173913043,223.0,1.1,22.0,7,132.0,-195,1.38,0.27,7.0,0.23,-1,13.0,Clay,Mala,derrotas,Buena,victorias,player2,True,False,False
0.7799999999999998,0.27,1640,45.0,-112.0,0,1665,39.0,0.45,13.0,7.0,0.5,65.0,0.2565789473684211,139.0,1.26,151.0,3,190.0,-25,1.42,0.27,9.0,0.27,-1,11.0,Clay,Regular,derrotas,Buena,victorias,player2,True,False,False
0.7799999999999998,0.27,1640,45.0,-112.0,0,1665,39.0,0.45,13.0,7.0,0.5,65.0,0.2565789473684211,139.0,1.26,151.0,3,190.0,-25,1.42,0.27,9.0,0.27,-1,11.0,Clay,Regular,derrotas,Buena,victorias,player2,True,False,False
0.0,0.0,1595,45.0,-152.0,0,1505,53.0,0.43,1.0,1.0,0.0,50.0,0.25728155339805825,131.0,1.37,205.0,0,175.0,90,1.32,0.12,9.0,0.23,2,11.0,Clay,Regular,victorias,Regular,derrotas,player1,True,False,False
0.0,0.0,1595,45.0,-152.0,0,1505,53.0,0.43,1.0,1.0,0.0,50.0,0.25728155339805825,131.0,1.37,205.0,0,175.0,90,1.32,0.12,9.0,0.23,2,11.0,Clay,Regular,victorias,Regular,derrotas,player1,True,False,False
0.0,0.0,1489,28.6,0.0,3,1462,77.0,0.35,1.0,4.0,0.26,20.0,0.9871794871794872,161.0,1.28,77.0,0,161.0,27,1.06,0.12,2.0,0.19,2,5.0,Clay,Mala,victorias,Mala,derrotas,player1,True,False,False
0.0,0.0,1489,28.6,0.0,3,1462,77.0,0.35,1.0,4.0,0.26,20.0,0.9871794871794872,161.0,1.28,77.0,0,161.0,27,1.06,0.12,2.0,0.19,2,5.0,Clay,Mala,victorias,Mala,derrotas,player1,True,False,False
6.5291,0.06,1808,80.0,-150.0,0,1679,32.0,0.55,13.0,7.0,0.42,65.0,0.17486338797814208,134.0,1.46,182.0,2,200.0,129,1.36,0.24,16.0,0.27,2,4.0,Hard,Excelente,victorias,Buena,derrotas,player1,False,False,True
6.5291,0.06,1808,80.0,-150.0,0,1679,32.0,0.55,13.0,7.0,0.42,65.0,0.17486338797814208,134.0,1.46,182.0,2,200.0,129,1.36,0.24,16.0,0.27,2,4.0,Hard,Excelente,victorias,Buena,derrotas,player1,False,False,True
14.3154,0.11,1648,40.0,-53.0,1,1768,24.0,0.46,11.0,9.0,0.54,55.0,0.3076923076923077,161.0,1.45,77.0,12,217.0,-120,1.41,0.27,8.0,0.27,3,12.0,Grass,Regular,victorias,Regular,derrotas,player1,False,True,False
14.3154,0.11,1648,40.0,-53.0,1,1768,24.0,0.46,11.0,9.0,0.54,55.0,0.3076923076923077,161.0,1.45,77.0,12,217.0,-120,1.41,0.27,8.0,0.27,3,12.0,Grass,Regular,victorias,Regular,derrotas,player1,False,True,False
6.934999999999999,0.0,1740,55.0,44.0,2,1749,52.0,0.58,15.0,5.0,0.45,75.0,5.777777777777778,319.0,1.7,8.0,5,176.0,-9,1.58,0.27,11.0,0.27,5,9.0,Grass,Regular,victorias,Excelente,derrotas,player1,False,True,False
6.934999999999999,0.0,1740,55.0,44.0,2,1749,52.0,0.58,15.0,5.0,0.45,75.0,5.777777777777778,319.0,1.7,8.0,5,176.0,-9,1.58,0.27,11.0,0.27,5,9.0,Grass,Regular,victorias,Excelente,derrotas,player1,False,True,False
0.0,0.03,1570,35.0,121.0,0,1739,197.0,0.38,10.0,10.0,0.57,50.0,2.5584415584415585,161.0,1.32,76.0,8,132.0,-169,1.54,0.27,7.0,0.27,-1,13.0,Grass,Mala,derrotas,Regular,victorias,player2,False,True,False
0.0,0.03,1570,35.0,121.0,0,1739,197.0,0.38,10.0,10.0,0.57,50.0,2.5584415584415585,161.0,1.32,76.0,8,132.0,-169,1.54,0.27,7.0,0.27,-1,13.0,Grass,Mala,derrotas,Regular,victorias,player2,False,True,False
1.7069999999999999,0.0,1785,75.0,47.0,2,1722,124.0,0.51,13.0,7.0,0.49,65.0,1.5897435897435896,161.0,1.53,77.0,3,145.0,63,1.38,0.22,15.0,0.27,3,5.0,Clay,Excelente,victorias,Buena,derrotas,player1,True,False,False
1.7069999999999999,0.0,1785,75.0,47.0,2,1722,124.0,0.51,13.0,7.0,0.49,65.0,1.5897435897435896,161.0,1.53,77.0,3,145.0,63,1.38,0.22,15.0,0.27,3,5.0,Clay,Excelente,victorias,Buena,derrotas,player1,True,False,False
0.0,0.22,1546,50.0,0.0,3,1695,154.0,0.37,12.0,8.0,0.47,60.0,0.9935483870967742,139.0,1.31,154.0,1,139.0,-149,1.42,0.23,10.0,0.17,-1,10.0,Clay,Regular,derrotas,Buena,victorias,player2,True,False,False
0.0,0.22,1546,50.0,0.0,3,1695,154.0,0.37,12.0,8.0,0.47,60.0,0.9935483870967742,139.0,1.31,154.0,1,139.0,-149,1.42,0.23,10.0,0.17,-1,10.0,Clay,Regular,derrotas,Buena,victorias,player2,True,False,False
0.0,0.0,1603,60.0,-153.0,0,1789,47.0,0.38,14.0,6.0,0.46,70.0,0.23383084577114427,132.0,1.33,200.0,1,181.0,-186,1.52,0.15,12.0,0.17,-1,8.0,Hard,Buena,derrotas,Buena,victorias,player2,False,False,True
0.0,0.0,1603,60.0,-153.0,0,1789,47.0,0.38,14.0,6.0,0.46,70.0,0.23383084577114427,132.0,1.33,200.0,1,181.0,-186,1.52,0.15,12.0,0.17,-1,8.0,Hard,Buena,derrotas,Buena,victorias,player2,False,False,True
11.2782,0.0,1577,45.0,3.0,3,1622,200.0,0.4,9.0,11.0,0.46,45.0,1.0101010101010102,132.0,1.31,197.0,3,132.0,-45,1.23,0.26,9.0,0.2,2,11.0,Hard,Regular,victorias,Regular,derrotas,player1,False,False,True
11.2782,0.0,1577,45.0,3.0,3,1622,200.0,0.4,9.0,11.0,0.46,45.0,1.0101010101010102,132.0,1.31,197.0,3,132.0,-45,1.23,0.26,9.0,0.2,2,11.0,Hard,Regular,victorias,Regular,derrotas,player1,False,False,True
0.0,0.0,1531,38.5,0.0,3,1711,200.0,0.36,14.0,6.0,0.42,70.0,0.9950248756218906,132.0,1.31,200.0,0,132.0,-180,1.48,0.22,5.0,0.0,2,8.0,Hard,Mala,victorias,Buena,derrotas,player1,False,False,True
0.0,0.0,1531,38.5,0.0,3,1711,200.0,0.36,14.0,6.0,0.42,70.0,0.9950248756218906,132.0,1.31,200.0,0,132.0,-180,1.48,0.22,5.0,0.0,2,8.0,Hard,Mala,victorias,Buena,derrotas,player1,False,False,True
9.468900000000001,0.0,1552,30.0,-153.0,0,1633,47.0,0.49,10.0,10.0,0.42,50.0,0.23383084577114427,132.0,1.11,200.0,3,181.0,-81,1.36,0.14,6.0,0.26,-1,14.0,Hard,Mala,derrotas,Regular,victorias,player2,False,False,True
9.468900000000001,0.0,1552,30.0,-153.0,0,1633,47.0,0.49,10.0,10.0,0.42,50.0,0.23383084577114427,132.0,1.11,200.0,3,181.0,-81,1.36,0.14,6.0,0.26,-1,14.0,Hard,Mala,derrotas,Regular,victorias,player2,False,False,True
0.0,0.0,1562,50.0,0.0,3,1658,200.0,0.38,13.0,7.0,0.45,65.0,0.9950248756218906,132.0,1.3,200.0,1,132.0,-96,1.43,0.2,10.0,0.16,-1,10.0,Hard,Regular,derrotas,Buena,victorias,player2,False,False,True
0.0,0.0,1562,50.0,0.0,3,1658,200.0,0.38,13.0,7.0,0.45,65.0,0.9950248756218906,132.0,1.3,200.0,1,132.0,-96,1.43,0.2,10.0,0.16,-1,10.0,Hard,Regular,derrotas,Buena,victorias,player2,False,False,True
6.5453,0.09,1699,55.0,176.0,0,1695,200.0,0.44,13.0,7.0,0.43,65.0,8.0,217.0,1.4,24.0,2,132.0,4,1.33,0.18,11.0,0.09,2,9.0,Hard,Regular,victorias,Buena,derrotas,player1,False,False,True
6.5453,0.09,1699,55.0,176.0,0,1695,200.0,0.44,13.0,7.0,0.43,65.0,8.0,217.0,1.4,24.0,2,132.0,4,1.33,0.18,11.0,0.09,2,9.0,Hard,Regular,victorias,Buena,derrotas,player1,False,False,True
0.0,0.0,1754,70.0,4.0,3,1594,81.0,0.45,8.0,6.0,0.42,57.1,1.0384615384615385,161.0,1.47,77.0,0,159.0,160,1.36,0.0,14.0,0.09,2,6.0,Clay,Buena,victorias,Regular,derrotas,player1,True,False,False
0.0,0.0,1754,70.0,4.0,3,1594,81.0,0.45,8.0,6.0,0.42,57.1,1.0384615384615385,161.0,1.47,77.0,0,159.0,160,1.36,0.0,14.0,0.09,2,6.0,Clay,Buena,victorias,Regular,derrotas,player1,True,False,False
0.0,0.0,1466,25.0,0.0,3,1550,77.0,0.18,6.0,8.0,0.34,42.9,0.9871794871794872,161.0,1.13,77.0,0,161.0,-84,1.36,0.0,5.0,0.0,-1,15.0,Clay,Mala,derrotas,Regular,victorias,player2,True,False,False
0.0,0.0,1466,25.0,0.0,3,1550,77.0,0.18,6.0,8.0,0.34,42.9,0.9871794871794872,161.0,1.13,77.0,0,161.0,-84,1.36,0.0,5.0,0.0,-1,15.0,Clay,Mala,derrotas,Regular,victorias,player2,True,False,False
3.25,0.29,1630,50.0,-73.0,1,1700,81.0,0.41,14.0,6.0,0.42,70.0,0.5225806451612903,139.0,1.27,154.0,3,159.0,-70,1.45,0.0,10.0,0.0,-1,10.0,Clay,Regular,derrotas,Buena,victorias,player2,True,False,False
3.25,0.29,1630,50.0,-73.0,1,1700,81.0,0.41,14.0,6.0,0.42,70.0,0.5225806451612903,139.0,1.27,154.0,3,159.0,-70,1.45,0.0,10.0,0.0,-1,10.0,Clay,Regular,derrotas,Buena,victorias,player2,True,False,False
0.0,0.0,1788,75.0,19.0,2,1569,81.0,0.45,9.0,11.0,0.41,45.0,1.2857142857142858,169.0,1.62,62.0,1,159.0,219,1.26,0.17,15.0,0.0,12,5.0,Clay,Excelente,victorias,Regular,derrotas,player1,True,False,False
0.0,0.0,1788,75.0,19.0,2,1569,81.0,0.45,9.0,11.0,0.41,45.0,1.2857142857142858,169.0,1.62,62.0,1,159.0,219,1.26,0.17,15.0,0.0,12,5.0,Clay,Excelente,victorias,Regular,derrotas,player1,True,False,False
0.0,0.0,1762,75.0,115.0,0,1639,167.0,0.43,12.0,8.0,0.41,60.0,3.150943396226415,176.0,1.5,52.0,0,137.0,123,1.37,0.2,15.0,0.21,3,5.0,Hard,Excelente,victorias,Buena,derrotas,player1,False,False,True
0.0,0.0,1762,75.0,115.0,0,1639,167.0,0.43,12.0,8.0,0.41,60.0,3.150943396226415,176.0,1.5,52.0,0,137.0,123,1.37,0.2,15.0,0.21,3,5.0,Hard,Excelente,victorias,Buena,derrotas,player1,False,False,True
6.544,0.0,1558,30.0,69.0,1,1707,77.0,0.37,11.0,9.0,0.48,55.0,8.555555555555555,319.0,1.13,8.0,1,161.0,-149,1.49,0.25,6.0,0.26,-1,14.0,Hard,Mala,derrotas,Regular,victorias,player2,False,False,True
6.544,0.0,1558,30.0,69.0,1,1707,77.0,0.37,11.0,9.0,0.48,55.0,8.555555555555555,319.0,1.13,8.0,1,161.0,-149,1.49,0.25,6.0,0.26,-1,14.0,Hard,Mala,derrotas,Regular,victorias,player2,False,False,True
0.0,0.24,1867,90.0,15.0,2,1681,66.0,0.58,13.0,7.0,0.5,65.0,1.2692307692307692,177.0,1.55,51.0,3,166.0,186,1.31,0.22,18.0,0.15,3,2.0,Clay,Excelente,victorias,Buena,derrotas,player1,True,False,False
0.0,0.24,1867,90.0,15.0,2,1681,66.0,0.58,13.0,7.0,0.5,65.0,1.2692307692307692,177.0,1.55,51.0,3,166.0,186,1.31,0.22,18.0,0.15,3,2.0,Clay,Excelente,victorias,Buena,derrotas,player1,True,False,False
25.375300000000003,0.31,1698,65.0,0.0,3,1682,22.0,0.56,13.0,7.0,0.5,65.0,0.9565217391304348,223.0,1.28,22.0,12,223.0,16,1.21,0.21,13.0,0.12,3,7.0,Clay,Buena,victorias,Buena,derrotas,player1,True,False,False
25.375300000000003,0.31,1698,65.0,0.0,3,1682,22.0,0.56,13.0,7.0,0.5,65.0,0.9565217391304348,223.0,1.28,22.0,12,223.0,16,1.21,0.21,13.0,0.12,3,7.0,Clay,Buena,victorias,Buena,derrotas,player1,True,False,False
0.0,0.0,1676,65.0,61.0,1,1590,200.0,0.42,10.0,9.0,0.39,52.6,1.4285714285714286,142.0,1.42,139.0,2,132.0,86,1.3,0.09,13.0,0.2,2,7.0,Hard,Buena,victorias,Regular,derrotas,player1,False,False,True
0.0,0.0,1676,65.0,61.0,1,1590,200.0,0.42,10.0,9.0,0.39,52.6,1.4285714285714286,142.0,1.42,139.0,2,132.0,86,1.3,0.09,13.0,0.2,2,7.0,Hard,Buena,victorias,Regular,derrotas,player1,False,False,True
8.480900000000002,0.0,1604,63.6,0.0,3,1577,200.0,0.44,9.0,11.0,0.31,45.0,0.9950248756218906,132.0,1.36,200.0,1,132.0,27,1.35,0.21,7.0,0.14,-1,4.0,Hard,Buena,derrotas,Regular,victorias,player2,False,False,True
8.480900000000002,0.0,1604,63.6,0.0,3,1577,200.0,0.44,9.0,11.0,0.31,45.0,0.9950248756218906,132.0,1.36,200.0,1,132.0,27,1.35,0.21,7.0,0.14,-1,4.0,Hard,Buena,derrotas,Regular,victorias,player2,False,False,True
0.0,0.0,1489,36.4,119.0,0,1519,200.0,0.37,6.0,14.0,0.43,30.0,2.4390243902439024,159.0,1.18,81.0,0,132.0,-30,1.33,0.21,4.0,0.0,-1,7.0,Hard,Mala,derrotas,Mala,victorias,player2,False,False,True
0.0,0.0,1489,36.4,119.0,0,1519,200.0,0.37,6.0,14.0,0.43,30.0,2.4390243902439024,159.0,1.18,81.0,0,132.0,-30,1.33,0.21,4.0,0.0,-1,7.0,Hard,Mala,derrotas,Mala,victorias,player2,False,False,True
0.0,0.0,1499,33.3,0.0,3,1694,200.0,0.34,12.0,8.0,0.41,60.0,0.9950248756218906,132.0,1.18,200.0,0,132.0,-195,1.5,0.15,6.0,0.0,-1,12.0,Hard,Mala,derrotas,Buena,victorias,player2,False,False,True
0.0,0.0,1499,33.3,0.0,3,1694,200.0,0.34,12.0,8.0,0.41,60.0,0.9950248756218906,132.0,1.18,200.0,0,132.0,-195,1.5,0.15,6.0,0.0,-1,12.0,Hard,Mala,derrotas,Buena,victorias,player2,False,False,True
0.0,0.0,1517,45.0,-138.0,0,1632,62.0,0.27,11.0,9.0,0.45,55.0,0.30845771144278605,132.0,1.29,200.0,0,169.0,-115,1.41,0.24,9.0,0.12,-1,11.0,Hard,Regular,derrotas,Regular,victorias,player2,False,False,True
0.0,0.0,1517,45.0,-138.0,0,1632,62.0,0.27,11.0,9.0,0.45,55.0,0.30845771144278605,132.0,1.29,200.0,0,169.0,-115,1.41,0.24,9.0,0.12,-1,11.0,Hard,Regular,derrotas,Regular,victorias,player2,False,False,True
0.0,0.0,1546,30.0,0.0,3,1485,200.0,0.36,1.0,4.0,0.17,20.0,0.9950248756218906,132.0,1.29,200.0,0,132.0,61,1.06,0.17,6.0,0.24,2,14.0,Hard,Mala,victorias,Mala,derrotas,player1,False,False,True
0.0,0.0,1546,30.0,0.0,3,1485,200.0,0.36,1.0,4.0,0.17,20.0,0.9950248756218906,132.0,1.29,200.0,0,132.0,61,1.06,0.17,6.0,0.24,2,14.0,Hard,Mala,victorias,Mala,derrotas,player1,False,False,True
0.0,0.11,1490,40.0,-107.0,0,1617,47.0,0.36,12.0,8.0,0.36,60.0,0.3032258064516129,139.0,1.33,154.0,1,181.0,-127,1.35,0.2,8.0,0.21,2,12.0,Hard,Regular,victorias,Buena,derrotas,player1,False,False,True
0.0,0.11,1490,40.0,-107.0,0,1617,47.0,0.36,12.0,8.0,0.36,60.0,0.3032258064516129,139.0,1.33,154.0,1,181.0,-127,1.35,0.2,8.0,0.21,2,12.0,Hard,Regular,victorias,Buena,derrotas,player1,False,False,True
1.69,0.12,1533,42.9,0.0,3,1668,200.0,0.36,12.0,8.0,0.51,60.0,0.9950248756218906,132.0,1.23,200.0,2,132.0,-135,1.42,0.24,6.0,0.15,-1,8.0,Hard,Regular,derrotas,Buena,victorias,player2,False,False,True
1.69,0.12,1533,42.9,0.0,3,1668,200.0,0.36,12.0,8.0,0.51,60.0,0.9950248756218906,132.0,1.23,200.0,2,132.0,-135,1.42,0.24,6.0,0.15,-1,8.0,Hard,Regular,derrotas,Buena,victorias,player2,False,False,True
0.0,0.0,1603,54.5,0.0,3,1536,200.0,0.48,7.0,13.0,0.49,35.0,0.9950248756218906,132.0,1.34,200.0,0,132.0,67,1.32,0.26,6.0,0.25,-1,5.0,Hard,Regular,derrotas,Mala,victorias,player2,False,False,True
0.0,0.0,1603,54.5,0.0,3,1536,200.0,0.48,7.0,13.0,0.49,35.0,0.9950248756218906,132.0,1.34,200.0,0,132.0,67,1.32,0.26,6.0,0.25,-1,5.0,Hard,Regular,derrotas,Mala,victorias,player2,False,False,True
8.493,0.0,1683,60.0,-192.0,0,1468,8.0,0.41,2.0,6.0,0.18,25.0,0.03980099502487562,132.0,1.43,200.0,1,319.0,215,1.08,0.17,12.0,0.26,2,8.0,Hard,Buena,victorias,Mala,derrotas,player1,False,False,True
8.493,0.0,1683,60.0,-192.0,0,1468,8.0,0.41,2.0,6.0,0.18,25.0,0.03980099502487562,132.0,1.43,200.0,1,319.0,215,1.08,0.17,12.0,0.26,2,8.0,Hard,Buena,victorias,Mala,derrotas,player1,False,False,True
0.0,0.0,1491,33.3,0.0,3,1669,200.0,0.3,10.0,10.0,0.47,50.0,0.9950248756218906,132.0,1.18,200.0,0,132.0,-178,1.41,0.27,2.0,0.09,-1,4.0,Hard,Mala,derrotas,Regular,victorias,player2,False,False,True
0.0,0.0,1491,33.3,0.0,3,1669,200.0,0.3,10.0,10.0,0.47,50.0,0.9950248756218906,132.0,1.18,200.0,0,132.0,-178,1.41,0.27,2.0,0.09,-1,4.0,Hard,Mala,derrotas,Regular,victorias,player2,False,False,True
0.0,0.25,1539,45.0,0.0,3,1738,100.0,0.36,14.0,6.0,0.49,70.0,0.9900990099009901,152.0,1.28,100.0,7,152.0,-199,1.37,0.27,9.0,0.19,2,11.0,Hard,Regular,victorias,Buena,victorias,player2,False,False,True
6.5466,0.0,1592,45.0,-48.0,2,1684,52.0,0.51,10.0,10.0,0.49,50.0,0.5148514851485149,152.0,1.32,100.0,3,176.0,-92,1.34,0.27,9.0,0.27,2,11.0,Hard,Regular,victorias,Regular,victorias,player2,False,False,True
8.4785,0.12,1677,50.0,0.0,3,1674,52.0,0.53,10.0,10.0,0.48,50.0,0.9811320754716981,176.0,1.32,52.0,4,176.0,3,1.32,0.27,10.0,0.27,2,10.0,Hard,Regular,victorias,Regular,victorias,player2,False,False,True
8.4785,0.12,1677,50.0,0.0,3,1674,52.0,0.53,10.0,10.0,0.48,50.0,0.9811320754716981,176.0,1.32,52.0,4,176.0,3,1.32,0.27,10.0,0.27,2,10.0,Hard,Regular,victorias,Regular,victorias,player2,False,False,True
8.4785,0.12,1677,50.0,0.0,3,1674,52.0,0.53,10.0,10.0,0.48,50.0,0.9811320754716981,176.0,1.32,52.0,4,176.0,3,1.32,0.27,10.0,0.27,2,10.0,Hard,Regular,victorias,Regular,victorias,player2,False,False,True
20.174400000000002,0.0,1877,90.0,-28.0,2,1541,24.0,0.47,8.0,12.0,0.35,40.0,0.4528301886792453,176.0,1.5,52.0,7,217.0,336,1.22,0.14,18.0,0.2,17,2.0,Hard,Excelente,victorias,Regular,victorias,player1,False,False,True
22.7862,0.0,1619,35.0,0.0,3,1593,100.0,0.44,10.0,10.0,0.37,50.0,0.9900990099009901,152.0,1.22,100.0,6,152.0,26,1.29,0.21,7.0,0.22,2,13.0,Hard,Mala,victorias,Regular,victorias,player1,False,False,True
0.0,0.11,1804,80.0,43.0,2,1663,182.0,0.46,11.0,9.0,0.41,55.0,1.3,142.0,1.46,139.0,4,134.0,141,1.34,0.22,16.0,0.0,-1,4.0,Hard,Excelente,derrotas,Regular,victorias,player2,False,False,True
0.0,0.11,1804,80.0,43.0,2,1663,182.0,0.46,11.0,9.0,0.41,55.0,1.3,142.0,1.46,139.0,4,134.0,141,1.34,0.22,16.0,0.0,-1,4.0,Hard,Excelente,derrotas,Regular,victorias,player2,False,False,True
29.313599999999997,0.16,1915,70.0,138.0,0,1976,200.0,0.6,14.0,6.0,0.34,70.0,3.1746031746031744,169.0,1.57,62.0,15,132.0,-61,1.51,0.27,14.0,0.27,2,6.0,Grass,Buena,victorias,Buena,derrotas,player1,False,True,False
29.313599999999997,0.16,1915,70.0,138.0,0,1976,200.0,0.6,14.0,6.0,0.34,70.0,3.1746031746031744,169.0,1.57,62.0,15,132.0,-61,1.51,0.27,14.0,0.27,2,6.0,Grass,Buena,victorias,Buena,derrotas,player1,False,True,False
29.313599999999997,0.16,1915,70.0,138.0,0,1976,200.0,0.6,14.0,6.0,0.34,70.0,3.1746031746031744,169.0,1.57,62.0,15,132.0,-61,1.51,0.27,14.0,0.27,2,6.0,Grass,Buena,victorias,Buena,derrotas,player1,False,True,False
5.997399999999999,0.14,1898,60.0,51.0,1,1990,153.0,0.56,14.0,6.0,0.34,70.0,1.4854368932038835,151.0,1.64,102.0,12,139.0,-92,1.56,0.27,12.0,0.27,2,8.0,Grass,Buena,victorias,Buena,derrotas,player1,False,True,False
5.997399999999999,0.14,1898,60.0,51.0,1,1990,153.0,0.56,14.0,6.0,0.34,70.0,1.4854368932038835,151.0,1.64,102.0,12,139.0,-92,1.56,0.27,12.0,0.27,2,8.0,Grass,Buena,victorias,Buena,derrotas,player1,False,True,False
38.2825,0.05,2062,85.0,0.0,3,1810,81.0,0.46,10.0,10.0,0.49,50.0,0.9878048780487805,159.0,1.71,81.0,11,159.0,252,1.36,0.27,17.0,0.27,9,3.0,Grass,Excelente,victorias,Regular,derrotas,player1,False,True,False
38.2825,0.05,2062,85.0,0.0,3,1810,81.0,0.46,10.0,10.0,0.49,50.0,0.9878048780487805,159.0,1.71,81.0,11,159.0,252,1.36,0.27,17.0,0.27,9,3.0,Grass,Excelente,victorias,Regular,derrotas,player1,False,True,False
38.2825,0.05,2062,85.0,0.0,3,1810,81.0,0.46,10.0,10.0,0.49,50.0,0.9878048780487805,159.0,1.71,81.0,11,159.0,252,1.36,0.27,17.0,0.27,9,3.0,Grass,Excelente,victorias,Regular,derrotas,player1,False,True,False
12.7297,0.0,1924,80.0,-66.0,1,1768,32.0,0.51,11.0,9.0,0.62,55.0,0.32323232323232326,152.0,1.65,98.0,7,200.0,156,1.44,0.27,16.0,0.27,4,4.0,Grass,Excelente,victorias,Regular,derrotas,player1,False,True,False
12.7297,0.0,1924,80.0,-66.0,1,1768,32.0,0.51,11.0,9.0,0.62,55.0,0.32323232323232326,152.0,1.65,98.0,7,200.0,156,1.44,0.27,16.0,0.27,4,4.0,Grass,Excelente,victorias,Regular,derrotas,player1,False,True,False
20.0831,0.08,1815,60.0,-38.0,2,1883,24.0,0.61,13.0,7.0,0.54,65.0,0.38095238095238093,169.0,1.58,62.0,7,217.0,-68,1.53,0.27,12.0,0.27,4,8.0,Grass,Buena,victorias,Buena,derrotas,player1,False,True,False
20.0831,0.08,1815,60.0,-38.0,2,1883,24.0,0.61,13.0,7.0,0.54,65.0,0.38095238095238093,169.0,1.58,62.0,7,217.0,-68,1.53,0.27,12.0,0.27,4,8.0,Grass,Buena,victorias,Buena,derrotas,player1,False,True,False
62.3841,0.14,1927,65.0,-176.0,0,1827,24.0,0.62,11.0,9.0,0.52,55.0,0.11940298507462686,132.0,1.48,200.0,15,217.0,100,1.44,0.27,13.0,0.27,2,7.0,Grass,Buena,victorias,Regular,victorias,player2,False,True,False
62.3841,0.14,1927,65.0,-176.0,0,1827,24.0,0.62,11.0,9.0,0.52,55.0,0.11940298507462686,132.0,1.48,200.0,15,217.0,100,1.44,0.27,13.0,0.27,2,7.0,Grass,Buena,victorias,Regular,victorias,player2,False,True,False
62.3841,0.14,1927,65.0,-176.0,0,1827,24.0,0.62,11.0,9.0,0.52,55.0,0.11940298507462686,132.0,1.48,200.0,15,217.0,100,1.44,0.27,13.0,0.27,2,7.0,Grass,Buena,victorias,Regular,victorias,player2,False,True,False
10.855900000000002,0.0,1786,80.0,105.0,0,1637,182.0,0.57,13.0,7.0,0.46,65.0,2.3333333333333335,161.0,1.57,77.0,2,134.0,149,1.32,0.09,16.0,0.24,8,4.0,Clay,Excelente,victorias,Buena,derrotas,player1,True,False,False
10.855900000000002,0.0,1786,80.0,105.0,0,1637,182.0,0.57,13.0,7.0,0.46,65.0,2.3333333333333335,161.0,1.57,77.0,2,134.0,149,1.32,0.09,16.0,0.24,8,4.0,Clay,Excelente,victorias,Buena,derrotas,player1,True,False,False
10.855900000000002,0.0,1786,80.0,105.0,0,1637,182.0,0.57,13.0,7.0,0.46,65.0,2.3333333333333335,161.0,1.57,77.0,2,134.0,149,1.32,0.09,16.0,0.24,8,4.0,Clay,Excelente,victorias,Buena,derrotas,player1,True,False,False
0.0,0.4,1693,55.0,21.0,2,1729,98.0,0.54,10.0,10.0,0.54,50.0,1.2564102564102564,161.0,1.27,77.0,3,152.0,-36,1.34,0.27,11.0,0.27,-1,9.0,Clay,Regular,derrotas,Regular,victorias,player2,True,False,False
0.0,0.4,1693,55.0,21.0,2,1729,98.0,0.54,10.0,10.0,0.54,50.0,1.2564102564102564,161.0,1.27,77.0,3,152.0,-36,1.34,0.27,11.0,0.27,-1,9.0,Clay,Regular,derrotas,Regular,victorias,player2,True,False,False
4.8017,0.37,1732,75.0,144.0,0,1732,176.0,0.51,14.0,6.0,0.58,70.0,5.333333333333333,200.0,1.49,32.0,5,135.0,0,1.31,0.17,15.0,0.21,3,5.0,Clay,Excelente,victorias,Buena,derrotas,player1,True,False,False
4.8017,0.37,1732,75.0,144.0,0,1732,176.0,0.51,14.0,6.0,0.58,70.0,5.333333333333333,200.0,1.49,32.0,5,135.0,0,1.31,0.17,15.0,0.21,3,5.0,Clay,Excelente,victorias,Buena,derrotas,player1,True,False,False
6.534,0.0,1772,80.0,-158.0,0,1664,39.0,0.61,12.0,8.0,0.52,60.0,0.19696969696969696,132.0,1.46,197.0,4,190.0,108,1.28,0.27,16.0,0.27,3,4.0,Clay,Excelente,victorias,Buena,derrotas,player1,True,False,False
6.534,0.0,1772,80.0,-158.0,0,1664,39.0,0.61,12.0,8.0,0.52,60.0,0.19696969696969696,132.0,1.46,197.0,4,190.0,108,1.28,0.27,16.0,0.27,3,4.0,Clay,Excelente,victorias,Buena,derrotas,player1,True,False,False
10.1506,0.34,1772,65.0,29.0,2,1711,98.0,0.66,11.0,9.0,0.62,55.0,1.4,165.0,1.34,69.0,6,152.0,61,1.31,0.27,13.0,0.27,-1,7.0,Clay,Buena,derrotas,Regular,victorias,player2,True,False,False
10.1506,0.34,1772,65.0,29.0,2,1711,98.0,0.66,11.0,9.0,0.62,55.0,1.4,165.0,1.34,69.0,6,152.0,61,1.31,0.27,13.0,0.27,-1,7.0,Clay,Buena,derrotas,Regular,victorias,player2,True,False,False
5.199999999999999,0.32,1618,45.0,36.0,2,1576,77.0,0.51,7.0,13.0,0.49,35.0,1.8333333333333333,187.0,1.34,41.0,3,161.0,42,1.19,0.27,9.0,0.27,2,11.0,Clay,Regular,victorias,Mala,derrotas,player1,True,False,False
5.199999999999999,0.32,1618,45.0,36.0,2,1576,77.0,0.51,7.0,13.0,0.49,35.0,1.8333333333333333,187.0,1.34,41.0,3,161.0,42,1.19,0.27,9.0,0.27,2,11.0,Clay,Regular,victorias,Mala,derrotas,player1,True,False,False
5.199999999999999,0.32,1618,45.0,36.0,2,1576,77.0,0.51,7.0,13.0,0.49,35.0,1.8333333333333333,187.0,1.34,41.0,3,161.0,42,1.19,0.27,9.0,0.27,2,11.0,Clay,Regular,victorias,Mala,derrotas,player1,True,False,False
12.8672,0.03,1865,60.0,176.0,0,1731,200.0,0.49,12.0,8.0,0.49,60.0,8.0,217.0,1.56,24.0,6,132.0,134,1.49,0.27,12.0,0.27,2,8.0,Grass,Buena,victorias,Buena,derrotas,player1,False,True,False
12.8672,0.03,1865,60.0,176.0,0,1731,200.0,0.49,12.0,8.0,0.49,60.0,8.0,217.0,1.56,24.0,6,132.0,134,1.49,0.27,12.0,0.27,2,8.0,Grass,Buena,victorias,Buena,derrotas,player1,False,True,False
0.0,0.0,1482,25.0,0.0,3,1720,22.0,0.24,12.0,8.0,0.55,60.0,0.9565217391304348,223.0,1.1,22.0,0,223.0,-238,1.46,0.27,1.0,0.14,-1,3.0,Clay,Mala,derrotas,Buena,victorias,player2,True,False,False
0.0,0.0,1482,25.0,0.0,3,1720,22.0,0.24,12.0,8.0,0.55,60.0,0.9565217391304348,223.0,1.1,22.0,0,223.0,-238,1.46,0.27,1.0,0.14,-1,3.0,Clay,Mala,derrotas,Buena,victorias,player2,True,False,False
0.0,0.5,1525,35.0,178.0,0,1720,200.0,0.39,12.0,8.0,0.53,60.0,8.695652173913043,223.0,1.1,22.0,7,132.0,-195,1.38,0.27,7.0,0.23,-1,13.0,Clay,Mala,derrotas,Buena,victorias,player2,True,False,False
0.0,0.5,1525,35.0,178.0,0,1720,200.0,0.39,12.0,8.0,0.53,60.0,8.695652173913043,223.0,1.1,22.0,7,132.0,-195,1.38,0.27,7.0,0.23,-1,13.0,Clay,Mala,derrotas,Buena,victorias,player2,True,False,False
0.7799999999999998,0.27,1640,45.0,-112.0,0,1665,39.0,0.45,13.0,7.0,0.5,65.0,0.2565789473684211,139.0,1.26,151.0,3,190.0,-25,1.42,0.27,9.0,0.27,-1,11.0,Clay,Regular,derrotas,Buena,victorias,player2,True,False,False
0.7799999999999998,0.27,1640,45.0,-112.0,0,1665,39.0,0.45,13.0,7.0,0.5,65.0,0.2565789473684211,139.0,1.26,151.0,3,190.0,-25,1.42,0.27,9.0,0.27,-1,11.0,Clay,Regular,derrotas,Buena,victorias,player2,True,False,False
0.0,0.0,1595,45.0,-152.0,0,1505,53.0,0.43,1.0,1.0,0.0,50.0,0.25728155339805825,131.0,1.37,205.0,0,175.0,90,1.32,0.12,9.0,0.23,2,11.0,Clay,Regular,victorias,Regular,derrotas,player1,True,False,False
0.0,0.0,1595,45.0,-152.0,0,1505,53.0,0.43,1.0,1.0,0.0,50.0,0.25728155339805825,131.0,1.37,205.0,0,175.0,90,1.32,0.12,9.0,0.23,2,11.0,Clay,Regular,victorias,Regular,derrotas,player1,True,False,False
0.0,0.0,1489,28.6,0.0,3,1462,77.0,0.35,1.0,4.0,0.26,20.0,0.9871794871794872,161.0,1.28,77.0,0,161.0,27,1.06,0.12,2.0,0.19,2,5.0,Clay,Mala,victorias,Mala,derrotas,player1,True,False,False
0.0,0.0,1489,28.6,0.0,3,1462,77.0,0.35,1.0,4.0,0.26,20.0,0.9871794871794872,161.0,1.28,77.0,0,161.0,27,1.06,0.12,2.0,0.19,2,5.0,Clay,Mala,victorias,Mala,derrotas,player1,True,False,False
6.5291,0.06,1808,80.0,-150.0,0,1679,32.0,0.55,13.0,7.0,0.42,65.0,0.17486338797814208,134.0,1.46,182.0,2,200.0,129,1.36,0.24,16.0,0.27,2,4.0,Hard,Excelente,victorias,Buena,derrotas,player1,False,False,True
6.5291,0.06,1808,80.0,-150.0,0,1679,32.0,0.55,13.0,7.0,0.42,65.0,0.17486338797814208,134.0,1.46,182.0,2,200.0,129,1.36,0.24,16.0,0.27,2,4.0,Hard,Excelente,victorias,Buena,derrotas,player1,False,False,True
14.3154,0.11,1648,40.0,-53.0,1,1768,24.0,0.46,11.0,9.0,0.54,55.0,0.3076923076923077,161.0,1.45,77.0,12,217.0,-120,1.41,0.27,8.0,0.27,3,12.0,Grass,Regular,victorias,Regular,derrotas,player1,False,True,False
14.3154,0.11,1648,40.0,-53.0,1,1768,24.0,0.46,11.0,9.0,0.54,55.0,0.3076923076923077,161.0,1.45,77.0,12,217.0,-120,1.41,0.27,8.0,0.27,3,12.0,Grass,Regular,victorias,Regular,derrotas,player1,False,True,False
6.934999999999999,0.0,1740,55.0,44.0,2,1749,52.0,0.58,15.0,5.0,0.45,75.0,5.777777777777778,319.0,1.7,8.0,5,176.0,-9,1.58,0.27,11.0,0.27,5,9.0,Grass,Regular,victorias,Excelente,derrotas,player1,False,True,False
6.934999999999999,0.0,1740,55.0,44.0,2,1749,52.0,0.58,15.0,5.0,0.45,75.0,5.777777777777778,319.0,1.7,8.0,5,176.0,-9,1.58,0.27,11.0,0.27,5,9.0,Grass,Regular,victorias,Excelente,derrotas,player1,False,True,False
0.0,0.03,1570,35.0,121.0,0,1739,197.0,0.38,10.0,10.0,0.57,50.0,2.5584415584415585,161.0,1.32,76.0,8,132.0,-169,1.54,0.27,7.0,0.27,-1,13.0,Grass,Mala,derrotas,Regular,victorias,player2,False,True,False
0.0,0.03,1570,35.0,121.0,0,1739,197.0,0.38,10.0,10.0,0.57,50.0,2.5584415584415585,161.0,1.32,76.0,8,132.0,-169,1.54,0.27,7.0,0.27,-1,13.0,Grass,Mala,derrotas,Regular,victorias,player2,False,True,False
1.7069999999999999,0.0,1785,75.0,47.0,2,1722,124.0,0.51,13.0,7.0,0.49,65.0,1.5897435897435896,161.0,1.53,77.0,3,145.0,63,1.38,0.22,15.0,0.27,3,5.0,Clay,Excelente,victorias,Buena,derrotas,player1,True,False,False
1.7069999999999999,0.0,1785,75.0,47.0,2,1722,124.0,0.51,13.0,7.0,0.49,65.0,1.5897435897435896,161.0,1.53,77.0,3,145.0,63,1.38,0.22,15.0,0.27,3,5.0,Clay,Excelente,victorias,Buena,derrotas,player1,True,False,False
0.0,0.22,1546,50.0,0.0,3,1695,154.0,0.37,12.0,8.0,0.47,60.0,0.9935483870967742,139.0,1.31,154.0,1,139.0,-149,1.42,0.23,10.0,0.17,-1,10.0,Clay,Regular,derrotas,Buena,victorias,player2,True,False,False
0.0,0.22,1546,50.0,0.0,3,1695,154.0,0.37,12.0,8.0,0.47,60.0,0.9935483870967742,139.0,1.31,154.0,1,139.0,-149,1.42,0.23,10.0,0.17,-1,10.0,Clay,Regular,derrotas,Buena,victorias,player2,True,False,False
0.0,0.0,1603,60.0,-153.0,0,1789,47.0,0.38,14.0,6.0,0.46,70.0,0.23383084577114427,132.0,1.33,200.0,1,181.0,-186,1.52,0.15,12.0,0.17,-1,8.0,Hard,Buena,derrotas,Buena,victorias,player2,False,False,True
0.0,0.0,1603,60.0,-153.0,0,1789,47.0,0.38,14.0,6.0,0.46,70.0,0.23383084577114427,132.0,1.33,200.0,1,181.0,-186,1.52,0.15,12.0,0.17,-1,8.0,Hard,Buena,derrotas,Buena,victorias,player2,False,False,True
11.2782,0.0,1577,45.0,3.0,3,1622,200.0,0.4,9.0,11.0,0.46,45.0,1.0101010101010102,132.0,1.31,197.0,3,132.0,-45,1.23,0.26,9.0,0.2,2,11.0,Hard,Regular,victorias,Regular,derrotas,player1,False,False,True
11.2782,0.0,1577,45.0,3.0,3,1622,200.0,0.4,9.0,11.0,0.46,45.0,1.0101010101010102,132.0,1.31,197.0,3,132.0,-45,1.23,0.26,9.0,0.2,2,11.0,Hard,Regular,victorias,Regular,derrotas,player1,False,False,True
0.0,0.0,1531,38.5,0.0,3,1711,200.0,0.36,14.0,6.0,0.42,70.0,0.9950248756218906,132.0,1.31,200.0,0,132.0,-180,1.48,0.22,5.0,0.0,2,8.0,Hard,Mala,victorias,Buena,derrotas,player1,False,False,True
0.0,0.0,1531,38.5,0.0,3,1711,200.0,0.36,14.0,6.0,0.42,70.0,0.9950248756218906,132.0,1.31,200.0,0,132.0,-180,1.48,0.22,5.0,0.0,2,8.0,Hard,Mala,victorias,Buena,derrotas,player1,False,False,True
9.468900000000001,0.0,1552,30.0,-153.0,0,1633,47.0,0.49,10.0,10.0,0.42,50.0,0.23383084577114427,132.0,1.11,200.0,3,181.0,-81,1.36,0.14,6.0,0.26,-1,14.0,Hard,Mala,derrotas,Regular,victorias,player2,False,False,True
9.468900000000001,0.0,1552,30.0,-153.0,0,1633,47.0,0.49,10.0,10.0,0.42,50.0,0.23383084577114427,132.0,1.11,200.0,3,181.0,-81,1.36,0.14,6.0,0.26,-1,14.0,Hard,Mala,derrotas,Regular,victorias,player2,False,False,True
0.0,0.0,1562,50.0,0.0,3,1658,200.0,0.38,13.0,7.0,0.45,65.0,0.9950248756218906,132.0,1.3,200.0,1,132.0,-96,1.43,0.2,10.0,0.16,-1,10.0,Hard,Regular,derrotas,Buena,victorias,player2,False,False,True
0.0,0.0,1562,50.0,0.0,3,1658,200.0,0.38,13.0,7.0,0.45,65.0,0.9950248756218906,132.0,1.3,200.0,1,132.0,-96,1.43,0.2,10.0,0.16,-1,10.0,Hard,Regular,derrotas,Buena,victorias,player2,False,False,True
6.5453,0.09,1699,55.0,176.0,0,1695,200.0,0.44,13.0,7.0,0.43,65.0,8.0,217.0,1.4,24.0,2,132.0,4,1.33,0.18,11.0,0.09,2,9.0,Hard,Regular,victorias,Buena,derrotas,player1,False,False,True
6.5453,0.09,1699,55.0,176.0,0,1695,200.0,0.44,13.0,7.0,0.43,65.0,8.0,217.0,1.4,24.0,2,132.0,4,1.33,0.18,11.0,0.09,2,9.0,Hard,Regular,victorias,Buena,derrotas,player1,False,False,True
0.0,0.0,1754,70.0,4.0,3,1594,81.0,0.45,8.0,6.0,0.42,57.1,1.0384615384615385,161.0,1.47,77.0,0,159.0,160,1.36,0.0,14.0,0.09,2,6.0,Clay,Buena,victorias,Regular,derrotas,player1,True,False,False
0.0,0.0,1754,70.0,4.0,3,1594,81.0,0.45,8.0,6.0,0.42,57.1,1.0384615384615385,161.0,1.47,77.0,0,159.0,160,1.36,0.0,14.0,0.09,2,6.0,Clay,Buena,victorias,Regular,derrotas,player1,True,False,False
0.0,0.0,1466,25.0,0.0,3,1550,77.0,0.18,6.0,8.0,0.34,42.9,0.9871794871794872,161.0,1.13,77.0,0,161.0,-84,1.36,0.0,5.0,0.0,-1,15.0,Clay,Mala,derrotas,Regular,victorias,player2,True,False,False
0.0,0.0,1466,25.0,0.0,3,1550,77.0,0.18,6.0,8.0,0.34,42.9,0.9871794871794872,161.0,1.13,77.0,0,161.0,-84,1.36,0.0,5.0,0.0,-1,15.0,Clay,Mala,derrotas,Regular,victorias,player2,True,False,False
3.25,0.29,1630,50.0,-73.0,1,1700,81.0,0.41,14.0,6.0,0.42,70.0,0.5225806451612903,139.0,1.27,154.0,3,159.0,-70,1.45,0.0,10.0,0.0,-1,10.0,Clay,Regular,derrotas,Buena,victorias,player2,True,False,False
3.25,0.29,1630,50.0,-73.0,1,1700,81.0,0.41,14.0,6.0,0.42,70.0,0.5225806451612903,139.0,1.27,154.0,3,159.0,-70,1.45,0.0,10.0,0.0,-1,10.0,Clay,Regular,derrotas,Buena,victorias,player2,True,False,False
0.0,0.0,1788,75.0,19.0,2,1569,81.0,0.45,9.0,11.0,0.41,45.0,1.2857142857142858,169.0,1.62,62.0,1,159.0,219,1.26,0.17,15.0,0.0,12,5.0,Clay,Excelente,victorias,Regular,derrotas,player1,True,False,False
0.0,0.0,1788,75.0,19.0,2,1569,81.0,0.45,9.0,11.0,0.41,45.0,1.2857142857142858,169.0,1.62,62.0,1,159.0,219,1.26,0.17,15.0,0.0,12,5.0,Clay,Excelente,victorias,Regular,derrotas,player1,True,False,False
0.0,0.0,1762,75.0,115.0,0,1639,167.0,0.43,12.0,8.0,0.41,60.0,3.150943396226415,176.0,1.5,52.0,0,137.0,123,1.37,0.2,15.0,0.21,3,5.0,Hard,Excelente,victorias,Buena,derrotas,player1,False,False,True
0.0,0.0,1762,75.0,115.0,0,1639,167.0,0.43,12.0,8.0,0.41,60.0,3.150943396226415,176.0,1.5,52.0,0,137.0,123,1.37,0.2,15.0,0.21,3,5.0,Hard,Excelente,victorias,Buena,derrotas,player1,False,False,True
6.544,0.0,1558,30.0,69.0,1,1707,77.0,0.37,11.0,9.0,0.48,55.0,8.555555555555555,319.0,1.13,8.0,1,161.0,-149,1.49,0.25,6.0,0.26,-1,14.0,Hard,Mala,derrotas,Regular,victorias,player2,False,False,True
6.544,0.0,1558,30.0,69.0,1,1707,77.0,0.37,11.0,9.0,0.48,55.0,8.555555555555555,319.0,1.13,8.0,1,161.0,-149,1.49,0.25,6.0,0.26,-1,14.0,Hard,Mala,derrotas,Regular,victorias,player2,False,False,True
0.0,0.24,1867,90.0,15.0,2,1681,66.0,0.58,13.0,7.0,0.5,65.0,1.2692307692307692,177.0,1.55,51.0,3,166.0,186,1.31,0.22,18.0,0.15,3,2.0,Clay,Excelente,victorias,Buena,derrotas,player1,True,False,False
0.0,0.24,1867,90.0,15.0,2,1681,66.0,0.58,13.0,7.0,0.5,65.0,1.2692307692307692,177.0,1.55,51.0,3,166.0,186,1.31,0.22,18.0,0.15,3,2.0,Clay,Excelente,victorias,Buena,derrotas,player1,True,False,False
25.375300000000003,0.31,1698,65.0,0.0,3,1682,22.0,0.56,13.0,7.0,0.5,65.0,0.9565217391304348,223.0,1.28,22.0,12,223.0,16,1.21,0.21,13.0,0.12,3,7.0,Clay,Buena,victorias,Buena,derrotas,player1,True,False,False
25.375300000000003,0.31,1698,65.0,0.0,3,1682,22.0,0.56,13.0,7.0,0.5,65.0,0.9565217391304348,223.0,1.28,22.0,12,223.0,16,1.21,0.21,13.0,0.12,3,7.0,Clay,Buena,victorias,Buena,derrotas,player1,True,False,False
0.0,0.0,1676,65.0,61.0,1,1590,200.0,0.42,10.0,9.0,0.39,52.6,1.4285714285714286,142.0,1.42,139.0,2,132.0,86,1.3,0.09,13.0,0.2,2,7.0,Hard,Buena,victorias,Regular,derrotas,player1,False,False,True
0.0,0.0,1676,65.0,61.0,1,1590,200.0,0.42,10.0,9.0,0.39,52.6,1.4285714285714286,142.0,1.42,139.0,2,132.0,86,1.3,0.09,13.0,0.2,2,7.0,Hard,Buena,victorias,Regular,derrotas,player1,False,False,True
8.480900000000002,0.0,1604,63.6,0.0,3,1577,200.0,0.44,9.0,11.0,0.31,45.0,0.9950248756218906,132.0,1.36,200.0,1,132.0,27,1.35,0.21,7.0,0.14,-1,4.0,Hard,Buena,derrotas,Regular,victorias,player2,False,False,True
8.480900000000002,0.0,1604,63.6,0.0,3,1577,200.0,0.44,9.0,11.0,0.31,45.0,0.9950248756218906,132.0,1.36,200.0,1,132.0,27,1.35,0.21,7.0,0.14,-1,4.0,Hard,Buena,derrotas,Regular,victorias,player2,False,False,True
0.0,0.0,1489,36.4,119.0,0,1519,200.0,0.37,6.0,14.0,0.43,30.0,2.4390243902439024,159.0,1.18,81.0,0,132.0,-30,1.33,0.21,4.0,0.0,-1,7.0,Hard,Mala,derrotas,Mala,victorias,player2,False,False,True
0.0,0.0,1489,36.4,119.0,0,1519,200.0,0.37,6.0,14.0,0.43,30.0,2.4390243902439024,159.0,1.18,81.0,0,132.0,-30,1.33,0.21,4.0,0.0,-1,7.0,Hard,Mala,derrotas,Mala,victorias,player2,False,False,True
0.0,0.0,1499,33.3,0.0,3,1694,200.0,0.34,12.0,8.0,0.41,60.0,0.9950248756218906,132.0,1.18,200.0,0,132.0,-195,1.5,0.15,6.0,0.0,-1,12.0,Hard,Mala,derrotas,Buena,victorias,player2,False,False,True
0.0,0.0,1499,33.3,0.0,3,1694,200.0,0.34,12.0,8.0,0.41,60.0,0.9950248756218906,132.0,1.18,200.0,0,132.0,-195,1.5,0.15,6.0,0.0,-1,12.0,Hard,Mala,derrotas,Buena,victorias,player2,False,False,True
0.0,0.0,1517,45.0,-138.0,0,1632,62.0,0.27,11.0,9.0,0.45,55.0,0.30845771144278605,132.0,1.29,200.0,0,169.0,-115,1.41,0.24,9.0,0.12,-1,11.0,Hard,Regular,derrotas,Regular,victorias,player2,False,False,True
0.0,0.0,1517,45.0,-138.0,0,1632,62.0,0.27,11.0,9.0,0.45,55.0,0.30845771144278605,132.0,1.29,200.0,0,169.0,-115,1.41,0.24,9.0,0.12,-1,11.0,Hard,Regular,derrotas,Regular,victorias,player2,False,False,True
0.0,0.0,1546,30.0,0.0,3,1485,200.0,0.36,1.0,4.0,0.17,20.0,0.9950248756218906,132.0,1.29,200.0,0,132.0,61,1.06,0.17,6.0,0.24,2,14.0,Hard,Mala,victorias,Mala,derrotas,player1,False,False,True
0.0,0.0,1546,30.0,0.0,3,1485,200.0,0.36,1.0,4.0,0.17,20.0,0.9950248756218906,132.0,1.29,200.0,0,132.0,61,1.06,0.17,6.0,0.24,2,14.0,Hard,Mala,victorias,Mala,derrotas,player1,False,False,True
0.0,0.11,1490,40.0,-107.0,0,1617,47.0,0.36,12.0,8.0,0.36,60.0,0.3032258064516129,139.0,1.33,154.0,1,181.0,-127,1.35,0.2,8.0,0.21,2,12.0,Hard,Regular,victorias,Buena,derrotas,player1,False,False,True
0.0,0.11,1490,40.0,-107.0,0,1617,47.0,0.36,12.0,8.0,0.36,60.0,0.3032258064516129,139.0,1.33,154.0,1,181.0,-127,1.35,0.2,8.0,0.21,2,12.0,Hard,Regular,victorias,Buena,derrotas,player1,False,False,True
1.69,0.12,1533,42.9,0.0,3,1668,200.0,0.36,12.0,8.0,0.51,60.0,0.9950248756218906,132.0,1.23,200.0,2,132.0,-135,1.42,0.24,6.0,0.15,-1,8.0,Hard,Regular,derrotas,Buena,victorias,player2,False,False,True
1.69,0.12,1533,42.9,0.0,3,1668,200.0,0.36,12.0,8.0,0.51,60.0,0.9950248756218906,132.0,1.23,200.0,2,132.0,-135,1.42,0.24,6.0,0.15,-1,8.0,Hard,Regular,derrotas,Buena,victorias,player2,False,False,True
0.0,0.0,1603,54.5,0.0,3,1536,200.0,0.48,7.0,13.0,0.49,35.0,0.9950248756218906,132.0,1.34,200.0,0,132.0,67,1.32,0.26,6.0,0.25,-1,5.0,Hard,Regular,derrotas,Mala,victorias,player2,False,False,True
0.0,0.0,1603,54.5,0.0,3,1536,200.0,0.48,7.0,13.0,0.49,35.0,0.9950248756218906,132.0,1.34,200.0,0,132.0,67,1.32,0.26,6.0,0.25,-1,5.0,Hard,Regular,derrotas,Mala,victorias,player2,False,False,True
8.493,0.0,1683,60.0,-192.0,0,1468,8.0,0.41,2.0,6.0,0.18,25.0,0.03980099502487562,132.0,1.43,200.0,1,319.0,215,1.08,0.17,12.0,0.26,2,8.0,Hard,Buena,victorias,Mala,derrotas,player1,False,False,True
8.493,0.0,1683,60.0,-192.0,0,1468,8.0,0.41,2.0,6.0,0.18,25.0,0.03980099502487562,132.0,1.43,200.0,1,319.0,215,1.08,0.17,12.0,0.26,2,8.0,Hard,Buena,victorias,Mala,derrotas,player1,False,False,True
0.0,0.0,1491,33.3,0.0,3,1669,200.0,0.3,10.0,10.0,0.47,50.0,0.9950248756218906,132.0,1.18,200.0,0,132.0,-178,1.41,0.27,2.0,0.09,-1,4.0,Hard,Mala,derrotas,Regular,victorias,player2,False,False,True
0.0,0.0,1491,33.3,0.0,3,1669,200.0,0.3,10.0,10.0,0.47,50.0,0.9950248756218906,132.0,1.18,200.0,0,132.0,-178,1.41,0.27,2.0,0.09,-1,4.0,Hard,Mala,derrotas,Regular,victorias,player2,False,False,True
0.0,0.25,1539,45.0,0.0,3,1738,100.0,0.36,14.0,6.0,0.49,70.0,0.9900990099009901,152.0,1.28,100.0,7,152.0,-199,1.37,0.27,9.0,0.19,2,11.0,Hard,Regular,victorias,Buena,victorias,player2,False,False,True
6.5466,0.0,1592,45.0,-48.0,2,1684,52.0,0.51,10.0,10.0,0.49,50.0,0.5148514851485149,152.0,1.32,100.0,3,176.0,-92,1.34,0.27,9.0,0.27,2,11.0,Hard,Regular,victorias,Regular,victorias,player2,False,False,True
8.4785,0.12,1677,50.0,0.0,3,1674,52.0,0.53,10.0,10.0,0.48,50.0,0.9811320754716981,176.0,1.32,52.0,4,176.0,3,1.32,0.27,10.0,0.27,2,10.0,Hard,Regular,victorias,Regular,victorias,player2,False,False,True
8.4785,0.12,1677,50.0,0.0,3,1674,52.0,0.53,10.0,10.0,0.48,50.0,0.9811320754716981,176.0,1.32,52.0,4,176.0,3,1.32,0.27,10.0,0.27,2,10.0,Hard,Regular,victorias,Regular,victorias,player2,False,False,True
8.4785,0.12,1677,50.0,0.0,3,1674,52.0,0.53,10.0,10.0,0.48,50.0,0.9811320754716981,176.0,1.32,52.0,4,176.0,3,1.32,0.27,10.0,0.27,2,10.0,Hard,Regular,victorias,Regular,victorias,player2,False,False,True
20.174400000000002,0.0,1877,90.0,-28.0,2,1541,24.0,0.47,8.0,12.0,0.35,40.0,0.4528301886792453,176.0,1.5,52.0,7,217.0,336,1.22,0.14,18.0,0.2,17,2.0,Hard,Excelente,victorias,Regular,victorias,player1,False,False,True
22.7862,0.0,1619,35.0,0.0,3,1593,100.0,0.44,10.0,10.0,0.37,50.0,0.9900990099009901,152.0,1.22,100.0,6,152.0,26,1.29,0.21,7.0,0.22,2,13.0,Hard,Mala,victorias,Regular,victorias,player1,False,False,True
0.0,0.11,1804,80.0,43.0,2,1663,182.0,0.47,11.0,9.0,0.36,55.0,1.3,142.0,1.46,139.0,4,134.0,141,1.34,0.22,16.0,0.0,-1,4.0,Hard,Excelente,derrotas,Regular,victorias,player2,False,False,True
0.0,0.11,1804,80.0,43.0,2,1663,182.0,0.47,11.0,9.0,0.36,55.0,1.3,142.0,1.46,139.0,4,134.0,141,1.34,0.22,16.0,0.0,-1,4.0,Hard,Excelente,derrotas,Regular,victorias,player2,False,False,True
29.313599999999997,0.16,1915,70.0,138.0,0,1976,200.0,0.59,14.0,6.0,0.28,70.0,3.1746031746031744,169.0,1.57,62.0,15,132.0,-61,1.51,0.27,14.0,0.27,2,6.0,Grass,Buena,victorias,Buena,derrotas,player1,False,True,False
29.313599999999997,0.16,1915,70.0,138.0,0,1976,200.0,0.59,14.0,6.0,0.28,70.0,3.1746031746031744,169.0,1.57,62.0,15,132.0,-61,1.51,0.27,14.0,0.27,2,6.0,Grass,Buena,victorias,Buena,derrotas,player1,False,True,False
29.313599999999997,0.16,1915,70.0,138.0,0,1976,200.0,0.59,14.0,6.0,0.28,70.0,3.1746031746031744,169.0,1.57,62.0,15,132.0,-61,1.51,0.27,14.0,0.27,2,6.0,Grass,Buena,victorias,Buena,derrotas,player1,False,True,False
5.997399999999999,0.14,1898,60.0,51.0,1,1990,153.0,0.67,14.0,6.0,0.22,70.0,1.4854368932038835,151.0,1.64,102.0,12,139.0,-92,1.56,0.27,12.0,0.27,2,8.0,Grass,Buena,victorias,Buena,derrotas,player1,False,True,False
5.997399999999999,0.14,1898,60.0,51.0,1,1990,153.0,0.67,14.0,6.0,0.22,70.0,1.4854368932038835,151.0,1.64,102.0,12,139.0,-92,1.56,0.27,12.0,0.27,2,8.0,Grass,Buena,victorias,Buena,derrotas,player1,False,True,False
38.2825,0.05,2062,85.0,0.0,3,1810,81.0,0.56,10.0,10.0,0.43,50.0,0.9878048780487805,159.0,1.71,81.0,11,159.0,252,1.36,0.27,17.0,0.27,9,3.0,Grass,Excelente,victorias,Regular,derrotas,player1,False,True,False
38.2825,0.05,2062,85.0,0.0,3,1810,81.0,0.56,10.0,10.0,0.43,50.0,0.9878048780487805,159.0,1.71,81.0,11,159.0,252,1.36,0.27,17.0,0.27,9,3.0,Grass,Excelente,victorias,Regular,derrotas,player1,False,True,False
38.2825,0.05,2062,85.0,0.0,3,1810,81.0,0.56,10.0,10.0,0.43,50.0,0.9878048780487805,159.0,1.71,81.0,11,159.0,252,1.36,0.27,17.0,0.27,9,3.0,Grass,Excelente,victorias,Regular,derrotas,player1,False,True,False
12.7297,0.0,1924,80.0,-66.0,1,1768,32.0,0.62,11.0,9.0,0.63,55.0,0.32323232323232326,152.0,1.65,98.0,7,200.0,156,1.44,0.27,16.0,0.27,4,4.0,Grass,Excelente,victorias,Regular,derrotas,player1,False,True,False
12.7297,0.0,1924,80.0,-66.0,1,1768,32.0,0.62,11.0,9.0,0.63,55.0,0.32323232323232326,152.0,1.65,98.0,7,200.0,156,1.44,0.27,16.0,0.27,4,4.0,Grass,Excelente,victorias,Regular,derrotas,player1,False,True,False
20.0831,0.08,1815,60.0,-38.0,2,1883,24.0,0.66,13.0,7.0,0.52,65.0,0.38095238095238093,169.0,1.58,62.0,7,217.0,-68,1.53,0.27,12.0,0.27,4,8.0,Grass,Buena,victorias,Buena,derrotas,player1,False,True,False
20.0831,0.08,1815,60.0,-38.0,2,1883,24.0,0.66,13.0,7.0,0.52,65.0,0.38095238095238093,169.0,1.58,62.0,7,217.0,-68,1.53,0.27,12.0,0.27,4,8.0,Grass,Buena,victorias,Buena,derrotas,player1,False,True,False
62.3841,0.14,1927,65.0,-176.0,0,1827,24.0,0.69,11.0,9.0,0.66,55.0,0.11940298507462686,132.0,1.48,200.0,15,217.0,100,1.44,0.27,13.0,0.27,2,7.0,Grass,Buena,victorias,Regular,victorias,player2,False,True,False
62.3841,0.14,1927,65.0,-176.0,0,1827,24.0,0.69,11.0,9.0,0.66,55.0,0.11940298507462686,132.0,1.48,200.0,15,217.0,100,1.44,0.27,13.0,0.27,2,7.0,Grass,Buena,victorias,Regular,victorias,player2,False,True,False
62.3841,0.14,1927,65.0,-176.0,0,1827,24.0,0.69,11.0,9.0,0.66,55.0,0.11940298507462686,132.0,1.48,200.0,15,217.0,100,1.44,0.27,13.0,0.27,2,7.0,Grass,Buena,victorias,Regular,victorias,player2,False,True,False
10.855900000000002,0.0,1786,80.0,105.0,0,1637,182.0,0.58,13.0,7.0,0.35,65.0,2.3333333333333335,161.0,1.57,77.0,2,134.0,149,1.32,0.09,16.0,0.24,8,4.0,Clay,Excelente,victorias,Buena,derrotas,player1,True,False,False
10.855900000000002,0.0,1786,80.0,105.0,0,1637,182.0,0.58,13.0,7.0,0.35,65.0,2.3333333333333335,161.0,1.57,77.0,2,134.0,149,1.32,0.09,16.0,0.24,8,4.0,Clay,Excelente,victorias,Buena,derrotas,player1,True,False,False
10.855900000000002,0.0,1786,80.0,105.0,0,1637,182.0,0.58,13.0,7.0,0.35,65.0,2.3333333333333335,161.0,1.57,77.0,2,134.0,149,1.32,0.09,16.0,0.24,8,4.0,Clay,Excelente,victorias,Buena,derrotas,player1,True,False,False
0.0,0.4,1693,55.0,21.0,2,1729,98.0,0.51,10.0,10.0,0.48,50.0,1.2564102564102564,161.0,1.27,77.0,3,152.0,-36,1.34,0.27,11.0,0.27,-1,9.0,Clay,Regular,derrotas,Regular,victorias,player2,True,False,False
0.0,0.4,1693,55.0,21.0,2,1729,98.0,0.51,10.0,10.0,0.48,50.0,1.2564102564102564,161.0,1.27,77.0,3,152.0,-36,1.34,0.27,11.0,0.27,-1,9.0,Clay,Regular,derrotas,Regular,victorias,player2,True,False,False
4.8017,0.37,1732,75.0,144.0,0,1732,176.0,0.47,14.0,6.0,0.6,70.0,5.333333333333333,200.0,1.49,32.0,5,135.0,0,1.31,0.17,15.0,0.21,3,5.0,Clay,Excelente,victorias,Buena,derrotas,player1,True,False,False
4.8017,0.37,1732,75.0,144.0,0,1732,176.0,0.47,14.0,6.0,0.6,70.0,5.333333333333333,200.0,1.49,32.0,5,135.0,0,1.31,0.17,15.0,0.21,3,5.0,Clay,Excelente,victorias,Buena,derrotas,player1,True,False,False
6.534,0.0,1772,80.0,-158.0,0,1664,39.0,0.62,12.0,8.0,0.5,60.0,0.19696969696969696,132.0,1.46,197.0,4,190.0,108,1.28,0.27,16.0,0.27,3,4.0,Clay,Excelente,victorias,Buena,derrotas,player1,True,False,False
6.534,0.0,1772,80.0,-158.0,0,1664,39.0,0.62,12.0,8.0,0.5,60.0,0.19696969696969696,132.0,1.46,197.0,4,190.0,108,1.28,0.27,16.0,0.27,3,4.0,Clay,Excelente,victorias,Buena,derrotas,player1,True,False,False
10.1506,0.34,1772,65.0,29.0,2,1711,98.0,0.65,11.0,9.0,0.59,55.0,1.4,165.0,1.34,69.0,6,152.0,61,1.31,0.27,13.0,0.27,-1,7.0,Clay,Buena,derrotas,Regular,victorias,player2,True,False,False
10.1506,0.34,1772,65.0,29.0,2,1711,98.0,0.65,11.0,9.0,0.59,55.0,1.4,165.0,1.34,69.0,6,152.0,61,1.31,0.27,13.0,0.27,-1,7.0,Clay,Buena,derrotas,Regular,victorias,player2,True,False,False
5.199999999999999,0.32,1618,45.0,36.0,2,1576,77.0,0.48,7.0,13.0,0.43,35.0,1.8333333333333333,187.0,1.34,41.0,3,161.0,42,1.19,0.27,9.0,0.27,2,11.0,Clay,Regular,victorias,Mala,derrotas,player1,True,False,False
5.199999999999999,0.32,1618,45.0,36.0,2,1576,77.0,0.48,7.0,13.0,0.43,35.0,1.8333333333333333,187.0,1.34,41.0,3,161.0,42,1.19,0.27,9.0,0.27,2,11.0,Clay,Regular,victorias,Mala,derrotas,player1,True,False,False
5.199999999999999,0.32,1618,45.0,36.0,2,1576,77.0,0.48,7.0,13.0,0.43,35.0,1.8333333333333333,187.0,1.34,41.0,3,161.0,42,1.19,0.27,9.0,0.27,2,11.0,Clay,Regular,victorias,Mala,derrotas,player1,True,False,False
12.8672,0.03,1865,60.0,176.0,0,1731,200.0,0.63,12.0,8.0,0.43,60.0,8.0,217.0,1.56,24.0,6,132.0,134,1.49,0.27,12.0,0.27,2,8.0,Grass,Buena,victorias,Buena,derrotas,player1,False,True,False
12.8672,0.03,1865,60.0,176.0,0,1731,200.0,0.63,12.0,8.0,0.43,60.0,8.0,217.0,1.56,24.0,6,132.0,134,1.49,0.27,12.0,0.27,2,8.0,Grass,Buena,victorias,Buena,derrotas,player1,False,True,False
0.0,0.0,1482,25.0,0.0,3,1720,22.0,0.11,12.0,8.0,0.53,60.0,0.9565217391304348,223.0,1.1,22.0,0,223.0,-238,1.46,0.27,1.0,0.14,-1,3.0,Clay,Mala,derrotas,Buena,victorias,player2,True,False,False
0.0,0.0,1482,25.0,0.0,3,1720,22.0,0.11,12.0,8.0,0.53,60.0,0.9565217391304348,223.0,1.1,22.0,0,223.0,-238,1.46,0.27,1.0,0.14,-1,3.0,Clay,Mala,derrotas,Buena,victorias,player2,True,False,False
0.0,0.5,1525,35.0,178.0,0,1720,200.0,0.31,12.0,8.0,0.49,60.0,8.695652173913043,223.0,1.1,22.0,7,132.0,-195,1.38,0.27,7.0,0.23,-1,13.0,Clay,Mala,derrotas,Buena,victorias,player2,True,False,False
0.0,0.5,1525,35.0,178.0,0,1720,200.0,0.31,12.0,8.0,0.49,60.0,8.695652173913043,223.0,1.1,22.0,7,132.0,-195,1.38,0.27,7.0,0.23,-1,13.0,Clay,Mala,derrotas,Buena,victorias,player2,True,False,False
0.7799999999999998,0.27,1640,45.0,-112.0,0,1665,39.0,0.33,13.0,7.0,0.44,65.0,0.2565789473684211,139.0,1.26,151.0,3,190.0,-25,1.42,0.27,9.0,0.27,-1,11.0,Clay,Regular,derrotas,Buena,victorias,player2,True,False,False
0.7799999999999998,0.27,1640,45.0,-112.0,0,1665,39.0,0.33,13.0,7.0,0.44,65.0,0.2565789473684211,139.0,1.26,151.0,3,190.0,-25,1.42,0.27,9.0,0.27,-1,11.0,Clay,Regular,derrotas,Buena,victorias,player2,True,False,False
0.0,0.0,1595,45.0,-152.0,0,1505,53.0,0.33,1.0,1.0,0.0,50.0,0.25728155339805825,131.0,1.37,205.0,0,175.0,90,1.32,0.12,9.0,0.23,2,11.0,Clay,Regular,victorias,Regular,derrotas,player1,True,False,False
0.0,0.0,1595,45.0,-152.0,0,1505,53.0,0.33,1.0,1.0,0.0,50.0,0.25728155339805825,131.0,1.37,205.0,0,175.0,90,1.32,0.12,9.0,0.23,2,11.0,Clay,Regular,victorias,Regular,derrotas,player1,True,False,False
0.0,0.0,1489,28.6,0.0,3,1462,77.0,0.34,1.0,4.0,0.18,20.0,0.9871794871794872,161.0,1.28,77.0,0,161.0,27,1.06,0.12,2.0,0.19,2,5.0,Clay,Mala,victorias,Mala,derrotas,player1,True,False,False
0.0,0.0,1489,28.6,0.0,3,1462,77.0,0.34,1.0,4.0,0.18,20.0,0.9871794871794872,161.0,1.28,77.0,0,161.0,27,1.06,0.12,2.0,0.19,2,5.0,Clay,Mala,victorias,Mala,derrotas,player1,True,False,False
6.5291,0.06,1808,80.0,-150.0,0,1679,32.0,0.57,13.0,7.0,0.36,65.0,0.17486338797814208,134.0,1.46,182.0,2,200.0,129,1.36,0.24,16.0,0.27,2,4.0,Hard,Excelente,victorias,Buena,derrotas,player1,False,False,True
6.5291,0.06,1808,80.0,-150.0,0,1679,32.0,0.57,13.0,7.0,0.36,65.0,0.17486338797814208,134.0,1.46,182.0,2,200.0,129,1.36,0.24,16.0,0.27,2,4.0,Hard,Excelente,victorias,Buena,derrotas,player1,False,False,True
14.3154,0.11,1648,40.0,-53.0,1,1768,24.0,0.35,11.0,9.0,0.59,55.0,0.3076923076923077,161.0,1.45,77.0,12,217.0,-120,1.41,0.27,8.0,0.27,3,12.0,Grass,Regular,victorias,Regular,derrotas,player1,False,True,False
14.3154,0.11,1648,40.0,-53.0,1,1768,24.0,0.35,11.0,9.0,0.59,55.0,0.3076923076923077,161.0,1.45,77.0,12,217.0,-120,1.41,0.27,8.0,0.27,3,12.0,Grass,Regular,victorias,Regular,derrotas,player1,False,True,False
6.934999999999999,0.0,1740,55.0,44.0,2,1749,52.0,0.68,15.0,5.0,0.34,75.0,5.777777777777778,319.0,1.7,8.0,5,176.0,-9,1.58,0.27,11.0,0.27,5,9.0,Grass,Regular,victorias,Excelente,derrotas,player1,False,True,False
6.934999999999999,0.0,1740,55.0,44.0,2,1749,52.0,0.68,15.0,5.0,0.34,75.0,5.777777777777778,319.0,1.7,8.0,5,176.0,-9,1.58,0.27,11.0,0.27,5,9.0,Grass,Regular,victorias,Excelente,derrotas,player1,False,True,False
0.0,0.03,1570,35.0,121.0,0,1739,197.0,0.39,10.0,10.0,0.62,50.0,2.5584415584415585,161.0,1.32,76.0,8,132.0,-169,1.54,0.27,7.0,0.27,-1,13.0,Grass,Mala,derrotas,Regular,victorias,player2,False,True,False
0.0,0.03,1570,35.0,121.0,0,1739,197.0,0.39,10.0,10.0,0.62,50.0,2.5584415584415585,161.0,1.32,76.0,8,132.0,-169,1.54,0.27,7.0,0.27,-1,13.0,Grass,Mala,derrotas,Regular,victorias,player2,False,True,False
1.7069999999999999,0.0,1785,75.0,47.0,2,1722,124.0,0.52,13.0,7.0,0.49,65.0,1.5897435897435896,161.0,1.53,77.0,3,145.0,63,1.38,0.22,15.0,0.27,3,5.0,Clay,Excelente,victorias,Buena,derrotas,player1,True,False,False
1.7069999999999999,0.0,1785,75.0,47.0,2,1722,124.0,0.52,13.0,7.0,0.49,65.0,1.5897435897435896,161.0,1.53,77.0,3,145.0,63,1.38,0.22,15.0,0.27,3,5.0,Clay,Excelente,victorias,Buena,derrotas,player1,True,False,False
0.0,0.22,1546,50.0,0.0,3,1695,154.0,0.28,12.0,8.0,0.44,60.0,0.9935483870967742,139.0,1.31,154.0,1,139.0,-149,1.42,0.23,10.0,0.17,-1,10.0,Clay,Regular,derrotas,Buena,victorias,player2,True,False,False
0.0,0.22,1546,50.0,0.0,3,1695,154.0,0.28,12.0,8.0,0.44,60.0,0.9935483870967742,139.0,1.31,154.0,1,139.0,-149,1.42,0.23,10.0,0.17,-1,10.0,Clay,Regular,derrotas,Buena,victorias,player2,True,False,False
0.0,0.0,1603,60.0,-153.0,0,1789,47.0,0.32,14.0,6.0,0.48,70.0,0.23383084577114427,132.0,1.33,200.0,1,181.0,-186,1.52,0.15,12.0,0.17,-1,8.0,Hard,Buena,derrotas,Buena,victorias,player2,False,False,True
0.0,0.0,1603,60.0,-153.0,0,1789,47.0,0.32,14.0,6.0,0.48,70.0,0.23383084577114427,132.0,1.33,200.0,1,181.0,-186,1.52,0.15,12.0,0.17,-1,8.0,Hard,Buena,derrotas,Buena,victorias,player2,False,False,True
11.2782,0.0,1577,45.0,3.0,3,1622,200.0,0.34,9.0,11.0,0.43,45.0,1.0101010101010102,132.0,1.31,197.0,3,132.0,-45,1.23,0.26,9.0,0.2,2,11.0,Hard,Regular,victorias,Regular,derrotas,player1,False,False,True
11.2782,0.0,1577,45.0,3.0,3,1622,200.0,0.34,9.0,11.0,0.43,45.0,1.0101010101010102,132.0,1.31,197.0,3,132.0,-45,1.23,0.26,9.0,0.2,2,11.0,Hard,Regular,victorias,Regular,derrotas,player1,False,False,True
0.0,0.0,1531,38.5,0.0,3,1711,200.0,0.34,14.0,6.0,0.38,70.0,0.9950248756218906,132.0,1.31,200.0,0,132.0,-180,1.48,0.22,5.0,0.0,2,8.0,Hard,Mala,victorias,Buena,derrotas,player1,False,False,True
0.0,0.0,1531,38.5,0.0,3,1711,200.0,0.34,14.0,6.0,0.38,70.0,0.9950248756218906,132.0,1.31,200.0,0,132.0,-180,1.48,0.22,5.0,0.0,2,8.0,Hard,Mala,victorias,Buena,derrotas,player1,False,False,True
9.468900000000001,0.0,1552,30.0,-153.0,0,1633,47.0,0.44,10.0,10.0,0.37,50.0,0.23383084577114427,132.0,1.11,200.0,3,181.0,-81,1.36,0.14,6.0,0.26,-1,14.0,Hard,Mala,derrotas,Regular,victorias,player2,False,False,True
9.468900000000001,0.0,1552,30.0,-153.0,0,1633,47.0,0.44,10.0,10.0,0.37,50.0,0.23383084577114427,132.0,1.11,200.0,3,181.0,-81,1.36,0.14,6.0,0.26,-1,14.0,Hard,Mala,derrotas,Regular,victorias,player2,False,False,True
0.0,0.0,1562,50.0,0.0,3,1658,200.0,0.31,13.0,7.0,0.44,65.0,0.9950248756218906,132.0,1.3,200.0,1,132.0,-96,1.43,0.2,10.0,0.16,-1,10.0,Hard,Regular,derrotas,Buena,victorias,player2,False,False,True
0.0,0.0,1562,50.0,0.0,3,1658,200.0,0.31,13.0,7.0,0.44,65.0,0.9950248756218906,132.0,1.3,200.0,1,132.0,-96,1.43,0.2,10.0,0.16,-1,10.0,Hard,Regular,derrotas,Buena,victorias,player2,False,False,True
6.5453,0.09,1699,55.0,176.0,0,1695,200.0,0.43,13.0,7.0,0.42,65.0,8.0,217.0,1.4,24.0,2,132.0,4,1.33,0.18,11.0,0.09,2,9.0,Hard,Regular,victorias,Buena,derrotas,player1,False,False,True
6.5453,0.09,1699,55.0,176.0,0,1695,200.0,0.43,13.0,7.0,0.42,65.0,8.0,217.0,1.4,24.0,2,132.0,4,1.33,0.18,11.0,0.09,2,9.0,Hard,Regular,victorias,Buena,derrotas,player1,False,False,True
0.0,0.0,1754,70.0,4.0,3,1594,81.0,0.49,8.0,6.0,0.43,57.1,1.0384615384615385,161.0,1.47,77.0,0,159.0,160,1.36,0.0,14.0,0.09,2,6.0,Clay,Buena,victorias,Regular,derrotas,player1,True,False,False
0.0,0.0,1754,70.0,4.0,3,1594,81.0,0.49,8.0,6.0,0.43,57.1,1.0384615384615385,161.0,1.47,77.0,0,159.0,160,1.36,0.0,14.0,0.09,2,6.0,Clay,Buena,victorias,Regular,derrotas,player1,True,False,False
0.0,0.0,1466,25.0,0.0,3,1550,77.0,0.09,6.0,8.0,0.28,42.9,0.9871794871794872,161.0,1.13,77.0,0,161.0,-84,1.36,0.0,5.0,0.0,-1,15.0,Clay,Mala,derrotas,Regular,victorias,player2,True,False,False
0.0,0.0,1466,25.0,0.0,3,1550,77.0,0.09,6.0,8.0,0.28,42.9,0.9871794871794872,161.0,1.13,77.0,0,161.0,-84,1.36,0.0,5.0,0.0,-1,15.0,Clay,Mala,derrotas,Regular,victorias,player2,True,False,False
3.25,0.29,1630,50.0,-73.0,1,1700,81.0,0.37,14.0,6.0,0.41,70.0,0.5225806451612903,139.0,1.27,154.0,3,159.0,-70,1.45,0.0,10.0,0.0,-1,10.0,Clay,Regular,derrotas,Buena,victorias,player2,True,False,False
3.25,0.29,1630,50.0,-73.0,1,1700,81.0,0.37,14.0,6.0,0.41,70.0,0.5225806451612903,139.0,1.27,154.0,3,159.0,-70,1.45,0.0,10.0,0.0,-1,10.0,Clay,Regular,derrotas,Buena,victorias,player2,True,False,False
0.0,0.0,1788,75.0,19.0,2,1569,81.0,0.49,9.0,11.0,0.37,45.0,1.2857142857142858,169.0,1.62,62.0,1,159.0,219,1.26,0.17,15.0,0.0,12,5.0,Clay,Excelente,victorias,Regular,derrotas,player1,True,False,False
0.0,0.0,1788,75.0,19.0,2,1569,81.0,0.49,9.0,11.0,0.37,45.0,1.2857142857142858,169.0,1.62,62.0,1,159.0,219,1.26,0.17,15.0,0.0,12,5.0,Clay,Excelente,victorias,Regular,derrotas,player1,True,False,False
0.0,0.0,1762,75.0,115.0,0,1639,167.0,0.41,12.0,8.0,0.37,60.0,3.150943396226415,176.0,1.5,52.0,0,137.0,123,1.37,0.2,15.0,0.21,3,5.0,Hard,Excelente,victorias,Buena,derrotas,player1,False,False,True
0.0,0.0,1762,75.0,115.0,0,1639,167.0,0.41,12.0,8.0,0.37,60.0,3.150943396226415,176.0,1.5,52.0,0,137.0,123,1.37,0.2,15.0,0.21,3,5.0,Hard,Excelente,victorias,Buena,derrotas,player1,False,False,True
6.544,0.0,1558,30.0,69.0,1,1707,77.0,0.29,11.0,9.0,0.46,55.0,8.555555555555555,319.0,1.13,8.0,1,161.0,-149,1.49,0.25,6.0,0.26,-1,14.0,Hard,Mala,derrotas,Regular,victorias,player2,False,False,True
6.544,0.0,1558,30.0,69.0,1,1707,77.0,0.29,11.0,9.0,0.46,55.0,8.555555555555555,319.0,1.13,8.0,1,161.0,-149,1.49,0.25,6.0,0.26,-1,14.0,Hard,Mala,derrotas,Regular,victorias,player2,False,False,True
0.0,0.24,1867,90.0,15.0,2,1681,66.0,0.63,13.0,7.0,0.49,65.0,1.2692307692307692,177.0,1.55,51.0,3,166.0,186,1.31,0.22,18.0,0.15,3,2.0,Clay,Excelente,victorias,Buena,derrotas,player1,True,False,False
0.0,0.24,1867,90.0,15.0,2,1681,66.0,0.63,13.0,7.0,0.49,65.0,1.2692307692307692,177.0,1.55,51.0,3,166.0,186,1.31,0.22,18.0,0.15,3,2.0,Clay,Excelente,victorias,Buena,derrotas,player1,True,False,False
25.375300000000003,0.31,1698,65.0,0.0,3,1682,22.0,0.56,13.0,7.0,0.46,65.0,0.9565217391304348,223.0,1.28,22.0,12,223.0,16,1.21,0.21,13.0,0.12,3,7.0,Clay,Buena,victorias,Buena,derrotas,player1,True,False,False
25.375300000000003,0.31,1698,65.0,0.0,3,1682,22.0,0.56,13.0,7.0,0.46,65.0,0.9565217391304348,223.0,1.28,22.0,12,223.0,16,1.21,0.21,13.0,0.12,3,7.0,Clay,Buena,victorias,Buena,derrotas,player1,True,False,False
0.0,0.0,1676,65.0,61.0,1,1590,200.0,0.39,10.0,9.0,0.4,52.6,1.4285714285714286,142.0,1.42,139.0,2,132.0,86,1.3,0.09,13.0,0.2,2,7.0,Hard,Buena,victorias,Regular,derrotas,player1,False,False,True
0.0,0.0,1676,65.0,61.0,1,1590,200.0,0.39,10.0,9.0,0.4,52.6,1.4285714285714286,142.0,1.42,139.0,2,132.0,86,1.3,0.09,13.0,0.2,2,7.0,Hard,Buena,victorias,Regular,derrotas,player1,False,False,True
8.480900000000002,0.0,1604,63.6,0.0,3,1577,200.0,0.42,9.0,11.0,0.21,45.0,0.9950248756218906,132.0,1.36,200.0,1,132.0,27,1.35,0.21,7.0,0.14,-1,4.0,Hard,Buena,derrotas,Regular,victorias,player2,False,False,True
8.480900000000002,0.0,1604,63.6,0.0,3,1577,200.0,0.42,9.0,11.0,0.21,45.0,0.9950248756218906,132.0,1.36,200.0,1,132.0,27,1.35,0.21,7.0,0.14,-1,4.0,Hard,Buena,derrotas,Regular,victorias,player2,False,False,True
0.0,0.0,1489,36.4,119.0,0,1519,200.0,0.26,6.0,14.0,0.38,30.0,2.4390243902439024,159.0,1.18,81.0,0,132.0,-30,1.33,0.21,4.0,0.0,-1,7.0,Hard,Mala,derrotas,Mala,victorias,player2,False,False,True
0.0,0.0,1489,36.4,119.0,0,1519,200.0,0.26,6.0,14.0,0.38,30.0,2.4390243902439024,159.0,1.18,81.0,0,132.0,-30,1.33,0.21,4.0,0.0,-1,7.0,Hard,Mala,derrotas,Mala,victorias,player2,False,False,True
0.0,0.0,1499,33.3,0.0,3,1694,200.0,0.25,12.0,8.0,0.36,60.0,0.9950248756218906,132.0,1.18,200.0,0,132.0,-195,1.5,0.15,6.0,0.0,-1,12.0,Hard,Mala,derrotas,Buena,victorias,player2,False,False,True
0.0,0.0,1499,33.3,0.0,3,1694,200.0,0.25,12.0,8.0,0.36,60.0,0.9950248756218906,132.0,1.18,200.0,0,132.0,-195,1.5,0.15,6.0,0.0,-1,12.0,Hard,Mala,derrotas,Buena,victorias,player2,False,False,True
0.0,0.0,1517,45.0,-138.0,0,1632,62.0,0.14,11.0,9.0,0.42,55.0,0.30845771144278605,132.0,1.29,200.0,0,169.0,-115,1.41,0.24,9.0,0.12,-1,11.0,Hard,Regular,derrotas,Regular,victorias,player2,False,False,True
0.0,0.0,1517,45.0,-138.0,0,1632,62.0,0.14,11.0,9.0,0.42,55.0,0.30845771144278605,132.0,1.29,200.0,0,169.0,-115,1.41,0.24,9.0,0.12,-1,11.0,Hard,Regular,derrotas,Regular,victorias,player2,False,False,True
0.0,0.0,1546,30.0,0.0,3,1485,200.0,0.33,1.0,4.0,0.11,20.0,0.9950248756218906,132.0,1.29,200.0,0,132.0,61,1.06,0.17,6.0,0.24,2,14.0,Hard,Mala,victorias,Mala,derrotas,player1,False,False,True
0.0,0.0,1546,30.0,0.0,3,1485,200.0,0.33,1.0,4.0,0.11,20.0,0.9950248756218906,132.0,1.29,200.0,0,132.0,61,1.06,0.17,6.0,0.24,2,14.0,Hard,Mala,victorias,Mala,derrotas,player1,False,False,True
0.0,0.11,1490,40.0,-107.0,0,1617,47.0,0.18,12.0,8.0,0.33,60.0,0.3032258064516129,139.0,1.33,154.0,1,181.0,-127,1.35,0.2,8.0,0.21,2,12.0,Hard,Regular,victorias,Buena,derrotas,player1,False,False,True
0.0,0.11,1490,40.0,-107.0,0,1617,47.0,0.18,12.0,8.0,0.33,60.0,0.3032258064516129,139.0,1.33,154.0,1,181.0,-127,1.35,0.2,8.0,0.21,2,12.0,Hard,Regular,victorias,Buena,derrotas,player1,False,False,True
1.69,0.12,1533,42.9,0.0,3,1668,200.0,0.28,12.0,8.0,0.53,60.0,0.9950248756218906,132.0,1.23,200.0,2,132.0,-135,1.42,0.24,6.0,0.15,-1,8.0,Hard,Regular,derrotas,Buena,victorias,player2,False,False,True
1.69,0.12,1533,42.9,0.0,3,1668,200.0,0.28,12.0,8.0,0.53,60.0,0.9950248756218906,132.0,1.23,200.0,2,132.0,-135,1.42,0.24,6.0,0.15,-1,8.0,Hard,Regular,derrotas,Buena,victorias,player2,False,False,True
0.0,0.0,1603,54.5,0.0,3,1536,200.0,0.35,7.0,13.0,0.42,35.0,0.9950248756218906,132.0,1.34,200.0,0,132.0,67,1.32,0.26,6.0,0.25,-1,5.0,Hard,Regular,derrotas,Mala,victorias,player2,False,False,True
0.0,0.0,1603,54.5,0.0,3,1536,200.0,0.35,7.0,13.0,0.42,35.0,0.9950248756218906,132.0,1.34,200.0,0,132.0,67,1.32,0.26,6.0,0.25,-1,5.0,Hard,Regular,derrotas,Mala,victorias,player2,False,False,True
8.493,0.0,1683,60.0,-192.0,0,1468,8.0,0.37,2.0,6.0,0.08,25.0,0.03980099502487562,132.0,1.43,200.0,1,319.0,215,1.08,0.17,12.0,0.26,2,8.0,Hard,Buena,victorias,Mala,derrotas,player1,False,False,True
8.493,0.0,1683,60.0,-192.0,0,1468,8.0,0.37,2.0,6.0,0.08,25.0,0.03980099502487562,132.0,1.43,200.0,1,319.0,215,1.08,0.17,12.0,0.26,2,8.0,Hard,Buena,victorias,Mala,derrotas,player1,False,False,True
0.0,0.0,1491,33.3,0.0,3,1669,200.0,0.19,10.0,10.0,0.44,50.0,0.9950248756218906,132.0,1.18,200.0,0,132.0,-178,1.41,0.27,2.0,0.09,-1,4.0,Hard,Mala,derrotas,Regular,victorias,player2,False,False,True
0.0,0.0,1491,33.3,0.0,3,1669,200.0,0.19,10.0,10.0,0.44,50.0,0.9950248756218906,132.0,1.18,200.0,0,132.0,-178,1.41,0.27,2.0,0.09,-1,4.0,Hard,Mala,derrotas,Regular,victorias,player2,False,False,True
0.0,0.25,1539,45.0,0.0,3,1738,100.0,0.28,14.0,6.0,0.47,70.0,0.9900990099009901,152.0,1.28,100.0,7,152.0,-199,1.37,0.27,9.0,0.19,2,11.0,Hard,Regular,victorias,Buena,victorias,player2,False,False,True
6.5466,0.0,1592,45.0,-48.0,2,1684,52.0,0.48,10.0,10.0,0.44,50.0,0.5148514851485149,152.0,1.32,100.0,3,176.0,-92,1.34,0.27,9.0,0.27,2,11.0,Hard,Regular,victorias,Regular,victorias,player2,False,False,True
8.4785,0.12,1677,50.0,0.0,3,1674,52.0,0.52,10.0,10.0,0.47,50.0,0.9811320754716981,176.0,1.32,52.0,4,176.0,3,1.32,0.27,10.0,0.27,2,10.0,Hard,Regular,victorias,Regular,victorias,player2,False,False,True
8.4785,0.12,1677,50.0,0.0,3,1674,52.0,0.52,10.0,10.0,0.47,50.0,0.9811320754716981,176.0,1.32,52.0,4,176.0,3,1.32,0.27,10.0,0.27,2,10.0,Hard,Regular,victorias,Regular,victorias,player2,False,False,True
8.4785,0.12,1677,50.0,0.0,3,1674,52.0,0.52,10.0,10.0,0.47,50.0,0.9811320754716981,176.0,1.32,52.0,4,176.0,3,1.32,0.27,10.0,0.27,2,10.0,Hard,Regular,victorias,Regular,victorias,player2,False,False,True
20.1744,0.0,1877,90.0,-28.0,2,1541,24.0,0.48,8.0,12.0,0.25,40.0,0.4528301886792453,176.0,1.5,52.0,7,217.0,336,1.22,0.14,18.0,0.2,17,2.0,Hard,Excelente,victorias,Regular,victorias,player1,False,False,True
22.7862,0.0,1619,35.0,0.0,3,1593,100.0,0.4,10.0,10.0,0.31,50.0,0.9900990099009901,152.0,1.22,100.0,6,152.0,26,1.29,0.21,7.0,0.22,2,13.0,Hard,Mala,victorias,Regular,victorias,player1,False,False,True
0.0,0.11,1843,100.0,43.0,2,1642,182.0,0.48,5.0,5.0,0.35,50.0,1.3,142.0,1.09,139.0,4,134.0,201,0.94,0.55,10.0,0.0,0,0.0,Hard,,,,,player2,False,False,True
0.0,0.11,1843,100.0,43.0,2,1642,182.0,0.48,5.0,5.0,0.35,50.0,1.3,142.0,1.09,139.0,4,134.0,201,0.94,0.55,10.0,0.0,0,0.0,Hard,,,,,player2,False,False,True
29.313699999999997,0.16,1893,80.0,138.0,0,1994,200.0,0.56,7.0,3.0,0.0,70.0,3.1746031746031744,169.0,1.5,62.0,15,132.0,-101,1.45,0.27,8.0,0.27,0,2.0,Grass,,,,,player1,False,True,False
29.313699999999997,0.16,1893,80.0,138.0,0,1994,200.0,0.56,7.0,3.0,0.0,70.0,3.1746031746031744,169.0,1.5,62.0,15,132.0,-101,1.45,0.27,8.0,0.27,0,2.0,Grass,,,,,player1,False,True,False
29.313699999999997,0.16,1893,80.0,138.0,0,1994,200.0,0.56,7.0,3.0,0.0,70.0,3.1746031746031744,169.0,1.5,62.0,15,132.0,-101,1.45,0.27,8.0,0.27,0,2.0,Grass,,,,,player1,False,True,False
38.2852,0.05,2056,90.0,0.0,3,1814,81.0,0.0,5.0,5.0,0.5,50.0,0.9878048780487805,159.0,1.7,81.0,11,159.0,242,1.36,0.27,9.0,0.27,0,1.0,Grass,,,,,player1,False,True,False
38.2852,0.05,2056,90.0,0.0,3,1814,81.0,0.0,5.0,5.0,0.5,50.0,0.9878048780487805,159.0,1.7,81.0,11,159.0,242,1.36,0.27,9.0,0.27,0,1.0,Grass,,,,,player1,False,True,False
38.2852,0.05,2056,90.0,0.0,3,1814,81.0,0.0,5.0,5.0,0.5,50.0,0.9878048780487805,159.0,1.7,81.0,11,159.0,242,1.36,0.27,9.0,0.27,0,1.0,Grass,,,,,player1,False,True,False
12.731399999999999,0.0,1915,70.0,-66.0,1,1782,32.0,0.56,6.0,4.0,0.67,60.0,0.32323232323232326,152.0,1.53,98.0,7,200.0,133,1.49,0.27,7.0,0.27,0,3.0,Grass,,,,,player1,False,True,False
12.731399999999999,0.0,1915,70.0,-66.0,1,1782,32.0,0.56,6.0,4.0,0.67,60.0,0.32323232323232326,152.0,1.53,98.0,7,200.0,133,1.49,0.27,7.0,0.27,0,3.0,Grass,,,,,player1,False,True,False
20.083699999999997,0.08,1790,60.0,-38.0,2,1907,24.0,0.61,6.0,4.0,0.58,60.0,0.38095238095238093,169.0,1.51,62.0,7,217.0,-117,1.51,0.27,6.0,0.27,0,4.0,Grass,,,,,player1,False,True,False
20.083699999999997,0.08,1790,60.0,-38.0,2,1907,24.0,0.61,6.0,4.0,0.58,60.0,0.38095238095238093,169.0,1.51,62.0,7,217.0,-117,1.51,0.27,6.0,0.27,0,4.0,Grass,,,,,player1,False,True,False
10.8573,0.0,1778,80.0,105.0,0,1655,182.0,0.57,6.0,4.0,0.39,60.0,2.3333333333333335,161.0,1.26,77.0,2,134.0,123,1.07,0.16,8.0,0.45,0,2.0,Clay,,,,,player1,True,False,False
10.8573,0.0,1778,80.0,105.0,0,1655,182.0,0.57,6.0,4.0,0.39,60.0,2.3333333333333335,161.0,1.26,77.0,2,134.0,123,1.07,0.16,8.0,0.45,0,2.0,Clay,,,,,player1,True,False,False
10.8573,0.0,1778,80.0,105.0,0,1655,182.0,0.57,6.0,4.0,0.39,60.0,2.3333333333333335,161.0,1.26,77.0,2,134.0,123,1.07,0.16,8.0,0.45,0,2.0,Clay,,,,,player1,True,False,False
0.0,0.4,1708,60.0,21.0,2,1717,98.0,0.52,4.0,6.0,0.47,40.0,1.2564102564102564,161.0,1.29,77.0,3,152.0,-9,1.18,0.27,6.0,0.27,0,4.0,Clay,,,,,player2,True,False,False
0.0,0.4,1708,60.0,21.0,2,1717,98.0,0.52,4.0,6.0,0.47,40.0,1.2564102564102564,161.0,1.29,77.0,3,152.0,-9,1.18,0.27,6.0,0.27,0,4.0,Clay,,,,,player2,True,False,False
4.8017,0.37,1722,80.0,144.0,0,1755,176.0,0.47,8.0,2.0,0.62,80.0,5.333333333333333,200.0,1.39,32.0,5,135.0,-33,1.43,0.17,8.0,0.21,0,2.0,Clay,,,,,player1,True,False,False
4.8017,0.37,1722,80.0,144.0,0,1755,176.0,0.47,8.0,2.0,0.62,80.0,5.333333333333333,200.0,1.39,32.0,5,135.0,-33,1.43,0.17,8.0,0.21,0,2.0,Clay,,,,,player1,True,False,False
6.5358,0.0,1758,70.0,-158.0,0,1682,39.0,0.62,7.0,3.0,0.51,70.0,0.19696969696969696,132.0,1.34,197.0,4,190.0,76,1.34,0.27,7.0,0.27,0,3.0,Clay,,,,,player1,True,False,False
6.5358,0.0,1758,70.0,-158.0,0,1682,39.0,0.62,7.0,3.0,0.51,70.0,0.19696969696969696,132.0,1.34,197.0,4,190.0,76,1.34,0.27,7.0,0.27,0,3.0,Clay,,,,,player1,True,False,False
10.150500000000001,0.34,1796,80.0,29.0,2,1700,98.0,0.66,7.0,3.0,0.59,70.0,1.4,165.0,1.41,69.0,6,152.0,96,1.29,0.27,8.0,0.27,0,2.0,Clay,,,,,player2,True,False,False
10.150500000000001,0.34,1796,80.0,29.0,2,1700,98.0,0.66,7.0,3.0,0.59,70.0,1.4,165.0,1.41,69.0,6,152.0,96,1.29,0.27,8.0,0.27,0,2.0,Clay,,,,,player2,True,False,False
5.199999999999999,0.32,1594,50.0,36.0,2,1600,77.0,0.47,4.0,6.0,0.43,40.0,1.8333333333333333,187.0,1.29,41.0,3,161.0,-6,1.23,0.27,5.0,0.27,0,5.0,Clay,,,,,player1,True,False,False
5.199999999999999,0.32,1594,50.0,36.0,2,1600,77.0,0.47,4.0,6.0,0.43,40.0,1.8333333333333333,187.0,1.29,41.0,3,161.0,-6,1.23,0.27,5.0,0.27,0,5.0,Clay,,,,,player1,True,False,False
5.199999999999999,0.32,1594,50.0,36.0,2,1600,77.0,0.47,4.0,6.0,0.43,40.0,1.8333333333333333,187.0,1.29,41.0,3,161.0,-6,1.23,0.27,5.0,0.27,0,5.0,Clay,,,,,player1,True,False,False
12.8684,0.03,1856,60.0,176.0,0,1739,200.0,0.0,5.0,5.0,0.45,50.0,8.0,217.0,1.49,24.0,6,132.0,117,1.43,0.27,6.0,0.27,0,4.0,Grass,,,,,player1,False,True,False
12.8684,0.03,1856,60.0,176.0,0,1739,200.0,0.0,5.0,5.0,0.45,50.0,8.0,217.0,1.49,24.0,6,132.0,117,1.43,0.27,6.0,0.27,0,4.0,Grass,,,,,player1,False,True,False
0.0,0.0,1499,33.3,0.0,3,1676,22.0,0.15,5.0,5.0,0.52,50.0,0.9565217391304348,223.0,1.21,22.0,0,223.0,-177,1.32,0.27,1.0,0.0,0,2.0,Clay,,,,,player2,True,False,False
0.0,0.0,1499,33.3,0.0,3,1676,22.0,0.15,5.0,5.0,0.52,50.0,0.9565217391304348,223.0,1.21,22.0,0,223.0,-177,1.32,0.27,1.0,0.0,0,2.0,Clay,,,,,player2,True,False,False
0.0,0.5,1526,30.0,178.0,0,1703,200.0,0.32,7.0,3.0,0.49,70.0,8.695652173913043,223.0,1.08,22.0,7,132.0,-177,1.34,0.27,3.0,0.23,0,7.0,Clay,,,,,player2,True,False,False
0.0,0.5,1526,30.0,178.0,0,1703,200.0,0.32,7.0,3.0,0.49,70.0,8.695652173913043,223.0,1.08,22.0,7,132.0,-177,1.34,0.27,3.0,0.23,0,7.0,Clay,,,,,player2,True,False,False
0.7799999999999998,0.27,1643,60.0,-112.0,0,1645,39.0,0.24,7.0,3.0,0.39,70.0,0.2565789473684211,139.0,1.34,151.0,3,190.0,-2,1.38,0.25,6.0,0.26,0,4.0,Clay,,,,,player2,True,False,False
0.7799999999999998,0.27,1643,60.0,-112.0,0,1645,39.0,0.24,7.0,3.0,0.39,70.0,0.2565789473684211,139.0,1.34,151.0,3,190.0,-2,1.38,0.25,6.0,0.26,0,4.0,Clay,,,,,player2,True,False,False
0.0,0.0,1576,40.0,-152.0,0,1524,53.0,0.31,1.0,0.0,0.0,100.0,0.25728155339805825,131.0,1.26,205.0,0,175.0,52,1.52,0.0,4.0,0.24,0,6.0,Clay,,,,,player1,True,False,False
0.0,0.0,1576,40.0,-152.0,0,1524,53.0,0.31,1.0,0.0,0.0,100.0,0.25728155339805825,131.0,1.26,205.0,0,175.0,52,1.52,0.0,4.0,0.24,0,6.0,Clay,,,,,player1,True,False,False
0.0,0.0,1463,16.7,0.0,3,1485,77.0,0.11,1.0,3.0,0.2,25.0,0.9871794871794872,161.0,1.01,77.0,0,161.0,-22,1.13,0.0,1.0,0.14,0,5.0,Clay,,,,,player1,True,False,False
0.0,0.0,1463,16.7,0.0,3,1485,77.0,0.11,1.0,3.0,0.2,25.0,0.9871794871794872,161.0,1.01,77.0,0,161.0,-22,1.13,0.0,1.0,0.14,0,5.0,Clay,,,,,player1,True,False,False
6.5304,0.06,1800,60.0,-150.0,0,1697,32.0,0.57,8.0,2.0,0.37,80.0,0.17486338797814208,134.0,1.31,182.0,2,200.0,103,1.48,0.23,6.0,0.27,0,4.0,Hard,,,,,player1,False,False,True
6.5304,0.06,1800,60.0,-150.0,0,1697,32.0,0.57,8.0,2.0,0.37,80.0,0.17486338797814208,134.0,1.31,182.0,2,200.0,103,1.48,0.23,6.0,0.27,0,4.0,Hard,,,,,player1,False,False,True
14.316400000000002,0.11,1628,20.0,-53.0,1,1789,24.0,0.21,7.0,3.0,0.64,70.0,0.3076923076923077,161.0,1.09,77.0,12,217.0,-161,1.51,0.27,2.0,0.27,0,8.0,Grass,,,,,player1,False,True,False
14.316400000000002,0.11,1628,20.0,-53.0,1,1789,24.0,0.21,7.0,3.0,0.64,70.0,0.3076923076923077,161.0,1.09,77.0,12,217.0,-161,1.51,0.27,2.0,0.27,0,8.0,Grass,,,,,player1,False,True,False
0.0,0.03,1583,40.0,121.0,0,1726,197.0,0.44,6.0,4.0,0.61,60.0,2.5584415584415585,161.0,1.36,76.0,8,132.0,-143,1.49,0.27,4.0,0.27,0,6.0,Grass,,,,,player2,False,True,False
0.0,0.03,1583,40.0,121.0,0,1726,197.0,0.44,6.0,4.0,0.61,60.0,2.5584415584415585,161.0,1.36,76.0,8,132.0,-143,1.49,0.27,4.0,0.27,0,6.0,Grass,,,,,player2,False,True,False
1.7079,0.0,1772,80.0,47.0,2,1756,124.0,0.51,9.0,1.0,0.51,90.0,1.5897435897435896,161.0,1.26,77.0,3,145.0,16,1.25,0.39,8.0,0.48,0,2.0,Clay,,,,,player1,True,False,False
1.7079,0.0,1772,80.0,47.0,2,1756,124.0,0.51,9.0,1.0,0.51,90.0,1.5897435897435896,161.0,1.26,77.0,3,145.0,16,1.25,0.39,8.0,0.48,0,2.0,Clay,,,,,player1,True,False,False
0.0,0.22,1568,40.0,0.0,3,1676,154.0,0.27,6.0,4.0,0.44,60.0,0.9935483870967742,139.0,1.25,154.0,1,139.0,-108,1.36,0.22,4.0,0.16,0,6.0,Clay,,,,,player2,True,False,False
0.0,0.22,1568,40.0,0.0,3,1676,154.0,0.27,6.0,4.0,0.44,60.0,0.9935483870967742,139.0,1.25,154.0,1,139.0,-108,1.36,0.22,4.0,0.16,0,6.0,Clay,,,,,player2,True,False,False
0.0,0.0,1629,70.0,-153.0,0,1777,47.0,0.33,8.0,2.0,0.48,80.0,0.23383084577114427,132.0,1.38,200.0,1,181.0,-148,1.51,0.15,7.0,0.17,0,3.0,Hard,,,,,player2,False,False,True
0.0,0.0,1629,70.0,-153.0,0,1777,47.0,0.33,8.0,2.0,0.48,80.0,0.23383084577114427,132.0,1.38,200.0,1,181.0,-148,1.51,0.15,7.0,0.17,0,3.0,Hard,,,,,player2,False,False,True
11.2789,0.0,1550,40.0,3.0,3,1650,200.0,0.33,6.0,4.0,0.44,60.0,1.0101010101010102,132.0,1.2,197.0,3,132.0,-100,1.31,0.26,4.0,0.2,0,6.0,Hard,,,,,player1,False,False,True
11.2789,0.0,1550,40.0,3.0,3,1650,200.0,0.33,6.0,4.0,0.44,60.0,1.0101010101010102,132.0,1.2,197.0,3,132.0,-100,1.31,0.26,4.0,0.2,0,6.0,Hard,,,,,player1,False,False,True
0.0,0.0,1501,30.0,0.0,3,1750,200.0,0.27,8.0,2.0,0.38,80.0,0.9950248756218906,132.0,1.15,200.0,0,132.0,-249,1.52,0.22,3.0,0.0,0,7.0,Hard,,,,,player1,False,False,True
0.0,0.0,1501,30.0,0.0,3,1750,200.0,0.27,8.0,2.0,0.38,80.0,0.9950248756218906,132.0,1.15,200.0,0,132.0,-249,1.52,0.22,3.0,0.0,0,7.0,Hard,,,,,player1,False,False,True
9.469800000000001,0.0,1575,30.0,-153.0,0,1610,47.0,0.45,5.0,5.0,0.37,50.0,0.23383084577114427,132.0,1.11,200.0,3,181.0,-35,1.29,0.14,3.0,0.26,0,7.0,Hard,,,,,player2,False,False,True
9.469800000000001,0.0,1575,30.0,-153.0,0,1610,47.0,0.45,5.0,5.0,0.37,50.0,0.23383084577114427,132.0,1.11,200.0,3,181.0,-35,1.29,0.14,3.0,0.26,0,7.0,Hard,,,,,player2,False,False,True
0.0,0.0,1585,50.0,0.0,3,1636,200.0,0.34,4.0,6.0,0.43,40.0,0.9950248756218906,132.0,1.32,200.0,1,132.0,-51,1.22,0.2,5.0,0.16,0,5.0,Hard,,,,,player2,False,False,True
0.0,0.0,1585,50.0,0.0,3,1636,200.0,0.34,4.0,6.0,0.43,40.0,0.9950248756218906,132.0,1.32,200.0,1,132.0,-51,1.22,0.2,5.0,0.16,0,5.0,Hard,,,,,player2,False,False,True
6.5458,0.09,1680,70.0,176.0,0,1728,200.0,0.42,7.0,3.0,0.42,70.0,8.0,217.0,1.38,24.0,2,132.0,-48,1.38,0.18,7.0,0.09,0,3.0,Hard,,,,,player1,False,False,True
6.5458,0.09,1680,70.0,176.0,0,1728,200.0,0.42,7.0,3.0,0.42,70.0,8.0,217.0,1.38,24.0,2,132.0,-48,1.38,0.18,7.0,0.09,0,3.0,Hard,,,,,player1,False,False,True
0.0,0.0,1739,70.0,4.0,3,1619,81.0,0.49,6.0,4.0,0.46,60.0,1.0384615384615385,161.0,1.4,77.0,0,159.0,120,1.39,0.0,7.0,0.09,0,3.0,Clay,,,,,player1,True,False,False
0.0,0.0,1739,70.0,4.0,3,1619,81.0,0.49,6.0,4.0,0.46,60.0,1.0384615384615385,161.0,1.4,77.0,0,159.0,120,1.39,0.0,7.0,0.09,0,3.0,Clay,,,,,player1,True,False,False
0.0,0.0,1482,40.0,0.0,3,1521,77.0,0.11,5.0,5.0,0.24,50.0,0.9871794871794872,161.0,1.26,77.0,0,161.0,-39,1.32,0.0,4.0,0.0,0,6.0,Clay,,,,,player2,True,False,False
0.0,0.0,1482,40.0,0.0,3,1521,77.0,0.11,5.0,5.0,0.24,50.0,0.9871794871794872,161.0,1.26,77.0,0,161.0,-39,1.32,0.0,4.0,0.0,0,6.0,Clay,,,,,player2,True,False,False
3.25,0.29,1658,70.0,-73.0,1,1681,81.0,0.38,7.0,3.0,0.4,70.0,0.5225806451612903,139.0,1.38,154.0,3,159.0,-23,1.38,0.0,7.0,0.0,0,3.0,Clay,,,,,player2,True,False,False
3.25,0.29,1658,70.0,-73.0,1,1681,81.0,0.38,7.0,3.0,0.4,70.0,0.5225806451612903,139.0,1.38,154.0,3,159.0,-23,1.38,0.0,7.0,0.0,0,3.0,Clay,,,,,player2,True,False,False
0.0,0.0,1775,100.0,19.0,2,1592,81.0,0.49,5.0,5.0,0.38,50.0,1.2857142857142858,169.0,1.58,62.0,1,159.0,183,1.29,0.17,10.0,0.0,0,0.0,Clay,,,,,player1,True,False,False
0.0,0.0,1775,100.0,19.0,2,1592,81.0,0.49,5.0,5.0,0.38,50.0,1.2857142857142858,169.0,1.58,62.0,1,159.0,183,1.29,0.17,10.0,0.0,0,0.0,Clay,,,,,player1,True,False,False
0.0,0.0,1748,70.0,115.0,0,1668,167.0,0.4,7.0,3.0,0.38,70.0,3.150943396226415,176.0,1.41,52.0,0,137.0,80,1.41,0.2,7.0,0.18,0,3.0,Hard,,,,,player1,False,False,True
0.0,0.0,1748,70.0,115.0,0,1668,167.0,0.4,7.0,3.0,0.38,70.0,3.150943396226415,176.0,1.41,52.0,0,137.0,80,1.41,0.2,7.0,0.18,0,3.0,Hard,,,,,player1,False,False,True
8.495000000000001,0.0,1581,40.0,69.0,1,1689,77.0,0.31,7.0,3.0,0.45,70.0,8.555555555555555,319.0,1.03,8.0,1,161.0,-108,1.15,0.45,4.0,0.48,0,6.0,Hard,,,,,player2,False,False,True
8.495000000000001,0.0,1581,40.0,69.0,1,1689,77.0,0.31,7.0,3.0,0.45,70.0,8.555555555555555,319.0,1.03,8.0,1,161.0,-108,1.15,0.45,4.0,0.48,0,6.0,Hard,,,,,player2,False,False,True
0.0,0.24,1861,90.0,15.0,2,1702,66.0,0.63,6.0,4.0,0.49,60.0,1.2692307692307692,177.0,1.49,51.0,3,166.0,159,1.29,0.22,9.0,0.15,0,1.0,Clay,,,,,player1,True,False,False
0.0,0.24,1861,90.0,15.0,2,1702,66.0,0.63,6.0,4.0,0.49,60.0,1.2692307692307692,177.0,1.49,51.0,3,166.0,159,1.29,0.22,9.0,0.15,0,1.0,Clay,,,,,player1,True,False,False
25.377000000000002,0.31,1686,60.0,0.0,3,1703,22.0,0.55,8.0,2.0,0.47,80.0,0.9565217391304348,223.0,1.19,22.0,12,223.0,-17,1.31,0.21,6.0,0.12,0,4.0,Clay,,,,,player1,True,False,False
25.377000000000002,0.31,1686,60.0,0.0,3,1703,22.0,0.55,8.0,2.0,0.47,80.0,0.9565217391304348,223.0,1.19,22.0,12,223.0,-17,1.31,0.21,6.0,0.12,0,4.0,Clay,,,,,player1,True,False,False
0.0,0.0,1656,50.0,61.0,1,1615,200.0,0.38,7.0,3.0,0.44,70.0,1.4285714285714286,142.0,1.29,139.0,2,132.0,41,1.38,0.09,5.0,0.2,0,5.0,Hard,,,,,player1,False,False,True
0.0,0.0,1656,50.0,61.0,1,1615,200.0,0.38,7.0,3.0,0.44,70.0,1.4285714285714286,142.0,1.29,139.0,2,132.0,41,1.38,0.09,5.0,0.2,0,5.0,Hard,,,,,player1,False,False,True
8.478900000000001,0.0,1611,70.0,0.0,3,1550,200.0,0.44,6.0,4.0,0.2,60.0,0.9950248756218906,132.0,1.39,200.0,1,132.0,61,1.35,0.21,7.0,0.0,0,3.0,Hard,,,,,player2,False,False,True
8.478900000000001,0.0,1611,70.0,0.0,3,1550,200.0,0.44,6.0,4.0,0.2,60.0,0.9950248756218906,132.0,1.39,200.0,1,132.0,61,1.35,0.21,7.0,0.0,0,3.0,Hard,,,,,player2,False,False,True
0.0,0.0,1507,40.0,119.0,0,1487,200.0,0.29,5.0,5.0,0.34,50.0,2.4390243902439024,159.0,1.25,81.0,0,132.0,20,1.32,0.21,4.0,0.0,0,6.0,Hard,,,,,player2,False,False,True
0.0,0.0,1507,40.0,119.0,0,1487,200.0,0.29,5.0,5.0,0.34,50.0,2.4390243902439024,159.0,1.25,81.0,0,132.0,20,1.32,0.21,4.0,0.0,0,6.0,Hard,,,,,player2,False,False,True
0.0,0.0,1517,40.0,0.0,3,1675,200.0,0.28,7.0,3.0,0.36,70.0,0.9950248756218906,132.0,1.23,200.0,0,132.0,-158,1.43,0.15,4.0,0.0,0,6.0,Hard,,,,,player2,False,False,True
0.0,0.0,1517,40.0,0.0,3,1675,200.0,0.28,7.0,3.0,0.36,70.0,0.9950248756218906,132.0,1.23,200.0,0,132.0,-158,1.43,0.15,4.0,0.0,0,6.0,Hard,,,,,player2,False,False,True
0.0,0.0,1537,50.0,-138.0,0,1608,62.0,0.15,5.0,5.0,0.41,50.0,0.30845771144278605,132.0,1.32,200.0,0,169.0,-71,1.32,0.24,5.0,0.12,0,5.0,Hard,,,,,player2,False,False,True
0.0,0.0,1537,50.0,-138.0,0,1608,62.0,0.15,5.0,5.0,0.41,50.0,0.30845771144278605,132.0,1.32,200.0,0,169.0,-71,1.32,0.24,5.0,0.12,0,5.0,Hard,,,,,player2,False,False,True
0.0,0.0,1523,30.0,0.0,3,1503,200.0,0.32,1.0,3.0,0.18,25.0,0.9950248756218906,132.0,1.17,200.0,0,132.0,20,1.12,0.16,3.0,0.22,0,7.0,Hard,,,,,player1,False,False,True
0.0,0.0,1523,30.0,0.0,3,1503,200.0,0.32,1.0,3.0,0.18,25.0,0.9950248756218906,132.0,1.17,200.0,0,132.0,20,1.12,0.16,3.0,0.22,0,7.0,Hard,,,,,player1,False,False,True
0.0,0.11,1457,30.0,-107.0,0,1644,47.0,0.15,6.0,4.0,0.33,60.0,0.3032258064516129,139.0,1.16,154.0,1,181.0,-187,1.35,0.2,3.0,0.2,0,7.0,Hard,,,,,player1,False,False,True
0.0,0.11,1457,30.0,-107.0,0,1644,47.0,0.15,6.0,4.0,0.33,60.0,0.3032258064516129,139.0,1.16,154.0,1,181.0,-187,1.35,0.2,3.0,0.2,0,7.0,Hard,,,,,player1,False,False,True
1.69,0.12,1554,40.0,0.0,3,1648,200.0,0.31,6.0,4.0,0.53,60.0,0.9950248756218906,132.0,1.21,200.0,2,132.0,-94,1.36,0.23,4.0,0.0,0,6.0,Hard,,,,,player2,False,False,True
1.69,0.12,1554,40.0,0.0,3,1648,200.0,0.31,6.0,4.0,0.53,60.0,0.9950248756218906,132.0,1.21,200.0,2,132.0,-94,1.36,0.23,4.0,0.0,0,6.0,Hard,,,,,player2,False,False,True
0.0,0.0,1636,60.0,0.0,3,1505,200.0,0.42,3.0,7.0,0.41,30.0,0.9950248756218906,132.0,1.39,200.0,0,132.0,131,1.15,0.26,6.0,0.25,0,4.0,Hard,,,,,player2,False,False,True
0.0,0.0,1636,60.0,0.0,3,1505,200.0,0.42,3.0,7.0,0.41,30.0,0.9950248756218906,132.0,1.39,200.0,0,132.0,131,1.15,0.26,6.0,0.25,0,4.0,Hard,,,,,player2,False,False,True
8.4937,0.0,1663,70.0,-192.0,0,1484,8.0,0.37,2.0,5.0,0.09,28.6,0.03980099502487562,132.0,1.39,200.0,1,319.0,179,1.14,0.0,7.0,0.25,0,3.0,Hard,,,,,player1,False,False,True
8.4937,0.0,1663,70.0,-192.0,0,1484,8.0,0.37,2.0,5.0,0.09,28.6,0.03980099502487562,132.0,1.39,200.0,1,319.0,179,1.14,0.0,7.0,0.25,0,3.0,Hard,,,,,player1,False,False,True
0.0,0.0,1509,40.0,0.0,3,1655,200.0,0.22,5.0,5.0,0.43,50.0,0.9950248756218906,132.0,1.23,200.0,0,132.0,-146,1.34,0.25,2.0,0.0,0,3.0,Hard,,,,,player2,False,False,True
0.0,0.0,1509,40.0,0.0,3,1655,200.0,0.22,5.0,5.0,0.43,50.0,0.9950248756218906,132.0,1.23,200.0,0,132.0,-146,1.34,0.25,2.0,0.0,0,3.0,Hard,,,,,player2,False,False,True
0.0,0.25,1539,40.0,0.0,3,1738,100.0,0.28,7.0,3.0,0.47,70.0,0.9900990099009901,152.0,0.95,100.0,7,152.0,-199,1.12,0.49,4.0,0.35,0,6.0,Hard,,,,,player2,False,False,True
6.5466,0.0,1592,40.0,-48.0,2,1684,52.0,0.47,6.0,4.0,0.43,60.0,0.5148514851485149,152.0,1.21,100.0,3,176.0,-92,1.32,0.27,4.0,0.27,0,6.0,Hard,,,,,player2,False,False,True
8.4785,0.12,1677,60.0,0.0,3,1674,52.0,0.48,5.0,5.0,0.44,50.0,0.9811320754716981,176.0,1.3,52.0,4,176.0,3,1.25,0.22,6.0,0.25,0,4.0,Hard,,,,,player2,False,False,True
8.4785,0.12,1677,60.0,0.0,3,1674,52.0,0.48,5.0,5.0,0.44,50.0,0.9811320754716981,176.0,1.3,52.0,4,176.0,3,1.25,0.22,6.0,0.25,0,4.0,Hard,,,,,player2,False,False,True
8.4785,0.12,1677,60.0,0.0,3,1674,52.0,0.48,5.0,5.0,0.44,50.0,0.9811320754716981,176.0,1.3,52.0,4,176.0,3,1.25,0.22,6.0,0.25,0,4.0,Hard,,,,,player2,False,False,True
20.1744,0.0,1877,100.0,-28.0,2,1541,24.0,0.48,4.0,6.0,0.25,40.0,0.4528301886792453,176.0,1.46,52.0,7,217.0,336,1.14,0.14,10.0,0.2,0,0.0,Hard,,,,,player1,False,False,True
22.7862,0.0,1619,50.0,0.0,3,1593,100.0,0.4,4.0,6.0,0.31,40.0,0.9900990099009901,152.0,1.22,100.0,6,152.0,26,1.16,0.21,5.0,0.22,0,5.0,Hard,,,,,player1,False,False,True
6.5285,0.21,1728,50.0,-81.0,1,1623,110.0,0.61,8.0,12.0,0.44,40.0,0.5729166666666666,133.0,1.3,191.0,6,149.0,105,1.26,0.27,10.0,0.27,2,10.0,Hard,Regular,victorias,Regular,victorias,player1,False,False,True
6.5285,0.21,1728,50.0,-81.0,1,1623,110.0,0.61,8.0,12.0,0.44,40.0,0.5729166666666666,133.0,1.3,191.0,6,149.0,105,1.26,0.27,10.0,0.27,2,10.0,Hard,Regular,victorias,Regular,victorias,player1,False,False,True
6.5285,0.21,1728,50.0,-81.0,1,1623,110.0,0.61,8.0,12.0,0.44,40.0,0.5729166666666666,133.0,1.3,191.0,6,149.0,105,1.26,0.27,10.0,0.27,2,10.0,Hard,Regular,victorias,Regular,victorias,player1,False,False,True
0.0,0.0,1721,60.0,9.0,3,1656,200.0,0.51,10.0,10.0,0.41,50.0,1.0416666666666667,133.0,1.43,191.0,0,132.0,65,1.52,0.27,12.0,0.27,2,8.0,Hard,Buena,victorias,Regular,victorias,player1,False,False,True
0.0,0.0,1721,60.0,9.0,3,1656,200.0,0.51,10.0,10.0,0.41,50.0,1.0416666666666667,133.0,1.43,191.0,0,132.0,65,1.52,0.27,12.0,0.27,2,8.0,Hard,Buena,victorias,Regular,victorias,player1,False,False,True
0.0,0.0,1721,60.0,9.0,3,1656,200.0,0.51,10.0,10.0,0.41,50.0,1.0416666666666667,133.0,1.43,191.0,0,132.0,65,1.52,0.27,12.0,0.27,2,8.0,Hard,Buena,victorias,Regular,victorias,player1,False,False,True
0.0,0.0,1583,45.0,17.0,2,1815,69.0,0.31,16.0,4.0,0.47,80.0,1.3018867924528301,176.0,1.33,52.0,1,165.0,-232,1.55,0.24,9.0,0.21,2,11.0,Hard,Regular,victorias,Excelente,victorias,player2,False,False,True
0.0,0.0,1583,45.0,17.0,2,1815,69.0,0.31,16.0,4.0,0.47,80.0,1.3018867924528301,176.0,1.33,52.0,1,165.0,-232,1.55,0.24,9.0,0.21,2,11.0,Hard,Regular,victorias,Excelente,victorias,player2,False,False,True
0.0,0.0,1583,45.0,17.0,2,1815,69.0,0.31,16.0,4.0,0.47,80.0,1.3018867924528301,176.0,1.33,52.0,1,165.0,-232,1.55,0.24,9.0,0.21,2,11.0,Hard,Regular,victorias,Excelente,victorias,player2,False,False,True
16.2797,0.0,1783,75.0,-19.0,2,1599,176.0,0.47,10.0,10.0,0.27,50.0,0.8979591836734694,133.0,1.55,195.0,4,135.0,184,1.32,0.09,15.0,0.0,7,5.0,Hard,Excelente,victorias,Regular,victorias,player1,False,False,True
16.2797,0.0,1783,75.0,-19.0,2,1599,176.0,0.47,10.0,10.0,0.27,50.0,0.8979591836734694,133.0,1.55,195.0,4,135.0,184,1.32,0.09,15.0,0.0,7,5.0,Hard,Excelente,victorias,Regular,victorias,player1,False,False,True
16.2797,0.0,1783,75.0,-19.0,2,1599,176.0,0.47,10.0,10.0,0.27,50.0,0.8979591836734694,133.0,1.55,195.0,4,135.0,184,1.32,0.09,15.0,0.0,7,5.0,Hard,Excelente,victorias,Regular,victorias,player1,False,False,True
4.8002,0.0,1538,40.0,-98.0,1,1619,93.0,0.32,12.0,8.0,0.28,60.0,0.484375,133.0,1.32,191.0,1,154.0,-81,1.41,0.0,8.0,0.0,2,12.0,Hard,Regular,victorias,Buena,victorias,player2,False,False,True
4.8002,0.0,1538,40.0,-98.0,1,1619,93.0,0.32,12.0,8.0,0.28,60.0,0.484375,133.0,1.32,191.0,1,154.0,-81,1.41,0.0,8.0,0.0,2,12.0,Hard,Regular,victorias,Buena,victorias,player2,False,False,True
4.8002,0.0,1538,40.0,-98.0,1,1619,93.0,0.32,12.0,8.0,0.28,60.0,0.484375,133.0,1.32,191.0,1,154.0,-81,1.41,0.0,8.0,0.0,2,12.0,Hard,Regular,victorias,Buena,victorias,player2,False,False,True
2.375,0.0,1733,70.0,71.0,1,1669,154.0,0.49,12.0,8.0,0.4,60.0,1.8333333333333333,158.0,1.43,83.0,2,139.0,64,1.43,0.24,14.0,0.27,2,6.0,Clay,Buena,victorias,Buena,victorias,player2,True,False,False
2.375,0.0,1733,70.0,71.0,1,1669,154.0,0.49,12.0,8.0,0.4,60.0,1.8333333333333333,158.0,1.43,83.0,2,139.0,64,1.43,0.24,14.0,0.27,2,6.0,Clay,Buena,victorias,Buena,victorias,player2,True,False,False
2.375,0.0,1733,70.0,71.0,1,1669,154.0,0.49,12.0,8.0,0.4,60.0,1.8333333333333333,158.0,1.43,83.0,2,139.0,64,1.43,0.24,14.0,0.27,2,6.0,Clay,Buena,victorias,Buena,victorias,player2,True,False,False
11.044,0.37,1598,40.0,93.0,1,1615,191.0,0.2,9.0,11.0,0.41,45.0,1.9292929292929293,152.0,1.26,98.0,6,133.0,-17,1.28,0.25,8.0,0.27,2,12.0,Clay,Regular,victorias,Regular,victorias,player1,True,False,False
11.044,0.37,1598,40.0,93.0,1,1615,191.0,0.2,9.0,11.0,0.41,45.0,1.9292929292929293,152.0,1.26,98.0,6,133.0,-17,1.28,0.25,8.0,0.27,2,12.0,Clay,Regular,victorias,Regular,victorias,player1,True,False,False
11.044,0.37,1598,40.0,93.0,1,1615,191.0,0.2,9.0,11.0,0.41,45.0,1.9292929292929293,152.0,1.26,98.0,6,133.0,-17,1.28,0.25,8.0,0.27,2,12.0,Clay,Regular,victorias,Regular,victorias,player1,True,False,False
6.5434,0.27,1619,45.0,-25.0,2,1713,77.0,0.47,14.0,6.0,0.45,70.0,0.7475728155339806,151.0,1.34,102.0,2,161.0,-94,1.44,0.26,9.0,0.27,2,11.0,Clay,Regular,victorias,Buena,victorias,player1,True,False,False
6.5434,0.27,1619,45.0,-25.0,2,1713,77.0,0.47,14.0,6.0,0.45,70.0,0.7475728155339806,151.0,1.34,102.0,2,161.0,-94,1.44,0.26,9.0,0.27,2,11.0,Clay,Regular,victorias,Buena,victorias,player1,True,False,False
6.5434,0.27,1619,45.0,-25.0,2,1713,77.0,0.47,14.0,6.0,0.45,70.0,0.7475728155339806,151.0,1.34,102.0,2,161.0,-94,1.44,0.26,9.0,0.27,2,11.0,Clay,Regular,victorias,Buena,victorias,player1,True,False,False
0.5999999999999999,0.0,1808,80.0,-150.0,0,1642,41.0,0.6,9.0,11.0,0.43,45.0,0.21354166666666666,133.0,1.52,191.0,4,187.0,166,1.3,0.26,16.0,0.27,2,4.0,Clay,Excelente,victorias,Regular,victorias,player1,True,False,False
0.0,0.56,1724,60.0,-38.0,2,1845,157.0,0.5,15.0,5.0,0.66,75.0,0.8010204081632653,133.0,1.45,195.0,1,138.0,-121,1.57,0.27,12.0,0.27,3,8.0,Clay,Buena,victorias,Excelente,victorias,player2,True,False,False
0.0,0.56,1724,60.0,-38.0,2,1845,157.0,0.5,15.0,5.0,0.66,75.0,0.8010204081632653,133.0,1.45,195.0,1,138.0,-121,1.57,0.27,12.0,0.27,3,8.0,Clay,Buena,victorias,Excelente,victorias,player2,True,False,False
0.0,0.56,1724,60.0,-38.0,2,1845,157.0,0.5,15.0,5.0,0.66,75.0,0.8010204081632653,133.0,1.45,195.0,1,138.0,-121,1.57,0.27,12.0,0.27,3,8.0,Clay,Buena,victorias,Excelente,victorias,player2,True,False,False
43.2723,0.78,1626,45.0,0.0,3,1788,157.0,0.37,13.0,7.0,0.51,65.0,0.9936708860759493,138.0,1.27,157.0,8,138.0,-162,1.38,0.27,9.0,0.27,2,11.0,Clay,Regular,victorias,Buena,victorias,player2,True,False,False
43.2723,0.78,1626,45.0,0.0,3,1788,157.0,0.37,13.0,7.0,0.51,65.0,0.9936708860759493,138.0,1.27,157.0,8,138.0,-162,1.38,0.27,9.0,0.27,2,11.0,Clay,Regular,victorias,Buena,victorias,player2,True,False,False
43.2723,0.78,1626,45.0,0.0,3,1788,157.0,0.37,13.0,7.0,0.51,65.0,0.9936708860759493,138.0,1.27,157.0,8,138.0,-162,1.38,0.27,9.0,0.27,2,11.0,Clay,Regular,victorias,Buena,victorias,player2,True,False,False
6.5403,0.0,1679,55.0,0.0,3,1585,157.0,0.4,7.0,13.0,0.36,35.0,0.9936708860759493,138.0,1.39,157.0,3,138.0,94,1.26,0.26,11.0,0.27,2,9.0,Clay,Regular,victorias,Mala,victorias,player1,True,False,False
6.5403,0.0,1679,55.0,0.0,3,1585,157.0,0.4,7.0,13.0,0.36,35.0,0.9936708860759493,138.0,1.39,157.0,3,138.0,94,1.26,0.26,11.0,0.27,2,9.0,Clay,Regular,victorias,Mala,victorias,player1,True,False,False
6.5403,0.0,1679,55.0,0.0,3,1585,157.0,0.4,7.0,13.0,0.36,35.0,0.9936708860759493,138.0,1.39,157.0,3,138.0,94,1.26,0.26,11.0,0.27,2,9.0,Clay,Regular,victorias,Mala,victorias,player1,True,False,False
16.900000000000002,0.34,1583,53.8,0.0,3,1843,157.0,0.31,13.0,7.0,0.59,65.0,0.9936708860759493,138.0,1.08,157.0,4,138.0,-260,1.16,0.54,7.0,0.37,2,6.0,Clay,Regular,victorias,Buena,victorias,player2,True,False,False
16.900000000000002,0.34,1583,53.8,0.0,3,1843,157.0,0.31,13.0,7.0,0.59,65.0,0.9936708860759493,138.0,1.08,157.0,4,138.0,-260,1.16,0.54,7.0,0.37,2,6.0,Clay,Regular,victorias,Buena,victorias,player2,True,False,False
16.900000000000002,0.34,1583,53.8,0.0,3,1843,157.0,0.31,13.0,7.0,0.59,65.0,0.9936708860759493,138.0,1.08,157.0,4,138.0,-260,1.16,0.54,7.0,0.37,2,6.0,Clay,Regular,victorias,Buena,victorias,player2,True,False,False
0.0,0.23,1412,25.0,21.0,2,1655,98.0,0.07,10.0,10.0,0.41,50.0,1.2564102564102564,161.0,1.24,77.0,2,152.0,-243,1.37,0.17,5.0,0.2,2,15.0,Clay,Mala,victorias,Regular,victorias,player2,True,False,False
0.0,0.23,1412,25.0,21.0,2,1655,98.0,0.07,10.0,10.0,0.41,50.0,1.2564102564102564,161.0,1.24,77.0,2,152.0,-243,1.37,0.17,5.0,0.2,2,15.0,Clay,Mala,victorias,Regular,victorias,player2,True,False,False
0.0,0.23,1412,25.0,21.0,2,1655,98.0,0.07,10.0,10.0,0.41,50.0,1.2564102564102564,161.0,1.24,77.0,2,152.0,-243,1.37,0.17,5.0,0.2,2,15.0,Clay,Mala,victorias,Regular,victorias,player2,True,False,False
3.0875,0.0,1525,40.0,-21.0,2,1449,77.0,0.23,5.0,15.0,0.32,25.0,0.7777777777777778,152.0,1.34,98.0,1,161.0,76,1.25,0.21,8.0,0.0,2,12.0,Clay,Regular,victorias,Mala,victorias,player1,True,False,False
3.0875,0.0,1525,40.0,-21.0,2,1449,77.0,0.23,5.0,15.0,0.32,25.0,0.7777777777777778,152.0,1.34,98.0,1,161.0,76,1.25,0.21,8.0,0.0,2,12.0,Clay,Regular,victorias,Mala,victorias,player1,True,False,False
3.0875,0.0,1525,40.0,-21.0,2,1449,77.0,0.23,5.0,15.0,0.32,25.0,0.7777777777777778,152.0,1.34,98.0,1,161.0,76,1.25,0.21,8.0,0.0,2,12.0,Clay,Regular,victorias,Mala,victorias,player1,True,False,False
3.19,0.0,1754,70.0,4.0,3,1550,81.0,0.49,6.0,8.0,0.28,42.9,1.0384615384615385,161.0,1.45,77.0,2,159.0,204,1.34,0.0,14.0,0.09,2,6.0,Clay,Buena,victorias,Regular,victorias,player1,True,False,False
3.19,0.0,1754,70.0,4.0,3,1550,81.0,0.49,6.0,8.0,0.28,42.9,1.0384615384615385,161.0,1.45,77.0,2,159.0,204,1.34,0.0,14.0,0.09,2,6.0,Clay,Buena,victorias,Regular,victorias,player1,True,False,False
3.19,0.0,1754,70.0,4.0,3,1550,81.0,0.49,6.0,8.0,0.28,42.9,1.0384615384615385,161.0,1.45,77.0,2,159.0,204,1.34,0.0,14.0,0.09,2,6.0,Clay,Buena,victorias,Regular,victorias,player1,True,False,False
9.782,0.0,1570,45.0,69.0,1,1536,167.0,0.32,8.0,12.0,0.3,40.0,1.6868686868686869,152.0,1.35,98.0,3,137.0,34,1.28,0.21,9.0,0.0,2,11.0,Clay,Regular,victorias,Regular,victorias,player2,True,False,False
9.782,0.0,1570,45.0,69.0,1,1536,167.0,0.32,8.0,12.0,0.3,40.0,1.6868686868686869,152.0,1.35,98.0,3,137.0,34,1.28,0.21,9.0,0.0,2,11.0,Clay,Regular,victorias,Regular,victorias,player2,True,False,False
9.782,0.0,1570,45.0,69.0,1,1536,167.0,0.32,8.0,12.0,0.3,40.0,1.6868686868686869,152.0,1.35,98.0,3,137.0,34,1.28,0.21,9.0,0.0,2,11.0,Clay,Regular,victorias,Regular,victorias,player2,True,False,False
6.5464,0.24,1639,50.0,0.0,3,1709,167.0,0.34,13.0,7.0,0.41,65.0,0.9940476190476191,137.0,1.32,167.0,4,137.0,-70,1.42,0.09,10.0,0.0,2,10.0,Clay,Regular,victorias,Buena,victorias,player2,True,False,False
6.5464,0.24,1639,50.0,0.0,3,1709,167.0,0.34,13.0,7.0,0.41,65.0,0.9940476190476191,137.0,1.32,167.0,4,137.0,-70,1.42,0.09,10.0,0.0,2,10.0,Clay,Regular,victorias,Buena,victorias,player2,True,False,False
6.5464,0.24,1639,50.0,0.0,3,1709,167.0,0.34,13.0,7.0,0.41,65.0,0.9940476190476191,137.0,1.32,167.0,4,137.0,-70,1.42,0.09,10.0,0.0,2,10.0,Clay,Regular,victorias,Buena,victorias,player2,True,False,False
0.0,0.0,1605,55.0,90.0,1,1507,98.0,0.3,7.0,13.0,0.37,35.0,10.88888888888889,319.0,1.42,8.0,0,152.0,98,1.32,0.0,11.0,0.0,2,9.0,Clay,Regular,victorias,Mala,victorias,player1,True,False,False
0.0,0.0,1605,55.0,90.0,1,1507,98.0,0.3,7.0,13.0,0.37,35.0,10.88888888888889,319.0,1.42,8.0,0,152.0,98,1.32,0.0,11.0,0.0,2,9.0,Clay,Regular,victorias,Mala,victorias,player1,True,False,False
0.0,0.0,1605,55.0,90.0,1,1507,98.0,0.3,7.0,13.0,0.37,35.0,10.88888888888889,319.0,1.42,8.0,0,152.0,98,1.32,0.0,11.0,0.0,2,9.0,Clay,Regular,victorias,Mala,victorias,player1,True,False,False
0.0,0.0,1573,50.0,156.0,0,1504,197.0,0.34,8.0,12.0,0.2,40.0,4.690476190476191,187.0,1.4,41.0,0,132.0,69,1.35,0.0,7.0,0.21,2,7.0,Clay,Regular,victorias,Regular,victorias,player2,True,False,False
0.0,0.0,1573,50.0,156.0,0,1504,197.0,0.34,8.0,12.0,0.2,40.0,4.690476190476191,187.0,1.4,41.0,0,132.0,69,1.35,0.0,7.0,0.21,2,7.0,Clay,Regular,victorias,Regular,victorias,player2,True,False,False
0.0,0.0,1573,50.0,156.0,0,1504,197.0,0.34,8.0,12.0,0.2,40.0,4.690476190476191,187.0,1.4,41.0,0,132.0,69,1.35,0.0,7.0,0.21,2,7.0,Clay,Regular,victorias,Regular,victorias,player2,True,False,False
0.0,0.0,1614,57.9,-6.0,3,1891,176.0,0.43,17.0,3.0,0.57,85.0,0.9617486338797814,134.0,1.39,182.0,1,135.0,-277,1.62,0.27,11.0,0.22,2,8.0,Clay,Regular,victorias,Excelente,victorias,player2,True,False,False
0.0,0.0,1614,57.9,-6.0,3,1891,176.0,0.43,17.0,3.0,0.57,85.0,0.9617486338797814,134.0,1.39,182.0,1,135.0,-277,1.62,0.27,11.0,0.22,2,8.0,Clay,Regular,victorias,Excelente,victorias,player2,True,False,False
0.0,0.0,1614,57.9,-6.0,3,1891,176.0,0.43,17.0,3.0,0.57,85.0,0.9617486338797814,134.0,1.39,182.0,1,135.0,-277,1.62,0.27,11.0,0.22,2,8.0,Clay,Regular,victorias,Excelente,victorias,player2,True,False,False
9.9944,0.0,1749,70.0,-90.0,1,1584,8.0,0.44,9.0,11.0,0.4,45.0,0.08080808080808081,152.0,1.53,98.0,3,319.0,165,1.33,0.26,14.0,0.24,7,6.0,Clay,Buena,victorias,Regular,victorias,player1,True,False,False
9.9944,0.0,1749,70.0,-90.0,1,1584,8.0,0.44,9.0,11.0,0.4,45.0,0.08080808080808081,152.0,1.53,98.0,3,319.0,165,1.33,0.26,14.0,0.24,7,6.0,Clay,Buena,victorias,Regular,victorias,player1,True,False,False
9.9944,0.0,1749,70.0,-90.0,1,1584,8.0,0.44,9.0,11.0,0.4,45.0,0.08080808080808081,152.0,1.53,98.0,3,319.0,165,1.33,0.26,14.0,0.24,7,6.0,Clay,Buena,victorias,Regular,victorias,player1,True,False,False
0.0,0.14,1585,45.0,-110.0,0,1618,62.0,0.25,11.0,9.0,0.44,55.0,0.3583815028901734,136.0,1.34,172.0,1,169.0,-33,1.43,0.22,9.0,0.2,2,11.0,Clay,Regular,victorias,Regular,victorias,player1,True,False,False
0.0,0.14,1585,45.0,-110.0,0,1618,62.0,0.25,11.0,9.0,0.44,55.0,0.3583815028901734,136.0,1.34,172.0,1,169.0,-33,1.43,0.22,9.0,0.2,2,11.0,Clay,Regular,victorias,Regular,victorias,player1,True,False,False
0.0,0.14,1585,45.0,-110.0,0,1618,62.0,0.25,11.0,9.0,0.44,55.0,0.3583815028901734,136.0,1.34,172.0,1,169.0,-33,1.43,0.22,9.0,0.2,2,11.0,Clay,Regular,victorias,Regular,victorias,player1,True,False,False
0.0,0.26,1437,25.0,93.0,1,1659,176.0,0.26,10.0,10.0,0.31,50.0,2.0952380952380953,158.0,1.24,83.0,2,135.0,-222,1.37,0.24,5.0,0.27,2,15.0,Clay,Mala,victorias,Regular,victorias,player2,True,False,False
0.0,0.26,1437,25.0,93.0,1,1659,176.0,0.26,10.0,10.0,0.31,50.0,2.0952380952380953,158.0,1.24,83.0,2,135.0,-222,1.37,0.24,5.0,0.27,2,15.0,Clay,Mala,victorias,Regular,victorias,player2,True,False,False
0.0,0.26,1437,25.0,93.0,1,1659,176.0,0.26,10.0,10.0,0.31,50.0,2.0952380952380953,158.0,1.24,83.0,2,135.0,-222,1.37,0.24,5.0,0.27,2,15.0,Clay,Mala,victorias,Regular,victorias,player2,True,False,False
0.0,0.26,1753,70.0,0.0,3,1465,182.0,0.42,5.0,15.0,0.11,25.0,0.994535519125683,134.0,1.34,182.0,1,134.0,288,0.98,0.18,14.0,0.48,7,6.0,Clay,Buena,victorias,Mala,victorias,player1,True,False,False
0.0,0.26,1753,70.0,0.0,3,1465,182.0,0.42,5.0,15.0,0.11,25.0,0.994535519125683,134.0,1.34,182.0,1,134.0,288,0.98,0.18,14.0,0.48,7,6.0,Clay,Buena,victorias,Mala,victorias,player1,True,False,False
0.0,0.26,1753,70.0,0.0,3,1465,182.0,0.42,5.0,15.0,0.11,25.0,0.994535519125683,134.0,1.34,182.0,1,134.0,288,0.98,0.18,14.0,0.48,7,6.0,Clay,Buena,victorias,Mala,victorias,player1,True,False,False
0.0,0.0,1437,25.0,0.0,3,1479,182.0,0.24,6.0,14.0,0.26,30.0,0.994535519125683,134.0,1.26,182.0,0,134.0,-42,1.29,0.09,5.0,0.0,2,15.0,Clay,Mala,victorias,Mala,victorias,player1,True,False,False
0.0,0.0,1437,25.0,0.0,3,1479,182.0,0.24,6.0,14.0,0.26,30.0,0.994535519125683,134.0,1.26,182.0,0,134.0,-42,1.29,0.09,5.0,0.0,2,15.0,Clay,Mala,victorias,Mala,victorias,player1,True,False,False
0.0,0.0,1437,25.0,0.0,3,1479,182.0,0.24,6.0,14.0,0.26,30.0,0.994535519125683,134.0,1.26,182.0,0,134.0,-42,1.29,0.09,5.0,0.0,2,15.0,Clay,Mala,victorias,Mala,victorias,player1,True,False,False
0.0,0.0,1644,35.0,157.0,0,1699,182.0,0.45,12.0,8.0,0.41,60.0,7.0,215.0,1.31,25.0,1,134.0,-55,1.42,0.2,7.0,0.25,2,13.0,Clay,Mala,victorias,Buena,victorias,player2,True,False,False
0.0,0.0,1644,35.0,157.0,0,1699,182.0,0.45,12.0,8.0,0.41,60.0,7.0,215.0,1.31,25.0,1,134.0,-55,1.42,0.2,7.0,0.25,2,13.0,Clay,Mala,victorias,Buena,victorias,player2,True,False,False
0.0,0.0,1644,35.0,157.0,0,1699,182.0,0.45,12.0,8.0,0.41,60.0,7.0,215.0,1.31,25.0,1,134.0,-55,1.42,0.2,7.0,0.25,2,13.0,Clay,Mala,victorias,Buena,victorias,player2,True,False,False
0.0,0.0,1560,57.1,101.0,0,1625,182.0,0.33,9.0,11.0,0.42,45.0,2.2195121951219514,159.0,1.41,81.0,1,134.0,-65,1.36,0.25,4.0,0.0,2,3.0,Clay,Regular,victorias,Regular,victorias,player2,True,False,False
0.0,0.0,1560,57.1,101.0,0,1625,182.0,0.33,9.0,11.0,0.42,45.0,2.2195121951219514,159.0,1.41,81.0,1,134.0,-65,1.36,0.25,4.0,0.0,2,3.0,Clay,Regular,victorias,Regular,victorias,player2,True,False,False
0.0,0.0,1560,57.1,101.0,0,1625,182.0,0.33,9.0,11.0,0.42,45.0,2.2195121951219514,159.0,1.41,81.0,1,134.0,-65,1.36,0.25,4.0,0.0,2,3.0,Clay,Regular,victorias,Regular,victorias,player2,True,False,False
0.9499999999999997,0.0,1784,80.0,-10.0,3,1619,81.0,0.52,11.0,9.0,0.43,55.0,0.8804347826086957,155.0,1.56,91.0,1,159.0,165,1.38,0.27,16.0,0.27,2,4.0,Clay,Excelente,victorias,Regular,victorias,player2,True,False,False
0.9499999999999997,0.0,1784,80.0,-10.0,3,1619,81.0,0.52,11.0,9.0,0.43,55.0,0.8804347826086957,155.0,1.56,91.0,1,159.0,165,1.38,0.27,16.0,0.27,2,4.0,Clay,Excelente,victorias,Regular,victorias,player2,True,False,False
0.9499999999999997,0.0,1784,80.0,-10.0,3,1619,81.0,0.52,11.0,9.0,0.43,55.0,0.8804347826086957,155.0,1.56,91.0,1,159.0,165,1.38,0.27,16.0,0.27,2,4.0,Clay,Excelente,victorias,Regular,victorias,player2,True,False,False
0.0,0.28,1675,60.0,0.0,3,1696,81.0,0.33,12.0,8.0,0.28,60.0,0.9878048780487805,159.0,1.37,81.0,5,159.0,-21,1.37,0.26,12.0,0.23,2,8.0,Clay,Buena,victorias,Buena,victorias,player1,True,False,False
0.0,0.28,1675,60.0,0.0,3,1696,81.0,0.33,12.0,8.0,0.28,60.0,0.9878048780487805,159.0,1.37,81.0,5,159.0,-21,1.37,0.26,12.0,0.23,2,8.0,Clay,Buena,victorias,Buena,victorias,player1,True,False,False
19.205000000000002,0.34,1627,50.0,0.0,3,1655,157.0,0.34,12.0,8.0,0.31,60.0,0.9936708860759493,138.0,1.26,157.0,7,138.0,-28,1.34,0.0,10.0,0.23,2,10.0,Clay,Regular,victorias,Buena,victorias,player1,True,False,False
19.205000000000002,0.34,1627,50.0,0.0,3,1655,157.0,0.34,12.0,8.0,0.31,60.0,0.9936708860759493,138.0,1.26,157.0,7,138.0,-28,1.34,0.0,10.0,0.23,2,10.0,Clay,Regular,victorias,Buena,victorias,player1,True,False,False
19.205000000000002,0.34,1627,50.0,0.0,3,1655,157.0,0.34,12.0,8.0,0.31,60.0,0.9936708860759493,138.0,1.26,157.0,7,138.0,-28,1.34,0.0,10.0,0.23,2,10.0,Clay,Regular,victorias,Buena,victorias,player1,True,False,False
19.527100000000004,0.34,1684,60.0,0.0,3,1604,157.0,0.47,10.0,10.0,0.39,50.0,0.9936708860759493,138.0,1.31,157.0,7,138.0,80,1.28,0.12,12.0,0.25,2,8.0,Clay,Buena,victorias,Regular,victorias,player1,True,False,False
19.527100000000004,0.34,1684,60.0,0.0,3,1604,157.0,0.47,10.0,10.0,0.39,50.0,0.9936708860759493,138.0,1.31,157.0,7,138.0,80,1.28,0.12,12.0,0.25,2,8.0,Clay,Buena,victorias,Regular,victorias,player1,True,False,False
19.527100000000004,0.34,1684,60.0,0.0,3,1604,157.0,0.47,10.0,10.0,0.39,50.0,0.9936708860759493,138.0,1.31,157.0,7,138.0,80,1.28,0.12,12.0,0.25,2,8.0,Clay,Buena,victorias,Regular,victorias,player1,True,False,False
1.2999999999999998,0.3,1670,55.0,0.0,3,1654,157.0,0.43,11.0,9.0,0.45,55.0,0.9936708860759493,138.0,1.37,157.0,5,138.0,16,1.33,0.14,11.0,0.0,2,9.0,Clay,Regular,victorias,Regular,victorias,player2,True,False,False
1.2999999999999998,0.3,1670,55.0,0.0,3,1654,157.0,0.43,11.0,9.0,0.45,55.0,0.9936708860759493,138.0,1.37,157.0,5,138.0,16,1.33,0.14,11.0,0.0,2,9.0,Clay,Regular,victorias,Regular,victorias,player2,True,False,False
1.2999999999999998,0.3,1670,55.0,0.0,3,1654,157.0,0.43,11.0,9.0,0.45,55.0,0.9936708860759493,138.0,1.37,157.0,5,138.0,16,1.33,0.14,11.0,0.0,2,9.0,Clay,Regular,victorias,Regular,victorias,player2,True,False,False
8.4922,0.0,1676,55.0,-19.0,2,1811,62.0,0.36,15.0,5.0,0.56,75.0,0.7560975609756098,159.0,1.52,81.0,1,169.0,-135,1.61,0.27,11.0,0.22,7,9.0,Clay,Regular,victorias,Excelente,victorias,player1,True,False,False
8.4922,0.0,1676,55.0,-19.0,2,1811,62.0,0.36,15.0,5.0,0.56,75.0,0.7560975609756098,159.0,1.52,81.0,1,169.0,-135,1.61,0.27,11.0,0.22,7,9.0,Clay,Regular,victorias,Excelente,victorias,player1,True,False,False
8.4922,0.0,1676,55.0,-19.0,2,1811,62.0,0.36,15.0,5.0,0.56,75.0,0.7560975609756098,159.0,1.52,81.0,1,169.0,-135,1.61,0.27,11.0,0.22,7,9.0,Clay,Regular,victorias,Excelente,victorias,player1,True,False,False
11.2895,0.27,1744,75.0,-60.0,1,1608,140.0,0.41,10.0,10.0,0.45,50.0,0.6965174129353234,132.0,1.44,200.0,4,141.0,136,1.31,0.27,15.0,0.26,2,5.0,Clay,Excelente,victorias,Regular,victorias,player2,True,False,False
11.2895,0.27,1744,75.0,-60.0,1,1608,140.0,0.41,10.0,10.0,0.45,50.0,0.6965174129353234,132.0,1.44,200.0,4,141.0,136,1.31,0.27,15.0,0.26,2,5.0,Clay,Excelente,victorias,Regular,victorias,player2,True,False,False
11.2895,0.27,1744,75.0,-60.0,1,1608,140.0,0.41,10.0,10.0,0.45,50.0,0.6965174129353234,132.0,1.44,200.0,4,141.0,136,1.31,0.27,15.0,0.26,2,5.0,Clay,Excelente,victorias,Regular,victorias,player2,True,False,False
0.0,0.0,1733,65.0,-119.0,0,1621,81.0,0.51,10.0,10.0,0.38,50.0,0.40298507462686567,132.0,1.46,200.0,0,159.0,112,1.4,0.27,13.0,0.26,2,7.0,Clay,Buena,victorias,Regular,victorias,player2,True,False,False
0.0,0.0,1733,65.0,-119.0,0,1621,81.0,0.51,10.0,10.0,0.38,50.0,0.40298507462686567,132.0,1.46,200.0,0,159.0,112,1.4,0.27,13.0,0.26,2,7.0,Clay,Buena,victorias,Regular,victorias,player2,True,False,False
0.0,0.0,1733,65.0,-119.0,0,1621,81.0,0.51,10.0,10.0,0.38,50.0,0.40298507462686567,132.0,1.46,200.0,0,159.0,112,1.4,0.27,13.0,0.26,2,7.0,Clay,Buena,victorias,Regular,victorias,player2,True,False,False
24.0387,0.31,1693,60.0,0.0,3,1751,181.0,0.41,14.0,6.0,0.33,70.0,0.9945054945054945,135.0,1.29,181.0,7,135.0,-58,1.41,0.27,12.0,0.21,2,8.0,Clay,Buena,victorias,Buena,victorias,player1,True,False,False
24.0387,0.31,1693,60.0,0.0,3,1751,181.0,0.41,14.0,6.0,0.33,70.0,0.9945054945054945,135.0,1.29,181.0,7,135.0,-58,1.41,0.27,12.0,0.21,2,8.0,Clay,Buena,victorias,Buena,victorias,player1,True,False,False
24.0387,0.31,1693,60.0,0.0,3,1751,181.0,0.41,14.0,6.0,0.33,70.0,0.9945054945054945,135.0,1.29,181.0,7,135.0,-58,1.41,0.27,12.0,0.21,2,8.0,Clay,Buena,victorias,Buena,victorias,player1,True,False,False
0.0,0.27,1661,55.0,-104.0,0,1603,91.0,0.37,8.0,12.0,0.32,40.0,0.4642857142857143,133.0,1.4,195.0,1,155.0,58,1.34,0.21,11.0,0.15,2,9.0,Clay,Regular,victorias,Regular,victorias,player2,True,False,False
0.0,0.27,1661,55.0,-104.0,0,1603,91.0,0.37,8.0,12.0,0.32,40.0,0.4642857142857143,133.0,1.4,195.0,1,155.0,58,1.34,0.21,11.0,0.15,2,9.0,Clay,Regular,victorias,Regular,victorias,player2,True,False,False
0.0,0.27,1661,55.0,-104.0,0,1603,91.0,0.37,8.0,12.0,0.32,40.0,0.4642857142857143,133.0,1.4,195.0,1,155.0,58,1.34,0.21,11.0,0.15,2,9.0,Clay,Regular,victorias,Regular,victorias,player2,True,False,False
4.7855,0.0,1745,75.0,-7.0,3,1637,91.0,0.46,10.0,10.0,0.44,50.0,0.9191919191919192,152.0,1.47,98.0,1,155.0,108,1.38,0.12,15.0,0.2,2,5.0,Clay,Excelente,victorias,Regular,victorias,player2,True,False,False
4.7855,0.0,1745,75.0,-7.0,3,1637,91.0,0.46,10.0,10.0,0.44,50.0,0.9191919191919192,152.0,1.47,98.0,1,155.0,108,1.38,0.12,15.0,0.2,2,5.0,Clay,Excelente,victorias,Regular,victorias,player2,True,False,False
4.7855,0.0,1745,75.0,-7.0,3,1637,91.0,0.46,10.0,10.0,0.44,50.0,0.9191919191919192,152.0,1.47,98.0,1,155.0,108,1.38,0.12,15.0,0.2,2,5.0,Clay,Excelente,victorias,Regular,victorias,player2,True,False,False
0.0,0.26,1583,55.0,-56.0,1,1637,25.0,0.18,12.0,8.0,0.32,60.0,0.3048780487804878,159.0,1.38,81.0,1,215.0,-54,1.44,0.19,11.0,0.14,2,9.0,Clay,Regular,victorias,Buena,victorias,player1,True,False,False
0.0,0.26,1583,55.0,-56.0,1,1637,25.0,0.18,12.0,8.0,0.32,60.0,0.3048780487804878,159.0,1.38,81.0,1,215.0,-54,1.44,0.19,11.0,0.14,2,9.0,Clay,Regular,victorias,Buena,victorias,player1,True,False,False
0.0,0.26,1583,55.0,-56.0,1,1637,25.0,0.18,12.0,8.0,0.32,60.0,0.3048780487804878,159.0,1.38,81.0,1,215.0,-54,1.44,0.19,11.0,0.14,2,9.0,Clay,Regular,victorias,Buena,victorias,player1,True,False,False
12.7256,0.0,1640,55.0,-92.0,1,1638,62.0,0.39,11.0,9.0,0.5,55.0,0.4,139.0,1.35,154.0,4,169.0,2,1.35,0.27,11.0,0.22,2,9.0,Clay,Regular,victorias,Regular,victorias,player1,True,False,False
12.7256,0.0,1640,55.0,-92.0,1,1638,62.0,0.39,11.0,9.0,0.5,55.0,0.4,139.0,1.35,154.0,4,169.0,2,1.35,0.27,11.0,0.22,2,9.0,Clay,Regular,victorias,Regular,victorias,player1,True,False,False
12.7256,0.0,1640,55.0,-92.0,1,1638,62.0,0.39,11.0,9.0,0.5,55.0,0.4,139.0,1.35,154.0,4,169.0,2,1.35,0.27,11.0,0.22,2,9.0,Clay,Regular,victorias,Regular,victorias,player1,True,False,False
0.0,0.0,1827,75.0,-40.0,2,1782,22.0,0.64,13.0,7.0,0.56,65.0,0.3492063492063492,169.0,1.51,62.0,0,223.0,45,1.43,0.27,15.0,0.27,2,5.0,Clay,Excelente,victorias,Buena,victorias,player2,True,False,False
0.0,0.0,1827,75.0,-40.0,2,1782,22.0,0.64,13.0,7.0,0.56,65.0,0.3492063492063492,169.0,1.51,62.0,0,223.0,45,1.43,0.27,15.0,0.27,2,5.0,Clay,Excelente,victorias,Buena,victorias,player2,True,False,False
0.0,0.0,1827,75.0,-40.0,2,1782,22.0,0.64,13.0,7.0,0.56,65.0,0.3492063492063492,169.0,1.51,62.0,0,223.0,45,1.43,0.27,15.0,0.27,2,5.0,Clay,Excelente,victorias,Buena,victorias,player2,True,False,False
0.0,0.31,1622,55.0,135.0,0,1777,157.0,0.49,12.0,8.0,0.54,60.0,6.826086956521739,223.0,1.4,22.0,1,138.0,-155,1.42,0.27,11.0,0.27,2,9.0,Clay,Regular,victorias,Buena,victorias,player2,True,False,False
0.0,0.31,1622,55.0,135.0,0,1777,157.0,0.49,12.0,8.0,0.54,60.0,6.826086956521739,223.0,1.4,22.0,1,138.0,-155,1.42,0.27,11.0,0.27,2,9.0,Clay,Regular,victorias,Buena,victorias,player2,True,False,False
0.0,0.31,1622,55.0,135.0,0,1777,157.0,0.49,12.0,8.0,0.54,60.0,6.826086956521739,223.0,1.4,22.0,1,138.0,-155,1.42,0.27,11.0,0.27,2,9.0,Clay,Regular,victorias,Buena,victorias,player2,True,False,False
6.5464,0.0,1729,65.0,-73.0,1,1694,81.0,0.43,12.0,8.0,0.44,60.0,0.5225806451612903,139.0,1.43,154.0,1,159.0,35,1.42,0.24,13.0,0.21,2,7.0,Clay,Buena,victorias,Buena,victorias,player1,True,False,False
6.5464,0.0,1729,65.0,-73.0,1,1694,81.0,0.43,12.0,8.0,0.44,60.0,0.5225806451612903,139.0,1.43,154.0,1,159.0,35,1.42,0.24,13.0,0.21,2,7.0,Clay,Buena,victorias,Buena,victorias,player1,True,False,False
6.5464,0.0,1729,65.0,-73.0,1,1694,81.0,0.43,12.0,8.0,0.44,60.0,0.5225806451612903,139.0,1.43,154.0,1,159.0,35,1.42,0.24,13.0,0.21,2,7.0,Clay,Buena,victorias,Buena,victorias,player1,True,False,False
9.5349,0.0,1672,70.0,29.0,2,1632,195.0,0.36,11.0,9.0,0.47,55.0,1.1676646706586826,137.0,1.42,166.0,3,133.0,40,1.36,0.0,14.0,0.09,2,6.0,Clay,Buena,victorias,Regular,victorias,player1,True,False,False
9.5349,0.0,1672,70.0,29.0,2,1632,195.0,0.36,11.0,9.0,0.47,55.0,1.1676646706586826,137.0,1.42,166.0,3,133.0,40,1.36,0.0,14.0,0.09,2,6.0,Clay,Buena,victorias,Regular,victorias,player1,True,False,False
9.5349,0.0,1672,70.0,29.0,2,1632,195.0,0.36,11.0,9.0,0.47,55.0,1.1676646706586826,137.0,1.42,166.0,3,133.0,40,1.36,0.0,14.0,0.09,2,6.0,Clay,Buena,victorias,Regular,victorias,player1,True,False,False
7.481399999999999,0.18,1744,70.0,51.0,1,1760,59.0,0.43,14.0,6.0,0.4,70.0,6.555555555555555,319.0,1.39,8.0,5,171.0,-16,1.54,0.0,14.0,0.17,2,6.0,Clay,Buena,victorias,Buena,victorias,player2,True,False,False
7.481399999999999,0.18,1744,70.0,51.0,1,1760,59.0,0.43,14.0,6.0,0.4,70.0,6.555555555555555,319.0,1.39,8.0,5,171.0,-16,1.54,0.0,14.0,0.17,2,6.0,Clay,Buena,victorias,Buena,victorias,player2,True,False,False
7.481399999999999,0.18,1744,70.0,51.0,1,1760,59.0,0.43,14.0,6.0,0.4,70.0,6.555555555555555,319.0,1.39,8.0,5,171.0,-16,1.54,0.0,14.0,0.17,2,6.0,Clay,Buena,victorias,Buena,victorias,player2,True,False,False
7.8435999999999995,0.49,1719,65.0,19.0,2,1755,195.0,0.6,13.0,7.0,0.65,65.0,1.1016949152542372,135.0,1.35,176.0,7,133.0,-36,1.35,0.27,13.0,0.27,2,7.0,Clay,Buena,victorias,Buena,victorias,player1,True,False,False
7.8435999999999995,0.49,1719,65.0,19.0,2,1755,195.0,0.6,13.0,7.0,0.65,65.0,1.1016949152542372,135.0,1.35,176.0,7,133.0,-36,1.35,0.27,13.0,0.27,2,7.0,Clay,Buena,victorias,Buena,victorias,player1,True,False,False
7.8435999999999995,0.49,1719,65.0,19.0,2,1755,195.0,0.6,13.0,7.0,0.65,65.0,1.1016949152542372,135.0,1.35,176.0,7,133.0,-36,1.35,0.27,13.0,0.27,2,7.0,Clay,Buena,victorias,Buena,victorias,player1,True,False,False
0.0,0.0,1523,40.0,-734.0,0,1637,197.0,0.17,13.0,7.0,0.42,65.0,0.2113733905579399,22.0,1.36,931.0,0,132.0,-114,1.43,0.17,8.0,0.17,2,12.0,Hard,Regular,victorias,Buena,victorias,player1,False,False,True
0.0,0.0,1523,40.0,-734.0,0,1637,197.0,0.17,13.0,7.0,0.42,65.0,0.2113733905579399,22.0,1.36,931.0,0,132.0,-114,1.43,0.17,8.0,0.17,2,12.0,Hard,Regular,victorias,Buena,victorias,player1,False,False,True
0.0,0.0,1523,40.0,-734.0,0,1637,197.0,0.17,13.0,7.0,0.42,65.0,0.2113733905579399,22.0,1.36,931.0,0,132.0,-114,1.43,0.17,8.0,0.17,2,12.0,Hard,Regular,victorias,Buena,victorias,player1,False,False,True
0.0,0.0,1709,65.0,-15.0,2,1650,176.0,0.42,11.0,9.0,0.49,55.0,0.9166666666666666,133.0,1.47,191.0,0,135.0,59,1.39,0.22,13.0,0.18,2,7.0,Hard,Buena,victorias,Regular,victorias,player2,False,False,True
0.0,0.0,1709,65.0,-15.0,2,1650,176.0,0.42,11.0,9.0,0.49,55.0,0.9166666666666666,133.0,1.47,191.0,0,135.0,59,1.39,0.22,13.0,0.18,2,7.0,Hard,Buena,victorias,Regular,victorias,player2,False,False,True
0.0,0.0,1709,65.0,-15.0,2,1650,176.0,0.42,11.0,9.0,0.49,55.0,0.9166666666666666,133.0,1.47,191.0,0,135.0,59,1.39,0.22,13.0,0.18,2,7.0,Hard,Buena,victorias,Regular,victorias,player2,False,False,True
0.0,0.1,1548,40.0,-78.0,1,1651,98.0,0.29,13.0,7.0,0.43,65.0,0.5536723163841808,135.0,1.32,176.0,2,152.0,-103,1.42,0.18,8.0,0.18,2,12.0,Hard,Regular,victorias,Buena,victorias,player1,False,False,True
0.0,0.1,1548,40.0,-78.0,1,1651,98.0,0.29,13.0,7.0,0.43,65.0,0.5536723163841808,135.0,1.32,176.0,2,152.0,-103,1.42,0.18,8.0,0.18,2,12.0,Hard,Regular,victorias,Buena,victorias,player1,False,False,True
0.0,0.1,1548,40.0,-78.0,1,1651,98.0,0.29,13.0,7.0,0.43,65.0,0.5536723163841808,135.0,1.32,176.0,2,152.0,-103,1.42,0.18,8.0,0.18,2,12.0,Hard,Regular,victorias,Buena,victorias,player1,False,False,True
6.5279,0.05,1675,65.0,-7.0,3,1580,190.0,0.41,9.0,11.0,0.28,45.0,0.9595959595959596,132.0,1.4,197.0,3,133.0,95,1.32,0.16,13.0,0.12,2,7.0,Hard,Buena,victorias,Regular,victorias,player1,False,False,True
6.5279,0.05,1675,65.0,-7.0,3,1580,190.0,0.41,9.0,11.0,0.28,45.0,0.9595959595959596,132.0,1.4,197.0,3,133.0,95,1.32,0.16,13.0,0.12,2,7.0,Hard,Buena,victorias,Regular,victorias,player1,False,False,True
6.5279,0.05,1675,65.0,-7.0,3,1580,190.0,0.41,9.0,11.0,0.28,45.0,0.9595959595959596,132.0,1.4,197.0,3,133.0,95,1.32,0.16,13.0,0.12,2,7.0,Hard,Buena,victorias,Regular,victorias,player1,False,False,True
3.25,0.0,1606,45.0,0.0,3,1734,98.0,0.38,14.0,6.0,0.41,70.0,0.98989898989899,152.0,1.35,98.0,2,152.0,-128,1.5,0.26,9.0,0.24,2,11.0,Clay,Regular,victorias,Buena,victorias,player2,True,False,False
3.25,0.0,1606,45.0,0.0,3,1734,98.0,0.38,14.0,6.0,0.41,70.0,0.98989898989899,152.0,1.35,98.0,2,152.0,-128,1.5,0.26,9.0,0.24,2,11.0,Clay,Regular,victorias,Buena,victorias,player2,True,False,False
3.25,0.0,1606,45.0,0.0,3,1734,98.0,0.38,14.0,6.0,0.41,70.0,0.98989898989899,152.0,1.35,98.0,2,152.0,-128,1.5,0.26,9.0,0.24,2,11.0,Clay,Regular,victorias,Buena,victorias,player2,True,False,False
0.0,0.0,1813,85.0,-130.0,0,1879,22.0,0.46,14.0,6.0,0.65,70.0,0.1437908496732026,139.0,1.61,152.0,2,223.0,-66,1.5,0.27,17.0,0.27,7,3.0,Clay,Excelente,victorias,Buena,victorias,player2,True,False,False
0.0,0.0,1813,85.0,-130.0,0,1879,22.0,0.46,14.0,6.0,0.65,70.0,0.1437908496732026,139.0,1.61,152.0,2,223.0,-66,1.5,0.27,17.0,0.27,7,3.0,Clay,Excelente,victorias,Buena,victorias,player2,True,False,False
0.0,0.0,1813,85.0,-130.0,0,1879,22.0,0.46,14.0,6.0,0.65,70.0,0.1437908496732026,139.0,1.61,152.0,2,223.0,-66,1.5,0.27,17.0,0.27,7,3.0,Clay,Excelente,victorias,Buena,victorias,player2,True,False,False
6.5457,0.37,1677,60.0,-57.0,1,1765,110.0,0.38,14.0,6.0,0.53,70.0,0.6547619047619048,137.0,1.34,167.0,5,149.0,-88,1.42,0.27,12.0,0.27,2,8.0,Clay,Buena,victorias,Buena,victorias,player1,True,False,False
30.991200000000003,0.68,1611,45.0,-59.0,1,1639,39.0,0.44,10.0,10.0,0.48,50.0,0.3939393939393939,152.0,1.21,98.0,10,190.0,-28,1.23,0.26,9.0,0.26,2,11.0,Clay,Regular,victorias,Regular,victorias,player1,True,False,False
30.991200000000003,0.68,1611,45.0,-59.0,1,1639,39.0,0.44,10.0,10.0,0.48,50.0,0.3939393939393939,152.0,1.21,98.0,10,190.0,-28,1.23,0.26,9.0,0.26,2,11.0,Clay,Regular,victorias,Regular,victorias,player1,True,False,False
30.991200000000003,0.68,1611,45.0,-59.0,1,1639,39.0,0.44,10.0,10.0,0.48,50.0,0.3939393939393939,152.0,1.21,98.0,10,190.0,-28,1.23,0.26,9.0,0.26,2,11.0,Clay,Regular,victorias,Regular,victorias,player1,True,False,False
47.669200000000004,0.05,2047,75.0,0.0,3,1915,200.0,0.0,14.0,6.0,0.64,70.0,0.9950248756218906,132.0,1.46,200.0,13,132.0,132,1.56,0.27,15.0,0.27,1,5.0,Grass,Excelente,victorias,Buena,victorias,player1,False,True,False
47.669200000000004,0.05,2047,75.0,0.0,3,1915,200.0,0.0,14.0,6.0,0.64,70.0,0.9950248756218906,132.0,1.46,200.0,13,132.0,132,1.56,0.27,15.0,0.27,1,5.0,Grass,Excelente,victorias,Buena,victorias,player1,False,True,False
47.669200000000004,0.05,2047,75.0,0.0,3,1915,200.0,0.0,14.0,6.0,0.64,70.0,0.9950248756218906,132.0,1.46,200.0,13,132.0,132,1.56,0.27,15.0,0.27,1,5.0,Grass,Excelente,victorias,Buena,victorias,player1,False,True,False
60.6756,0.19,1954,70.0,-114.0,0,1767,62.0,0.6,9.0,11.0,0.59,45.0,0.3502824858757062,135.0,1.53,176.0,18,169.0,187,1.34,0.27,14.0,0.27,2,6.0,Grass,Buena,victorias,Regular,victorias,player1,False,True,False
60.6756,0.19,1954,70.0,-114.0,0,1767,62.0,0.6,9.0,11.0,0.59,45.0,0.3502824858757062,135.0,1.53,176.0,18,169.0,187,1.34,0.27,14.0,0.27,2,6.0,Grass,Buena,victorias,Regular,victorias,player1,False,True,False
60.6756,0.19,1954,70.0,-114.0,0,1767,62.0,0.6,9.0,11.0,0.59,45.0,0.3502824858757062,135.0,1.53,176.0,18,169.0,187,1.34,0.27,14.0,0.27,2,6.0,Grass,Buena,victorias,Regular,victorias,player1,False,True,False
4.7845,0.19,1802,75.0,-67.0,1,1718,124.0,0.54,12.0,8.0,0.42,60.0,0.6458333333333334,133.0,1.47,191.0,6,145.0,84,1.38,0.27,15.0,0.27,3,5.0,Clay,Excelente,victorias,Buena,victorias,player1,True,False,False
4.7845,0.19,1802,75.0,-67.0,1,1718,124.0,0.54,12.0,8.0,0.42,60.0,0.6458333333333334,133.0,1.47,191.0,6,145.0,84,1.38,0.27,15.0,0.27,3,5.0,Clay,Excelente,victorias,Buena,victorias,player1,True,False,False
4.7845,0.19,1802,75.0,-67.0,1,1718,124.0,0.54,12.0,8.0,0.42,60.0,0.6458333333333334,133.0,1.47,191.0,6,145.0,84,1.38,0.27,15.0,0.27,3,5.0,Clay,Excelente,victorias,Buena,victorias,player1,True,False,False
36.4378,0.08,1933,70.0,0.0,3,1899,200.0,0.8,13.0,7.0,0.74,65.0,0.9950248756218906,132.0,1.72,200.0,9,132.0,34,1.53,0.27,14.0,0.27,6,6.0,Grass,Buena,victorias,Buena,victorias,player2,False,True,False
36.4378,0.08,1933,70.0,0.0,3,1899,200.0,0.8,13.0,7.0,0.74,65.0,0.9950248756218906,132.0,1.72,200.0,9,132.0,34,1.53,0.27,14.0,0.27,6,6.0,Grass,Buena,victorias,Buena,victorias,player2,False,True,False
36.4378,0.08,1933,70.0,0.0,3,1899,200.0,0.8,13.0,7.0,0.74,65.0,0.9950248756218906,132.0,1.72,200.0,9,132.0,34,1.53,0.27,14.0,0.27,6,6.0,Grass,Buena,victorias,Buena,victorias,player2,False,True,False
11.998899999999999,0.0,1766,70.0,-126.0,0,1555,8.0,0.37,9.0,11.0,0.28,45.0,0.05925925925925926,143.0,1.4,134.0,4,319.0,211,1.31,0.15,14.0,0.27,2,6.0,Clay,Buena,victorias,Regular,victorias,player1,True,False,False
11.998899999999999,0.0,1766,70.0,-126.0,0,1555,8.0,0.37,9.0,11.0,0.28,45.0,0.05925925925925926,143.0,1.4,134.0,4,319.0,211,1.31,0.15,14.0,0.27,2,6.0,Clay,Buena,victorias,Regular,victorias,player1,True,False,False
11.998899999999999,0.0,1766,70.0,-126.0,0,1555,8.0,0.37,9.0,11.0,0.28,45.0,0.05925925925925926,143.0,1.4,134.0,4,319.0,211,1.31,0.15,14.0,0.27,2,6.0,Clay,Buena,victorias,Regular,victorias,player1,True,False,False
4.7979,0.15,1829,85.0,78.0,1,1690,171.0,0.54,12.0,8.0,0.54,60.0,1.8191489361702127,154.0,1.27,93.0,3,136.0,139,1.09,0.5,17.0,0.54,2,3.0,Clay,Excelente,victorias,Buena,victorias,player1,True,False,False
4.7979,0.15,1829,85.0,78.0,1,1690,171.0,0.54,12.0,8.0,0.54,60.0,1.8191489361702127,154.0,1.27,93.0,3,136.0,139,1.09,0.5,17.0,0.54,2,3.0,Clay,Excelente,victorias,Buena,victorias,player1,True,False,False
4.7979,0.15,1829,85.0,78.0,1,1690,171.0,0.54,12.0,8.0,0.54,60.0,1.8191489361702127,154.0,1.27,93.0,3,136.0,139,1.09,0.5,17.0,0.54,2,3.0,Clay,Excelente,victorias,Buena,victorias,player1,True,False,False
1.69,0.0,1650,45.0,0.0,3,1669,98.0,0.45,10.0,10.0,0.45,50.0,0.98989898989899,152.0,1.34,98.0,1,152.0,-19,1.4,0.27,9.0,0.27,2,11.0,Clay,Regular,victorias,Regular,victorias,player2,True,False,False
1.69,0.0,1650,45.0,0.0,3,1669,98.0,0.45,10.0,10.0,0.45,50.0,0.98989898989899,152.0,1.34,98.0,1,152.0,-19,1.4,0.27,9.0,0.27,2,11.0,Clay,Regular,victorias,Regular,victorias,player2,True,False,False
1.69,0.0,1650,45.0,0.0,3,1669,98.0,0.45,10.0,10.0,0.45,50.0,0.98989898989899,152.0,1.34,98.0,1,152.0,-19,1.4,0.27,9.0,0.27,2,11.0,Clay,Regular,victorias,Regular,victorias,player2,True,False,False
3.0078,0.03,1820,65.0,-19.0,2,1728,62.0,0.53,11.0,9.0,0.72,55.0,0.7560975609756098,159.0,1.55,81.0,7,169.0,92,1.51,0.27,13.0,0.27,2,7.0,Grass,Buena,victorias,Regular,victorias,player1,False,True,False
3.0078,0.03,1820,65.0,-19.0,2,1728,62.0,0.53,11.0,9.0,0.72,55.0,0.7560975609756098,159.0,1.55,81.0,7,169.0,92,1.51,0.27,13.0,0.27,2,7.0,Grass,Buena,victorias,Regular,victorias,player1,False,True,False
3.0078,0.03,1820,65.0,-19.0,2,1728,62.0,0.53,11.0,9.0,0.72,55.0,0.7560975609756098,159.0,1.55,81.0,7,169.0,92,1.51,0.27,13.0,0.27,2,7.0,Grass,Buena,victorias,Regular,victorias,player1,False,True,False
7.3155,0.19,1723,55.0,-120.0,0,1793,62.0,0.47,11.0,9.0,0.59,55.0,0.33879781420765026,134.0,1.3,182.0,8,169.0,-70,1.35,0.27,11.0,0.27,2,9.0,Hard,Regular,victorias,Regular,victorias,player1,False,False,True
7.3155,0.19,1723,55.0,-120.0,0,1793,62.0,0.47,11.0,9.0,0.59,55.0,0.33879781420765026,134.0,1.3,182.0,8,169.0,-70,1.35,0.27,11.0,0.27,2,9.0,Hard,Regular,victorias,Regular,victorias,player1,False,False,True
7.3155,0.19,1723,55.0,-120.0,0,1793,62.0,0.47,11.0,9.0,0.59,55.0,0.33879781420765026,134.0,1.3,182.0,8,169.0,-70,1.35,0.27,11.0,0.27,2,9.0,Hard,Regular,victorias,Regular,victorias,player1,False,False,True
0.0,0.13,1805,75.0,48.0,2,1726,154.0,0.46,10.0,10.0,0.49,50.0,1.439252336448598,150.0,1.48,106.0,4,139.0,79,1.39,0.27,15.0,0.27,2,5.0,Hard,Excelente,victorias,Regular,victorias,player2,False,False,True
0.0,0.13,1805,75.0,48.0,2,1726,154.0,0.46,10.0,10.0,0.49,50.0,1.439252336448598,150.0,1.48,106.0,4,139.0,79,1.39,0.27,15.0,0.27,2,5.0,Hard,Excelente,victorias,Regular,victorias,player2,False,False,True
0.0,0.13,1805,75.0,48.0,2,1726,154.0,0.46,10.0,10.0,0.49,50.0,1.439252336448598,150.0,1.48,106.0,4,139.0,79,1.39,0.27,15.0,0.27,2,5.0,Hard,Excelente,victorias,Regular,victorias,player2,False,False,True
11.293,0.13,1726,65.0,57.0,1,1672,155.0,0.4,10.0,10.0,0.45,50.0,1.5656565656565657,152.0,1.41,98.0,3,139.0,54,1.31,0.19,13.0,0.09,2,7.0,Hard,Buena,victorias,Regular,victorias,player2,False,False,True
11.293,0.13,1726,65.0,57.0,1,1672,155.0,0.4,10.0,10.0,0.45,50.0,1.5656565656565657,152.0,1.41,98.0,3,139.0,54,1.31,0.19,13.0,0.09,2,7.0,Hard,Buena,victorias,Regular,victorias,player2,False,False,True
11.293,0.13,1726,65.0,57.0,1,1672,155.0,0.4,10.0,10.0,0.45,50.0,1.5656565656565657,152.0,1.41,98.0,3,139.0,54,1.31,0.19,13.0,0.09,2,7.0,Hard,Buena,victorias,Regular,victorias,player2,False,False,True
0.0,0.0,1544,66.7,29.0,2,1781,205.0,0.32,14.0,6.0,0.49,70.0,1.1581920903954803,135.0,1.43,176.0,0,131.0,-237,1.63,0.21,2.0,0.0,2,1.0,Hard,Buena,victorias,Buena,victorias,player2,False,False,True
0.0,0.0,1544,66.7,29.0,2,1781,205.0,0.32,14.0,6.0,0.49,70.0,1.1581920903954803,135.0,1.43,176.0,0,131.0,-237,1.63,0.21,2.0,0.0,2,1.0,Hard,Buena,victorias,Buena,victorias,player2,False,False,True
0.0,0.0,1544,66.7,29.0,2,1781,205.0,0.32,14.0,6.0,0.49,70.0,1.1581920903954803,135.0,1.43,176.0,0,131.0,-237,1.63,0.21,2.0,0.0,2,1.0,Hard,Buena,victorias,Buena,victorias,player2,False,False,True
0.0,0.03,1663,55.0,76.0,1,1710,139.0,0.36,13.0,7.0,0.46,65.0,2.171875,168.0,1.4,63.0,1,142.0,-47,1.43,0.15,11.0,0.22,2,9.0,Hard,Regular,victorias,Buena,victorias,player1,False,False,True
0.0,0.03,1663,55.0,76.0,1,1710,139.0,0.36,13.0,7.0,0.46,65.0,2.171875,168.0,1.4,63.0,1,142.0,-47,1.43,0.15,11.0,0.22,2,9.0,Hard,Regular,victorias,Buena,victorias,player1,False,False,True
0.0,0.03,1663,55.0,76.0,1,1710,139.0,0.36,13.0,7.0,0.46,65.0,2.171875,168.0,1.4,63.0,1,142.0,-47,1.43,0.15,11.0,0.22,2,9.0,Hard,Regular,victorias,Buena,victorias,player1,False,False,True
13.048,0.17,1709,65.0,-21.0,2,1705,155.0,0.41,13.0,7.0,0.43,65.0,0.8757062146892656,135.0,1.33,176.0,6,139.0,4,1.37,0.0,13.0,0.18,2,7.0,Hard,Buena,victorias,Buena,victorias,player1,False,False,True
11.386899999999999,0.02,1716,60.0,158.0,0,1648,182.0,0.66,8.0,12.0,0.35,40.0,7.28,217.0,1.77,24.0,6,134.0,68,1.52,0.27,12.0,0.27,5,8.0,Grass,Buena,victorias,Regular,victorias,player2,False,True,False
11.386899999999999,0.02,1716,60.0,158.0,0,1648,182.0,0.66,8.0,12.0,0.35,40.0,7.28,217.0,1.77,24.0,6,134.0,68,1.52,0.27,12.0,0.27,5,8.0,Grass,Buena,victorias,Regular,victorias,player2,False,True,False
11.386899999999999,0.02,1716,60.0,158.0,0,1648,182.0,0.66,8.0,12.0,0.35,40.0,7.28,217.0,1.77,24.0,6,134.0,68,1.52,0.27,12.0,0.27,5,8.0,Grass,Buena,victorias,Regular,victorias,player2,False,True,False
13.1546,0.02,1740,55.0,-24.0,2,1739,52.0,0.68,10.0,10.0,0.62,50.0,0.6753246753246753,161.0,1.7,76.0,5,176.0,1,1.57,0.27,11.0,0.27,5,9.0,Grass,Regular,victorias,Regular,victorias,player2,False,True,False
0.0,0.25,1625,66.7,55.0,1,1712,77.0,0.52,14.0,6.0,0.52,70.0,3.347826086956522,223.0,1.48,22.0,1,161.0,-87,1.45,0.12,10.0,0.13,5,5.0,Clay,Buena,victorias,Buena,victorias,player1,True,False,False
0.0,0.25,1625,66.7,55.0,1,1712,77.0,0.52,14.0,6.0,0.52,70.0,3.347826086956522,223.0,1.48,22.0,1,161.0,-87,1.45,0.12,10.0,0.13,5,5.0,Clay,Buena,victorias,Buena,victorias,player1,True,False,False
0.0,0.25,1625,66.7,55.0,1,1712,77.0,0.52,14.0,6.0,0.52,70.0,3.347826086956522,223.0,1.48,22.0,1,161.0,-87,1.45,0.12,10.0,0.13,5,5.0,Clay,Buena,victorias,Buena,victorias,player1,True,False,False
0.0,0.26,1830,90.0,0.0,3,1648,176.0,0.6,10.0,10.0,0.51,50.0,0.9943502824858758,135.0,1.52,176.0,2,135.0,182,1.25,0.2,18.0,0.12,3,2.0,Clay,Excelente,victorias,Regular,derrotas,player2,True,False,False
0.0,0.26,1830,90.0,0.0,3,1648,176.0,0.6,10.0,10.0,0.51,50.0,0.9943502824858758,135.0,1.52,176.0,2,135.0,182,1.25,0.2,18.0,0.12,3,2.0,Clay,Excelente,victorias,Regular,derrotas,player2,True,False,False
0.0,0.26,1830,90.0,0.0,3,1648,176.0,0.6,10.0,10.0,0.51,50.0,0.9943502824858758,135.0,1.52,176.0,2,135.0,182,1.25,0.2,18.0,0.12,3,2.0,Clay,Excelente,victorias,Regular,derrotas,player2,True,False,False
0.0,0.0,1657,55.0,76.0,1,1800,98.0,0.52,17.0,3.0,0.55,85.0,4.260869565217392,223.0,1.39,22.0,0,152.0,-143,1.57,0.25,11.0,0.19,3,9.0,Clay,Regular,victorias,Excelente,victorias,player2,True,False,False
0.0,0.0,1657,55.0,76.0,1,1800,98.0,0.52,17.0,3.0,0.55,85.0,4.260869565217392,223.0,1.39,22.0,0,152.0,-143,1.57,0.25,11.0,0.19,3,9.0,Clay,Regular,victorias,Excelente,victorias,player2,True,False,False
0.0,0.0,1657,55.0,76.0,1,1800,98.0,0.52,17.0,3.0,0.55,85.0,4.260869565217392,223.0,1.39,22.0,0,152.0,-143,1.57,0.25,11.0,0.19,3,9.0,Clay,Regular,victorias,Excelente,victorias,player2,True,False,False
62.3841,0.14,1927,65.0,-176.0,0,1827,24.0,0.69,11.0,9.0,0.66,55.0,0.11940298507462686,132.0,1.48,200.0,15,217.0,100,1.44,0.27,13.0,0.27,2,7.0,Grass,Buena,victorias,Regular,victorias,player2,False,True,False
62.3841,0.14,1927,65.0,-176.0,0,1827,24.0,0.69,11.0,9.0,0.66,55.0,0.11940298507462686,132.0,1.48,200.0,15,217.0,100,1.44,0.27,13.0,0.27,2,7.0,Grass,Buena,victorias,Regular,victorias,player2,False,True,False
62.3841,0.14,1927,65.0,-176.0,0,1827,24.0,0.69,11.0,9.0,0.66,55.0,0.11940298507462686,132.0,1.48,200.0,15,217.0,100,1.44,0.27,13.0,0.27,2,7.0,Grass,Buena,victorias,Regular,victorias,player2,False,True,False
14.9938,0.13,1714,60.0,0.0,3,1570,32.0,0.46,10.0,10.0,0.32,50.0,0.9696969696969697,200.0,1.38,32.0,3,200.0,144,1.34,0.2,12.0,0.27,2,8.0,Clay,Buena,victorias,Regular,victorias,player2,True,False,False
14.9938,0.13,1714,60.0,0.0,3,1570,32.0,0.46,10.0,10.0,0.32,50.0,0.9696969696969697,200.0,1.38,32.0,3,200.0,144,1.34,0.2,12.0,0.27,2,8.0,Clay,Buena,victorias,Regular,victorias,player2,True,False,False
14.9938,0.13,1714,60.0,0.0,3,1570,32.0,0.46,10.0,10.0,0.32,50.0,0.9696969696969697,200.0,1.38,32.0,3,200.0,144,1.34,0.2,12.0,0.27,2,8.0,Clay,Buena,victorias,Regular,victorias,player2,True,False,False
0.0,0.0,1644,55.0,58.0,1,1750,139.0,0.43,13.0,7.0,0.41,65.0,1.6951219512195121,159.0,1.4,81.0,0,142.0,-106,1.53,0.27,11.0,0.23,2,9.0,Clay,Regular,victorias,Buena,victorias,player1,True,False,False
0.0,0.0,1644,55.0,58.0,1,1750,139.0,0.43,13.0,7.0,0.41,65.0,1.6951219512195121,159.0,1.4,81.0,0,142.0,-106,1.53,0.27,11.0,0.23,2,9.0,Clay,Regular,victorias,Buena,victorias,player1,True,False,False
0.0,0.0,1644,55.0,58.0,1,1750,139.0,0.43,13.0,7.0,0.41,65.0,1.6951219512195121,159.0,1.4,81.0,0,142.0,-106,1.53,0.27,11.0,0.23,2,9.0,Clay,Regular,victorias,Buena,victorias,player1,True,False,False
3.25,0.23,1597,45.0,0.0,3,1671,139.0,0.33,12.0,8.0,0.41,60.0,0.9928571428571429,142.0,1.37,139.0,3,142.0,-74,1.43,0.16,9.0,0.09,3,11.0,Clay,Regular,victorias,Buena,victorias,player2,True,False,False
3.25,0.23,1597,45.0,0.0,3,1671,139.0,0.33,12.0,8.0,0.41,60.0,0.9928571428571429,142.0,1.37,139.0,3,142.0,-74,1.43,0.16,9.0,0.09,3,11.0,Clay,Regular,victorias,Buena,victorias,player2,True,False,False
3.25,0.23,1597,45.0,0.0,3,1671,139.0,0.33,12.0,8.0,0.41,60.0,0.9928571428571429,142.0,1.37,139.0,3,142.0,-74,1.43,0.16,9.0,0.09,3,11.0,Clay,Regular,victorias,Buena,victorias,player2,True,False,False
3.0383,0.12,1768,80.0,0.0,3,1636,176.0,0.35,11.0,9.0,0.37,55.0,0.9943502824858758,135.0,1.5,176.0,3,135.0,132,1.28,0.0,16.0,0.17,3,4.0,Clay,Excelente,victorias,Regular,derrotas,player2,True,False,False
0.7799999999999998,0.27,1631,45.0,112.0,0,1669,151.0,0.23,13.0,7.0,0.41,65.0,3.775,190.0,1.26,39.0,3,139.0,-38,1.42,0.26,9.0,0.26,-1,11.0,Clay,Regular,derrotas,Buena,victorias,player1,True,False,False
0.7799999999999998,0.27,1631,45.0,112.0,0,1669,151.0,0.23,13.0,7.0,0.41,65.0,3.775,190.0,1.26,39.0,3,139.0,-38,1.42,0.26,9.0,0.26,-1,11.0,Clay,Regular,derrotas,Buena,victorias,player1,True,False,False
0.0,0.0,1601,45.0,-152.0,0,1505,53.0,0.32,1.0,1.0,0.0,50.0,0.25728155339805825,131.0,1.37,205.0,0,175.0,96,1.32,0.12,9.0,0.24,2,11.0,Clay,Regular,victorias,Regular,derrotas,player1,True,False,False
0.0,0.0,1601,45.0,-152.0,0,1505,53.0,0.32,1.0,1.0,0.0,50.0,0.25728155339805825,131.0,1.37,205.0,0,175.0,96,1.32,0.12,9.0,0.24,2,11.0,Clay,Regular,victorias,Regular,derrotas,player1,True,False,False
10.4443,0.0,1750,60.0,43.0,2,1463,51.0,0.52,5.0,15.0,0.31,25.0,5.666666666666667,319.0,1.47,8.0,2,177.0,287,1.08,0.27,12.0,0.27,2,8.0,Clay,Buena,victorias,Mala,derrotas,player1,True,False,False
10.4443,0.0,1750,60.0,43.0,2,1463,51.0,0.52,5.0,15.0,0.31,25.0,5.666666666666667,319.0,1.47,8.0,2,177.0,287,1.08,0.27,12.0,0.27,2,8.0,Clay,Buena,victorias,Mala,derrotas,player1,True,False,False
0.0,0.25,1640,68.8,55.0,1,1690,77.0,0.13,13.0,7.0,0.09,65.0,3.347826086956522,223.0,1.18,22.0,1,161.0,-50,1.0,0.12,11.0,0.13,6,5.0,Clay,Buena,victorias,Buena,derrotas,player1,True,False,False
0.0,0.25,1640,68.8,55.0,1,1690,77.0,0.13,13.0,7.0,0.09,65.0,3.347826086956522,223.0,1.18,22.0,1,161.0,-50,1.0,0.12,11.0,0.13,6,5.0,Clay,Buena,victorias,Buena,derrotas,player1,True,False,False
0.0,0.25,1640,68.8,55.0,1,1690,77.0,0.13,13.0,7.0,0.09,65.0,3.347826086956522,223.0,1.18,22.0,1,161.0,-50,1.0,0.12,11.0,0.13,6,5.0,Clay,Buena,victorias,Buena,derrotas,player1,True,False,False
0.0,0.25,1640,68.8,55.0,1,1690,77.0,0.13,13.0,7.0,0.09,65.0,3.347826086956522,223.0,1.18,22.0,1,161.0,-50,1.0,0.12,11.0,0.13,6,5.0,Clay,Buena,victorias,Buena,derrotas,player1,True,False,False
0.0,0.25,1640,68.8,55.0,1,1690,77.0,0.13,13.0,7.0,0.09,65.0,3.347826086956522,223.0,1.18,22.0,1,161.0,-50,1.0,0.12,11.0,0.13,6,5.0,Clay,Buena,victorias,Buena,derrotas,player1,True,False,False
0.0,0.25,1640,68.8,55.0,1,1690,77.0,0.13,13.0,7.0,0.09,65.0,3.347826086956522,223.0,1.18,22.0,1,161.0,-50,1.0,0.12,11.0,0.13,6,5.0,Clay,Buena,victorias,Buena,derrotas,player1,True,False,False
58.3958,0.18,1949,70.0,-91.0,1,1751,62.0,0.15,9.0,11.0,0.07,45.0,0.4025974025974026,139.0,1.55,153.0,17,169.0,198,1.26,0.27,14.0,0.27,3,6.0,Grass,Buena,victorias,Regular,derrotas,player1,False,True,False
58.3958,0.18,1949,70.0,-91.0,1,1751,62.0,0.15,9.0,11.0,0.07,45.0,0.4025974025974026,139.0,1.55,153.0,17,169.0,198,1.26,0.27,14.0,0.27,3,6.0,Grass,Buena,victorias,Regular,derrotas,player1,False,True,False
58.3958,0.18,1949,70.0,-91.0,1,1751,62.0,0.15,9.0,11.0,0.07,45.0,0.4025974025974026,139.0,1.55,153.0,17,169.0,198,1.26,0.27,14.0,0.27,3,6.0,Grass,Buena,victorias,Regular,derrotas,player1,False,True,False
62.3836,0.14,1911,60.0,178.0,0,1849,200.0,0.16,12.0,8.0,0.46,60.0,8.695652173913043,223.0,1.43,22.0,14,132.0,62,1.46,0.27,12.0,0.27,-1,8.0,Grass,Buena,derrotas,Buena,victorias,player1,False,True,False
62.3836,0.14,1911,60.0,178.0,0,1849,200.0,0.16,12.0,8.0,0.46,60.0,8.695652173913043,223.0,1.43,22.0,14,132.0,62,1.46,0.27,12.0,0.27,-1,8.0,Grass,Buena,derrotas,Buena,victorias,player1,False,True,False
62.3836,0.14,1911,60.0,178.0,0,1849,200.0,0.16,12.0,8.0,0.46,60.0,8.695652173913043,223.0,1.43,22.0,14,132.0,62,1.46,0.27,12.0,0.27,-1,8.0,Grass,Buena,derrotas,Buena,victorias,player1,False,True,False
0.0,0.0,1641,55.0,-17.0,2,1805,22.0,0.07,17.0,3.0,0.12,85.0,0.55,190.0,0.97,39.0,0,223.0,-164,1.19,0.25,11.0,0.2,-1,9.0,Clay,Regular,derrotas,Excelente,victorias,player1,True,False,False
0.0,0.0,1641,55.0,-17.0,2,1805,22.0,0.07,17.0,3.0,0.12,85.0,0.55,190.0,0.97,39.0,0,223.0,-164,1.19,0.25,11.0,0.2,-1,9.0,Clay,Regular,derrotas,Excelente,victorias,player1,True,False,False
0.0,0.0,1641,55.0,-17.0,2,1805,22.0,0.07,17.0,3.0,0.12,85.0,0.55,190.0,0.97,39.0,0,223.0,-164,1.19,0.25,11.0,0.2,-1,9.0,Clay,Regular,derrotas,Excelente,victorias,player1,True,False,False
13.1557,0.02,1720,55.0,52.0,1,1747,76.0,0.21,10.0,10.0,0.3,50.0,3.04,217.0,1.14,24.0,5,161.0,-27,1.28,0.27,11.0,0.27,-1,9.0,Grass,Regular,derrotas,Regular,victorias,player1,False,True,False
0.0,0.25,1640,68.8,55.0,1,1690,77.0,0.13,13.0,7.0,0.09,65.0,3.347826086956522,223.0,1.18,22.0,1,161.0,-50,1.0,0.12,11.0,0.13,6,5.0,Clay,Buena,victorias,Buena,derrotas,player1,True,False,False
0.0,0.25,1640,68.8,55.0,1,1690,77.0,0.13,13.0,7.0,0.09,65.0,3.347826086956522,223.0,1.18,22.0,1,161.0,-50,1.0,0.12,11.0,0.13,6,5.0,Clay,Buena,victorias,Buena,derrotas,player1,True,False,False
0.0,0.25,1640,68.8,55.0,1,1690,77.0,0.13,13.0,7.0,0.09,65.0,3.347826086956522,223.0,1.18,22.0,1,161.0,-50,1.0,0.12,11.0,0.13,6,5.0,Clay,Buena,victorias,Buena,derrotas,player1,True,False,False
58.395900000000005,0.19,1943,70.0,-91.0,1,1757,62.0,0.13,9.0,11.0,0.09,45.0,0.4025974025974026,139.0,1.53,153.0,17,169.0,186,1.34,0.27,14.0,0.27,2,6.0,Grass,Buena,victorias,Regular,victorias,player1,False,True,False
58.395900000000005,0.19,1943,70.0,-91.0,1,1757,62.0,0.13,9.0,11.0,0.09,45.0,0.4025974025974026,139.0,1.53,153.0,17,169.0,186,1.34,0.27,14.0,0.27,2,6.0,Grass,Buena,victorias,Regular,victorias,player1,False,True,False
58.395900000000005,0.19,1943,70.0,-91.0,1,1757,62.0,0.13,9.0,11.0,0.09,45.0,0.4025974025974026,139.0,1.53,153.0,17,169.0,186,1.34,0.27,14.0,0.27,2,6.0,Grass,Buena,victorias,Regular,victorias,player1,False,True,False
62.3837,0.14,1927,65.0,178.0,0,1822,200.0,0.25,11.0,9.0,0.21,55.0,8.695652173913043,223.0,1.54,22.0,14,132.0,105,1.44,0.27,13.0,0.27,2,7.0,Grass,Buena,victorias,Regular,victorias,player1,False,True,False
62.3837,0.14,1927,65.0,178.0,0,1822,200.0,0.25,11.0,9.0,0.21,55.0,8.695652173913043,223.0,1.54,22.0,14,132.0,105,1.44,0.27,13.0,0.27,2,7.0,Grass,Buena,victorias,Regular,victorias,player1,False,True,False
62.3837,0.14,1927,65.0,178.0,0,1822,200.0,0.25,11.0,9.0,0.21,55.0,8.695652173913043,223.0,1.54,22.0,14,132.0,105,1.44,0.27,13.0,0.27,2,7.0,Grass,Buena,victorias,Regular,victorias,player1,False,True,False
0.0,0.0,1655,55.0,-17.0,2,1797,22.0,0.07,17.0,3.0,0.11,85.0,0.55,190.0,1.04,39.0,0,223.0,-142,1.18,0.25,11.0,0.19,3,9.0,Clay,Regular,victorias,Excelente,victorias,player1,True,False,False
0.0,0.0,1655,55.0,-17.0,2,1797,22.0,0.07,17.0,3.0,0.11,85.0,0.55,190.0,1.04,39.0,0,223.0,-142,1.18,0.25,11.0,0.19,3,9.0,Clay,Regular,victorias,Excelente,victorias,player1,True,False,False
0.0,0.0,1655,55.0,-17.0,2,1797,22.0,0.07,17.0,3.0,0.11,85.0,0.55,190.0,1.04,39.0,0,223.0,-142,1.18,0.25,11.0,0.19,3,9.0,Clay,Regular,victorias,Excelente,victorias,player1,True,False,False
13.1557,0.02,1740,55.0,52.0,1,1737,76.0,0.43,10.0,10.0,0.19,50.0,3.04,217.0,1.33,24.0,5,161.0,3,1.23,0.27,11.0,0.27,5,9.0,Grass,Regular,victorias,Regular,victorias,player1,False,True,False
0.0,0.25,1625,66.7,55.0,1,1711,77.0,0.11,14.0,6.0,0.09,70.0,3.347826086956522,223.0,1.11,22.0,1,161.0,-86,1.08,0.12,10.0,0.13,5,5.0,Clay,Buena,victorias,Buena,victorias,player1,True,False,False
0.0,0.25,1625,66.7,55.0,1,1711,77.0,0.11,14.0,6.0,0.09,70.0,3.347826086956522,223.0,1.11,22.0,1,161.0,-86,1.08,0.12,10.0,0.13,5,5.0,Clay,Buena,victorias,Buena,victorias,player1,True,False,False
0.0,0.25,1625,66.7,55.0,1,1711,77.0,0.11,14.0,6.0,0.09,70.0,3.347826086956522,223.0,1.11,22.0,1,161.0,-86,1.08,0.12,10.0,0.13,5,5.0,Clay,Buena,victorias,Buena,victorias,player1,True,False,False
58.395900000000005,0.19,1943,70.0,-91.0,1,1757,62.0,0.13,9.0,11.0,0.09,45.0,0.4025974025974026,139.0,1.53,153.0,17,169.0,186,1.34,0.27,14.0,0.27,2,6.0,Grass,Buena,victorias,Regular,victorias,player1,False,True,False
58.395900000000005,0.19,1943,70.0,-91.0,1,1757,62.0,0.13,9.0,11.0,0.09,45.0,0.4025974025974026,139.0,1.53,153.0,17,169.0,186,1.34,0.27,14.0,0.27,2,6.0,Grass,Buena,victorias,Regular,victorias,player1,False,True,False
58.395900000000005,0.19,1943,70.0,-91.0,1,1757,62.0,0.13,9.0,11.0,0.09,45.0,0.4025974025974026,139.0,1.53,153.0,17,169.0,186,1.34,0.27,14.0,0.27,2,6.0,Grass,Buena,victorias,Regular,victorias,player1,False,True,False
62.3837,0.14,1927,65.0,178.0,0,1822,200.0,0.25,11.0,9.0,0.21,55.0,8.695652173913043,223.0,1.49,22.0,14,132.0,105,1.39,0.27,13.0,0.27,2,7.0,Grass,Buena,victorias,Regular,victorias,player1,False,True,False
62.3837,0.14,1927,65.0,178.0,0,1822,200.0,0.25,11.0,9.0,0.21,55.0,8.695652173913043,223.0,1.49,22.0,14,132.0,105,1.39,0.27,13.0,0.27,2,7.0,Grass,Buena,victorias,Regular,victorias,player1,False,True,False
62.3837,0.14,1927,65.0,178.0,0,1822,200.0,0.25,11.0,9.0,0.21,55.0,8.695652173913043,223.0,1.49,22.0,14,132.0,105,1.39,0.27,13.0,0.27,2,7.0,Grass,Buena,victorias,Regular,victorias,player1,False,True,False
0.0,0.0,1655,55.0,-17.0,2,1798,22.0,0.07,17.0,3.0,0.12,85.0,0.55,190.0,1.04,39.0,0,223.0,-143,1.14,0.25,11.0,0.19,3,9.0,Clay,Regular,victorias,Excelente,victorias,player1,True,False,False
0.0,0.0,1655,55.0,-17.0,2,1798,22.0,0.07,17.0,3.0,0.12,85.0,0.55,190.0,1.04,39.0,0,223.0,-143,1.14,0.25,11.0,0.19,3,9.0,Clay,Regular,victorias,Excelente,victorias,player1,True,False,False
0.0,0.0,1655,55.0,-17.0,2,1798,22.0,0.07,17.0,3.0,0.12,85.0,0.55,190.0,1.04,39.0,0,223.0,-143,1.14,0.25,11.0,0.19,3,9.0,Clay,Regular,victorias,Excelente,victorias,player1,True,False,False
13.1557,0.02,1740,55.0,52.0,1,1737,76.0,0.43,10.0,10.0,0.19,50.0,3.04,217.0,1.33,24.0,5,161.0,3,1.23,0.27,11.0,0.27,5,9.0,Grass,Regular,victorias,Regular,victorias,player1,False,True,False
0.0,0.25,1625,66.7,55.0,1,1711,77.0,0.11,14.0,6.0,0.09,70.0,3.347826086956522,223.0,1.07,22.0,1,161.0,-86,1.05,0.12,10.0,0.13,5,5.0,Clay,Buena,victorias,Buena,victorias,player1,True,False,False
0.0,0.25,1625,66.7,55.0,1,1711,77.0,0.11,14.0,6.0,0.09,70.0,3.347826086956522,223.0,1.07,22.0,1,161.0,-86,1.05,0.12,10.0,0.13,5,5.0,Clay,Buena,victorias,Buena,victorias,player1,True,False,False
0.0,0.25,1625,66.7,55.0,1,1711,77.0,0.11,14.0,6.0,0.09,70.0,3.347826086956522,223.0,1.07,22.0,1,161.0,-86,1.05,0.12,10.0,0.13,5,5.0,Clay,Buena,victorias,Buena,victorias,player1,True,False,False
58.395900000000005,0.19,1943,70.0,-91.0,1,1757,62.0,0.13,9.0,11.0,0.09,45.0,0.4025974025974026,139.0,1.53,153.0,17,169.0,186,1.34,0.27,14.0,0.27,2,6.0,Grass,Buena,victorias,Regular,victorias,player1,False,True,False
58.395900000000005,0.19,1943,70.0,-91.0,1,1757,62.0,0.13,9.0,11.0,0.09,45.0,0.4025974025974026,139.0,1.53,153.0,17,169.0,186,1.34,0.27,14.0,0.27,2,6.0,Grass,Buena,victorias,Regular,victorias,player1,False,True,False
58.395900000000005,0.19,1943,70.0,-91.0,1,1757,62.0,0.13,9.0,11.0,0.09,45.0,0.4025974025974026,139.0,1.53,153.0,17,169.0,186,1.34,0.27,14.0,0.27,2,6.0,Grass,Buena,victorias,Regular,victorias,player1,False,True,False
62.3837,0.14,1927,65.0,178.0,0,1822,200.0,0.25,11.0,9.0,0.21,55.0,8.695652173913043,223.0,1.49,22.0,14,132.0,105,1.39,0.27,13.0,0.27,2,7.0,Grass,Buena,victorias,Regular,victorias,player1,False,True,False
62.3837,0.14,1927,65.0,178.0,0,1822,200.0,0.25,11.0,9.0,0.21,55.0,8.695652173913043,223.0,1.49,22.0,14,132.0,105,1.39,0.27,13.0,0.27,2,7.0,Grass,Buena,victorias,Regular,victorias,player1,False,True,False
62.3837,0.14,1927,65.0,178.0,0,1822,200.0,0.25,11.0,9.0,0.21,55.0,8.695652173913043,223.0,1.49,22.0,14,132.0,105,1.39,0.27,13.0,0.27,2,7.0,Grass,Buena,victorias,Regular,victorias,player1,False,True,False
0.0,0.0,1655,55.0,-17.0,2,1798,22.0,0.07,17.0,3.0,0.12,85.0,0.55,190.0,1.04,39.0,0,223.0,-143,1.14,0.25,11.0,0.19,3,9.0,Clay,Regular,victorias,Excelente,victorias,player1,True,False,False
0.0,0.0,1655,55.0,-17.0,2,1798,22.0,0.07,17.0,3.0,0.12,85.0,0.55,190.0,1.04,39.0,0,223.0,-143,1.14,0.25,11.0,0.19,3,9.0,Clay,Regular,victorias,Excelente,victorias,player1,True,False,False
0.0,0.0,1655,55.0,-17.0,2,1798,22.0,0.07,17.0,3.0,0.12,85.0,0.55,190.0,1.04,39.0,0,223.0,-143,1.14,0.25,11.0,0.19,3,9.0,Clay,Regular,victorias,Excelente,victorias,player1,True,False,False
13.1557,0.02,1740,55.0,52.0,1,1737,76.0,0.43,10.0,10.0,0.19,50.0,3.04,217.0,1.33,24.0,5,161.0,3,1.23,0.27,11.0,0.27,5,9.0,Grass,Regular,victorias,Regular,victorias,player1,False,True,False
0.0,0.25,1625,66.7,55.0,1,1711,77.0,0.11,14.0,6.0,0.09,70.0,3.347826086956522,223.0,1.07,22.0,1,161.0,-86,1.05,0.12,10.0,0.13,5,5.0,Clay,Buena,victorias,Buena,victorias,player1,True,False,False
0.0,0.25,1625,66.7,55.0,1,1711,77.0,0.11,14.0,6.0,0.09,70.0,3.347826086956522,223.0,1.07,22.0,1,161.0,-86,1.05,0.12,10.0,0.13,5,5.0,Clay,Buena,victorias,Buena,victorias,player1,True,False,False
0.0,0.25,1625,66.7,55.0,1,1711,77.0,0.11,14.0,6.0,0.09,70.0,3.347826086956522,223.0,1.07,22.0,1,161.0,-86,1.05,0.12,10.0,0.13,5,5.0,Clay,Buena,victorias,Buena,victorias,player1,True,False,False
58.395900000000005,0.19,1943,70.0,-91.0,1,1757,62.0,0.13,9.0,11.0,0.09,45.0,0.4025974025974026,139.0,1.53,153.0,17,169.0,186,1.34,0.27,14.0,0.27,2,6.0,Grass,Buena,victorias,Regular,victorias,player1,False,True,False
58.395900000000005,0.19,1943,70.0,-91.0,1,1757,62.0,0.13,9.0,11.0,0.09,45.0,0.4025974025974026,139.0,1.53,153.0,17,169.0,186,1.34,0.27,14.0,0.27,2,6.0,Grass,Buena,victorias,Regular,victorias,player1,False,True,False
58.395900000000005,0.19,1943,70.0,-91.0,1,1757,62.0,0.13,9.0,11.0,0.09,45.0,0.4025974025974026,139.0,1.53,153.0,17,169.0,186,1.34,0.27,14.0,0.27,2,6.0,Grass,Buena,victorias,Regular,victorias,player1,False,True,False
62.3837,0.14,1927,65.0,178.0,0,1822,200.0,0.25,11.0,9.0,0.21,55.0,8.695652173913043,223.0,1.49,22.0,14,132.0,105,1.39,0.27,13.0,0.27,2,7.0,Grass,Buena,victorias,Regular,victorias,player1,False,True,False
62.3837,0.14,1927,65.0,178.0,0,1822,200.0,0.25,11.0,9.0,0.21,55.0,8.695652173913043,223.0,1.49,22.0,14,132.0,105,1.39,0.27,13.0,0.27,2,7.0,Grass,Buena,victorias,Regular,victorias,player1,False,True,False
62.3837,0.14,1927,65.0,178.0,0,1822,200.0,0.25,11.0,9.0,0.21,55.0,8.695652173913043,223.0,1.49,22.0,14,132.0,105,1.39,0.27,13.0,0.27,2,7.0,Grass,Buena,victorias,Regular,victorias,player1,False,True,False
0.0,0.0,1655,55.0,-17.0,2,1798,22.0,0.07,17.0,3.0,0.12,85.0,0.55,190.0,1.04,39.0,0,223.0,-143,1.14,0.25,11.0,0.19,3,9.0,Clay,Regular,victorias,Excelente,victorias,player1,True,False,False
0.0,0.0,1655,55.0,-17.0,2,1798,22.0,0.07,17.0,3.0,0.12,85.0,0.55,190.0,1.04,39.0,0,223.0,-143,1.14,0.25,11.0,0.19,3,9.0,Clay,Regular,victorias,Excelente,victorias,player1,True,False,False
0.0,0.0,1655,55.0,-17.0,2,1798,22.0,0.07,17.0,3.0,0.12,85.0,0.55,190.0,1.04,39.0,0,223.0,-143,1.14,0.25,11.0,0.19,3,9.0,Clay,Regular,victorias,Excelente,victorias,player1,True,False,False
13.1557,0.02,1740,55.0,52.0,1,1737,76.0,0.43,10.0,10.0,0.19,50.0,3.04,217.0,1.33,24.0,5,161.0,3,1.23,0.27,11.0,0.27,5,9.0,Grass,Regular,victorias,Regular,victorias,player1,False,True,False
0.0,0.25,1625,66.7,55.0,1,1711,77.0,0.11,14.0,6.0,0.09,70.0,3.347826086956522,223.0,1.07,22.0,1,161.0,-86,1.05,0.12,10.0,0.13,5,5.0,Clay,Buena,victorias,Buena,victorias,player1,True,False,False
0.0,0.25,1625,66.7,55.0,1,1711,77.0,0.11,14.0,6.0,0.09,70.0,3.347826086956522,223.0,1.07,22.0,1,161.0,-86,1.05,0.12,10.0,0.13,5,5.0,Clay,Buena,victorias,Buena,victorias,player1,True,False,False
0.0,0.25,1625,66.7,55.0,1,1711,77.0,0.11,14.0,6.0,0.09,70.0,3.347826086956522,223.0,1.07,22.0,1,161.0,-86,1.05,0.12,10.0,0.13,5,5.0,Clay,Buena,victorias,Buena,victorias,player1,True,False,False
4.226299999999999,0.17,1939,70.0,-91.0,1,2041,62.0,0.13,16.0,4.0,0.21,80.0,0.4025974025974026,139.0,1.56,153.0,15,169.0,-102,1.66,0.27,14.0,0.27,2,6.0,Grass,Buena,victorias,Excelente,victorias,player1,False,True,False
4.226299999999999,0.17,1939,70.0,-91.0,1,2041,62.0,0.13,16.0,4.0,0.21,80.0,0.4025974025974026,139.0,1.56,153.0,15,169.0,-102,1.66,0.27,14.0,0.27,2,6.0,Grass,Buena,victorias,Excelente,victorias,player1,False,True,False
4.226299999999999,0.17,1939,70.0,-91.0,1,2041,62.0,0.13,16.0,4.0,0.21,80.0,0.4025974025974026,139.0,1.56,153.0,15,169.0,-102,1.66,0.27,14.0,0.27,2,6.0,Grass,Buena,victorias,Excelente,victorias,player1,False,True,False
62.385,0.14,1927,65.0,178.0,0,1822,200.0,0.25,11.0,9.0,0.2,55.0,8.695652173913043,223.0,1.49,22.0,14,132.0,105,1.39,0.27,13.0,0.27,2,7.0,Grass,Buena,victorias,Regular,victorias,player1,False,True,False
62.385,0.14,1927,65.0,178.0,0,1822,200.0,0.25,11.0,9.0,0.2,55.0,8.695652173913043,223.0,1.49,22.0,14,132.0,105,1.39,0.27,13.0,0.27,2,7.0,Grass,Buena,victorias,Regular,victorias,player1,False,True,False
62.385,0.14,1927,65.0,178.0,0,1822,200.0,0.25,11.0,9.0,0.2,55.0,8.695652173913043,223.0,1.49,22.0,14,132.0,105,1.39,0.27,13.0,0.27,2,7.0,Grass,Buena,victorias,Regular,victorias,player1,False,True,False
0.0,0.0,1655,55.0,-17.0,2,1798,22.0,0.07,17.0,3.0,0.12,85.0,0.55,190.0,1.04,39.0,0,223.0,-143,1.14,0.25,11.0,0.19,3,9.0,Clay,Regular,victorias,Excelente,victorias,player1,True,False,False
0.0,0.0,1655,55.0,-17.0,2,1798,22.0,0.07,17.0,3.0,0.12,85.0,0.55,190.0,1.04,39.0,0,223.0,-143,1.14,0.25,11.0,0.19,3,9.0,Clay,Regular,victorias,Excelente,victorias,player1,True,False,False
0.0,0.0,1655,55.0,-17.0,2,1798,22.0,0.07,17.0,3.0,0.12,85.0,0.55,190.0,1.04,39.0,0,223.0,-143,1.14,0.25,11.0,0.19,3,9.0,Clay,Regular,victorias,Excelente,victorias,player1,True,False,False
13.1557,0.02,1740,55.0,52.0,1,1737,76.0,0.43,10.0,10.0,0.19,50.0,3.04,217.0,1.33,24.0,5,161.0,3,1.23,0.27,11.0,0.27,5,9.0,Grass,Regular,victorias,Regular,victorias,player1,False,True,False
0.0,0.25,1625,66.7,55.0,1,1711,77.0,0.11,14.0,6.0,0.09,70.0,3.347826086956522,223.0,1.07,22.0,1,161.0,-86,1.05,0.12,10.0,0.13,5,5.0,Clay,Buena,victorias,Buena,victorias,player1,True,False,False
0.0,0.25,1625,66.7,55.0,1,1711,77.0,0.11,14.0,6.0,0.09,70.0,3.347826086956522,223.0,1.07,22.0,1,161.0,-86,1.05,0.12,10.0,0.13,5,5.0,Clay,Buena,victorias,Buena,victorias,player1,True,False,False
0.0,0.25,1625,66.7,55.0,1,1711,77.0,0.11,14.0,6.0,0.09,70.0,3.347826086956522,223.0,1.07,22.0,1,161.0,-86,1.05,0.12,10.0,0.13,5,5.0,Clay,Buena,victorias,Buena,victorias,player1,True,False,False
4.226299999999999,0.17,1939,70.0,-91.0,1,2041,62.0,0.13,16.0,4.0,0.21,80.0,0.4025974025974026,139.0,1.56,153.0,15,169.0,-102,1.66,0.27,14.0,0.27,2,6.0,Grass,Buena,victorias,Excelente,victorias,player1,False,True,False
4.226299999999999,0.17,1939,70.0,-91.0,1,2041,62.0,0.13,16.0,4.0,0.21,80.0,0.4025974025974026,139.0,1.56,153.0,15,169.0,-102,1.66,0.27,14.0,0.27,2,6.0,Grass,Buena,victorias,Excelente,victorias,player1,False,True,False
4.226299999999999,0.17,1939,70.0,-91.0,1,2041,62.0,0.13,16.0,4.0,0.21,80.0,0.4025974025974026,139.0,1.56,153.0,15,169.0,-102,1.66,0.27,14.0,0.27,2,6.0,Grass,Buena,victorias,Excelente,victorias,player1,False,True,False
62.385,0.14,1927,65.0,178.0,0,1822,200.0,0.25,11.0,9.0,0.2,55.0,8.695652173913043,223.0,1.49,22.0,14,132.0,105,1.39,0.27,13.0,0.27,2,7.0,Grass,Buena,victorias,Regular,victorias,player1,False,True,False
62.385,0.14,1927,65.0,178.0,0,1822,200.0,0.25,11.0,9.0,0.2,55.0,8.695652173913043,223.0,1.49,22.0,14,132.0,105,1.39,0.27,13.0,0.27,2,7.0,Grass,Buena,victorias,Regular,victorias,player1,False,True,False
62.385,0.14,1927,65.0,178.0,0,1822,200.0,0.25,11.0,9.0,0.2,55.0,8.695652173913043,223.0,1.49,22.0,14,132.0,105,1.39,0.27,13.0,0.27,2,7.0,Grass,Buena,victorias,Regular,victorias,player1,False,True,False
0.0,0.0,1655,55.0,-17.0,2,1798,22.0,0.07,17.0,3.0,0.12,85.0,0.55,190.0,1.04,39.0,0,223.0,-143,1.14,0.25,11.0,0.19,3,9.0,Clay,Regular,victorias,Excelente,victorias,player1,True,False,False
0.0,0.0,1655,55.0,-17.0,2,1798,22.0,0.07,17.0,3.0,0.12,85.0,0.55,190.0,1.04,39.0,0,223.0,-143,1.14,0.25,11.0,0.19,3,9.0,Clay,Regular,victorias,Excelente,victorias,player1,True,False,False
0.0,0.0,1655,55.0,-17.0,2,1798,22.0,0.07,17.0,3.0,0.12,85.0,0.55,190.0,1.04,39.0,0,223.0,-143,1.14,0.25,11.0,0.19,3,9.0,Clay,Regular,victorias,Excelente,victorias,player1,True,False,False
13.1557,0.02,1740,55.0,52.0,1,1737,76.0,0.43,10.0,10.0,0.19,50.0,3.04,217.0,1.33,24.0,5,161.0,3,1.23,0.27,11.0,0.27,5,9.0,Grass,Regular,victorias,Regular,victorias,player1,False,True,False
0.0,0.25,1625,66.7,55.0,1,1711,77.0,0.11,14.0,6.0,0.09,70.0,3.347826086956522,223.0,1.07,22.0,1,161.0,-86,1.05,0.12,10.0,0.13,5,5.0,Clay,Buena,victorias,Buena,victorias,player1,True,False,False
0.0,0.25,1625,66.7,55.0,1,1711,77.0,0.11,14.0,6.0,0.09,70.0,3.347826086956522,223.0,1.07,22.0,1,161.0,-86,1.05,0.12,10.0,0.13,5,5.0,Clay,Buena,victorias,Buena,victorias,player1,True,False,False
0.0,0.25,1625,66.7,55.0,1,1711,77.0,0.11,14.0,6.0,0.09,70.0,3.347826086956522,223.0,1.07,22.0,1,161.0,-86,1.05,0.12,10.0,0.13,5,5.0,Clay,Buena,victorias,Buena,victorias,player1,True,False,False
27.929599999999997,0.17,1939,70.0,-91.0,1,1900,62.0,0.19,12.0,8.0,1.27,60.0,0.4025974025974026,139.0,1.18,153.0,13,169.0,39,1.2,0.27,14.0,0.27,2,6.0,Grass,Buena,victorias,Buena,victorias,player1,False,True,False
27.929599999999997,0.17,1939,70.0,-91.0,1,1900,62.0,0.19,12.0,8.0,1.27,60.0,0.4025974025974026,139.0,1.18,153.0,13,169.0,39,1.2,0.27,14.0,0.27,2,6.0,Grass,Buena,victorias,Buena,victorias,player1,False,True,False
27.929599999999997,0.17,1939,70.0,-91.0,1,1900,62.0,0.19,12.0,8.0,1.27,60.0,0.4025974025974026,139.0,1.18,153.0,13,169.0,39,1.2,0.27,14.0,0.27,2,6.0,Grass,Buena,victorias,Buena,victorias,player1,False,True,False
62.385,0.14,1927,65.0,178.0,0,1822,200.0,0.25,11.0,9.0,0.2,55.0,8.695652173913043,223.0,1.49,22.0,14,132.0,105,1.39,0.27,13.0,0.27,2,7.0,Grass,Buena,victorias,Regular,victorias,player1,False,True,False
62.385,0.14,1927,65.0,178.0,0,1822,200.0,0.25,11.0,9.0,0.2,55.0,8.695652173913043,223.0,1.49,22.0,14,132.0,105,1.39,0.27,13.0,0.27,2,7.0,Grass,Buena,victorias,Regular,victorias,player1,False,True,False
62.385,0.14,1927,65.0,178.0,0,1822,200.0,0.25,11.0,9.0,0.2,55.0,8.695652173913043,223.0,1.49,22.0,14,132.0,105,1.39,0.27,13.0,0.27,2,7.0,Grass,Buena,victorias,Regular,victorias,player1,False,True,False
0.0,0.0,1655,55.0,-17.0,2,1798,22.0,0.07,17.0,3.0,0.12,85.0,0.55,190.0,1.04,39.0,0,223.0,-143,1.14,0.25,11.0,0.19,3,9.0,Clay,Regular,victorias,Excelente,victorias,player1,True,False,False
0.0,0.0,1655,55.0,-17.0,2,1798,22.0,0.07,17.0,3.0,0.12,85.0,0.55,190.0,1.04,39.0,0,223.0,-143,1.14,0.25,11.0,0.19,3,9.0,Clay,Regular,victorias,Excelente,victorias,player1,True,False,False
0.0,0.0,1655,55.0,-17.0,2,1798,22.0,0.07,17.0,3.0,0.12,85.0,0.55,190.0,1.04,39.0,0,223.0,-143,1.14,0.25,11.0,0.19,3,9.0,Clay,Regular,victorias,Excelente,victorias,player1,True,False,False
13.1557,0.02,1740,55.0,52.0,1,1737,76.0,0.43,10.0,10.0,0.19,50.0,3.04,217.0,1.33,24.0,5,161.0,3,1.23,0.27,11.0,0.27,5,9.0,Grass,Regular,victorias,Regular,victorias,player1,False,True,False
0.0,0.25,1625,66.7,55.0,1,1711,77.0,0.11,14.0,6.0,0.09,70.0,3.347826086956522,223.0,1.07,22.0,1,161.0,-86,1.05,0.12,10.0,0.13,5,5.0,Clay,Buena,victorias,Buena,victorias,player1,True,False,False
0.0,0.25,1625,66.7,55.0,1,1711,77.0,0.11,14.0,6.0,0.09,70.0,3.347826086956522,223.0,1.07,22.0,1,161.0,-86,1.05,0.12,10.0,0.13,5,5.0,Clay,Buena,victorias,Buena,victorias,player1,True,False,False
0.0,0.25,1625,66.7,55.0,1,1711,77.0,0.11,14.0,6.0,0.09,70.0,3.347826086956522,223.0,1.07,22.0,1,161.0,-86,1.05,0.12,10.0,0.13,5,5.0,Clay,Buena,victorias,Buena,victorias,player1,True,False,False
27.929599999999997,0.17,1939,70.0,-91.0,1,1900,62.0,0.19,12.0,8.0,1.27,60.0,0.4025974025974026,139.0,1.18,153.0,13,169.0,39,1.2,0.27,14.0,0.27,2,6.0,Grass,Buena,victorias,Buena,victorias,player1,False,True,False
27.929599999999997,0.17,1939,70.0,-91.0,1,1900,62.0,0.19,12.0,8.0,1.27,60.0,0.4025974025974026,139.0,1.18,153.0,13,169.0,39,1.2,0.27,14.0,0.27,2,6.0,Grass,Buena,victorias,Buena,victorias,player1,False,True,False
27.929599999999997,0.17,1939,70.0,-91.0,1,1900,62.0,0.19,12.0,8.0,1.27,60.0,0.4025974025974026,139.0,1.18,153.0,13,169.0,39,1.2,0.27,14.0,0.27,2,6.0,Grass,Buena,victorias,Buena,victorias,player1,False,True,False
0.0,0.0,1798,85.0,-17.0,2,1500,22.0,0.12,7.200053527332902,10.80008029099935,0.0,40.0,0.55,190.0,1.14,39.0,0,223.0,298,0.0,0.0,17.0,0.25,3,3.0,Clay,Excelente,victorias,,,player1,True,False,False
0.0,0.0,1798,85.0,-17.0,2,1500,22.0,0.12,7.200053527332902,10.80008029099935,0.0,40.0,0.55,190.0,1.14,39.0,0,223.0,298,0.0,0.0,17.0,0.25,3,3.0,Clay,Excelente,victorias,,,player1,True,False,False
0.0,0.0,1798,85.0,-17.0,2,1500,22.0,0.12,7.200053527332902,10.80008029099935,0.0,40.0,0.55,190.0,1.14,39.0,0,223.0,298,0.0,0.0,17.0,0.25,3,3.0,Clay,Excelente,victorias,,,player1,True,False,False
0.0,-0.0,1738,50.0,52.0,1,1500,76.0,0.13,6.000000000000001,14.0,0.0,30.0,3.04,217.0,1.64,24.0,0,161.0,238,0.0,0.0,10.0,0.27,3,10.0,Grass,Regular,victorias,,,player1,False,True,False
0.0,0.0,1625,66.7,55.0,1,1500,77.0,0.11,5.916651647692169,9.883593583027427,0.0,36.57012299099097,3.347826086956522,223.0,1.1,22.0,0,161.0,125,0.0,0.0,10.0,0.13,5,5.0,Clay,Buena,victorias,,,player1,True,False,False
0.0,0.0,1625,66.7,55.0,1,1500,77.0,0.11,5.916651647692169,9.883593583027427,0.0,36.57012299099097,3.347826086956522,223.0,1.1,22.0,0,161.0,125,0.0,0.0,10.0,0.13,5,5.0,Clay,Buena,victorias,,,player1,True,False,False
0.0,0.0,1625,66.7,55.0,1,1500,77.0,0.11,5.916651647692169,9.883593583027427,0.0,36.57012299099097,3.347826086956522,223.0,1.1,22.0,0,161.0,125,0.0,0.0,10.0,0.13,5,5.0,Clay,Buena,victorias,,,player1,True,False,False
113.3652,0.41,1846,50.0,-21.0,2,1786,77.0,0.08,11.0,9.0,0.08,55.0,0.7777777777777778,152.0,1.15,98.0,42,161.0,60,1.18,0.27,10.0,0.27,-1,10.0,Grass,Regular,derrotas,Regular,derrotas,player1,False,True,False
20.7719,0.05,1864,70.0,-99.0,1,1743,98.0,0.02,15.0,5.0,0.02,75.0,0.494949494949495,132.0,1.36,197.0,6,152.0,121,1.28,0.46,14.0,0.57,1,6.0,Grass,Buena,victorias,Excelente,victorias,player2,False,True,False
20.7719,0.05,1864,70.0,-99.0,1,1743,98.0,0.02,15.0,5.0,0.02,75.0,0.494949494949495,132.0,1.36,197.0,6,152.0,121,1.28,0.46,14.0,0.57,1,6.0,Grass,Buena,victorias,Excelente,victorias,player2,False,True,False
16.444300000000002,0.31,1567,30.0,65.0,1,1550,176.0,0.03,8.0,12.0,0.03,40.0,1.5714285714285714,148.0,1.05,111.0,11,135.0,17,1.13,0.23,6.0,0.24,-2,14.0,Clay,Mala,derrotas,Regular,derrotas,player2,True,False,False
16.444300000000002,0.31,1567,30.0,65.0,1,1550,176.0,0.03,8.0,12.0,0.03,40.0,1.5714285714285714,148.0,1.05,111.0,11,135.0,17,1.13,0.23,6.0,0.24,-2,14.0,Clay,Mala,derrotas,Regular,derrotas,player2,True,False,False
3.6237999999999997,0.0,1660,55.0,17.0,2,1733,98.0,0.08,13.0,7.0,0.13,65.0,1.1951219512195121,159.0,0.94,81.0,3,152.0,-73,1.16,0.19,11.0,0.2,-1,9.0,Clay,Regular,derrotas,Buena,victorias,player2,True,False,False
3.6237999999999997,0.0,1660,55.0,17.0,2,1733,98.0,0.08,13.0,7.0,0.13,65.0,1.1951219512195121,159.0,0.94,81.0,3,152.0,-73,1.16,0.19,11.0,0.2,-1,9.0,Clay,Regular,derrotas,Buena,victorias,player2,True,False,False
18.325899999999997,0.44,1720,65.0,-34.0,2,1579,59.0,0.08,7.0,13.0,0.06,35.0,0.6276595744680851,154.0,0.64,93.0,14,171.0,141,0.58,0.5,13.0,0.32,-1,7.0,Clay,Buena,derrotas,Mala,derrotas,player2,True,False,False
18.325899999999997,0.44,1720,65.0,-34.0,2,1579,59.0,0.08,7.0,13.0,0.06,35.0,0.6276595744680851,154.0,0.64,93.0,14,171.0,141,0.58,0.5,13.0,0.32,-1,7.0,Clay,Buena,derrotas,Mala,derrotas,player2,True,False,False
19.0575,0.55,1580,35.0,71.0,1,1603,130.0,0.02,9.0,11.0,0.02,45.0,2.1666666666666665,171.0,1.08,59.0,13,144.0,-23,1.14,0.21,7.0,0.19,-1,13.0,Clay,Mala,derrotas,Regular,derrotas,player2,True,False,False
19.0575,0.55,1580,35.0,71.0,1,1603,130.0,0.02,9.0,11.0,0.02,45.0,2.1666666666666665,171.0,1.08,59.0,13,144.0,-23,1.14,0.21,7.0,0.19,-1,13.0,Clay,Mala,derrotas,Regular,derrotas,player2,True,False,False
134.92270000000002,0.48,1913,50.0,17.0,2,1738,98.0,0.06,11.0,9.0,0.17,55.0,1.1951219512195121,159.0,1.11,81.0,38,152.0,175,1.13,0.27,10.0,0.27,-1,10.0,Grass,Regular,derrotas,Regular,derrotas,player2,False,True,False
134.92270000000002,0.48,1913,50.0,17.0,2,1738,98.0,0.06,11.0,9.0,0.17,55.0,1.1951219512195121,159.0,1.11,81.0,38,152.0,175,1.13,0.27,10.0,0.27,-1,10.0,Grass,Regular,derrotas,Regular,derrotas,player2,False,True,False
11.366299999999999,0.18,1744,40.0,28.0,2,1861,228.0,0.0,11.0,9.0,0.06,55.0,1.1343283582089552,132.0,1.25,200.0,17,129.0,-117,1.39,0.27,8.0,0.27,-3,12.0,Grass,Regular,derrotas,Regular,derrotas,player2,False,True,False
11.366299999999999,0.18,1744,40.0,28.0,2,1861,228.0,0.0,11.0,9.0,0.06,55.0,1.1343283582089552,132.0,1.25,200.0,17,129.0,-117,1.39,0.27,8.0,0.27,-3,12.0,Grass,Regular,derrotas,Regular,derrotas,player2,False,True,False
11.366299999999999,0.18,1744,40.0,28.0,2,1861,228.0,0.0,11.0,9.0,0.06,55.0,1.1343283582089552,132.0,1.25,200.0,17,129.0,-117,1.39,0.27,8.0,0.27,-3,12.0,Grass,Regular,derrotas,Regular,derrotas,player2,False,True,False
48.6267,0.28,1800,50.0,-19.0,2,1799,62.0,0.0,8.0,12.0,0.05,40.0,0.7560975609756098,159.0,1.23,81.0,27,169.0,1,1.21,0.27,10.0,0.27,-3,10.0,Grass,Regular,derrotas,Regular,derrotas,player1,False,True,False
48.6267,0.28,1800,50.0,-19.0,2,1799,62.0,0.0,8.0,12.0,0.05,40.0,0.7560975609756098,159.0,1.23,81.0,27,169.0,1,1.21,0.27,10.0,0.27,-3,10.0,Grass,Regular,derrotas,Regular,derrotas,player1,False,True,False
18.448700000000002,0.21,1778,45.0,-176.0,0,1986,24.0,0.03,14.0,6.0,0.16,70.0,0.11940298507462686,132.0,1.31,200.0,16,217.0,-208,1.53,0.27,9.0,0.27,-1,11.0,Grass,Regular,derrotas,Buena,derrotas,player2,False,True,False
18.448700000000002,0.21,1778,45.0,-176.0,0,1986,24.0,0.03,14.0,6.0,0.16,70.0,0.11940298507462686,132.0,1.31,200.0,16,217.0,-208,1.53,0.27,9.0,0.27,-1,11.0,Grass,Regular,derrotas,Buena,derrotas,player2,False,True,False
10.0421,0.26,1758,55.0,0.0,3,1811,91.0,0.03,12.0,8.0,0.0,60.0,0.9891304347826086,155.0,1.27,91.0,23,155.0,-53,1.29,0.27,11.0,0.27,-2,9.0,Grass,Regular,derrotas,Buena,derrotas,player1,False,True,False
10.0421,0.26,1758,55.0,0.0,3,1811,91.0,0.03,12.0,8.0,0.0,60.0,0.9891304347826086,155.0,1.27,91.0,23,155.0,-53,1.29,0.27,11.0,0.27,-2,9.0,Grass,Regular,derrotas,Buena,derrotas,player1,False,True,False
4.75,0.04,1807,70.0,21.0,2,1745,197.0,0.03,9.0,11.0,0.08,45.0,1.112994350282486,135.0,1.25,176.0,7,132.0,62,1.2,0.57,14.0,0.46,-2,6.0,Grass,Buena,derrotas,Regular,derrotas,player2,False,True,False
4.75,0.04,1807,70.0,21.0,2,1745,197.0,0.03,9.0,11.0,0.08,45.0,1.112994350282486,135.0,1.25,176.0,7,132.0,62,1.2,0.57,14.0,0.46,-2,6.0,Grass,Buena,derrotas,Regular,derrotas,player2,False,True,False
89.3391,0.33,1859,65.0,-6.0,3,1710,191.0,0.09,10.0,10.0,0.04,50.0,0.9646464646464646,132.0,1.38,197.0,24,133.0,149,1.16,0.27,13.0,0.27,1,7.0,Grass,Buena,victorias,Regular,derrotas,player1,False,True,False
15.5663,0.39,1746,65.0,-120.0,0,1628,25.0,0.12,10.0,10.0,0.04,50.0,0.17123287671232876,140.0,1.03,145.0,10,215.0,118,0.85,0.22,13.0,0.2,4,7.0,Clay,Buena,victorias,Regular,derrotas,player1,True,False,False
15.5663,0.39,1746,65.0,-120.0,0,1628,25.0,0.12,10.0,10.0,0.04,50.0,0.17123287671232876,140.0,1.03,145.0,10,215.0,118,0.85,0.22,13.0,0.2,4,7.0,Clay,Buena,victorias,Regular,derrotas,player1,True,False,False
87.2237,0.41,1775,35.0,-119.0,0,1849,81.0,0.06,12.0,8.0,0.33,60.0,0.40298507462686567,132.0,0.8,200.0,40,159.0,-74,1.04,0.27,7.0,0.27,-1,13.0,Grass,Mala,derrotas,Buena,victorias,player2,False,True,False
87.2237,0.41,1775,35.0,-119.0,0,1849,81.0,0.06,12.0,8.0,0.33,60.0,0.40298507462686567,132.0,0.8,200.0,40,159.0,-74,1.04,0.27,7.0,0.27,-1,13.0,Grass,Mala,derrotas,Buena,victorias,player2,False,True,False
27.1973,0.34,1794,50.0,95.0,1,2004,157.0,0.09,14.0,6.0,0.24,70.0,2.492063492063492,169.0,0.94,62.0,34,138.0,-210,1.14,0.27,10.0,0.27,1,10.0,Grass,Regular,victorias,Buena,victorias,player1,False,True,False
27.1973,0.34,1794,50.0,95.0,1,2004,157.0,0.09,14.0,6.0,0.24,70.0,2.492063492063492,169.0,0.94,62.0,34,138.0,-210,1.14,0.27,10.0,0.27,1,10.0,Grass,Regular,victorias,Buena,victorias,player1,False,True,False
37.8959,0.27,1678,40.0,-25.0,2,1783,37.0,0.01,9.0,11.0,0.02,45.0,0.5873015873015873,169.0,1.22,62.0,31,192.0,-105,1.22,0.27,8.0,0.27,1,12.0,Grass,Regular,victorias,Regular,derrotas,player2,False,True,False
37.8959,0.27,1678,40.0,-25.0,2,1783,37.0,0.01,9.0,11.0,0.02,45.0,0.5873015873015873,169.0,1.22,62.0,31,192.0,-105,1.22,0.27,8.0,0.27,1,12.0,Grass,Regular,victorias,Regular,derrotas,player2,False,True,False
0.0,0.04,1658,45.0,-17.0,2,1749,24.0,0.02,5.0,15.0,0.08,25.0,0.5714285714285714,187.0,1.2,41.0,5,217.0,-91,1.06,0.55,9.0,0.51,1,11.0,Grass,Regular,victorias,Mala,derrotas,player2,False,True,False
0.0,0.04,1658,45.0,-17.0,2,1749,24.0,0.02,5.0,15.0,0.08,25.0,0.5714285714285714,187.0,1.2,41.0,5,217.0,-91,1.06,0.55,9.0,0.51,1,11.0,Grass,Regular,victorias,Mala,derrotas,player2,False,True,False
0.0,0.04,1658,45.0,-17.0,2,1749,24.0,0.02,5.0,15.0,0.08,25.0,0.5714285714285714,187.0,1.2,41.0,5,217.0,-91,1.06,0.55,9.0,0.51,1,11.0,Grass,Regular,victorias,Mala,derrotas,player2,False,True,False
6.5787,0.24,1503,45.0,0.0,3,1718,100.0,0.01,14.0,6.0,0.05,70.0,0.9900990099009901,152.0,0.99,100.0,6,152.0,-215,1.16,0.47,9.0,0.16,-3,11.0,Hard,Regular,derrotas,Buena,derrotas,player2,False,False,True
6.5359,0.0,1647,55.0,-86.0,1,1591,100.0,0.09,10.0,10.0,0.02,50.0,0.5347593582887701,134.0,0.98,186.0,2,152.0,56,0.96,0.21,11.0,0.26,-1,9.0,Hard,Regular,derrotas,Regular,derrotas,player1,False,False,True
9.7743,0.09,1412,20.0,76.0,1,1546,100.0,0.01,9.0,11.0,0.02,45.0,4.0,217.0,0.83,24.0,4,152.0,-134,0.96,0.18,4.0,0.54,-9,16.0,Hard,Mala,derrotas,Regular,derrotas,player2,False,False,True
6.5787,0.24,1503,45.0,0.0,3,1718,100.0,0.01,14.0,6.0,0.05,70.0,0.9900990099009901,152.0,0.93,100.0,6,152.0,-215,1.23,0.47,9.0,0.16,-3,11.0,Hard,Regular,derrotas,Buena,derrotas,player2,False,False,True
6.5359,0.0,1647,55.0,-86.0,1,1591,100.0,0.09,10.0,10.0,0.02,50.0,0.5347593582887701,134.0,0.98,186.0,2,152.0,56,0.96,0.21,11.0,0.27,-1,9.0,Hard,Regular,derrotas,Regular,derrotas,player1,False,False,True
6.5233,0.17,1665,60.0,83.0,1,1441,176.0,0.05,6.0,14.0,0.01,30.0,1.872340425531915,154.0,1.29,93.0,6,135.0,224,1.11,0.22,12.0,0.27,-1,8.0,Clay,Buena,derrotas,Mala,derrotas,player1,True,False,False
6.5233,0.17,1665,60.0,83.0,1,1441,176.0,0.05,6.0,14.0,0.01,30.0,1.872340425531915,154.0,1.29,93.0,6,135.0,224,1.11,0.22,12.0,0.27,-1,8.0,Clay,Buena,derrotas,Mala,derrotas,player1,True,False,False
0.0,0.0,1505,50.0,0.0,3,1688,157.0,0.0,12.0,8.0,0.06,60.0,0.9936708860759493,138.0,1.31,157.0,1,138.0,-183,1.36,0.27,1.0,0.0,-1,1.0,Clay,Regular,derrotas,Buena,derrotas,player2,True,False,False
0.0,0.0,1505,50.0,0.0,3,1688,157.0,0.0,12.0,8.0,0.06,60.0,0.9936708860759493,138.0,1.31,157.0,1,138.0,-183,1.36,0.27,1.0,0.0,-1,1.0,Clay,Regular,derrotas,Buena,derrotas,player2,True,False,False
0.0,0.0,1597,45.0,0.0,3,1358,157.0,0.04,3.0,17.0,0.0,15.0,0.9936708860759493,138.0,1.13,157.0,0,138.0,239,0.83,0.34,9.0,0.46,-1,11.0,Clay,Regular,derrotas,Mala,derrotas,player1,True,False,False
0.0,0.0,1597,45.0,0.0,3,1358,157.0,0.04,3.0,17.0,0.0,15.0,0.9936708860759493,138.0,1.13,157.0,0,138.0,239,0.83,0.34,9.0,0.46,-1,11.0,Clay,Regular,derrotas,Mala,derrotas,player1,True,False,False
0.0,0.42,1534,35.0,-59.0,1,1596,98.0,0.0,9.0,11.0,0.03,45.0,0.620253164556962,138.0,0.97,157.0,6,152.0,-62,1.06,0.47,7.0,0.47,-2,13.0,Clay,Mala,derrotas,Regular,derrotas,player1,True,False,False
0.0,0.42,1534,35.0,-59.0,1,1596,98.0,0.0,9.0,11.0,0.03,45.0,0.620253164556962,138.0,0.97,157.0,6,152.0,-62,1.06,0.47,7.0,0.47,-2,13.0,Clay,Mala,derrotas,Regular,derrotas,player1,True,False,False
6.5193,0.0,1631,55.0,-59.0,1,1538,141.0,0.02,8.0,12.0,0.02,40.0,0.7014925373134329,132.0,1.31,200.0,2,141.0,93,1.22,0.25,11.0,0.0,-1,9.0,Hard,Regular,derrotas,Regular,derrotas,player1,False,False,True
6.5193,0.0,1631,55.0,-59.0,1,1538,141.0,0.02,8.0,12.0,0.02,40.0,0.7014925373134329,132.0,1.31,200.0,2,141.0,93,1.22,0.25,11.0,0.0,-1,9.0,Hard,Regular,derrotas,Regular,derrotas,player1,False,False,True
0.0,0.0,1456,0.0,152.0,0,1616,176.0,0.0,8.0,12.0,0.04,40.0,7.04,217.0,0.0,24.0,0,135.0,-160,1.16,0.19,0.0,0.0,-3,3.0,Hard,Mala,derrotas,Regular,derrotas,player2,False,False,True
0.0,0.0,1456,0.0,152.0,0,1616,176.0,0.0,8.0,12.0,0.04,40.0,7.04,217.0,0.0,24.0,0,135.0,-160,1.16,0.19,0.0,0.0,-3,3.0,Hard,Mala,derrotas,Regular,derrotas,player2,False,False,True
0.0,0.0,1433,0.0,123.0,0,1411,176.0,0.0,5.0,14.0,0.0,26.3,3.259259259259259,175.0,0.0,53.0,0,135.0,22,1.05,0.0,0.0,0.0,-5,5.0,Hard,Mala,derrotas,Mala,derrotas,player1,False,False,True
0.0,0.0,1433,0.0,123.0,0,1411,176.0,0.0,5.0,14.0,0.0,26.3,3.259259259259259,175.0,0.0,53.0,0,135.0,22,1.05,0.0,0.0,0.0,-5,5.0,Hard,Mala,derrotas,Mala,derrotas,player1,False,False,True
0.0,0.0,1405,30.0,21.0,2,1493,197.0,0.01,7.0,13.0,0.0,35.0,1.112994350282486,135.0,1.08,176.0,0,132.0,-88,1.31,0.21,6.0,0.14,-4,14.0,Hard,Mala,derrotas,Mala,derrotas,player2,False,False,True
0.0,0.0,1405,30.0,21.0,2,1493,197.0,0.01,7.0,13.0,0.0,35.0,1.112994350282486,135.0,1.08,176.0,0,132.0,-88,1.31,0.21,6.0,0.14,-4,14.0,Hard,Mala,derrotas,Mala,derrotas,player2,False,False,True
0.0,0.0,1492,40.0,0.0,3,1483,176.0,0.01,0.0,1.0,0.0,0.0,0.9943502824858758,135.0,1.16,176.0,0,135.0,9,0.0,0.0,8.0,0.15,-2,12.0,Hard,Regular,derrotas,Mala,derrotas,player1,False,False,True
0.0,0.0,1492,40.0,0.0,3,1483,176.0,0.01,0.0,1.0,0.0,0.0,0.9943502824858758,135.0,1.16,176.0,0,135.0,9,0.0,0.0,8.0,0.15,-2,12.0,Hard,Regular,derrotas,Mala,derrotas,player1,False,False,True
0.0,0.0,1328,10.0,0.0,3,1522,176.0,0.0,8.0,12.0,0.01,40.0,0.9943502824858758,135.0,0.87,176.0,0,135.0,-194,1.25,0.16,2.0,0.09,-2,18.0,Hard,Mala,derrotas,Regular,derrotas,player2,False,False,True
0.0,0.0,1328,10.0,0.0,3,1522,176.0,0.0,8.0,12.0,0.01,40.0,0.9943502824858758,135.0,0.87,176.0,0,135.0,-194,1.25,0.16,2.0,0.09,-2,18.0,Hard,Mala,derrotas,Regular,derrotas,player2,False,False,True
0.0,0.0,1451,0.0,-21.0,2,1701,176.0,0.0,13.0,7.0,0.09,65.0,0.8888888888888888,132.0,0.0,197.0,0,135.0,-250,1.05,0.09,0.0,0.0,-3,3.0,Hard,Mala,derrotas,Buena,derrotas,player2,False,False,True
0.0,0.0,1451,0.0,-21.0,2,1701,176.0,0.0,13.0,7.0,0.09,65.0,0.8888888888888888,132.0,0.0,197.0,0,135.0,-250,1.05,0.09,0.0,0.0,-3,3.0,Hard,Mala,derrotas,Buena,derrotas,player2,False,False,True
9.5131,0.27,1632,55.0,-77.0,1,1621,77.0,0.03,10.0,10.0,0.03,50.0,0.4967741935483871,139.0,1.27,154.0,4,161.0,11,1.28,0.22,11.0,0.22,-3,9.0,Clay,Regular,derrotas,Regular,victorias,player2,True,False,False
9.5131,0.27,1632,55.0,-77.0,1,1621,77.0,0.03,10.0,10.0,0.03,50.0,0.4967741935483871,139.0,1.27,154.0,4,161.0,11,1.28,0.22,11.0,0.22,-3,9.0,Clay,Regular,derrotas,Regular,victorias,player2,True,False,False
20.5206,0.52,1613,50.0,-17.0,2,1599,76.0,0.04,8.0,12.0,0.02,40.0,0.8085106382978723,154.0,1.27,93.0,11,161.0,14,1.04,0.22,10.0,0.2,-3,10.0,Clay,Regular,derrotas,Regular,derrotas,player1,True,False,False
20.5206,0.52,1613,50.0,-17.0,2,1599,76.0,0.04,8.0,12.0,0.02,40.0,0.8085106382978723,154.0,1.27,93.0,11,161.0,14,1.04,0.22,10.0,0.2,-3,10.0,Clay,Regular,derrotas,Regular,derrotas,player1,True,False,False
30.094400000000004,0.0,1724,65.0,0.0,3,1640,98.0,0.07,12.0,8.0,0.02,60.0,0.98989898989899,152.0,1.19,98.0,8,152.0,84,1.0,0.16,13.0,0.38,-1,7.0,Clay,Buena,derrotas,Buena,victorias,player2,True,False,False
30.094400000000004,0.0,1724,65.0,0.0,3,1640,98.0,0.07,12.0,8.0,0.02,60.0,0.98989898989899,152.0,1.19,98.0,8,152.0,84,1.0,0.16,13.0,0.38,-1,7.0,Clay,Buena,derrotas,Buena,victorias,player2,True,False,False
0.6078999999999999,0.0,1580,45.0,-2.0,3,1735,39.0,0.04,14.0,6.0,0.08,70.0,0.9285714285714286,187.0,0.92,41.0,2,190.0,-155,1.01,0.12,9.0,0.22,-1,11.0,Clay,Regular,derrotas,Buena,derrotas,player2,True,False,False
0.6078999999999999,0.0,1580,45.0,-2.0,3,1735,39.0,0.04,14.0,6.0,0.08,70.0,0.9285714285714286,187.0,0.92,41.0,2,190.0,-155,1.01,0.12,9.0,0.22,-1,11.0,Clay,Regular,derrotas,Buena,derrotas,player2,True,False,False
3.3360999999999996,0.21,1783,70.0,-1.0,3,1580,175.0,0.05,9.0,11.0,0.03,45.0,0.9887005649717514,135.0,1.43,176.0,5,135.0,203,1.12,0.17,14.0,0.16,-1,6.0,Clay,Buena,derrotas,Regular,derrotas,player2,True,False,False
3.3360999999999996,0.21,1783,70.0,-1.0,3,1580,175.0,0.05,9.0,11.0,0.03,45.0,0.9887005649717514,135.0,1.43,176.0,5,135.0,203,1.12,0.17,14.0,0.16,-1,6.0,Clay,Buena,derrotas,Regular,derrotas,player2,True,False,False
15.5662,0.39,1761,70.0,-120.0,0,1628,25.0,0.13,10.0,10.0,0.04,50.0,0.17123287671232876,140.0,1.07,145.0,10,215.0,133,0.8,0.22,14.0,0.2,5,6.0,Clay,Buena,victorias,Regular,derrotas,player1,True,False,False
15.5662,0.39,1761,70.0,-120.0,0,1628,25.0,0.13,10.0,10.0,0.04,50.0,0.17123287671232876,140.0,1.07,145.0,10,215.0,133,0.8,0.22,14.0,0.2,5,6.0,Clay,Buena,victorias,Regular,derrotas,player1,True,False,False
85.82719999999999,0.16,1730,65.0,-59.0,1,1751,98.0,0.06,12.0,8.0,0.08,60.0,0.620253164556962,138.0,1.28,157.0,7,152.0,-21,1.26,0.27,13.0,0.27,-2,7.0,Clay,Buena,derrotas,Buena,derrotas,player1,True,False,False
85.82719999999999,0.16,1730,65.0,-59.0,1,1751,98.0,0.06,12.0,8.0,0.08,60.0,0.620253164556962,138.0,1.28,157.0,7,152.0,-21,1.26,0.27,13.0,0.27,-2,7.0,Clay,Buena,derrotas,Buena,derrotas,player1,True,False,False
12.5167,0.43,1675,60.0,99.0,1,1556,182.0,0.08,7.0,13.0,0.03,35.0,2.1666666666666665,158.0,1.32,83.0,9,134.0,119,1.01,0.23,12.0,0.26,-1,8.0,Clay,Buena,derrotas,Mala,derrotas,player1,True,False,False
12.5167,0.43,1675,60.0,99.0,1,1556,182.0,0.08,7.0,13.0,0.03,35.0,2.1666666666666665,158.0,1.32,83.0,9,134.0,119,1.01,0.23,12.0,0.26,-1,8.0,Clay,Buena,derrotas,Mala,derrotas,player1,True,False,False
0.0,0.55,1523,45.0,59.0,1,1562,157.0,0.01,9.0,11.0,0.03,45.0,1.5858585858585859,152.0,0.95,98.0,5,138.0,-39,1.15,0.47,9.0,0.3,-3,11.0,Clay,Regular,derrotas,Regular,derrotas,player1,True,False,False
0.0,0.55,1523,45.0,59.0,1,1562,157.0,0.01,9.0,11.0,0.03,45.0,1.5858585858585859,152.0,0.95,98.0,5,138.0,-39,1.15,0.47,9.0,0.3,-3,11.0,Clay,Regular,derrotas,Regular,derrotas,player1,True,False,False
0.0,0.0,1536,30.0,25.0,2,1570,62.0,0.06,10.0,10.0,0.02,50.0,1.631578947368421,192.0,0.79,37.0,0,169.0,-34,0.96,0.24,6.0,0.7,-1,14.0,Clay,Mala,derrotas,Regular,derrotas,player1,True,False,False
0.0,0.0,1536,30.0,25.0,2,1570,62.0,0.06,10.0,10.0,0.02,50.0,1.631578947368421,192.0,0.79,37.0,0,169.0,-34,0.96,0.24,6.0,0.7,-1,14.0,Clay,Mala,derrotas,Regular,derrotas,player1,True,False,False
0.0,0.53,1457,35.0,74.0,1,1618,172.0,0.0,9.0,11.0,0.05,45.0,1.7373737373737375,152.0,1.08,98.0,5,136.0,-161,1.33,0.25,7.0,0.19,-3,13.0,Clay,Mala,derrotas,Regular,derrotas,player1,True,False,False
0.0,0.53,1457,35.0,74.0,1,1618,172.0,0.0,9.0,11.0,0.05,45.0,1.7373737373737375,152.0,1.08,98.0,5,136.0,-161,1.33,0.25,7.0,0.19,-3,13.0,Clay,Mala,derrotas,Regular,derrotas,player1,True,False,False
3.6237999999999997,0.0,1660,55.0,17.0,2,1733,98.0,0.08,13.0,7.0,0.13,65.0,1.1951219512195121,159.0,0.88,81.0,3,152.0,-73,1.16,0.19,11.0,0.2,-1,9.0,Clay,Regular,derrotas,Buena,victorias,player2,True,False,False
3.6237999999999997,0.0,1660,55.0,17.0,2,1733,98.0,0.08,13.0,7.0,0.13,65.0,1.1951219512195121,159.0,0.88,81.0,3,152.0,-73,1.16,0.19,11.0,0.2,-1,9.0,Clay,Regular,derrotas,Buena,victorias,player2,True,False,False
10.1219,0.0,1694,50.0,-35.0,2,1630,63.0,0.04,10.0,10.0,0.04,50.0,0.6363636363636364,152.0,1.04,98.0,5,168.0,64,1.03,0.43,10.0,0.51,-1,10.0,Clay,Regular,derrotas,Regular,victorias,player1,True,False,False
10.1219,0.0,1694,50.0,-35.0,2,1630,63.0,0.04,10.0,10.0,0.04,50.0,0.6363636363636364,152.0,1.04,98.0,5,168.0,64,1.03,0.43,10.0,0.51,-1,10.0,Clay,Regular,derrotas,Regular,victorias,player1,True,False,False
10.7623,0.4,1791,75.0,78.0,1,1698,176.0,0.13,10.0,10.0,0.09,50.0,1.7777777777777777,152.0,0.9,98.0,8,135.0,93,0.62,0.45,15.0,0.32,1,5.0,Clay,Excelente,victorias,Regular,derrotas,player2,True,False,False
10.7623,0.4,1791,75.0,78.0,1,1698,176.0,0.13,10.0,10.0,0.09,50.0,1.7777777777777777,152.0,0.9,98.0,8,135.0,93,0.62,0.45,15.0,0.32,1,5.0,Clay,Excelente,victorias,Regular,derrotas,player2,True,False,False
16.444300000000002,0.31,1567,30.0,65.0,1,1550,176.0,0.03,8.0,12.0,0.03,40.0,1.5714285714285714,148.0,1.05,111.0,11,135.0,17,1.13,0.23,6.0,0.24,-2,14.0,Clay,Mala,derrotas,Regular,derrotas,player2,True,False,False
16.444300000000002,0.31,1567,30.0,65.0,1,1550,176.0,0.03,8.0,12.0,0.03,40.0,1.5714285714285714,148.0,1.05,111.0,11,135.0,17,1.13,0.23,6.0,0.24,-2,14.0,Clay,Mala,derrotas,Regular,derrotas,player2,True,False,False
18.325899999999997,0.44,1720,65.0,-34.0,2,1579,59.0,0.08,7.0,13.0,0.06,35.0,0.6276595744680851,154.0,0.64,93.0,14,171.0,141,0.58,0.5,13.0,0.32,-1,7.0,Clay,Buena,derrotas,Mala,derrotas,player2,True,False,False
18.325899999999997,0.44,1720,65.0,-34.0,2,1579,59.0,0.08,7.0,13.0,0.06,35.0,0.6276595744680851,154.0,0.64,93.0,14,171.0,141,0.58,0.5,13.0,0.32,-1,7.0,Clay,Buena,derrotas,Mala,derrotas,player2,True,False,False
19.0575,0.55,1580,35.0,71.0,1,1603,130.0,0.02,9.0,11.0,0.02,45.0,2.1666666666666665,171.0,1.08,59.0,13,144.0,-23,1.14,0.21,7.0,0.19,-1,13.0,Clay,Mala,derrotas,Regular,derrotas,player2,True,False,False
19.0575,0.55,1580,35.0,71.0,1,1603,130.0,0.02,9.0,11.0,0.02,45.0,2.1666666666666665,171.0,1.08,59.0,13,144.0,-23,1.14,0.21,7.0,0.19,-1,13.0,Clay,Mala,derrotas,Regular,derrotas,player2,True,False,False
6.0206,0.19,1606,55.0,83.0,1,1585,166.0,0.04,10.0,10.0,0.01,50.0,1.9761904761904763,158.0,1.27,83.0,6,137.0,21,1.24,0.0,11.0,0.0,-1,9.0,Clay,Regular,derrotas,Regular,derrotas,player2,True,False,False
6.0206,0.19,1606,55.0,83.0,1,1585,166.0,0.04,10.0,10.0,0.01,50.0,1.9761904761904763,158.0,1.27,83.0,6,137.0,21,1.24,0.0,11.0,0.0,-1,9.0,Clay,Regular,derrotas,Regular,derrotas,player2,True,False,False
0.0,0.0,1415,20.0,-34.0,2,1457,25.0,0.01,7.0,13.0,0.0,35.0,0.4166666666666667,171.0,1.05,59.0,1,215.0,-42,1.21,0.17,4.0,0.09,-4,16.0,Clay,Mala,derrotas,Mala,derrotas,player2,True,False,False
0.0,0.0,1415,20.0,-34.0,2,1457,25.0,0.01,7.0,13.0,0.0,35.0,0.4166666666666667,171.0,1.05,59.0,1,215.0,-42,1.21,0.17,4.0,0.09,-4,16.0,Clay,Mala,derrotas,Mala,derrotas,player2,True,False,False
0.0,0.0,1361,0.0,-18.0,2,1415,59.0,0.0,4.0,16.0,0.0,20.0,0.7564102564102564,161.0,0.0,77.0,0,171.0,-54,1.14,0.18,0.0,0.0,-10,10.0,Clay,Mala,derrotas,Mala,derrotas,player2,True,False,False
0.0,0.0,1361,0.0,-18.0,2,1415,59.0,0.0,4.0,16.0,0.0,20.0,0.7564102564102564,161.0,0.0,77.0,0,171.0,-54,1.14,0.18,0.0,0.0,-10,10.0,Clay,Mala,derrotas,Mala,derrotas,player2,True,False,False
0.0,0.0,1497,43.8,-114.0,0,1617,62.0,0.01,10.0,10.0,0.03,50.0,0.3502824858757062,135.0,1.07,176.0,0,169.0,-120,1.14,0.38,7.0,0.0,-1,9.0,Clay,Regular,derrotas,Regular,derrotas,player2,True,False,False
0.0,0.0,1497,43.8,-114.0,0,1617,62.0,0.01,10.0,10.0,0.03,50.0,0.3502824858757062,135.0,1.07,176.0,0,169.0,-120,1.14,0.38,7.0,0.0,-1,9.0,Clay,Regular,derrotas,Regular,derrotas,player2,True,False,False
9.5235,0.13,1663,60.0,38.0,2,1517,62.0,0.03,8.0,12.0,0.0,40.0,2.48,217.0,1.31,24.0,4,169.0,146,1.2,0.13,12.0,0.14,-1,8.0,Clay,Buena,derrotas,Regular,derrotas,player2,True,False,False
9.5235,0.13,1663,60.0,38.0,2,1517,62.0,0.03,8.0,12.0,0.0,40.0,2.48,217.0,1.31,24.0,4,169.0,146,1.2,0.13,12.0,0.14,-1,8.0,Clay,Buena,derrotas,Regular,derrotas,player2,True,False,False
11.0171,0.19,1654,65.0,89.0,1,1514,166.0,0.01,8.0,12.0,0.0,40.0,2.128205128205128,161.0,1.4,77.0,6,137.0,140,1.09,0.0,13.0,0.13,-1,7.0,Clay,Buena,derrotas,Regular,derrotas,player2,True,False,False
11.0171,0.19,1654,65.0,89.0,1,1514,166.0,0.01,8.0,12.0,0.0,40.0,2.128205128205128,161.0,1.4,77.0,6,137.0,140,1.09,0.0,13.0,0.13,-1,7.0,Clay,Buena,derrotas,Regular,derrotas,player2,True,False,False
0.0,0.18,1511,40.0,-84.0,1,1624,98.0,0.01,7.0,13.0,0.04,35.0,0.5355191256830601,134.0,1.06,182.0,1,152.0,-113,1.06,0.43,8.0,0.16,-1,12.0,Clay,Regular,derrotas,Mala,derrotas,player1,True,False,False
0.0,0.18,1511,40.0,-84.0,1,1624,98.0,0.01,7.0,13.0,0.04,35.0,0.5355191256830601,134.0,1.06,182.0,1,152.0,-113,1.06,0.43,8.0,0.16,-1,12.0,Clay,Regular,derrotas,Mala,derrotas,player1,True,False,False
0.0,0.0,1541,40.0,0.0,3,1753,98.0,0.05,15.0,5.0,0.1,75.0,0.98989898989899,152.0,0.88,98.0,0,152.0,-212,1.21,0.24,6.0,0.22,-1,9.0,Clay,Regular,derrotas,Excelente,derrotas,player2,True,False,False
0.0,0.0,1541,40.0,0.0,3,1753,98.0,0.05,15.0,5.0,0.1,75.0,0.98989898989899,152.0,0.88,98.0,0,152.0,-212,1.21,0.24,6.0,0.22,-1,9.0,Clay,Regular,derrotas,Excelente,derrotas,player2,True,False,False
8.475100000000001,0.0,1569,50.0,76.0,1,1490,98.0,0.04,3.0,6.0,0.04,33.3,4.260869565217392,223.0,1.3,22.0,1,152.0,79,1.19,0.21,10.0,0.22,-3,10.0,Clay,Regular,derrotas,Mala,derrotas,player1,True,False,False
8.475100000000001,0.0,1569,50.0,76.0,1,1490,98.0,0.04,3.0,6.0,0.04,33.3,4.260869565217392,223.0,1.3,22.0,1,152.0,79,1.19,0.21,10.0,0.22,-3,10.0,Clay,Regular,derrotas,Mala,derrotas,player1,True,False,False
6.5326,0.0,1624,60.0,-115.0,0,1399,52.0,0.01,0.0,6.0,0.0,0.0,0.30952380952380953,137.0,1.35,167.0,1,176.0,225,0.0,0.0,12.0,0.21,-2,8.0,Clay,Buena,derrotas,Mala,derrotas,player1,True,False,False
6.5326,0.0,1624,60.0,-115.0,0,1399,52.0,0.01,0.0,6.0,0.0,0.0,0.30952380952380953,137.0,1.35,167.0,1,176.0,225,0.0,0.0,12.0,0.21,-2,8.0,Clay,Buena,derrotas,Mala,derrotas,player1,True,False,False
0.0,0.21,1383,25.0,0.0,3,1431,41.0,0.02,6.0,14.0,0.0,30.0,0.9761904761904762,187.0,1.11,41.0,2,187.0,-48,1.16,0.2,5.0,0.25,-4,15.0,Clay,Mala,derrotas,Mala,derrotas,player2,True,False,False
0.0,0.21,1383,25.0,0.0,3,1431,41.0,0.02,6.0,14.0,0.0,30.0,0.9761904761904762,187.0,1.11,41.0,2,187.0,-48,1.16,0.2,5.0,0.25,-4,15.0,Clay,Mala,derrotas,Mala,derrotas,player2,True,False,False
0.0,0.0,1740,65.0,145.0,0,1397,167.0,0.11,4.0,16.0,0.0,20.0,7.260869565217392,223.0,1.5,22.0,0,137.0,343,0.98,0.25,13.0,0.27,-1,7.0,Clay,Buena,derrotas,Mala,derrotas,player1,True,False,False
0.0,0.0,1740,65.0,145.0,0,1397,167.0,0.11,4.0,16.0,0.0,20.0,7.260869565217392,223.0,1.5,22.0,0,137.0,343,0.98,0.25,13.0,0.27,-1,7.0,Clay,Buena,derrotas,Mala,derrotas,player1,True,False,False
0.0,0.0,1444,12.5,28.0,2,1526,195.0,0.0,8.0,12.0,0.02,40.0,1.1607142857142858,137.0,0.92,167.0,1,133.0,-82,1.25,0.21,1.0,0.21,-1,7.0,Clay,Mala,derrotas,Regular,derrotas,player2,True,False,False
0.0,0.0,1444,12.5,28.0,2,1526,195.0,0.0,8.0,12.0,0.02,40.0,1.1607142857142858,137.0,0.92,167.0,1,133.0,-82,1.25,0.21,1.0,0.21,-1,7.0,Clay,Mala,derrotas,Regular,derrotas,player2,True,False,False
1.69,0.0,1569,50.0,17.0,2,1472,94.0,0.03,5.0,10.0,0.01,33.3,1.205128205128205,161.0,1.4,77.0,1,154.0,97,1.1,0.09,10.0,0.12,-2,10.0,Hard,Regular,derrotas,Mala,derrotas,player1,False,False,True
1.69,0.0,1569,50.0,17.0,2,1472,94.0,0.03,5.0,10.0,0.01,33.3,1.205128205128205,161.0,1.4,77.0,1,154.0,97,1.1,0.09,10.0,0.12,-2,10.0,Hard,Regular,derrotas,Mala,derrotas,player1,False,False,True
0.0,0.0,1501,35.0,90.0,1,1237,245.0,0.01,2.0,18.0,0.0,10.0,1.5705128205128205,139.0,1.29,155.0,1,127.0,264,0.8,0.15,7.0,0.23,-2,13.0,Hard,Mala,derrotas,Mala,derrotas,player1,False,False,True
0.0,0.0,1501,35.0,90.0,1,1237,245.0,0.01,2.0,18.0,0.0,10.0,1.5705128205128205,139.0,1.29,155.0,1,127.0,264,0.8,0.15,7.0,0.23,-2,13.0,Hard,Mala,derrotas,Mala,derrotas,player1,False,False,True
0.0,0.0,1445,25.0,174.0,0,1505,182.0,0.01,4.0,7.0,0.01,36.4,20.22222222222222,319.0,1.02,8.0,2,134.0,-60,1.29,0.16,5.0,0.27,-1,15.0,Hard,Mala,derrotas,Mala,derrotas,player1,False,False,True
0.0,0.0,1445,25.0,174.0,0,1505,182.0,0.01,4.0,7.0,0.01,36.4,20.22222222222222,319.0,1.02,8.0,2,134.0,-60,1.29,0.16,5.0,0.27,-1,15.0,Hard,Mala,derrotas,Mala,derrotas,player1,False,False,True
11.2767,0.49,1709,60.0,-163.0,0,1639,32.0,0.07,10.0,10.0,0.03,50.0,0.16326530612244897,133.0,1.37,195.0,7,200.0,70,1.13,0.25,12.0,0.27,-1,8.0,Clay,Buena,derrotas,Regular,derrotas,player2,True,False,False
11.2767,0.49,1709,60.0,-163.0,0,1639,32.0,0.07,10.0,10.0,0.03,50.0,0.16326530612244897,133.0,1.37,195.0,7,200.0,70,1.13,0.25,12.0,0.27,-1,8.0,Clay,Buena,derrotas,Regular,derrotas,player2,True,False,False
0.0,0.0,1485,45.0,-18.0,2,1623,182.0,0.01,10.0,10.0,0.01,50.0,0.9054726368159204,132.0,0.91,200.0,0,134.0,-138,1.14,0.49,9.0,0.31,-4,11.0,Clay,Regular,derrotas,Regular,derrotas,player2,True,False,False
0.0,0.0,1485,45.0,-18.0,2,1623,182.0,0.01,10.0,10.0,0.01,50.0,0.9054726368159204,132.0,0.91,200.0,0,134.0,-138,1.14,0.49,9.0,0.31,-4,11.0,Clay,Regular,derrotas,Regular,derrotas,player2,True,False,False
0.0,0.0,1379,10.0,114.0,0,1466,195.0,0.01,1.0,4.0,0.0,20.0,2.3780487804878048,159.0,0.81,81.0,0,133.0,-87,1.14,0.0,2.0,0.27,-17,18.0,Clay,Mala,derrotas,Mala,derrotas,player2,True,False,False
0.0,0.0,1379,10.0,114.0,0,1466,195.0,0.01,1.0,4.0,0.0,20.0,2.3780487804878048,159.0,0.81,81.0,0,133.0,-87,1.14,0.0,2.0,0.27,-17,18.0,Clay,Mala,derrotas,Mala,derrotas,player2,True,False,False
8.4747,0.0,1573,45.0,0.0,3,1421,81.0,0.03,4.0,16.0,0.01,20.0,0.9878048780487805,159.0,1.36,81.0,2,159.0,152,0.96,0.25,9.0,0.27,-1,11.0,Clay,Regular,derrotas,Mala,derrotas,player1,True,False,False
8.4747,0.0,1573,45.0,0.0,3,1421,81.0,0.03,4.0,16.0,0.01,20.0,0.9878048780487805,159.0,1.36,81.0,2,159.0,152,0.96,0.25,9.0,0.27,-1,11.0,Clay,Regular,derrotas,Mala,derrotas,player1,True,False,False
6.523,0.0,1571,40.0,15.0,2,1483,96.0,0.03,0.0,1.0,0.0,0.0,1.170731707317073,159.0,1.15,81.0,1,153.0,88,0.0,0.0,8.0,0.16,-2,12.0,Clay,Regular,derrotas,Mala,derrotas,player2,True,False,False
6.523,0.0,1571,40.0,15.0,2,1483,96.0,0.03,0.0,1.0,0.0,0.0,1.170731707317073,159.0,1.15,81.0,1,153.0,88,0.0,0.0,8.0,0.16,-2,12.0,Clay,Regular,derrotas,Mala,derrotas,player2,True,False,False
12.1561,0.22,1566,45.0,0.0,3,1568,81.0,0.02,10.0,10.0,0.02,50.0,0.9878048780487805,159.0,1.23,81.0,5,159.0,-2,1.26,0.15,9.0,0.0,-1,11.0,Clay,Regular,derrotas,Regular,derrotas,player1,True,False,False
12.1561,0.22,1566,45.0,0.0,3,1568,81.0,0.02,10.0,10.0,0.02,50.0,0.9878048780487805,159.0,1.23,81.0,5,159.0,-2,1.26,0.15,9.0,0.0,-1,11.0,Clay,Regular,derrotas,Regular,derrotas,player1,True,False,False
82.7235,0.39,1820,35.0,-119.0,0,1880,81.0,0.04,11.0,9.0,0.15,55.0,0.40298507462686567,132.0,1.03,200.0,40,159.0,-60,1.32,0.27,7.0,0.27,-1,13.0,Grass,Mala,derrotas,Regular,derrotas,player2,False,True,False
82.7235,0.39,1820,35.0,-119.0,0,1880,81.0,0.04,11.0,9.0,0.15,55.0,0.40298507462686567,132.0,1.03,200.0,40,159.0,-60,1.32,0.27,7.0,0.27,-1,13.0,Grass,Mala,derrotas,Regular,derrotas,player2,False,True,False
26.957299999999996,0.34,1842,50.0,95.0,1,2035,157.0,0.11,14.0,6.0,0.35,70.0,2.492063492063492,169.0,0.98,62.0,34,138.0,-193,1.14,0.27,10.0,0.27,2,10.0,Grass,Regular,victorias,Buena,victorias,player1,False,True,False
26.957299999999996,0.34,1842,50.0,95.0,1,2035,157.0,0.11,14.0,6.0,0.35,70.0,2.492063492063492,169.0,0.98,62.0,34,138.0,-193,1.14,0.27,10.0,0.27,2,10.0,Grass,Regular,victorias,Buena,victorias,player1,False,True,False
0.0,-0.0,1949,60.0,68.0,1,1500,100.0,0.04,6.969528874852044,13.030471125147955,0.0,34.84764437426021,3.0303030303030303,200.0,1.64,32.0,0,152.0,449,0.0,0.0,12.0,0.27,-1,8.0,Grass,Buena,derrotas,,,player1,False,True,False
0.0,-0.0,1949,60.0,68.0,1,1500,100.0,0.04,6.969528874852044,13.030471125147955,0.0,34.84764437426021,3.0303030303030303,200.0,1.64,32.0,0,152.0,449,0.0,0.0,12.0,0.27,-1,8.0,Grass,Buena,derrotas,,,player1,False,True,False
0.0,0.18,1592,45.0,23.0,2,1548,100.0,0.07,8.0,12.0,0.03,40.0,1.2820512820512822,161.0,1.26,77.0,3,152.0,44,1.23,0.13,9.0,0.21,-1,11.0,Clay,Regular,derrotas,Regular,derrotas,player1,True,False,False
0.0,0.18,1592,45.0,23.0,2,1548,100.0,0.07,8.0,12.0,0.03,40.0,1.2820512820512822,161.0,1.26,77.0,3,152.0,44,1.23,0.13,9.0,0.21,-1,11.0,Clay,Regular,derrotas,Regular,derrotas,player1,True,False,False
0.0,0.1,1544,35.0,-104.0,0,1523,93.0,0.01,7.0,13.0,0.02,35.0,0.4696969696969697,132.0,1.28,197.0,2,154.0,21,1.1,0.16,7.0,0.0,-1,13.0,Hard,Mala,derrotas,Mala,derrotas,player1,False,False,True
0.0,0.1,1544,35.0,-104.0,0,1523,93.0,0.01,7.0,13.0,0.02,35.0,0.4696969696969697,132.0,1.28,197.0,2,154.0,21,1.1,0.16,7.0,0.0,-1,13.0,Hard,Mala,derrotas,Mala,derrotas,player1,False,False,True
0.0,0.08,1488,35.0,-109.0,0,1493,93.0,0.01,6.0,14.0,0.02,30.0,0.458128078817734,132.0,1.19,202.0,2,154.0,-5,1.15,0.21,7.0,0.0,-2,13.0,Hard,Mala,derrotas,Mala,derrotas,player1,False,False,True
0.0,0.08,1488,35.0,-109.0,0,1493,93.0,0.01,6.0,14.0,0.02,30.0,0.458128078817734,132.0,1.19,202.0,2,154.0,-5,1.15,0.21,7.0,0.0,-2,13.0,Hard,Mala,derrotas,Mala,derrotas,player1,False,False,True
0.0,0.13,1387,25.0,-48.0,2,1618,52.0,0.0,11.0,9.0,0.03,55.0,0.5148514851485149,152.0,1.1,100.0,2,176.0,-231,1.32,0.17,5.0,0.0,-2,15.0,Hard,Mala,derrotas,Regular,derrotas,player2,False,False,True
0.0,0.13,1387,25.0,-48.0,2,1618,52.0,0.0,11.0,9.0,0.03,55.0,0.5148514851485149,152.0,1.1,100.0,2,176.0,-231,1.32,0.17,5.0,0.0,-2,15.0,Hard,Mala,derrotas,Regular,derrotas,player2,False,False,True
1.2999999999999998,0.33,1591,50.0,76.0,1,1704,100.0,0.02,13.0,7.0,0.07,65.0,4.0,217.0,0.86,24.0,11,152.0,-113,0.91,0.21,10.0,0.09,-1,10.0,Hard,Regular,derrotas,Buena,derrotas,player2,False,False,True
1.2999999999999998,0.33,1591,50.0,76.0,1,1704,100.0,0.02,13.0,7.0,0.07,65.0,4.0,217.0,0.86,24.0,11,152.0,-113,0.91,0.21,10.0,0.09,-1,10.0,Hard,Regular,derrotas,Buena,derrotas,player2,False,False,True
0.0,0.07,1392,25.0,-129.0,0,1692,52.0,0.01,11.0,9.0,0.03,55.0,0.2857142857142857,135.0,0.7,181.0,2,176.0,-300,1.2,0.09,5.0,0.0,-6,15.0,Hard,Mala,derrotas,Regular,victorias,player2,False,False,True
0.0,0.07,1392,25.0,-129.0,0,1692,52.0,0.01,11.0,9.0,0.03,55.0,0.2857142857142857,135.0,0.7,181.0,2,176.0,-300,1.2,0.09,5.0,0.0,-6,15.0,Hard,Mala,derrotas,Regular,victorias,player2,False,False,True
7.8209,0.0,1623,55.0,134.0,0,1634,186.0,0.03,10.0,10.0,0.02,50.0,3.509433962264151,176.0,1.25,52.0,6,134.0,-11,1.23,0.2,11.0,0.23,-2,9.0,Hard,Regular,derrotas,Regular,derrotas,player2,False,False,True
7.8209,0.0,1623,55.0,134.0,0,1634,186.0,0.03,10.0,10.0,0.02,50.0,3.509433962264151,176.0,1.25,52.0,6,134.0,-11,1.23,0.2,11.0,0.23,-2,9.0,Hard,Regular,derrotas,Regular,derrotas,player2,False,False,True
0.0,0.0,1486,33.3,-158.0,0,1427,39.0,0.0,4.0,14.0,0.0,22.2,0.19696969696969696,132.0,1.29,197.0,0,190.0,59,1.01,0.16,3.0,0.15,-4,6.0,Hard,Mala,derrotas,Mala,derrotas,player2,False,False,True
0.0,0.0,1486,33.3,-158.0,0,1427,39.0,0.0,4.0,14.0,0.0,22.2,0.19696969696969696,132.0,1.29,197.0,0,190.0,59,1.01,0.16,3.0,0.15,-4,6.0,Hard,Mala,derrotas,Mala,derrotas,player2,False,False,True
0.0,0.11,1567,47.4,118.0,0,1642,195.0,0.06,9.0,11.0,0.02,45.0,2.5,161.0,1.28,77.0,2,133.0,-75,1.26,0.21,9.0,0.22,-1,10.0,Hard,Regular,derrotas,Regular,derrotas,player1,False,False,True
0.0,0.11,1567,47.4,118.0,0,1642,195.0,0.06,9.0,11.0,0.02,45.0,2.5,161.0,1.28,77.0,2,133.0,-75,1.26,0.21,9.0,0.22,-1,10.0,Hard,Regular,derrotas,Regular,derrotas,player1,False,False,True
0.0,0.08,1483,0.0,72.0,1,1531,96.0,0.0,6.0,8.0,0.01,42.9,3.84,217.0,0.0,24.0,1,153.0,-48,1.26,0.19,0.0,0.0,-1,1.0,Hard,Mala,derrotas,Regular,derrotas,player1,False,False,True
0.0,0.08,1483,0.0,72.0,1,1531,96.0,0.0,6.0,8.0,0.01,42.9,3.84,217.0,0.0,24.0,1,153.0,-48,1.26,0.19,0.0,0.0,-1,1.0,Hard,Mala,derrotas,Regular,derrotas,player1,False,False,True
87.51809999999999,0.33,1766,35.0,40.0,2,1907,91.0,0.02,12.0,8.0,0.04,60.0,1.75,177.0,1.02,51.0,32,155.0,-141,1.39,0.27,7.0,0.27,-1,13.0,Grass,Mala,derrotas,Buena,derrotas,player1,False,True,False
87.51809999999999,0.33,1766,35.0,40.0,2,1907,91.0,0.02,12.0,8.0,0.04,60.0,1.75,177.0,1.02,51.0,32,155.0,-141,1.39,0.27,7.0,0.27,-1,13.0,Grass,Mala,derrotas,Buena,derrotas,player1,False,True,False
37.895700000000005,0.27,1699,45.0,-25.0,2,1783,37.0,0.02,9.0,11.0,0.02,45.0,0.5873015873015873,169.0,1.24,62.0,31,192.0,-84,1.22,0.27,9.0,0.27,2,11.0,Grass,Regular,victorias,Regular,derrotas,player2,False,True,False
37.895700000000005,0.27,1699,45.0,-25.0,2,1783,37.0,0.02,9.0,11.0,0.02,45.0,0.5873015873015873,169.0,1.24,62.0,31,192.0,-84,1.22,0.27,9.0,0.27,2,11.0,Grass,Regular,victorias,Regular,derrotas,player2,False,True,False
0.0,0.04,1672,50.0,-17.0,2,1749,24.0,0.02,5.0,15.0,0.08,25.0,0.5714285714285714,187.0,1.24,41.0,5,217.0,-77,1.06,0.56,10.0,0.46,2,10.0,Grass,Regular,victorias,Mala,derrotas,player2,False,True,False
0.0,0.04,1672,50.0,-17.0,2,1749,24.0,0.02,5.0,15.0,0.08,25.0,0.5714285714285714,187.0,1.24,41.0,5,217.0,-77,1.06,0.56,10.0,0.46,2,10.0,Grass,Regular,victorias,Mala,derrotas,player2,False,True,False
0.0,0.04,1672,50.0,-17.0,2,1749,24.0,0.02,5.0,15.0,0.08,25.0,0.5714285714285714,187.0,1.24,41.0,5,217.0,-77,1.06,0.56,10.0,0.46,2,10.0,Grass,Regular,victorias,Mala,derrotas,player2,False,True,False
114.48239999999998,0.4,1758,45.0,-69.0,1,1827,98.0,0.07,10.0,10.0,0.04,50.0,0.5833333333333334,137.0,1.16,167.0,49,152.0,-69,1.15,0.27,9.0,0.27,1,11.0,Grass,Regular,victorias,Regular,derrotas,player2,False,True,False
114.48239999999998,0.4,1758,45.0,-69.0,1,1827,98.0,0.07,10.0,10.0,0.04,50.0,0.5833333333333334,137.0,1.16,167.0,49,152.0,-69,1.15,0.27,9.0,0.27,1,11.0,Grass,Regular,victorias,Regular,derrotas,player2,False,True,False
11.8657,0.15,1620,35.0,-78.0,1,1784,98.0,0.0,12.0,8.0,0.0,60.0,0.5536723163841808,135.0,1.24,176.0,14,152.0,-164,1.39,0.27,7.0,0.27,-2,13.0,Grass,Mala,derrotas,Buena,derrotas,player2,False,True,False
11.8657,0.15,1620,35.0,-78.0,1,1784,98.0,0.0,12.0,8.0,0.0,60.0,0.5536723163841808,135.0,1.24,176.0,14,152.0,-164,1.39,0.27,7.0,0.27,-2,13.0,Grass,Mala,derrotas,Buena,derrotas,player2,False,True,False
0.0,-0.0,1758,75.0,-175.0,0,1488,22.0,0.01,2.0,4.0,0.0,33.3,0.1111111111111111,132.0,1.66,197.0,0,223.0,270,1.39,0.12,15.0,0.27,-1,5.0,Grass,Excelente,derrotas,Mala,derrotas,player1,False,True,False
0.0,-0.0,1758,75.0,-175.0,0,1488,22.0,0.01,2.0,4.0,0.0,33.3,0.1111111111111111,132.0,1.66,197.0,0,223.0,270,1.39,0.12,15.0,0.27,-1,5.0,Grass,Excelente,derrotas,Mala,derrotas,player1,False,True,False
13.640899999999998,0.05,1682,50.0,54.0,1,1692,62.0,0.0,10.0,10.0,0.01,50.0,6.888888888888889,319.0,1.34,8.0,11,169.0,-10,1.34,0.27,10.0,0.27,-1,10.0,Grass,Regular,derrotas,Regular,derrotas,player2,False,True,False
13.640899999999998,0.05,1682,50.0,54.0,1,1692,62.0,0.0,10.0,10.0,0.01,50.0,6.888888888888889,319.0,1.34,8.0,11,169.0,-10,1.34,0.27,10.0,0.27,-1,10.0,Grass,Regular,derrotas,Regular,derrotas,player2,False,True,False
0.0,-0.0,1741,55.0,-97.0,1,1630,100.0,0.0,12.0,8.0,0.0,60.0,0.5050505050505051,132.0,1.13,197.0,1,152.0,111,1.25,0.58,11.0,0.67,-4,9.0,Grass,Regular,derrotas,Buena,derrotas,player2,False,True,False
0.0,-0.0,1741,55.0,-97.0,1,1630,100.0,0.0,12.0,8.0,0.0,60.0,0.5050505050505051,132.0,1.13,197.0,1,152.0,111,1.25,0.58,11.0,0.67,-4,9.0,Grass,Regular,derrotas,Buena,derrotas,player2,False,True,False
15.2703,0.17,1798,60.0,-17.0,2,1771,81.0,0.0,13.0,7.0,0.0,65.0,0.8181818181818182,152.0,1.34,98.0,19,159.0,27,1.37,0.27,12.0,0.27,-2,8.0,Grass,Buena,derrotas,Buena,derrotas,player1,False,True,False
15.2703,0.17,1798,60.0,-17.0,2,1771,81.0,0.0,13.0,7.0,0.0,65.0,0.8181818181818182,152.0,1.34,98.0,19,159.0,27,1.37,0.27,12.0,0.27,-2,8.0,Grass,Buena,derrotas,Buena,derrotas,player1,False,True,False
3.0133,0.11,1813,75.0,74.0,1,1724,98.0,0.03,12.0,8.0,0.03,60.0,3.92,217.0,1.71,24.0,13,152.0,89,1.33,0.27,15.0,0.27,-1,5.0,Grass,Excelente,derrotas,Buena,derrotas,player1,False,True,False
3.0133,0.11,1813,75.0,74.0,1,1724,98.0,0.03,12.0,8.0,0.03,60.0,3.92,217.0,1.71,24.0,13,152.0,89,1.33,0.27,15.0,0.27,-1,5.0,Grass,Excelente,derrotas,Buena,derrotas,player1,False,True,False
11.6115,0.17,1776,55.0,-36.0,2,1661,182.0,0.07,10.0,10.0,0.05,50.0,0.8310502283105022,130.0,1.47,218.0,16,134.0,115,1.24,0.27,11.0,0.27,-1,9.0,Grass,Regular,derrotas,Regular,derrotas,player2,False,True,False
11.6115,0.17,1776,55.0,-36.0,2,1661,182.0,0.07,10.0,10.0,0.05,50.0,0.8310502283105022,130.0,1.47,218.0,16,134.0,115,1.24,0.27,11.0,0.27,-1,9.0,Grass,Regular,derrotas,Regular,derrotas,player2,False,True,False
5.5682,0.09,1746,60.0,-94.0,1,1839,77.0,0.06,12.0,8.0,0.08,60.0,0.4476744186046512,136.0,1.55,171.0,11,161.0,-93,1.33,0.27,12.0,0.27,-1,8.0,Grass,Buena,derrotas,Buena,derrotas,player1,False,True,False
5.5682,0.09,1746,60.0,-94.0,1,1839,77.0,0.06,12.0,8.0,0.08,60.0,0.4476744186046512,136.0,1.55,171.0,11,161.0,-93,1.33,0.27,12.0,0.27,-1,8.0,Grass,Buena,derrotas,Buena,derrotas,player1,False,True,False
31.612899999999996,0.07,1673,35.0,-14.0,2,1674,140.0,0.05,8.0,12.0,0.02,40.0,0.9032258064516129,139.0,1.28,154.0,10,141.0,-1,1.32,0.27,7.0,0.27,-2,13.0,Grass,Mala,derrotas,Regular,derrotas,player1,False,True,False
31.612899999999996,0.07,1673,35.0,-14.0,2,1674,140.0,0.05,8.0,12.0,0.02,40.0,0.9032258064516129,139.0,1.28,154.0,10,141.0,-1,1.32,0.27,7.0,0.27,-2,13.0,Grass,Mala,derrotas,Regular,derrotas,player1,False,True,False
15.6183,0.1,1687,60.0,-38.0,2,1598,39.0,0.0,8.0,12.0,0.02,40.0,0.5,161.0,1.55,77.0,12,190.0,89,1.22,0.27,12.0,0.27,-1,8.0,Grass,Buena,derrotas,Regular,derrotas,player2,False,True,False
15.6183,0.1,1687,60.0,-38.0,2,1598,39.0,0.0,8.0,12.0,0.02,40.0,0.5,161.0,1.55,77.0,12,190.0,89,1.22,0.27,12.0,0.27,-1,8.0,Grass,Buena,derrotas,Regular,derrotas,player2,False,True,False
6.921200000000001,0.06,1741,65.0,-47.0,2,1773,139.0,0.01,13.0,7.0,0.03,65.0,0.7433155080213903,134.0,1.51,186.0,10,142.0,-32,1.51,0.27,13.0,0.27,-1,7.0,Grass,Buena,derrotas,Buena,derrotas,player2,False,True,False
6.921200000000001,0.06,1741,65.0,-47.0,2,1773,139.0,0.01,13.0,7.0,0.03,65.0,0.7433155080213903,134.0,1.51,186.0,10,142.0,-32,1.51,0.27,13.0,0.27,-1,7.0,Grass,Buena,derrotas,Buena,derrotas,player2,False,True,False
66.2146,0.22,1768,65.0,-45.0,2,1770,32.0,0.07,12.0,8.0,0.02,60.0,0.41025641025641024,161.0,1.32,77.0,27,200.0,-2,1.29,0.27,13.0,0.27,-1,7.0,Grass,Buena,derrotas,Buena,derrotas,player1,False,True,False
66.2146,0.22,1768,65.0,-45.0,2,1770,32.0,0.07,12.0,8.0,0.02,60.0,0.41025641025641024,161.0,1.32,77.0,27,200.0,-2,1.29,0.27,13.0,0.27,-1,7.0,Grass,Buena,derrotas,Buena,derrotas,player1,False,True,False
23.3612,0.18,1673,45.0,192.0,0,1665,200.0,0.03,10.0,10.0,0.03,50.0,22.22222222222222,319.0,1.22,8.0,20,132.0,8,1.25,0.27,9.0,0.27,-1,11.0,Grass,Regular,derrotas,Regular,derrotas,player2,False,True,False
23.3612,0.18,1673,45.0,192.0,0,1665,200.0,0.03,10.0,10.0,0.03,50.0,22.22222222222222,319.0,1.22,8.0,20,132.0,8,1.25,0.27,9.0,0.27,-1,11.0,Grass,Regular,derrotas,Regular,derrotas,player2,False,True,False
23.3612,0.18,1673,45.0,192.0,0,1665,200.0,0.03,10.0,10.0,0.03,50.0,22.22222222222222,319.0,1.22,8.0,20,132.0,8,1.25,0.27,9.0,0.27,-1,11.0,Grass,Regular,derrotas,Regular,derrotas,player2,False,True,False
22.52220000000001,0.21,1772,60.0,48.0,2,1744,110.0,0.04,14.0,6.0,0.0,70.0,1.746031746031746,169.0,1.29,62.0,23,149.0,28,1.34,0.27,12.0,0.27,-1,8.0,Grass,Buena,derrotas,Buena,derrotas,player1,False,True,False
22.52220000000001,0.21,1772,60.0,48.0,2,1744,110.0,0.04,14.0,6.0,0.0,70.0,1.746031746031746,169.0,1.29,62.0,23,149.0,28,1.34,0.27,12.0,0.27,-1,8.0,Grass,Buena,derrotas,Buena,derrotas,player1,False,True,False
22.52220000000001,0.21,1772,60.0,48.0,2,1744,110.0,0.04,14.0,6.0,0.0,70.0,1.746031746031746,169.0,1.29,62.0,23,149.0,28,1.34,0.27,12.0,0.27,-1,8.0,Grass,Buena,derrotas,Buena,derrotas,player1,False,True,False
26.1419,0.07,1697,40.0,38.0,2,1810,62.0,0.05,12.0,8.0,0.06,60.0,2.48,217.0,1.46,24.0,9,169.0,-113,1.38,0.27,8.0,0.27,-3,12.0,Grass,Regular,derrotas,Buena,derrotas,player2,False,True,False
26.1419,0.07,1697,40.0,38.0,2,1810,62.0,0.05,12.0,8.0,0.06,60.0,2.48,217.0,1.46,24.0,9,169.0,-113,1.38,0.27,8.0,0.27,-3,12.0,Grass,Regular,derrotas,Buena,derrotas,player2,False,True,False
10.7594,0.05,1803,65.0,-76.0,1,1629,22.0,0.0,7.0,13.0,0.05,35.0,0.2222222222222222,152.0,1.46,98.0,10,223.0,174,1.28,0.27,13.0,0.27,-1,7.0,Grass,Buena,derrotas,Mala,derrotas,player2,False,True,False
10.7594,0.05,1803,65.0,-76.0,1,1629,22.0,0.0,7.0,13.0,0.05,35.0,0.2222222222222222,152.0,1.46,98.0,10,223.0,174,1.28,0.27,13.0,0.27,-1,7.0,Grass,Buena,derrotas,Mala,derrotas,player2,False,True,False
21.1447,0.17,1784,65.0,-28.0,2,1751,154.0,0.04,14.0,6.0,0.04,70.0,0.8415300546448088,134.0,1.6,182.0,23,139.0,33,1.28,0.27,13.0,0.27,5,7.0,Grass,Buena,victorias,Buena,derrotas,player1,False,True,False
21.1447,0.17,1784,65.0,-28.0,2,1751,154.0,0.04,14.0,6.0,0.04,70.0,0.8415300546448088,134.0,1.6,182.0,23,139.0,33,1.28,0.27,13.0,0.27,5,7.0,Grass,Buena,victorias,Buena,derrotas,player1,False,True,False
6.6071,0.15,1653,45.0,-153.0,0,1802,47.0,0.0,14.0,6.0,0.04,70.0,0.23383084577114427,132.0,1.31,200.0,16,181.0,-149,1.44,0.27,9.0,0.27,-1,11.0,Grass,Regular,derrotas,Buena,derrotas,player2,False,True,False
6.6071,0.15,1653,45.0,-153.0,0,1802,47.0,0.0,14.0,6.0,0.04,70.0,0.23383084577114427,132.0,1.31,200.0,16,181.0,-149,1.44,0.27,9.0,0.27,-1,11.0,Grass,Regular,derrotas,Buena,derrotas,player2,False,True,False
6.313,0.03,1620,50.0,44.0,2,1715,52.0,0.02,12.0,8.0,0.01,60.0,5.777777777777778,319.0,1.37,8.0,6,176.0,-95,1.65,0.27,10.0,0.27,-2,10.0,Grass,Regular,derrotas,Buena,derrotas,player2,False,True,False
6.313,0.03,1620,50.0,44.0,2,1715,52.0,0.02,12.0,8.0,0.01,60.0,5.777777777777778,319.0,1.37,8.0,6,176.0,-95,1.65,0.27,10.0,0.27,-2,10.0,Grass,Regular,derrotas,Buena,derrotas,player2,False,True,False
4.7669,0.04,1615,55.0,58.0,1,1663,197.0,0.01,10.0,10.0,0.03,50.0,1.4071428571428573,142.0,1.39,139.0,5,132.0,-48,1.59,0.27,11.0,0.27,-4,9.0,Grass,Regular,derrotas,Regular,derrotas,player2,False,True,False
4.7669,0.04,1615,55.0,58.0,1,1663,197.0,0.01,10.0,10.0,0.03,50.0,1.4071428571428573,142.0,1.39,139.0,5,132.0,-48,1.59,0.27,11.0,0.27,-4,9.0,Grass,Regular,derrotas,Regular,derrotas,player2,False,True,False
10.7668,0.1,1661,50.0,-117.0,0,1812,83.0,0.04,14.0,6.0,0.07,70.0,0.4129353233830846,132.0,1.38,200.0,12,158.0,-151,1.54,0.27,10.0,0.27,-1,10.0,Grass,Regular,derrotas,Buena,derrotas,player2,False,True,False
10.7668,0.1,1661,50.0,-117.0,0,1812,83.0,0.04,14.0,6.0,0.07,70.0,0.4129353233830846,132.0,1.38,200.0,12,158.0,-151,1.54,0.27,10.0,0.27,-1,10.0,Grass,Regular,derrotas,Buena,derrotas,player2,False,True,False
6.0211,0.05,1888,70.0,76.0,1,1525,176.0,0.01,7.0,13.0,0.03,35.0,1.7425742574257426,152.0,1.71,100.0,7,135.0,363,1.22,0.25,14.0,0.27,-1,6.0,Grass,Buena,derrotas,Mala,derrotas,player1,False,True,False
6.0211,0.05,1888,70.0,76.0,1,1525,176.0,0.01,7.0,13.0,0.03,35.0,1.7425742574257426,152.0,1.71,100.0,7,135.0,363,1.22,0.25,14.0,0.27,-1,6.0,Grass,Buena,derrotas,Mala,derrotas,player1,False,True,False
41.8643,0.23,1722,40.0,-64.0,1,1691,91.0,0.05,11.0,9.0,0.0,55.0,0.5833333333333334,139.0,1.1,155.0,18,155.0,31,1.37,0.27,8.0,0.27,-2,12.0,Grass,Regular,derrotas,Regular,derrotas,player2,False,True,False
41.8643,0.23,1722,40.0,-64.0,1,1691,91.0,0.05,11.0,9.0,0.0,55.0,0.5833333333333334,139.0,1.1,155.0,18,155.0,31,1.37,0.27,8.0,0.27,-2,12.0,Grass,Regular,derrotas,Regular,derrotas,player2,False,True,False
24.1471,0.27,1685,45.0,-74.0,1,1721,24.0,0.06,13.0,7.0,0.04,65.0,0.24242424242424243,152.0,1.13,98.0,19,217.0,-36,1.42,0.27,9.0,0.27,-1,11.0,Grass,Regular,derrotas,Buena,derrotas,player2,False,True,False
24.1471,0.27,1685,45.0,-74.0,1,1721,24.0,0.06,13.0,7.0,0.04,65.0,0.24242424242424243,152.0,1.13,98.0,19,217.0,-36,1.42,0.27,9.0,0.27,-1,11.0,Grass,Regular,derrotas,Buena,derrotas,player2,False,True,False
5.7254,0.08,1655,55.0,69.0,1,1535,116.0,0.0,5.0,15.0,0.02,25.0,2.4166666666666665,181.0,1.46,47.0,8,147.0,120,1.22,0.27,11.0,0.27,-3,9.0,Grass,Regular,derrotas,Mala,derrotas,player1,False,True,False
5.7254,0.08,1655,55.0,69.0,1,1535,116.0,0.0,5.0,15.0,0.02,25.0,2.4166666666666665,181.0,1.46,47.0,8,147.0,120,1.22,0.27,11.0,0.27,-3,9.0,Grass,Regular,derrotas,Mala,derrotas,player1,False,True,False
25.5217,0.05,1872,70.0,-99.0,1,1761,98.0,0.02,15.0,5.0,0.02,75.0,0.494949494949495,132.0,1.46,197.0,8,152.0,111,1.24,0.48,14.0,0.55,2,6.0,Grass,Buena,victorias,Excelente,victorias,player2,False,True,False
25.5217,0.05,1872,70.0,-99.0,1,1761,98.0,0.02,15.0,5.0,0.02,75.0,0.494949494949495,132.0,1.46,197.0,8,152.0,111,1.24,0.48,14.0,0.55,2,6.0,Grass,Buena,victorias,Excelente,victorias,player2,False,True,False
113.1897,0.49,1915,50.0,17.0,2,1749,98.0,0.06,11.0,9.0,0.19,55.0,1.1951219512195121,159.0,1.11,81.0,38,152.0,166,1.13,0.27,10.0,0.27,-1,10.0,Grass,Regular,derrotas,Regular,derrotas,player2,False,True,False
113.1897,0.49,1915,50.0,17.0,2,1749,98.0,0.06,11.0,9.0,0.19,55.0,1.1951219512195121,159.0,1.11,81.0,38,152.0,166,1.13,0.27,10.0,0.27,-1,10.0,Grass,Regular,derrotas,Regular,derrotas,player2,False,True,False
11.366299999999999,0.17,1749,40.0,28.0,2,1845,228.0,0.0,11.0,9.0,0.06,55.0,1.1343283582089552,132.0,1.18,200.0,17,129.0,-96,1.47,0.27,8.0,0.27,-3,12.0,Grass,Regular,derrotas,Regular,derrotas,player2,False,True,False
11.366299999999999,0.17,1749,40.0,28.0,2,1845,228.0,0.0,11.0,9.0,0.06,55.0,1.1343283582089552,132.0,1.18,200.0,17,129.0,-96,1.47,0.27,8.0,0.27,-3,12.0,Grass,Regular,derrotas,Regular,derrotas,player2,False,True,False
11.366299999999999,0.17,1749,40.0,28.0,2,1845,228.0,0.0,11.0,9.0,0.06,55.0,1.1343283582089552,132.0,1.18,200.0,17,129.0,-96,1.47,0.27,8.0,0.27,-3,12.0,Grass,Regular,derrotas,Regular,derrotas,player2,False,True,False
7.125,0.04,1818,70.0,21.0,2,1731,197.0,0.03,9.0,11.0,0.08,45.0,1.112994350282486,135.0,1.31,176.0,7,132.0,87,1.24,0.52,14.0,0.47,-2,6.0,Grass,Buena,derrotas,Regular,derrotas,player2,False,True,False
7.125,0.04,1818,70.0,21.0,2,1731,197.0,0.03,9.0,11.0,0.08,45.0,1.112994350282486,135.0,1.31,176.0,7,132.0,87,1.24,0.52,14.0,0.47,-2,6.0,Grass,Buena,derrotas,Regular,derrotas,player2,False,True,False
62.4492,0.3,1807,50.0,-19.0,2,1807,62.0,0.0,8.0,12.0,0.05,40.0,0.7560975609756098,159.0,1.15,81.0,27,169.0,0,1.28,0.27,10.0,0.27,-3,10.0,Grass,Regular,derrotas,Regular,derrotas,player1,False,True,False
62.4492,0.3,1807,50.0,-19.0,2,1807,62.0,0.0,8.0,12.0,0.05,40.0,0.7560975609756098,159.0,1.15,81.0,27,169.0,0,1.28,0.27,10.0,0.27,-3,10.0,Grass,Regular,derrotas,Regular,derrotas,player1,False,True,False
18.448700000000002,0.21,1782,45.0,-176.0,0,1988,24.0,0.03,14.0,6.0,0.17,70.0,0.11940298507462686,132.0,1.31,200.0,16,217.0,-206,1.48,0.27,9.0,0.27,-1,11.0,Grass,Regular,derrotas,Buena,derrotas,player2,False,True,False
18.448700000000002,0.21,1782,45.0,-176.0,0,1988,24.0,0.03,14.0,6.0,0.17,70.0,0.11940298507462686,132.0,1.31,200.0,16,217.0,-206,1.48,0.27,9.0,0.27,-1,11.0,Grass,Regular,derrotas,Buena,derrotas,player2,False,True,False
21.112099999999998,0.26,1775,55.0,0.0,3,1809,91.0,0.03,12.0,8.0,0.0,60.0,0.9891304347826086,155.0,1.27,91.0,23,155.0,-34,1.29,0.27,11.0,0.27,-2,9.0,Grass,Regular,derrotas,Buena,derrotas,player1,False,True,False
21.112099999999998,0.26,1775,55.0,0.0,3,1809,91.0,0.03,12.0,8.0,0.0,60.0,0.9891304347826086,155.0,1.27,91.0,23,155.0,-34,1.29,0.27,11.0,0.27,-2,9.0,Grass,Regular,derrotas,Buena,derrotas,player1,False,True,False
0.0,0.16,1500,30.0,-144.0,0,1405,32.0,0.0,4.0,16.0,0.0,20.0,0.1807909604519774,135.0,1.15,176.0,3,200.0,95,1.04,0.22,6.0,0.27,-4,14.0,Clay,Mala,derrotas,Mala,derrotas,player2,True,False,False
0.0,0.16,1500,30.0,-144.0,0,1405,32.0,0.0,4.0,16.0,0.0,20.0,0.1807909604519774,135.0,1.15,176.0,3,200.0,95,1.04,0.22,6.0,0.27,-4,14.0,Clay,Mala,derrotas,Mala,derrotas,player2,True,False,False
0.0,0.0,1278,5.0,57.0,1,1543,197.0,0.0,9.0,11.0,0.02,45.0,1.3971631205673758,141.0,0.63,140.0,0,132.0,-265,1.38,0.15,1.0,0.18,-12,19.0,Hard,Mala,derrotas,Regular,derrotas,player2,False,False,True
0.0,0.0,1278,5.0,57.0,1,1543,197.0,0.0,9.0,11.0,0.02,45.0,1.3971631205673758,141.0,0.63,140.0,0,132.0,-265,1.38,0.15,1.0,0.18,-12,19.0,Hard,Mala,derrotas,Regular,derrotas,player2,False,False,True
0.0,0.0,1661,55.0,24.0,2,1500,200.0,0.04,0.46449966656210945,1.928999333124219,0.0,4.644996665621094,1.1299435028248588,135.0,1.35,176.0,0,132.0,161,0.0,0.0,11.0,0.26,-1,9.0,Clay,Regular,derrotas,,,player1,True,False,False
0.0,0.0,1661,55.0,24.0,2,1500,200.0,0.04,0.46449966656210945,1.928999333124219,0.0,4.644996665621094,1.1299435028248588,135.0,1.35,176.0,0,132.0,161,0.0,0.0,11.0,0.26,-1,9.0,Clay,Regular,derrotas,,,player1,True,False,False
0.0,0.0,1497,40.0,29.0,2,1597,110.0,0.0,7.0,13.0,0.04,35.0,1.3414634146341464,159.0,1.14,81.0,2,149.0,-100,1.29,0.27,8.0,0.17,-3,12.0,Clay,Regular,derrotas,Mala,derrotas,player2,True,False,False
0.0,0.0,1497,40.0,29.0,2,1597,110.0,0.0,7.0,13.0,0.04,35.0,1.3414634146341464,159.0,1.14,81.0,2,149.0,-100,1.29,0.27,8.0,0.17,-3,12.0,Clay,Regular,derrotas,Mala,derrotas,player2,True,False,False
56.7723,0.38,1569,35.0,-15.0,2,1640,76.0,0.07,11.0,9.0,0.03,55.0,0.8260869565217391,155.0,1.0,91.0,11,161.0,-71,1.28,0.25,7.0,0.27,-2,13.0,Clay,Mala,derrotas,Regular,derrotas,player2,True,False,False
56.7723,0.38,1569,35.0,-15.0,2,1640,76.0,0.07,11.0,9.0,0.03,55.0,0.8260869565217391,155.0,1.0,91.0,11,161.0,-71,1.28,0.25,7.0,0.27,-2,13.0,Clay,Mala,derrotas,Regular,derrotas,player2,True,False,False
0.0,0.0,1680,60.0,-14.0,2,1556,63.0,0.05,8.0,12.0,0.02,40.0,0.8076923076923077,161.0,1.37,77.0,0,168.0,124,1.25,0.19,12.0,0.15,-1,8.0,Hard,Buena,derrotas,Regular,derrotas,player1,False,False,True
0.0,0.0,1680,60.0,-14.0,2,1556,63.0,0.05,8.0,12.0,0.02,40.0,0.8076923076923077,161.0,1.37,77.0,0,168.0,124,1.25,0.19,12.0,0.15,-1,8.0,Hard,Buena,derrotas,Regular,derrotas,player1,False,False,True
13.0254,0.18,1579,40.0,-99.0,1,1568,77.0,0.03,7.0,13.0,0.03,35.0,0.4350282485875706,135.0,1.17,176.0,6,161.0,11,1.13,0.17,8.0,0.2,-1,12.0,Hard,Regular,derrotas,Mala,derrotas,player1,False,False,True
13.0254,0.18,1579,40.0,-99.0,1,1568,77.0,0.03,7.0,13.0,0.03,35.0,0.4350282485875706,135.0,1.17,176.0,6,161.0,11,1.13,0.17,8.0,0.2,-1,12.0,Hard,Regular,derrotas,Mala,derrotas,player1,False,False,True
3.25,0.15,1499,35.0,0.0,3,1583,100.0,0.01,9.0,11.0,0.05,45.0,0.9900990099009901,152.0,1.25,100.0,5,152.0,-84,1.13,0.27,7.0,0.17,-1,13.0,Hard,Mala,derrotas,Regular,derrotas,player2,False,False,True
15.4112,0.0,1459,30.0,0.0,3,1408,100.0,0.02,5.0,15.0,0.01,25.0,0.9900990099009901,152.0,1.01,100.0,6,152.0,51,1.12,0.24,6.0,0.26,-4,14.0,Hard,Mala,derrotas,Mala,derrotas,player2,False,False,True
0.0,0.0,1484,33.3,48.0,2,1574,100.0,0.0,8.0,12.0,0.06,40.0,1.8867924528301887,176.0,1.2,52.0,0,152.0,-90,1.25,0.27,4.0,0.12,-1,8.0,Hard,Mala,derrotas,Regular,derrotas,player2,False,False,True
7.475,0.27,1633,55.0,-92.0,1,1733,8.0,0.04,14.0,6.0,0.15,70.0,0.07920792079207921,152.0,0.93,100.0,6,319.0,-100,0.98,0.27,11.0,0.2,-1,9.0,Hard,Regular,derrotas,Buena,derrotas,player1,False,False,True
0.0,0.08,1568,45.0,-98.0,1,1464,8.0,0.04,2.0,6.0,0.01,25.0,0.07476635514018691,150.0,1.18,106.0,1,319.0,104,1.19,0.2,9.0,0.25,-4,11.0,Hard,Regular,derrotas,Mala,derrotas,player1,False,False,True
0.0,0.0,1500,40.39915785942126,-54.0,1,1503,52.0,0.0,7.0,13.0,0.02,35.0,0.48598130841121495,150.0,0.0,106.0,0,176.0,-3,1.12,0.25,5.31932628753701,0.0,0,7.31932628753701,Hard,,,Mala,derrotas,player2,False,False,True
6.5285,0.12,1511,35.0,86.0,1,1444,186.0,0.02,6.0,14.0,0.0,30.0,1.8415841584158417,152.0,1.16,100.0,4,134.0,67,1.11,0.16,7.0,0.21,-5,13.0,Hard,Mala,derrotas,Mala,derrotas,player2,False,False,True
0.0,0.0,1638,50.0,6.0,3,1411,106.0,0.03,0.0,6.0,0.0,0.0,1.0495049504950495,152.0,1.32,100.0,0,150.0,227,0.0,0.0,10.0,0.17,-2,10.0,Hard,Regular,derrotas,Mala,derrotas,player1,False,False,True
0.0,0.0,1483,0.0,63.0,1,1607,81.0,0.0,12.0,8.0,0.01,60.0,4.2631578947368425,238.0,0.0,18.0,0,159.0,-124,1.37,0.0,0.0,0.0,-1,1.0,Clay,Mala,derrotas,Buena,derrotas,player2,True,False,False
0.0,0.0,1464,30.0,-9.0,3,1391,167.0,0.01,3.0,17.0,0.0,15.0,0.943502824858757,135.0,1.18,176.0,0,137.0,73,0.98,0.0,6.0,0.16,-1,14.0,Clay,Mala,derrotas,Mala,derrotas,player2,True,False,False
0.0,0.0,1535,40.0,-78.0,1,1466,98.0,0.02,7.0,13.0,0.01,35.0,0.5536723163841808,135.0,1.26,176.0,0,152.0,69,1.22,0.12,8.0,0.21,-3,12.0,Clay,Regular,derrotas,Mala,derrotas,player1,True,False,False
0.0,0.0,1475,28.6,-156.0,0,1451,25.0,0.0,0.0,3.0,0.0,0.0,0.13736263736263737,135.0,1.16,181.0,0,215.0,24,0.0,0.0,2.0,0.0,-3,5.0,Clay,Mala,derrotas,Mala,derrotas,player1,True,False,False
23.6279,0.43,1761,70.0,0.0,3,1430,167.0,0.12,6.0,14.0,0.01,30.0,0.9940476190476191,137.0,1.08,167.0,9,137.0,331,0.72,0.0,14.0,0.09,5,6.0,Clay,Buena,victorias,Mala,derrotas,player1,True,False,False
0.0,0.0,1400,10.0,90.0,1,1533,98.0,0.0,7.0,13.0,0.01,35.0,10.88888888888889,319.0,0.8,8.0,1,152.0,-133,1.3,0.0,1.0,0.0,-6,9.0,Clay,Mala,derrotas,Mala,derrotas,player1,True,False,False
0.0,0.0,1420,11.1,-162.0,0,1499,24.0,0.0,6.0,14.0,0.02,30.0,0.12834224598930483,134.0,0.9,186.0,0,217.0,-79,1.18,0.0,1.0,0.14,-7,8.0,Clay,Mala,derrotas,Mala,derrotas,player2,True,False,False
0.0,0.0,1515,45.0,-98.0,1,1490,41.0,0.01,1.0,2.0,0.0,33.3,0.29285714285714287,142.0,1.29,139.0,0,187.0,25,1.21,0.0,9.0,0.0,-1,11.0,Clay,Regular,derrotas,Mala,derrotas,player1,True,False,False
0.0,0.0,1467,0.0,145.0,0,1479,167.0,0.0,7.0,13.0,0.02,35.0,7.260869565217392,223.0,0.0,22.0,0,137.0,-12,1.13,0.23,0.0,0.0,-2,2.0,Clay,Mala,derrotas,Mala,derrotas,player2,True,False,False
0.0,0.0,1512,45.0,116.0,0,1508,167.0,0.02,8.0,12.0,0.01,40.0,3.2115384615384617,177.0,1.28,51.0,1,137.0,4,1.25,0.0,9.0,0.0,-1,11.0,Clay,Regular,derrotas,Regular,derrotas,player1,True,False,False
0.0,0.14,1564,45.0,33.0,2,1547,200.0,0.03,8.0,12.0,0.02,40.0,1.1904761904761905,137.0,1.18,167.0,1,132.0,17,1.34,0.0,9.0,0.16,-1,11.0,Clay,Regular,derrotas,Regular,derrotas,player2,True,False,False
8.483400000000001,0.0,1551,46.7,30.0,2,1493,197.0,0.01,8.0,12.0,0.02,40.0,1.1726190476190477,137.0,1.38,167.0,1,132.0,58,1.15,0.21,7.0,0.21,-1,8.0,Clay,Regular,derrotas,Regular,derrotas,player2,True,False,False
0.0,0.0,1568,45.0,-83.0,1,1442,98.0,0.02,2.0,6.0,0.0,25.0,0.5384615384615384,135.0,1.39,181.0,0,152.0,126,1.04,0.0,9.0,0.21,-1,11.0,Clay,Regular,derrotas,Mala,derrotas,player1,True,False,False
0.0,0.26,1651,55.0,-105.0,0,1690,62.0,0.04,10.0,10.0,0.05,50.0,0.36904761904761907,137.0,0.76,167.0,3,169.0,-39,0.61,0.63,11.0,0.5,5,9.0,Clay,Regular,victorias,Regular,derrotas,player1,True,False,False
0.0,0.0,1418,0.0,-47.0,2,1497,110.0,0.0,8.0,12.0,0.0,40.0,0.6962025316455697,138.0,0.0,157.0,0,149.0,-79,1.26,0.19,0.0,0.0,-5,5.0,Clay,Mala,derrotas,Regular,derrotas,player2,True,False,False
0.0,0.0,1461,14.3,-116.0,0,1521,41.0,0.0,1.0,1.0,0.01,50.0,0.25949367088607594,138.0,0.97,157.0,0,187.0,-60,1.32,0.16,1.0,0.2,-6,6.0,Clay,Mala,derrotas,Regular,derrotas,player1,True,False,False
0.0,0.28,1360,7.7,10.0,3,1512,167.0,0.0,7.0,13.0,0.02,35.0,1.0569620253164558,138.0,0.78,157.0,3,137.0,-152,1.19,0.27,1.0,0.0,-1,12.0,Clay,Mala,derrotas,Mala,derrotas,player2,True,False,False
0.0,0.0,1571,40.0,0.0,3,1476,167.0,0.02,0.0,1.0,0.0,0.0,0.9940476190476191,137.0,1.26,167.0,0,137.0,95,0.0,0.0,8.0,0.23,-2,12.0,Clay,Regular,derrotas,Mala,derrotas,player1,True,False,False
0.0,0.0,1450,0.0,-126.0,0,1519,41.0,0.0,8.0,12.0,0.02,40.0,0.24404761904761904,137.0,0.0,167.0,0,187.0,-69,1.16,0.24,0.0,0.16,-4,4.0,Clay,Mala,derrotas,Regular,derrotas,player2,True,False,False
0.0,0.0,1437,0.0,-159.0,0,1635,8.0,0.0,10.0,10.0,0.03,50.0,0.047619047619047616,137.0,0.0,167.0,0,319.0,-198,1.32,0.24,0.0,0.0,-4,4.0,Clay,Mala,derrotas,Regular,derrotas,player2,True,False,False
0.0,0.0,1585,55.0,0.0,3,1559,81.0,0.01,6.0,2.0,0.02,75.0,0.9878048780487805,159.0,1.25,81.0,0,159.0,26,1.6,0.0,11.0,0.17,-2,9.0,Clay,Regular,derrotas,Excelente,derrotas,player1,True,False,False
9.5167,0.44,1571,50.0,40.0,2,1469,81.0,0.02,7.0,13.0,0.01,35.0,1.9285714285714286,187.0,1.24,41.0,6,159.0,102,1.14,0.19,10.0,0.22,-1,10.0,Clay,Regular,derrotas,Mala,derrotas,player1,True,False,False
8.6864,0.0,1540,45.0,102.0,0,1407,183.0,0.01,5.0,15.0,0.0,25.0,2.231707317073171,159.0,1.34,81.0,3,134.0,133,1.0,0.0,9.0,0.18,-2,11.0,Clay,Regular,derrotas,Mala,derrotas,player1,True,False,False
6.0137,0.13,1537,40.0,41.0,2,1599,139.0,0.02,11.0,9.0,0.02,55.0,1.404040404040404,152.0,1.08,98.0,6,142.0,-62,1.35,0.0,8.0,0.23,-3,12.0,Clay,Regular,derrotas,Regular,derrotas,player1,True,False,False
0.0,0.0,1518,66.7,0.0,3,1500,81.0,0.01,6.176379458910126,13.823620541089875,0.0,30.881897294550633,0.9878048780487805,159.0,1.4,81.0,0,159.0,18,0.0,0.0,2.0,0.0,-1,1.0,Clay,Buena,derrotas,,,player2,True,False,False
0.0,0.0,1437,25.0,-116.0,0,1589,81.0,0.01,8.0,12.0,0.01,40.0,0.4090909090909091,132.0,1.03,197.0,1,159.0,-152,1.34,0.09,5.0,0.0,-3,15.0,Clay,Mala,derrotas,Regular,derrotas,player2,True,False,False
0.0,0.0,1522,35.0,105.0,0,1437,186.0,0.02,0.0,4.0,0.0,0.0,2.268292682926829,159.0,1.22,81.0,0,134.0,85,0.0,0.0,7.0,0.16,-1,13.0,Clay,Mala,derrotas,Mala,derrotas,player1,True,False,False
14.2707,0.0,1680,65.0,114.0,0,1491,195.0,0.09,7.0,13.0,0.02,35.0,2.3780487804878048,159.0,1.13,81.0,5,133.0,189,0.72,0.0,13.0,0.22,5,7.0,Clay,Buena,victorias,Mala,derrotas,player1,True,False,False
3.0066,0.0,1721,65.0,0.0,3,1522,176.0,0.03,8.0,12.0,0.01,40.0,0.9943502824858758,135.0,1.37,176.0,1,135.0,199,1.23,0.16,13.0,0.16,-1,7.0,Hard,Buena,derrotas,Regular,derrotas,player1,False,False,True
0.0,0.0,1511,50.0,-21.0,2,1700,176.0,0.0,13.0,7.0,0.09,65.0,0.8888888888888888,132.0,0.99,197.0,0,135.0,-189,1.05,0.09,1.0,0.0,-1,1.0,Hard,Regular,derrotas,Buena,derrotas,player2,False,False,True
1.5,0.0,1538,45.0,99.0,1,1563,176.0,0.02,8.0,12.0,0.04,40.0,2.2564102564102564,161.0,1.42,77.0,1,135.0,-25,1.15,0.22,9.0,0.0,1,11.0,Hard,Regular,victorias,Regular,derrotas,player2,False,False,True
0.0,0.0,1493,35.0,152.0,0,1616,176.0,0.0,8.0,12.0,0.04,40.0,7.04,217.0,1.29,24.0,1,135.0,-123,1.15,0.19,7.0,0.21,-1,13.0,Hard,Mala,derrotas,Regular,derrotas,player2,False,False,True
0.0,0.0,1613,55.0,-674.0,0,1500,197.0,0.02,10.814786437077476,8.191934670685011,0.0,54.729496254264134,0.22591743119266056,28.0,1.34,871.0,0,132.0,113,0.0,0.0,11.0,0.12,-2,9.0,Hard,Regular,derrotas,,,player1,False,False,True
0.0,0.0,1500,57.76560629641291,755.0,0,1492,931.0,0.0,8.0,12.0,0.01,40.0,5.259887005649717,135.0,0.0,176.0,0,22.0,8,1.16,0.15,11.553121259282584,0.0,0,8.44687874071742,Hard,,,Regular,derrotas,player2,False,False,True
0.0,0.0,1500,57.76560629641291,755.0,0,1492,931.0,0.0,8.0,12.0,0.01,40.0,5.259887005649717,135.0,0.0,176.0,0,22.0,8,1.16,0.15,11.553121259282584,0.0,0,8.44687874071742,Hard,,,Regular,derrotas,player2,False,False,True
0.0,0.0,1500,57.76560629641291,755.0,0,1492,931.0,0.0,8.0,12.0,0.01,40.0,5.259887005649717,135.0,0.0,176.0,0,22.0,8,1.16,0.15,11.553121259282584,0.0,0,8.44687874071742,Hard,,,Regular,derrotas,player1,False,False,True
0.0,0.22,1569,66.7,0.0,3,1663,81.0,0.0,12.0,8.0,0.02,60.0,0.9878048780487805,159.0,1.39,81.0,1,159.0,-94,1.36,0.24,4.0,0.0,-1,2.0,Clay,Buena,derrotas,Buena,derrotas,player2,True,False,False
0.0,0.0,1710,75.0,89.0,1,1509,140.0,0.02,6.0,12.0,0.01,33.3,2.6923076923076925,177.0,1.44,51.0,0,141.0,201,1.21,0.2,15.0,0.25,-1,5.0,Clay,Excelente,derrotas,Mala,derrotas,player1,True,False,False
0.0,0.0,1566,45.0,-98.0,1,1550,32.0,0.03,8.0,7.0,0.0,53.3,0.24427480916030533,144.0,1.28,130.0,1,200.0,16,1.37,0.25,9.0,0.27,-2,11.0,Clay,Regular,derrotas,Regular,victorias,player2,True,False,False
4.2250000000000005,0.41,1478,30.0,-36.0,2,1622,81.0,0.03,10.0,10.0,0.03,50.0,0.6864406779661016,147.0,1.02,117.0,7,159.0,-144,1.33,0.27,6.0,0.27,-8,14.0,Clay,Mala,derrotas,Regular,derrotas,player1,True,False,False
0.0,0.0,1446,20.0,0.0,3,1747,81.0,0.0,15.0,5.0,0.08,75.0,0.9878048780487805,159.0,0.98,81.0,0,159.0,-301,1.54,0.26,2.0,0.17,-6,8.0,Clay,Mala,derrotas,Excelente,derrotas,player2,True,False,False
0.0,0.0,1627,45.0,4.0,3,1536,81.0,0.04,8.0,12.0,0.0,40.0,1.0384615384615385,161.0,1.28,77.0,1,159.0,91,1.25,0.26,9.0,0.27,-1,11.0,Clay,Regular,derrotas,Regular,derrotas,player1,True,False,False
0.0,0.0,1451,35.0,121.0,0,1630,202.0,0.0,4.0,3.0,0.23,57.1,2.4634146341463414,159.0,1.21,81.0,1,132.0,-179,1.39,0.27,7.0,0.25,-1,13.0,Clay,Mala,derrotas,Regular,derrotas,player2,True,False,False
0.0,0.0,1614,50.0,0.0,3,1483,32.0,0.05,0.0,1.0,0.0,0.0,0.9696969696969697,200.0,1.31,32.0,1,200.0,131,0.0,0.0,10.0,0.16,-1,10.0,Clay,Regular,derrotas,Mala,derrotas,player1,True,False,False
13.950600000000001,0.0,1683,55.0,4.0,3,1369,81.0,0.04,3.0,17.0,0.0,15.0,1.0384615384615385,161.0,1.36,77.0,5,159.0,314,0.85,0.23,11.0,0.15,-1,9.0,Clay,Regular,derrotas,Mala,derrotas,player1,True,False,False
0.0,0.18,1358,20.0,19.0,2,1679,100.0,0.03,14.0,6.0,0.06,70.0,1.2195121951219512,159.0,0.73,81.0,1,152.0,-321,1.14,0.09,4.0,0.17,-8,16.0,Clay,Mala,derrotas,Buena,derrotas,player2,True,False,False
6.5235,0.0,1750,75.0,105.0,0,1537,182.0,0.11,8.0,12.0,0.02,40.0,2.3333333333333335,161.0,0.87,77.0,4,134.0,213,0.61,0.18,15.0,0.48,-1,5.0,Clay,Excelente,derrotas,Regular,derrotas,player1,True,False,False
0.0,0.0,1500,24.614589028802104,45.0,2,1510,77.0,0.0,1.0,1.0,0.0,50.0,2.3333333333333335,200.0,0.0,32.0,0,161.0,-10,1.32,0.09,4.922917805760421,0.0,0,7.7690119829205795,Clay,,,Regular,derrotas,player2,True,False,False
0.0,0.0,1500,23.95219469342491,0.0,3,1526,32.0,0.0,9.0,11.0,0.01,45.0,0.9696969696969697,200.0,0.0,32.0,0,200.0,-26,1.29,0.16,4.790438938684983,0.0,0,11.782471387589132,Clay,,,Regular,derrotas,player2,True,False,False
0.0,0.0,1483,0.0,-68.0,1,1431,32.0,0.0,5.0,15.0,0.06,25.0,0.31683168316831684,152.0,0.0,100.0,0,200.0,52,1.13,0.22,0.0,0.0,-1,1.0,Clay,Mala,derrotas,Mala,derrotas,player1,True,False,False
0.0,0.0,1466,25.0,107.0,0,1518,200.0,0.0,7.0,13.0,0.02,35.0,2.127659574468085,154.0,1.12,93.0,0,132.0,-52,1.21,0.0,2.0,0.0,-1,6.0,Hard,Mala,derrotas,Mala,derrotas,player2,False,False,True
0.0,0.0,1418,20.0,-139.0,0,1612,52.0,0.01,12.0,8.0,0.01,60.0,0.2708333333333333,133.0,1.06,191.0,0,176.0,-194,1.37,0.0,4.0,0.09,-1,16.0,Hard,Mala,derrotas,Buena,derrotas,player2,False,False,True
0.0,0.0,1521,50.0,0.0,3,1435,191.0,0.01,1.0,5.0,0.0,16.7,0.9947916666666666,133.0,1.32,191.0,0,133.0,86,1.01,0.0,2.0,0.0,-1,2.0,Hard,Regular,derrotas,Mala,derrotas,player2,False,False,True
0.0,0.0,1483,0.0,9.0,3,1430,200.0,0.0,3.0,12.0,0.0,20.0,1.0416666666666667,133.0,0.0,191.0,0,132.0,53,1.06,0.0,0.0,0.0,-1,1.0,Hard,Mala,derrotas,Mala,derrotas,player1,False,False,True
7.4750000000000005,0.0,1587,50.0,-26.0,2,1418,165.0,0.02,5.0,15.0,0.0,25.0,0.859375,133.0,1.29,191.0,2,137.0,169,1.1,0.0,10.0,0.23,-1,10.0,Hard,Regular,derrotas,Mala,derrotas,player2,False,False,True
0.0,0.0,1467,36.8,-123.0,0,1500,77.0,0.01,3.6656447588298664,8.39754742119168,0.0,31.540674459172287,0.38308457711442784,132.0,1.14,200.0,0,161.0,-33,0.0,0.0,7.0,0.0,-6,12.0,Hard,Mala,derrotas,,,player1,False,False,True
1.2349999999999997,0.0,1468,35.0,-70.0,1,1456,77.0,0.0,6.0,14.0,0.0,30.0,0.5202702702702703,140.0,1.2,147.0,1,161.0,12,1.16,0.17,7.0,0.14,-2,13.0,Hard,Mala,derrotas,Mala,derrotas,player1,False,False,True
0.0,0.0,1486,35.0,-119.0,0,1632,81.0,0.01,11.0,9.0,0.01,55.0,0.40298507462686567,132.0,1.11,200.0,1,159.0,-146,1.43,0.12,7.0,0.23,-1,13.0,Hard,Mala,derrotas,Regular,derrotas,player2,False,False,True
0.0,0.21,1497,40.0,114.0,0,1698,191.0,0.01,13.0,7.0,0.04,65.0,2.448717948717949,161.0,1.21,77.0,4,133.0,-201,1.34,0.18,8.0,0.14,-1,12.0,Hard,Regular,derrotas,Buena,derrotas,player2,False,False,True
3.0875,0.0,1457,30.0,183.0,0,1465,191.0,0.01,9.0,11.0,0.01,45.0,21.22222222222222,319.0,1.24,8.0,2,133.0,-8,1.17,0.0,6.0,0.18,-3,14.0,Hard,Mala,derrotas,Regular,derrotas,player1,False,False,True
0.0,0.0,1430,30.0,-110.0,0,1654,81.0,0.0,14.0,6.0,0.03,70.0,0.421875,133.0,1.08,191.0,0,159.0,-224,1.52,0.16,6.0,0.23,-2,14.0,Hard,Mala,derrotas,Buena,derrotas,player2,False,False,True
0.0,0.06,1630,50.0,139.0,0,1784,191.0,0.05,15.0,5.0,0.12,75.0,3.6037735849056602,176.0,1.05,52.0,1,133.0,-154,0.99,0.24,10.0,0.26,-1,10.0,Hard,Regular,derrotas,Excelente,derrotas,player2,False,False,True
0.0,0.0,1640,65.0,97.0,1,1483,191.0,0.09,0.0,1.0,0.0,0.0,2.0105263157894737,154.0,1.39,94.0,0,133.0,157,0.0,0.0,13.0,0.27,-1,7.0,Hard,Buena,derrotas,Mala,derrotas,player1,False,False,True
0.0,0.0,1570,40.0,-5.0,3,1477,195.0,0.04,1.0,4.0,0.0,20.0,0.9701492537313433,132.0,1.25,200.0,0,133.0,93,1.06,0.18,8.0,0.25,-1,12.0,Hard,Regular,derrotas,Mala,derrotas,player1,False,False,True
6.2804,0.2,1496,35.0,89.0,1,1469,191.0,0.01,6.0,14.0,0.01,30.0,1.854368932038835,151.0,1.13,102.0,7,133.0,27,1.09,0.24,7.0,0.27,-1,13.0,Hard,Mala,derrotas,Mala,derrotas,player1,False,False,True
8.486500000000001,0.05,1686,65.0,-167.0,0,1488,24.0,0.07,2.0,5.0,0.0,28.6,0.125,133.0,1.01,191.0,2,217.0,198,0.85,0.19,13.0,0.2,-1,7.0,Hard,Buena,derrotas,Mala,derrotas,player1,False,False,True
0.0,0.0,1383,25.0,0.0,3,1460,93.0,0.01,0.0,4.0,0.0,0.0,0.9893617021276596,154.0,1.03,93.0,1,154.0,-77,0.0,0.2,5.0,0.26,-1,15.0,Hard,Mala,derrotas,Mala,derrotas,player1,False,False,True
0.0,0.71,1391,20.0,0.0,3,1664,157.0,0.0,9.0,11.0,0.06,45.0,0.9936708860759493,138.0,0.93,157.0,6,138.0,-273,1.32,0.27,4.0,0.27,-7,16.0,Clay,Mala,derrotas,Regular,derrotas,player2,True,False,False
11.581700000000001,0.0,1554,40.0,35.0,2,1553,98.0,0.01,7.0,13.0,0.03,35.0,1.53125,168.0,1.22,63.0,3,152.0,1,1.18,0.24,8.0,0.27,-1,12.0,Clay,Regular,derrotas,Mala,derrotas,player1,True,False,False
42.2872,0.0,1879,60.0,0.0,3,1653,157.0,0.15,11.0,9.0,0.03,55.0,0.9936708860759493,138.0,1.41,157.0,3,138.0,226,1.19,0.27,12.0,0.27,-1,8.0,Clay,Buena,derrotas,Regular,derrotas,player2,True,False,False
28.5639,0.0,1466,30.0,-18.0,2,1766,139.0,0.0,12.0,8.0,0.07,60.0,0.879746835443038,138.0,1.05,157.0,3,142.0,-300,1.47,0.27,6.0,0.27,-2,14.0,Clay,Mala,derrotas,Buena,derrotas,player2,True,False,False
14.990900000000002,0.0,1673,65.0,0.0,3,1453,157.0,0.05,1.0,5.0,0.0,16.7,0.9936708860759493,138.0,1.24,157.0,3,138.0,220,1.05,0.0,13.0,0.27,-4,7.0,Clay,Buena,derrotas,Mala,derrotas,player1,True,False,False
0.0096,0.23,1562,40.0,-40.0,2,1598,157.0,0.01,10.0,10.0,0.06,50.0,0.7929292929292929,132.0,1.0,197.0,1,138.0,-36,1.17,0.48,8.0,0.48,-4,12.0,Clay,Regular,derrotas,Regular,derrotas,player2,True,False,False
0.0,0.34,1497,33.3,0.0,3,1621,157.0,0.0,10.0,10.0,0.03,50.0,0.9936708860759493,138.0,1.2,157.0,1,138.0,-124,1.31,0.27,1.0,0.09,-2,2.0,Clay,Mala,derrotas,Regular,derrotas,player2,True,False,False
0.0,0.0,1460,27.3,0.0,3,1649,157.0,0.0,13.0,7.0,0.06,65.0,0.9936708860759493,138.0,1.06,157.0,0,138.0,-189,1.5,0.27,3.0,0.18,-3,8.0,Clay,Mala,derrotas,Buena,derrotas,player2,True,False,False
0.0,0.0,1618,50.0,-59.0,1,1571,98.0,0.03,9.0,11.0,0.02,45.0,0.620253164556962,138.0,1.42,157.0,0,152.0,47,1.2,0.27,10.0,0.25,-2,10.0,Clay,Regular,derrotas,Regular,derrotas,player2,True,False,False
9.467500000000001,0.0,1389,15.0,-147.0,0,1509,25.0,0.0,8.0,12.0,0.01,40.0,0.14450867052023122,136.0,0.88,172.0,3,215.0,-120,1.31,0.16,3.0,0.0,-3,17.0,Clay,Mala,derrotas,Regular,derrotas,player2,True,False,False
1.5,0.26,1600,50.0,156.0,0,1408,181.0,0.01,5.0,15.0,0.0,25.0,6.961538461538462,215.0,1.38,25.0,3,135.0,192,1.01,0.0,10.0,0.0,-1,10.0,Clay,Regular,derrotas,Mala,derrotas,player1,True,False,False
0.0,0.0,1500,35.00000000000001,74.0,1,1416,172.0,0.0,6.0,14.0,0.01,30.0,1.7373737373737375,152.0,0.0,98.0,0,136.0,84,1.09,0.13,7.000000000000001,0.0,0,13.000000000000002,Clay,,,Mala,derrotas,player1,True,False,False
6.2753,0.0,1499,36.8,9.0,3,1475,181.0,0.0,5.0,12.0,0.0,29.4,1.046242774566474,136.0,1.13,172.0,1,135.0,24,1.24,0.0,7.0,0.0,-1,12.0,Clay,Mala,derrotas,Mala,derrotas,player2,True,False,False
0.0,0.0,1428,0.0,-157.0,0,1419,25.0,0.0,4.0,16.0,0.01,20.0,0.1366120218579235,134.0,0.0,182.0,0,215.0,9,0.98,0.0,0.0,0.0,-5,5.0,Clay,Mala,derrotas,Mala,derrotas,player2,True,False,False
0.0,0.0,1525,35.0,-119.0,0,1413,62.0,0.02,4.0,12.0,0.0,25.0,0.34065934065934067,135.0,1.3,181.0,1,169.0,112,1.03,0.0,7.0,0.0,-1,13.0,Clay,Mala,derrotas,Mala,derrotas,player1,True,False,False
0.0091,0.0,1643,60.0,-91.0,1,1431,81.0,0.02,0.0,4.0,0.0,0.0,0.4682080924855491,136.0,1.35,172.0,1,159.0,212,0.0,0.0,12.0,0.0,-1,8.0,Clay,Buena,derrotas,Mala,derrotas,player1,True,False,False
0.0,0.23,1523,45.0,-119.0,0,1494,62.0,0.02,7.0,13.0,0.02,35.0,0.34065934065934067,135.0,1.28,181.0,1,169.0,29,1.21,0.16,9.0,0.0,-3,11.0,Clay,Regular,derrotas,Mala,derrotas,player2,True,False,False
17.0094,0.76,1721,50.0,17.0,2,1818,39.0,0.18,14.0,6.0,0.28,70.0,1.6956521739130435,223.0,0.83,22.0,14,190.0,-97,0.8,0.27,10.0,0.27,5,10.0,Clay,Regular,victorias,Buena,derrotas,player2,True,False,False
1.95,0.0,1622,45.0,15.0,2,1479,77.0,0.05,8.0,12.0,0.01,40.0,1.2222222222222223,169.0,1.2,62.0,1,161.0,143,0.97,0.35,9.0,0.47,-1,11.0,Clay,Regular,derrotas,Regular,derrotas,player1,True,False,False
0.0,0.61,1584,35.0,81.0,1,1656,154.0,0.04,12.0,8.0,0.03,60.0,2.081081081081081,163.0,1.2,73.0,10,139.0,-72,1.16,0.27,7.0,0.23,-3,13.0,Clay,Mala,derrotas,Buena,derrotas,player1,True,False,False
10.1222,0.52,1618,50.0,-92.0,1,1688,62.0,0.03,11.0,9.0,0.05,55.0,0.4,139.0,0.85,154.0,12,169.0,-70,0.87,0.26,10.0,0.24,-1,10.0,Clay,Regular,derrotas,Regular,derrotas,player2,True,False,False
11.278,0.34,1749,65.0,77.0,1,1674,139.0,0.15,10.0,10.0,0.04,50.0,2.2063492063492065,169.0,0.89,62.0,6,142.0,75,0.98,0.24,13.0,0.27,-2,7.0,Clay,Buena,derrotas,Regular,derrotas,player1,True,False,False
0.0,0.0,1813,75.0,40.0,2,1514,81.0,0.15,5.0,15.0,0.03,25.0,1.9285714285714286,187.0,1.22,41.0,1,159.0,299,0.71,0.27,15.0,0.24,5,5.0,Clay,Excelente,victorias,Mala,derrotas,player1,True,False,False
0.0,0.47,1597,40.0,-41.0,2,1703,154.0,0.07,13.0,7.0,0.04,65.0,0.7857142857142857,133.0,1.09,195.0,7,139.0,-106,1.41,0.25,8.0,0.27,-1,12.0,Clay,Regular,derrotas,Buena,derrotas,player2,True,False,False
7.1467,0.24,1517,25.0,3.0,3,1649,157.0,0.05,10.0,10.0,0.04,50.0,1.0129032258064516,139.0,1.0,154.0,4,138.0,-132,1.36,0.27,5.0,0.27,-1,15.0,Clay,Mala,derrotas,Regular,derrotas,player2,True,False,False
11.2704,0.46,1715,70.0,39.0,2,1595,98.0,0.08,7.0,13.0,0.04,35.0,1.6333333333333333,171.0,0.95,59.0,8,152.0,120,0.82,0.26,14.0,0.25,-1,6.0,Clay,Buena,derrotas,Mala,derrotas,player1,True,False,False
3.25,0.4,1316,10.0,135.0,0,1410,172.0,0.0,5.0,15.0,0.0,25.0,4.526315789473684,192.0,0.81,37.0,8,136.0,-94,1.05,0.19,2.0,0.19,-4,18.0,Clay,Mala,derrotas,Mala,derrotas,player1,True,False,False
10.147,0.17,1657,50.0,-34.0,2,1529,25.0,0.04,9.0,11.0,0.01,45.0,0.4166666666666667,171.0,1.34,59.0,5,215.0,128,1.13,0.18,10.0,0.17,-1,10.0,Clay,Regular,derrotas,Regular,derrotas,player1,True,False,False
0.0,0.0,1531,38.9,156.0,0,1500,195.0,0.01,8.0,12.0,0.0,40.0,4.875,190.0,1.25,39.0,0,133.0,31,0.0,0.0,7.0,0.0,-1,11.0,Clay,Mala,derrotas,,,player1,True,False,False
3.25,0.38,1379,20.0,0.0,3,1662,59.0,0.0,13.0,7.0,0.03,65.0,0.9833333333333333,171.0,0.66,59.0,3,171.0,-283,1.19,0.09,4.0,0.18,-3,16.0,Clay,Mala,derrotas,Buena,derrotas,player1,True,False,False
0.0,0.0,1478,33.3,-56.0,1,1634,62.0,0.0,11.0,9.0,0.03,55.0,0.5210084033613446,146.0,1.21,118.0,0,169.0,-156,1.35,0.25,2.0,0.0,-3,4.0,Clay,Mala,derrotas,Regular,derrotas,player2,True,False,False
0.0,0.0,1440,22.2,-43.0,2,1585,37.0,0.01,8.0,12.0,0.0,40.0,0.4567901234567901,159.0,1.08,80.0,1,192.0,-145,1.25,0.23,4.0,0.21,-2,14.0,Clay,Mala,derrotas,Regular,derrotas,player2,True,False,False
6.5725999999999996,0.32,1436,25.0,0.0,3,1449,98.0,0.01,6.0,14.0,0.01,30.0,0.98989898989899,152.0,1.01,98.0,3,152.0,-13,1.22,0.0,5.0,0.17,-5,15.0,Clay,Mala,derrotas,Mala,derrotas,player2,True,False,False
17.2697,0.48,1665,65.0,0.0,3,1626,98.0,0.02,12.0,8.0,0.03,60.0,0.98989898989899,152.0,1.24,98.0,9,152.0,39,1.22,0.15,13.0,0.21,-1,7.0,Clay,Buena,derrotas,Buena,derrotas,player2,True,False,False
0.0,0.12,1528,45.0,84.0,1,1632,182.0,0.01,12.0,8.0,0.02,60.0,1.8383838383838385,152.0,1.27,98.0,2,134.0,-104,1.35,0.09,9.0,0.0,-1,11.0,Clay,Regular,derrotas,Buena,derrotas,player2,True,False,False
0.0,0.0,1538,41.7,0.0,3,1572,98.0,0.02,9.0,11.0,0.01,45.0,0.98989898989899,152.0,1.27,98.0,0,152.0,-34,1.29,0.17,5.0,0.0,-1,7.0,Clay,Regular,derrotas,Regular,derrotas,player2,True,False,False
4.55,0.39,1733,65.0,-17.0,2,1697,81.0,0.13,10.0,10.0,0.09,50.0,0.8181818181818182,152.0,0.78,98.0,6,159.0,36,0.54,0.6,13.0,0.43,10,7.0,Clay,Buena,victorias,Regular,derrotas,player1,True,False,False
0.0,0.0,1574,35.0,-99.0,1,1835,77.0,0.03,18.0,2.0,0.22,90.0,0.4350282485875706,135.0,0.63,176.0,0,161.0,-261,0.94,0.23,7.0,0.5,1,13.0,Clay,Mala,victorias,Excelente,victorias,player2,True,False,False
3.9734,0.3,1584,35.0,19.0,2,1686,81.0,0.04,13.0,7.0,0.07,65.0,1.2857142857142858,169.0,1.03,62.0,9,159.0,-102,1.4,0.24,7.0,0.25,-3,13.0,Clay,Mala,derrotas,Buena,victorias,player2,True,False,False
4.7665,0.4,1604,45.0,-39.0,2,1640,59.0,0.03,12.0,8.0,0.04,60.0,0.5959595959595959,152.0,1.18,98.0,8,171.0,-36,1.29,0.18,9.0,0.21,-2,11.0,Clay,Regular,derrotas,Buena,victorias,player1,True,False,False
25.5171,0.19,1548,40.0,18.0,2,1578,111.0,0.02,7.0,13.0,0.04,35.0,1.1808510638297873,154.0,1.01,93.0,13,148.0,-30,1.14,0.26,8.0,0.23,-4,12.0,Clay,Regular,derrotas,Mala,derrotas,player2,True,False,False
0.0,0.0,1693,50.0,-14.0,2,1500,63.0,0.04,5.860620951768997,10.953222669141134,0.0,29.303104758844988,0.8076923076923077,161.0,1.29,77.0,0,168.0,193,0.0,0.0,10.0,0.27,-1,10.0,Clay,Regular,derrotas,,,player1,True,False,False
0.0,0.0,1693,50.0,-14.0,2,1500,63.0,0.04,5.860620951768997,10.953222669141134,0.0,29.303104758844988,0.8076923076923077,161.0,1.29,77.0,0,168.0,193,0.0,0.0,10.0,0.27,-1,10.0,Clay,Regular,derrotas,,,player1,True,False,False
0.0,0.0,1693,50.0,-14.0,2,1500,63.0,0.04,5.860620951768997,10.953222669141134,0.0,29.303104758844988,0.8076923076923077,161.0,1.29,77.0,0,168.0,193,0.0,0.0,10.0,0.27,-1,10.0,Clay,Regular,derrotas,,,player2,True,False,False
0.0,0.0,1483,0.0,-1.0,3,1590,80.0,0.0,10.0,10.0,0.05,50.0,0.975609756097561,159.0,0.0,81.0,0,159.0,-107,1.32,0.22,0.0,0.17,-2,2.0,Hard,Mala,derrotas,Regular,derrotas,player2,False,False,True
7.7838,0.0,1534,45.0,181.29565840750467,0,1528,189.29565840750467,0.02,7.0,13.0,0.02,35.0,21.032850934167183,319.0,1.15,8.0,2,133.189371288055,6,1.27,0.26,9.0,0.25,-1,11.0,Hard,Regular,derrotas,Mala,derrotas,player2,False,False,True
6.5248,0.0,1590,40.0,-223.0,0,1404,77.0,0.04,2.0,13.0,0.0,13.3,0.2558139534883721,123.0,1.33,300.0,1,161.0,186,0.86,0.16,8.0,0.27,-1,12.0,Hard,Regular,derrotas,Mala,derrotas,player1,False,False,True
0.0,0.0,1455,30.0,116.0,0,1495,197.0,0.01,6.0,14.0,0.02,30.0,2.402439024390244,159.0,1.16,81.0,1,132.0,-40,1.16,0.23,6.0,0.12,-1,14.0,Hard,Mala,derrotas,Mala,derrotas,player2,False,False,True
0.0,0.0,1459,22.2,-1.0,3,1606,62.0,0.0,10.0,10.0,0.02,50.0,0.96875,168.0,1.09,63.0,0,169.0,-147,1.32,0.2,2.0,0.18,-3,7.0,Hard,Mala,derrotas,Regular,derrotas,player1,False,False,True
0.0,0.0,1394,15.4,-37.0,2,1479,73.0,0.0,4.0,8.0,0.01,33.3,0.6576576576576577,149.0,0.99,110.0,0,163.0,-85,1.2,0.15,2.0,0.12,-5,11.0,Hard,Mala,derrotas,Mala,derrotas,player2,False,False,True
0.0,0.0,1423,30.0,-92.0,1,1498,98.0,0.01,1.0,2.0,0.0,33.3,0.5130890052356021,133.0,1.08,190.0,0,152.0,-75,1.29,0.13,6.0,0.21,-1,14.0,Hard,Mala,derrotas,Mala,derrotas,player1,False,False,True
5.199999999999999,0.11,1609,50.0,-85.0,1,1516,8.0,0.03,8.0,12.0,0.02,40.0,0.0851063829787234,154.0,1.27,93.0,4,319.0,93,1.21,0.27,10.0,0.27,-1,10.0,Hard,Regular,derrotas,Regular,derrotas,player1,False,False,True
0.0,0.0,1471,26.7,0.0,3,1500,154.0,0.0,6.671597248184538,10.17344621625374,0.0,33.3579862409227,0.9935483870967742,139.0,1.14,154.0,0,139.0,-29,0.0,0.0,4.0,0.0,-1,11.0,Clay,Mala,derrotas,,,player1,True,False,False
6.5223,0.0,1669,65.0,41.0,2,1483,195.0,0.08,0.0,1.0,0.0,0.0,1.2580645161290323,139.0,1.38,154.0,1,133.0,186,0.0,0.0,13.0,0.12,-1,7.0,Clay,Buena,derrotas,Mala,derrotas,player1,True,False,False
0.0,0.12,1430,35.0,-17.0,2,1372,154.0,0.01,2.0,18.0,0.01,10.0,0.8953488372093024,136.0,1.2,171.0,2,139.0,58,0.86,0.12,7.0,0.12,-4,13.0,Clay,Mala,derrotas,Mala,derrotas,player2,True,False,False
0.0,0.0,1377,25.0,25.0,2,1632,98.0,0.01,11.0,9.0,0.01,55.0,1.3243243243243243,163.0,1.04,73.0,0,152.0,-255,1.51,0.23,5.0,0.23,-3,15.0,Clay,Mala,derrotas,Regular,derrotas,player2,True,False,False
0.0,0.0,1528,40.0,-14.0,2,1492,62.0,0.01,6.0,14.0,0.0,30.0,0.8051948051948052,161.0,1.35,76.0,0,169.0,36,1.09,0.09,8.0,0.09,-1,12.0,Clay,Regular,derrotas,Mala,derrotas,player2,True,False,False
0.0,0.0,1397,17.6,-15.0,2,1412,139.0,0.0,2.0,9.0,0.0,18.2,0.896774193548387,139.0,1.03,154.0,0,142.0,-15,1.04,0.0,3.0,0.12,-4,14.0,Clay,Mala,derrotas,Mala,derrotas,player1,True,False,False
0.0,0.45,1425,30.0,72.0,1,1532,145.0,0.0,9.0,11.0,0.02,45.0,1.9594594594594594,163.0,1.21,73.0,5,140.0,-107,1.14,0.23,6.0,0.0,-2,14.0,Clay,Mala,derrotas,Regular,derrotas,player1,True,False,False
0.0,0.0,1548,50.0,19.0,2,1444,81.0,0.0,5.0,15.0,0.01,25.0,1.2857142857142858,169.0,1.31,62.0,1,159.0,104,1.12,0.0,10.0,0.18,-3,10.0,Clay,Regular,derrotas,Mala,derrotas,player1,True,False,False
0.0,0.0,1377,25.0,99.0,1,1553,197.0,0.0,9.0,11.0,0.02,45.0,1.9898989898989898,152.0,1.04,98.0,0,132.0,-176,1.38,0.18,5.0,0.0,-8,15.0,Hard,Mala,derrotas,Regular,derrotas,player2,False,False,True
0.0,0.0,1344,0.0,-7.0,3,1472,190.0,0.0,7.0,13.0,0.01,35.0,0.9595959595959596,132.0,0.0,197.0,0,133.0,-128,1.21,0.0,0.0,0.0,-12,12.0,Hard,Mala,derrotas,Mala,derrotas,player2,False,False,True
0.0,0.1,1627,60.0,-10.0,3,1421,190.0,0.02,5.0,15.0,0.01,25.0,0.945273631840796,132.0,1.46,200.0,1,133.0,206,1.03,0.0,12.0,0.19,-1,8.0,Hard,Buena,derrotas,Mala,derrotas,player1,False,False,True
0.0,0.11,1489,25.0,34.0,2,1440,111.0,0.01,6.0,14.0,0.01,30.0,1.4230769230769231,161.0,1.19,77.0,1,148.0,49,1.07,0.13,1.0,0.2,-3,3.0,Hard,Mala,derrotas,Mala,derrotas,player2,False,False,True
0.0,0.13,1546,40.0,-9.0,3,1733,181.0,0.02,14.0,6.0,0.09,70.0,0.9476439790575916,133.0,0.85,190.0,2,135.0,-187,1.2,0.13,8.0,0.0,-2,12.0,Hard,Regular,derrotas,Buena,victorias,player1,False,False,True
0.0,0.08,1536,40.0,17.0,2,1546,94.0,0.03,9.0,11.0,0.01,45.0,1.205128205128205,161.0,1.24,77.0,1,154.0,-10,1.27,0.16,8.0,0.0,-1,12.0,Hard,Regular,derrotas,Regular,derrotas,player2,False,False,True
0.0,0.0,1422,25.0,10.0,3,1344,200.0,0.0,0.0,13.0,0.0,0.0,1.0471204188481675,133.0,1.12,190.0,0,132.0,78,0.0,0.0,5.0,0.14,-3,15.0,Hard,Mala,derrotas,Mala,derrotas,player1,False,False,True
0.0,0.0,1445,25.0,123.0,0,1565,200.0,0.01,9.0,11.0,0.03,45.0,2.5641025641025643,161.0,1.11,77.0,1,132.0,-120,1.27,0.22,5.0,0.15,-2,15.0,Hard,Mala,derrotas,Regular,derrotas,player1,False,False,True
13.0229,0.07,1615,55.0,-19.0,2,1383,171.0,0.04,5.0,15.0,0.0,25.0,0.8952879581151832,133.0,1.39,190.0,3,136.0,232,1.0,0.15,11.0,0.2,-1,9.0,Hard,Regular,derrotas,Mala,derrotas,player1,False,False,True
0.0,0.11,1456,31.2,26.0,2,1543,77.0,0.01,10.0,10.0,0.02,50.0,1.4807692307692308,177.0,1.08,51.0,1,161.0,-87,1.4,0.2,5.0,0.0,-2,11.0,Hard,Mala,derrotas,Regular,derrotas,player1,False,False,True
0.0,0.0,1564,40.0,102.0,0,1463,200.0,0.02,5.0,15.0,0.02,25.0,2.0202020202020203,152.0,1.25,98.0,0,132.0,101,1.12,0.09,8.0,0.19,-2,12.0,Hard,Regular,derrotas,Mala,derrotas,player1,False,False,True
0.0,0.08,1536,40.0,-158.0,0,1679,18.0,0.01,12.0,8.0,0.04,60.0,0.1016949152542373,135.0,1.22,176.0,3,238.0,-143,1.33,0.19,8.0,0.16,-1,12.0,Hard,Regular,derrotas,Buena,derrotas,player2,False,False,True
13.0298,0.13,1699,50.0,-120.0,0,1538,77.0,0.13,8.0,12.0,0.01,40.0,0.3888888888888889,132.0,1.01,197.0,3,161.0,161,0.83,0.19,10.0,0.16,-1,10.0,Hard,Regular,derrotas,Regular,derrotas,player1,False,False,True
1.8199999999999996,0.11,1613,50.0,-91.0,1,1757,76.0,0.04,11.0,9.0,0.04,55.0,0.4523809523809524,137.0,1.25,167.0,4,161.0,-144,1.31,0.17,10.0,0.2,-3,10.0,Clay,Regular,derrotas,Regular,victorias,player2,True,False,False
0.9499999999999997,0.32,1638,55.0,36.0,2,1734,77.0,0.03,14.0,6.0,0.09,70.0,1.8333333333333333,187.0,0.98,41.0,4,161.0,-96,1.0,0.12,11.0,0.2,1,9.0,Clay,Regular,victorias,Buena,derrotas,player2,True,False,False
0.0,0.4,1611,55.0,-99.0,1,1744,77.0,0.04,14.0,6.0,0.12,70.0,0.4350282485875706,135.0,0.92,176.0,8,161.0,-133,0.96,0.22,11.0,0.12,-1,9.0,Clay,Regular,derrotas,Buena,derrotas,player2,True,False,False
3.0201,0.41,1631,55.0,56.0,1,1733,154.0,0.04,14.0,6.0,0.09,70.0,1.5555555555555556,152.0,1.32,98.0,6,139.0,-102,1.35,0.13,11.0,0.22,2,9.0,Clay,Regular,victorias,Buena,victorias,player2,True,False,False
14.5258,0.0,1759,70.0,-16.0,2,1737,25.0,0.12,13.0,7.0,0.08,65.0,0.5952380952380952,187.0,1.08,41.0,7,215.0,22,0.98,0.19,14.0,0.2,5,6.0,Clay,Buena,victorias,Buena,derrotas,player1,True,False,False
0.0,0.0,1655,60.0,-187.0,0,1500,98.0,0.02,8.0,12.0,0.0,40.0,0.34265734265734266,187.0,1.4,285.0,0,152.0,155,0.0,0.0,12.0,0.09,2,8.0,Clay,Buena,victorias,,,player1,True,False,False
0.0,0.0,1655,60.0,-187.0,0,1500,98.0,0.02,8.0,12.0,0.0,40.0,0.34265734265734266,187.0,1.4,285.0,0,152.0,155,0.0,0.0,12.0,0.09,2,8.0,Clay,Buena,victorias,,,player1,True,False,False
0.0,0.0,1655,60.0,-187.0,0,1500,98.0,0.02,8.0,12.0,0.0,40.0,0.34265734265734266,187.0,1.4,285.0,0,152.0,155,0.0,0.0,12.0,0.09,2,8.0,Clay,Buena,victorias,,,player2,True,False,False
0.0,0.0,1500,34.11130555543008,155.0,0,1558,294.0,0.0,7.0,13.0,0.03,35.0,2.1,142.0,0.0,139.0,0,179.0,-58,1.19,0.18,3.598474658847382,0.0,0,6.799237329423692,Clay,,,Mala,derrotas,player1,True,False,False
0.0,0.21,1443,20.0,-29.0,2,1504,110.0,0.02,3.0,5.0,0.01,37.5,0.7857142857142857,142.0,0.98,139.0,1,149.0,-61,1.32,0.0,4.0,0.27,-2,16.0,Clay,Mala,derrotas,Mala,derrotas,player2,True,False,False
0.0,0.0,1494,37.5,-62.0,1,1559,77.0,0.01,8.0,12.0,0.03,40.0,0.55,142.0,1.24,139.0,0,161.0,-65,1.26,0.27,3.0,0.16,-3,5.0,Clay,Mala,derrotas,Regular,derrotas,player1,True,False,False
0.0,0.0,1352,6.7,-58.0,1,1565,81.0,0.0,9.0,11.0,0.02,45.0,0.5785714285714286,142.0,0.76,139.0,0,159.0,-213,1.29,0.27,1.0,0.18,-7,14.0,Clay,Mala,derrotas,Regular,derrotas,player2,True,False,False
0.0,0.0,1438,20.0,144.0,0,1756,176.0,0.02,15.0,5.0,0.09,75.0,5.333333333333333,200.0,0.8,32.0,0,135.0,-318,1.09,0.24,3.0,0.22,-2,12.0,Clay,Mala,derrotas,Excelente,derrotas,player2,True,False,False
0.0,0.34,1567,50.0,-49.0,2,1564,32.0,0.02,7.0,13.0,0.05,35.0,0.3902439024390244,159.0,1.05,81.0,3,200.0,3,1.01,0.5,10.0,0.37,-1,10.0,Clay,Regular,derrotas,Mala,derrotas,player2,True,False,False
0.0,0.0,1483,0.0,0.0,3,1593,139.0,0.0,10.0,10.0,0.01,50.0,0.9928571428571429,142.0,0.0,139.0,0,142.0,-110,1.32,0.21,0.0,0.0,-1,1.0,Clay,Mala,derrotas,Regular,derrotas,player2,True,False,False
3.9316999999999998,0.0,1628,60.0,-31.0,2,1440,145.0,0.06,5.0,15.0,0.0,25.0,0.8192090395480226,135.0,1.35,176.0,1,140.0,188,1.11,0.0,12.0,0.25,-1,8.0,Clay,Buena,derrotas,Mala,derrotas,player2,True,False,False
0.0,0.0,1483,0.0,58.0,1,1461,139.0,0.0,5.0,15.0,0.01,25.0,1.6951219512195121,159.0,0.0,81.0,0,142.0,22,1.13,0.0,0.0,0.0,-1,1.0,Clay,Mala,derrotas,Mala,derrotas,player2,True,False,False
0.0,0.0,1518,45.0,-117.0,0,1443,22.0,0.01,6.0,14.0,0.0,30.0,0.15714285714285714,142.0,1.39,139.0,0,223.0,75,1.09,0.14,9.0,0.21,-1,11.0,Clay,Regular,derrotas,Mala,derrotas,player2,True,False,False
0.0,0.18,1569,47.1,-46.0,2,1626,93.0,0.01,11.0,9.0,0.02,55.0,0.6642857142857143,142.0,1.29,139.0,1,154.0,-57,1.34,0.0,8.0,0.0,-1,9.0,Clay,Regular,derrotas,Regular,derrotas,player2,True,False,False
0.0,0.0,1584,50.0,-24.0,2,1405,176.0,0.02,5.0,15.0,0.0,25.0,0.8756218905472637,132.0,1.41,200.0,1,135.0,179,1.03,0.0,10.0,0.16,-3,10.0,Clay,Regular,derrotas,Mala,derrotas,player2,True,False,False
0.0,0.22,1442,25.0,-57.0,1,1827,77.0,0.0,16.0,4.0,0.05,80.0,0.5703703703703704,143.0,0.95,134.0,1,161.0,-385,1.62,0.21,4.0,0.15,-3,12.0,Clay,Mala,derrotas,Excelente,victorias,player2,True,False,False
11.7057,0.28,1521,35.0,90.0,1,1635,98.0,0.01,10.0,10.0,0.03,50.0,10.88888888888889,319.0,1.08,8.0,4,152.0,-114,1.36,0.13,7.0,0.0,-2,13.0,Clay,Mala,derrotas,Regular,derrotas,player1,True,False,False
0.0,0.14,1620,45.0,36.0,2,1471,134.0,0.05,7.0,13.0,0.01,35.0,1.3535353535353536,152.0,1.27,98.0,2,143.0,149,1.2,0.09,9.0,0.18,-1,11.0,Clay,Regular,derrotas,Mala,derrotas,player1,True,False,False
5.722799999999999,0.29,1705,65.0,14.0,2,1807,91.0,0.07,12.0,8.0,0.19,60.0,1.1666666666666667,161.0,0.96,77.0,7,155.0,-102,1.12,0.17,13.0,0.0,-1,7.0,Clay,Buena,derrotas,Buena,victorias,player2,True,False,False
0.0,0.0,1458,25.0,3.0,3,1434,134.0,0.0,1.0,6.0,0.0,14.3,1.0151515151515151,143.0,1.04,131.0,0,143.0,24,1.04,0.0,5.0,0.24,-4,15.0,Clay,Mala,derrotas,Mala,derrotas,player1,True,False,False
73.7762,0.34,1925,55.0,-149.0,0,1860,8.0,0.07,10.0,10.0,0.08,50.0,0.05063291139240506,138.0,1.12,157.0,34,319.0,65,1.31,0.27,11.0,0.27,1,9.0,Grass,Regular,victorias,Regular,victorias,player2,False,True,False
124.78019999999998,0.45,1943,50.0,-11.0,2,1753,52.0,0.05,9.0,11.0,0.05,45.0,0.8125,168.0,1.28,63.0,42,176.0,190,1.08,0.27,10.0,0.27,1,10.0,Grass,Regular,victorias,Regular,victorias,player2,False,True,False
0.0,0.11,1533,50.0,18.0,2,1807,200.0,0.03,16.0,4.0,0.11,80.0,1.092896174863388,134.0,0.83,182.0,1,132.0,-274,1.21,0.0,10.0,0.12,-4,10.0,Hard,Regular,derrotas,Excelente,derrotas,player2,False,False,True
11.897,0.0,1637,60.0,-21.0,2,1716,176.0,0.02,12.0,8.0,0.06,60.0,0.8888888888888888,132.0,1.3,197.0,4,135.0,-79,1.3,0.09,12.0,0.0,-3,8.0,Hard,Buena,derrotas,Buena,derrotas,player2,False,False,True
14.5202,0.14,1682,60.0,-118.0,0,1675,58.0,0.04,13.0,7.0,0.05,65.0,0.327683615819209,135.0,1.29,176.0,5,172.0,7,1.31,0.0,12.0,0.21,-2,8.0,Hard,Buena,derrotas,Buena,derrotas,player1,False,False,True
11.2658,0.0,1697,65.0,-45.0,2,1708,155.0,0.04,13.0,7.0,0.04,65.0,0.7711442786069652,132.0,1.21,200.0,4,139.0,-11,1.41,0.22,13.0,0.09,-1,7.0,Hard,Buena,derrotas,Buena,derrotas,player1,False,False,True
6.5226,0.09,1528,40.0,62.0,1,1600,155.0,0.01,10.0,10.0,0.02,50.0,1.648936170212766,154.0,1.29,93.0,4,139.0,-72,1.16,0.17,8.0,0.15,-1,12.0,Hard,Regular,derrotas,Regular,derrotas,player1,False,False,True
0.0,0.1,1481,30.0,57.0,1,1673,155.0,0.01,9.0,11.0,0.05,45.0,1.5656565656565657,152.0,1.16,98.0,1,139.0,-192,1.27,0.21,6.0,0.14,-1,14.0,Hard,Mala,derrotas,Regular,derrotas,player2,False,False,True
0.0,0.11,1484,40.0,0.0,3,1484,155.0,0.01,8.0,12.0,0.01,40.0,0.9935897435897436,139.0,1.15,155.0,1,139.0,0,1.33,0.15,4.0,0.14,-2,6.0,Hard,Regular,derrotas,Regular,derrotas,player2,False,False,True
43.1746,0.22,1637,40.0,173.0,0,1632,197.0,0.05,12.0,8.0,0.07,60.0,7.88,217.0,1.23,24.0,26,132.0,5,1.33,0.27,8.0,0.27,1,12.0,Grass,Regular,victorias,Buena,victorias,player2,False,True,False
44.8598,0.27,1732,65.0,-106.0,0,1589,91.0,0.04,7.0,13.0,0.07,35.0,0.4595959595959596,132.0,1.35,197.0,30,155.0,143,1.2,0.27,13.0,0.27,1,7.0,Grass,Buena,victorias,Mala,victorias,player2,False,True,False
0.0019,0.13,1729,60.0,157.0,0,1743,182.0,0.11,13.0,7.0,0.03,65.0,7.0,215.0,1.48,25.0,16,134.0,-14,1.45,0.27,12.0,0.27,1,8.0,Grass,Buena,victorias,Buena,victorias,player1,False,True,False
18.8712,0.17,1676,60.0,14.0,2,1823,53.0,0.02,16.0,4.0,0.01,80.0,1.325,190.0,1.27,39.0,17,175.0,-147,1.6,0.27,12.0,0.27,1,8.0,Grass,Buena,victorias,Excelente,victorias,player1,False,True,False
6.9158,0.03,1607,45.0,-61.0,1,1748,22.0,0.0,14.0,6.0,0.02,70.0,0.2619047619047619,158.0,1.45,83.0,10,223.0,-141,1.62,0.24,9.0,0.27,1,11.0,Grass,Regular,victorias,Buena,victorias,player2,False,True,False
9.0699,0.03,1690,55.0,-150.0,0,1745,47.0,0.04,10.0,10.0,0.05,50.0,0.23737373737373738,132.0,1.55,197.0,6,181.0,-55,1.52,0.27,11.0,0.27,1,9.0,Grass,Regular,victorias,Regular,victorias,player2,False,True,False
30.2234,0.22,1837,80.0,-68.0,1,1576,32.0,0.03,7.0,13.0,0.05,35.0,0.31683168316831684,152.0,1.45,100.0,18,200.0,261,1.25,0.27,16.0,0.21,1,4.0,Grass,Excelente,victorias,Mala,victorias,player2,False,True,False
0.0,0.0,1755,65.0,116.0,0,1691,197.0,0.02,11.0,9.0,0.01,55.0,2.402439024390244,159.0,1.52,81.0,2,132.0,64,1.72,0.24,13.0,0.22,1,7.0,Grass,Buena,victorias,Regular,victorias,player1,False,True,False
6.9192,0.06,1680,50.0,46.0,2,1629,98.0,0.02,10.0,10.0,0.05,50.0,1.849056603773585,176.0,1.36,52.0,7,152.0,51,1.58,0.26,10.0,0.27,1,10.0,Grass,Regular,victorias,Regular,victorias,player2,False,True,False
8.373199999999999,0.04,1838,85.0,-25.0,2,1714,52.0,0.16,13.0,7.0,0.01,65.0,0.6666666666666666,161.0,1.37,77.0,9,176.0,124,1.11,0.27,17.0,0.27,11,3.0,Grass,Excelente,victorias,Buena,victorias,player2,False,True,False
16.395200000000003,0.09,1686,45.0,-21.0,2,1731,77.0,0.03,11.0,9.0,0.02,55.0,0.7777777777777778,152.0,1.21,98.0,17,161.0,-45,1.51,0.26,9.0,0.27,1,11.0,Grass,Regular,victorias,Regular,victorias,player1,False,True,False
6.2576,0.1,1805,80.0,-141.0,0,1681,59.0,0.01,10.0,10.0,0.05,50.0,0.2935323383084577,132.0,1.61,200.0,12,171.0,124,1.43,0.27,16.0,0.27,1,4.0,Grass,Excelente,victorias,Regular,victorias,player2,False,True,False
31.0847,0.17,1689,55.0,146.0,0,1668,197.0,0.04,10.0,10.0,0.05,50.0,3.7884615384615383,177.0,1.25,51.0,17,132.0,21,1.33,0.27,11.0,0.24,1,9.0,Grass,Regular,victorias,Regular,victorias,player2,False,True,False
37.865399999999994,0.28,1605,45.0,0.0,3,1712,24.0,0.04,10.0,10.0,0.08,50.0,0.96,217.0,0.88,24.0,23,217.0,-107,1.13,0.27,9.0,0.26,1,11.0,Grass,Regular,victorias,Regular,victorias,player2,False,True,False
6.331599999999999,0.09,1689,45.0,119.0,0,1665,182.0,0.04,12.0,8.0,0.05,60.0,2.84375,168.0,1.4,63.0,11,134.0,24,1.47,0.26,9.0,0.27,1,11.0,Grass,Regular,victorias,Buena,victorias,player1,False,True,False
53.1135,0.24,1630,40.0,24.0,2,1700,200.0,0.04,11.0,9.0,0.01,55.0,1.1299435028248588,135.0,1.16,176.0,30,132.0,-70,1.31,0.27,8.0,0.27,1,12.0,Grass,Regular,victorias,Regular,victorias,player1,False,True,False
20.6448,0.14,1802,75.0,-24.0,2,1678,8.0,0.05,11.0,9.0,0.02,55.0,0.24242424242424243,200.0,1.48,32.0,14,319.0,124,1.4,0.26,15.0,0.27,1,5.0,Grass,Excelente,victorias,Regular,victorias,player1,False,True,False
3.0183,0.07,1769,70.0,-33.0,2,1757,167.0,0.02,11.0,9.0,0.04,55.0,0.8308457711442786,132.0,1.68,200.0,7,137.0,12,1.39,0.27,14.0,0.27,1,6.0,Grass,Buena,victorias,Regular,victorias,player2,False,True,False
6.066499999999999,0.0,1812,60.0,175.0,0,1853,197.0,0.03,12.0,8.0,0.02,60.0,8.565217391304348,223.0,1.53,22.0,6,132.0,-41,1.53,0.27,12.0,0.27,-1,8.0,Grass,Buena,derrotas,Buena,derrotas,player1,False,True,False
0.0,-0.0,1790,60.0,175.0,0,1500,197.0,0.02,6.179510359223075,13.820489640776925,0.0,30.897551796115373,8.565217391304348,223.0,1.58,22.0,0,132.0,290,0.0,0.0,12.0,0.27,-1,8.0,Grass,Buena,derrotas,,,player2,False,True,False
0.0,-0.0,1844,50.0,-123.0,0,1500,77.0,0.09,5.392255731355066,11.274941601332097,0.0,32.18487141797953,0.38308457711442784,132.0,1.52,200.0,0,161.0,344,0.0,0.0,10.0,0.27,-1,10.0,Grass,Regular,derrotas,,,player1,False,True,False
4.7679,0.06,1772,65.0,-14.0,2,1778,186.0,0.03,13.0,7.0,0.06,65.0,0.9253731343283582,132.0,1.51,200.0,10,134.0,-6,1.51,0.27,13.0,0.27,-2,7.0,Grass,Buena,derrotas,Buena,derrotas,player1,False,True,False
17.342399999999998,0.19,1603,45.0,-34.0,2,1805,47.0,0.01,12.0,8.0,0.0,60.0,0.573170731707317,159.0,1.26,81.0,17,181.0,-202,1.34,0.27,9.0,0.26,-2,11.0,Grass,Regular,derrotas,Buena,derrotas,player1,False,True,False
0.0,0.03,1629,60.0,120.0,0,1736,197.0,0.0,12.0,8.0,0.05,60.0,2.5256410256410255,161.0,1.16,77.0,5,132.0,-107,1.41,0.53,12.0,0.46,-1,8.0,Grass,Buena,derrotas,Buena,derrotas,player2,False,True,False
19.534599999999998,0.13,1687,35.0,63.0,1,1600,140.0,0.05,8.0,12.0,0.02,40.0,1.794871794871795,161.0,1.24,77.0,15,141.0,87,1.27,0.27,7.0,0.27,-2,13.0,Grass,Mala,derrotas,Regular,derrotas,player2,False,True,False
26.198,0.15,1667,50.0,120.0,0,1815,218.0,0.05,15.0,5.0,0.03,75.0,2.202020202020202,152.0,1.2,98.0,17,130.0,-148,1.56,0.27,10.0,0.27,-1,10.0,Grass,Regular,derrotas,Excelente,derrotas,player2,False,True,False
4.7596,0.18,1695,50.0,-24.0,2,1773,8.0,0.01,13.0,7.0,0.06,65.0,0.24242424242424243,200.0,1.34,32.0,15,319.0,-78,1.41,0.27,10.0,0.27,-1,10.0,Grass,Regular,derrotas,Buena,derrotas,player1,False,True,False
10.14,0.1,1720,60.0,-192.0,0,1784,8.0,0.01,14.0,6.0,0.04,70.0,0.03980099502487562,132.0,1.44,200.0,13,319.0,-64,1.54,0.27,12.0,0.27,-2,8.0,Grass,Buena,derrotas,Buena,derrotas,player2,False,True,False
21.2617,0.18,1690,55.0,-131.0,0,1665,8.0,0.03,10.0,10.0,0.03,50.0,0.05714285714285714,142.0,1.32,139.0,17,319.0,25,1.29,0.27,11.0,0.27,-2,9.0,Grass,Regular,derrotas,Regular,derrotas,player1,False,True,False
10.8115,0.07,1869,70.0,-24.0,2,1788,176.0,0.01,14.0,6.0,0.08,70.0,0.8756218905472637,132.0,1.54,200.0,12,135.0,81,1.54,0.27,14.0,0.27,-1,6.0,Grass,Buena,derrotas,Buena,derrotas,player2,False,True,False
46.718300000000006,0.18,1819,55.0,-168.0,0,1761,8.0,0.07,12.0,8.0,0.01,60.0,0.04519774011299435,135.0,1.27,176.0,21,319.0,58,1.29,0.27,11.0,0.27,-1,9.0,Grass,Regular,derrotas,Buena,derrotas,player1,False,True,False
3.0204,0.06,1780,75.0,-178.0,0,1731,22.0,0.01,13.0,7.0,0.0,65.0,0.10945273631840796,132.0,1.56,200.0,10,223.0,49,1.51,0.26,15.0,0.27,-1,5.0,Grass,Excelente,derrotas,Buena,derrotas,player2,False,True,False
0.0,-0.0,1642,55.0,18.0,2,1500,116.0,0.0,6.23353507666668,13.76646492333332,0.0,31.167675383333393,1.1717171717171717,152.0,1.55,98.0,0,147.0,142,0.0,0.0,11.0,0.26,-3,9.0,Grass,Regular,derrotas,,,player1,False,True,False
0.0,-0.0,1642,55.0,18.0,2,1500,116.0,0.0,6.23353507666668,13.76646492333332,0.0,31.167675383333393,1.1717171717171717,152.0,1.55,98.0,0,147.0,142,0.0,0.0,11.0,0.26,-3,9.0,Grass,Regular,derrotas,,,player1,False,True,False
0.0,-0.0,1642,55.0,18.0,2,1500,116.0,0.0,6.23353507666668,13.76646492333332,0.0,31.167675383333393,1.1717171717171717,152.0,1.55,98.0,0,147.0,142,0.0,0.0,11.0,0.26,-3,9.0,Grass,Regular,derrotas,,,player2,False,True,False
0.0,-0.0,1689,55.0,37.0,2,1500,155.0,0.0,0.16516944137802947,1.6606777655121177,0.0,2.758329671013092,1.3025210084033614,146.0,1.55,118.0,0,139.0,189,0.0,0.0,11.0,0.27,-2,9.0,Grass,Regular,derrotas,,,player1,False,True,False
0.0,-0.0,1689,55.0,37.0,2,1500,155.0,0.0,0.16516944137802947,1.6606777655121177,0.0,2.758329671013092,1.3025210084033614,146.0,1.55,118.0,0,139.0,189,0.0,0.0,11.0,0.27,-2,9.0,Grass,Regular,derrotas,,,player1,False,True,False
0.0,-0.0,1689,55.0,37.0,2,1500,155.0,0.0,0.16516944137802947,1.6606777655121177,0.0,2.758329671013092,1.3025210084033614,146.0,1.55,118.0,0,139.0,189,0.0,0.0,11.0,0.27,-2,9.0,Grass,Regular,derrotas,,,player2,False,True,False
0.0,-0.0,1766,60.0,10.0,3,1500,110.0,0.04,5.65841714160361,7.31683428320722,0.0,44.292901907060056,1.0891089108910892,152.0,1.58,100.0,0,149.0,266,0.0,0.0,12.0,0.27,-1,8.0,Grass,Buena,derrotas,,,player1,False,True,False
0.0,-0.0,1766,60.0,10.0,3,1500,110.0,0.04,5.65841714160361,7.31683428320722,0.0,44.292901907060056,1.0891089108910892,152.0,1.58,100.0,0,149.0,266,0.0,0.0,12.0,0.27,-1,8.0,Grass,Buena,derrotas,,,player1,False,True,False
0.0,-0.0,1766,60.0,10.0,3,1500,110.0,0.04,5.65841714160361,7.31683428320722,0.0,44.292901907060056,1.0891089108910892,152.0,1.58,100.0,0,149.0,266,0.0,0.0,12.0,0.27,-1,8.0,Grass,Buena,derrotas,,,player1,False,True,False
0.0,-0.0,1669,50.0,-16.0,2,1500,8.0,0.03,7.475962750950909,10.284817345863583,0.0,40.178838633736426,0.32,217.0,1.52,24.0,0,319.0,169,0.0,0.0,10.0,0.27,-1,10.0,Grass,Regular,derrotas,,,player1,False,True,False
0.0,-0.0,1669,50.0,-16.0,2,1500,8.0,0.03,7.475962750950909,10.284817345863583,0.0,40.178838633736426,0.32,217.0,1.52,24.0,0,319.0,169,0.0,0.0,10.0,0.27,-1,10.0,Grass,Regular,derrotas,,,player1,False,True,False
0.0,-0.0,1669,50.0,-16.0,2,1500,8.0,0.03,7.475962750950909,10.284817345863583,0.0,40.178838633736426,0.32,217.0,1.52,24.0,0,319.0,169,0.0,0.0,10.0,0.27,-1,10.0,Grass,Regular,derrotas,,,player1,False,True,False
0.0,-0.0,1862,60.0,159.0,0,1500,200.0,0.06,5.6176542664102165,14.382345733589785,0.0,28.08827133205108,4.761904761904762,187.0,1.64,41.0,0,132.0,362,0.0,0.0,12.0,0.27,-1,8.0,Grass,Buena,derrotas,,,player1,False,True,False
0.0,-0.0,1642,50.0,-20.0,2,1500,80.0,0.03,6.0,14.000000000000002,0.0,29.999999999999996,0.7920792079207921,152.0,1.41,100.0,0,159.0,142,0.0,0.0,10.0,0.27,-4,10.0,Grass,Regular,derrotas,,,player1,False,True,False
0.0,-0.0,1783,50.0,-135.0,0,1500,47.0,0.05,2.5793742369206223,6.8922011338428035,0.0,29.12148602089893,0.2568306010928962,134.0,1.6,182.0,0,181.0,283,0.0,0.0,10.0,0.27,-2,10.0,Grass,Regular,derrotas,,,player1,False,True,False
0.0,-0.0,1611,40.0,-10.0,3,1500,22.0,0.04,1.148887506408344,2.2765416737870483,0.0,5.744437532041719,0.6666666666666666,200.0,1.45,32.0,0,223.0,111,0.0,0.0,8.0,0.27,-2,12.0,Grass,Regular,derrotas,,,player2,False,True,False
0.0,-0.0,1719,60.0,73.0,1,1500,81.0,0.0,4.160844647329368,11.229807764190904,0.0,27.63553045434112,9.0,319.0,1.58,8.0,0,159.0,219,0.0,0.0,12.0,0.27,-2,8.0,Grass,Buena,derrotas,,,player2,False,True,False
0.0,-0.0,1810,60.0,0.0,3,1500,200.0,0.32,6.536893883972364,13.463106116027639,0.0,32.68446941986182,0.9950248756218906,132.0,1.48,200.0,0,132.0,310,0.0,0.0,12.0,0.27,7,8.0,Grass,Buena,victorias,,,player1,False,True,False
0.0,-0.0,1702,50.0,4.0,3,1500,171.0,0.07,7.071893876526888,9.434052222406551,0.0,35.359469382634444,1.0178571428571428,137.0,1.52,167.0,0,136.0,202,0.0,0.0,10.0,0.27,-3,10.0,Grass,Regular,derrotas,,,player2,False,True,False
0.0,-0.0,1896,80.0,7.0,3,1500,202.0,0.0,6.47018252527399,13.529817474726011,0.0,32.350912626369954,1.030612244897959,133.0,1.87,195.0,0,132.0,396,0.0,0.0,16.0,0.27,-1,4.0,Grass,Excelente,derrotas,,,player1,False,True,False
0.0,-0.0,1785,65.0,-189.0,0,1500,8.0,0.02,2.0,5.999999999999999,0.0,25.0,0.04040404040404041,132.0,1.61,197.0,0,319.0,285,0.0,0.0,13.0,0.27,-1,7.0,Grass,Buena,derrotas,,,player2,False,True,False
0.0,-0.0,1824,70.0,100.0,1,1500,200.0,0.19,7.4899711248268215,12.510028875173182,0.0,37.44985562413411,1.9801980198019802,152.0,1.48,100.0,0,132.0,324,0.0,0.0,14.0,0.27,5,6.0,Grass,Buena,victorias,,,player1,False,True,False
0.0,-0.0,1750,60.0,-44.0,2,1500,8.0,0.13,9.0,11.0,0.0,45.0,0.1509433962264151,176.0,1.48,52.0,0,319.0,250,0.0,0.0,12.0,0.27,5,8.0,Grass,Buena,victorias,,,player1,False,True,False
0.0,-0.0,1787,50.0,-16.0,2,1500,8.0,0.05,8.999999999999998,10.999999999999998,0.0,45.0,0.32,217.0,1.52,24.0,0,319.0,287,0.0,0.0,10.0,0.27,-3,10.0,Grass,Regular,derrotas,,,player1,False,True,False
0.0,-0.0,1836,75.0,2.0,3,1500,202.0,0.04,6.5476971482632065,13.452302851736794,0.0,32.73848574131603,1.0049751243781095,132.0,1.66,200.0,0,132.0,336,0.0,0.0,15.0,0.27,-1,5.0,Grass,Excelente,derrotas,,,player1,False,True,False
29.864,0.36,1748,45.0,-24.0,2,1990,176.0,0.08,14.0,6.0,0.16,70.0,0.8756218905472637,132.0,1.22,200.0,42,135.0,-242,1.42,0.27,9.0,0.27,-1,11.0,Grass,Regular,derrotas,Buena,derrotas,player2,False,True,False
46.950500000000005,0.31,1766,50.0,5.0,3,1909,200.0,0.09,13.0,7.0,0.07,65.0,1.0204081632653061,133.0,1.28,195.0,33,132.0,-143,1.35,0.27,10.0,0.27,1,10.0,Grass,Regular,victorias,Buena,victorias,player1,False,True,False
95.3108,0.27,1895,55.0,19.0,2,1757,110.0,0.15,11.0,9.0,0.03,55.0,1.1956521739130435,155.0,1.4,91.0,19,149.0,138,1.18,0.27,11.0,0.27,1,9.0,Grass,Regular,victorias,Regular,derrotas,player1,False,True,False
0.0,-0.0,1870,50.0,38.0,2,1500,62.0,0.02,5.5324338548131715,14.46756614518683,0.0,27.662169274065857,2.48,217.0,1.57,24.0,0,169.0,370,0.0,0.0,10.0,0.27,1,10.0,Grass,Regular,victorias,,,player1,False,True,False
0.0,-0.0,1889,65.0,129.0,0,1500,191.0,0.09,5.984373607547629,14.015626392452372,0.0,29.92186803773814,3.0317460317460316,169.0,1.87,62.0,0,133.0,389,0.0,0.0,13.0,0.27,2,7.0,Grass,Buena,victorias,,,player1,False,True,False
12.5184,0.1,1604,45.0,0.0,3,1819,200.0,0.04,10.0,10.0,0.06,50.0,0.9950248756218906,132.0,1.16,200.0,13,132.0,-215,1.27,0.46,9.0,0.41,-1,11.0,Grass,Regular,derrotas,Regular,victorias,player2,False,True,False
39.3028,0.26,1783,45.0,-90.0,1,1878,62.0,0.02,12.0,8.0,0.01,60.0,0.40522875816993464,139.0,1.22,152.0,22,169.0,-95,1.34,0.27,9.0,0.27,-2,11.0,Grass,Regular,derrotas,Buena,derrotas,player1,False,True,False
3.25,0.13,1477,35.0,0.0,3,1534,100.0,0.01,9.0,11.0,0.02,45.0,0.9900990099009901,152.0,1.25,100.0,5,152.0,-57,1.13,0.09,7.0,0.09,-1,13.0,Hard,Mala,derrotas,Regular,derrotas,player2,False,False,True
8.9134,0.0,1415,30.0,0.0,3,1386,100.0,0.01,5.0,15.0,0.0,25.0,0.9900990099009901,152.0,1.03,100.0,5,152.0,29,1.14,0.16,6.0,0.0,-4,14.0,Hard,Mala,derrotas,Mala,derrotas,player2,False,False,True
0.0,0.0,1484,33.3,48.0,2,1562,100.0,0.0,8.0,12.0,0.03,40.0,1.8867924528301887,176.0,1.2,52.0,0,152.0,-78,1.25,0.19,4.0,0.12,-1,8.0,Hard,Mala,derrotas,Regular,derrotas,player2,False,False,True
7.475299999999999,0.21,1620,55.0,-92.0,1,1682,8.0,0.04,14.0,6.0,0.06,70.0,0.07920792079207921,152.0,0.93,100.0,6,319.0,-62,0.98,0.13,11.0,0.09,-1,9.0,Hard,Regular,derrotas,Buena,derrotas,player1,False,False,True
0.0,0.08,1532,45.0,-98.0,1,1427,8.0,0.01,2.0,6.0,0.0,25.0,0.07476635514018691,150.0,1.18,106.0,1,319.0,105,1.19,0.0,9.0,0.15,-4,11.0,Hard,Regular,derrotas,Mala,derrotas,player1,False,False,True
0.0,0.0,1500,41.944787317466954,-54.0,1,1481,52.0,0.0,7.0,13.0,0.01,35.0,0.48598130841121495,150.0,0.0,106.0,0,176.0,19,1.12,0.21,8.388957463493393,0.0,0,11.611042536506607,Hard,,,Mala,derrotas,player2,False,False,True
6.5291,0.12,1501,35.0,86.0,1,1428,186.0,0.01,6.0,14.0,0.0,30.0,1.8415841584158417,152.0,1.16,100.0,4,134.0,73,1.11,0.0,7.0,0.0,-5,13.0,Hard,Mala,derrotas,Mala,derrotas,player2,False,False,True
0.0,0.0,1623,50.0,6.0,3,1405,106.0,0.02,0.0,6.0,0.0,0.0,1.0495049504950495,152.0,1.32,100.0,0,150.0,218,0.0,0.0,10.0,0.0,-2,10.0,Hard,Regular,derrotas,Mala,derrotas,player1,False,False,True
0.0,0.0,1483,0.0,63.0,1,1599,81.0,0.0,12.0,8.0,0.01,60.0,4.2631578947368425,238.0,0.0,18.0,0,159.0,-116,1.37,0.0,0.0,0.0,-1,1.0,Clay,Mala,derrotas,Buena,derrotas,player2,True,False,False
0.0,0.0,1447,30.0,-9.0,3,1376,167.0,0.01,3.0,17.0,0.0,15.0,0.943502824858757,135.0,1.18,176.0,0,137.0,71,0.98,0.0,6.0,0.0,-1,14.0,Clay,Mala,derrotas,Mala,derrotas,player2,True,False,False
0.0,0.0,1528,40.0,-78.0,1,1458,98.0,0.01,7.0,13.0,0.0,35.0,0.5536723163841808,135.0,1.26,176.0,0,152.0,70,1.22,0.12,8.0,0.0,-3,12.0,Clay,Regular,derrotas,Mala,derrotas,player1,True,False,False
0.0,0.0,1475,28.6,-156.0,0,1451,25.0,0.0,0.0,3.0,0.0,0.0,0.13736263736263737,135.0,1.16,181.0,0,215.0,24,0.0,0.0,2.0,0.0,-3,5.0,Clay,Mala,derrotas,Mala,derrotas,player1,True,False,False
23.6281,0.43,1755,70.0,0.0,3,1425,167.0,0.11,6.0,14.0,0.0,30.0,0.9940476190476191,137.0,1.08,167.0,9,137.0,330,0.72,0.0,14.0,0.09,5,6.0,Clay,Buena,victorias,Mala,derrotas,player1,True,False,False
0.0,0.0,1395,10.0,90.0,1,1524,98.0,0.0,7.0,13.0,0.01,35.0,10.88888888888889,319.0,0.8,8.0,1,152.0,-129,1.3,0.0,1.0,0.0,-6,9.0,Clay,Mala,derrotas,Mala,derrotas,player1,True,False,False
0.0,0.0,1420,11.1,-162.0,0,1486,24.0,0.0,6.0,14.0,0.01,30.0,0.12834224598930483,134.0,0.9,186.0,0,217.0,-66,1.18,0.0,1.0,0.14,-7,8.0,Clay,Mala,derrotas,Mala,derrotas,player2,True,False,False
0.0,0.0,1509,45.0,-98.0,1,1490,41.0,0.01,1.0,2.0,0.0,33.3,0.29285714285714287,142.0,1.29,139.0,0,187.0,19,1.21,0.0,9.0,0.0,-1,11.0,Clay,Regular,derrotas,Mala,derrotas,player1,True,False,False
0.0,0.0,1467,0.0,145.0,0,1455,167.0,0.0,7.0,13.0,0.01,35.0,7.260869565217392,223.0,0.0,22.0,0,137.0,12,1.13,0.17,0.0,0.0,-2,2.0,Clay,Mala,derrotas,Mala,derrotas,player2,True,False,False
0.0,0.0,1512,45.0,116.0,0,1490,167.0,0.02,8.0,12.0,0.01,40.0,3.2115384615384617,177.0,1.28,51.0,1,137.0,22,1.25,0.0,9.0,0.0,-1,11.0,Clay,Regular,derrotas,Regular,derrotas,player1,True,False,False
0.0,0.14,1561,45.0,33.0,2,1545,200.0,0.03,8.0,12.0,0.02,40.0,1.1904761904761905,137.0,1.18,167.0,1,132.0,16,1.34,0.0,9.0,0.16,-1,11.0,Clay,Regular,derrotas,Regular,derrotas,player2,True,False,False
8.483400000000001,0.0,1540,46.7,30.0,2,1475,197.0,0.01,8.0,12.0,0.01,40.0,1.1726190476190477,137.0,1.38,167.0,1,132.0,65,1.15,0.09,7.0,0.0,-1,8.0,Clay,Regular,derrotas,Regular,derrotas,player2,True,False,False
0.0,0.0,1564,45.0,-83.0,1,1442,98.0,0.01,2.0,6.0,0.0,25.0,0.5384615384615384,135.0,1.39,181.0,0,152.0,122,1.04,0.0,9.0,0.0,-1,11.0,Clay,Regular,derrotas,Mala,derrotas,player1,True,False,False
0.0,0.26,1624,55.0,-105.0,0,1592,62.0,0.04,10.0,10.0,0.03,50.0,0.36904761904761907,137.0,1.17,167.0,3,169.0,32,0.89,0.16,11.0,0.13,5,9.0,Clay,Regular,victorias,Regular,derrotas,player1,True,False,False
0.0,0.0,1418,0.0,-47.0,2,1479,110.0,0.0,8.0,12.0,0.0,40.0,0.6962025316455697,138.0,0.0,157.0,0,149.0,-61,1.26,0.09,0.0,0.0,-5,5.0,Clay,Mala,derrotas,Regular,derrotas,player2,True,False,False
0.0,0.0,1409,14.3,-116.0,0,1505,41.0,0.0,1.0,1.0,0.0,50.0,0.25949367088607594,138.0,0.97,157.0,0,187.0,-96,1.32,0.0,1.0,0.0,-6,6.0,Clay,Mala,derrotas,Regular,derrotas,player1,True,False,False
0.0,0.26,1360,7.7,10.0,3,1469,167.0,0.0,7.0,13.0,0.01,35.0,1.0569620253164558,138.0,0.78,157.0,3,137.0,-109,1.19,0.18,1.0,0.0,-1,12.0,Clay,Mala,derrotas,Mala,derrotas,player2,True,False,False
0.0,0.0,1534,40.0,0.0,3,1476,167.0,0.01,0.0,1.0,0.0,0.0,0.9940476190476191,137.0,1.26,167.0,0,137.0,58,0.0,0.0,8.0,0.12,-2,12.0,Clay,Regular,derrotas,Mala,derrotas,player1,True,False,False
0.0,0.0,1437,0.0,-126.0,0,1491,41.0,0.0,8.0,12.0,0.01,40.0,0.24404761904761904,137.0,0.0,167.0,0,187.0,-54,1.16,0.09,0.0,0.0,-4,4.0,Clay,Mala,derrotas,Regular,derrotas,player2,True,False,False
0.0,0.0,1437,0.0,-159.0,0,1609,8.0,0.0,10.0,10.0,0.03,50.0,0.047619047619047616,137.0,0.0,167.0,0,319.0,-172,1.32,0.2,0.0,0.0,-4,4.0,Clay,Mala,derrotas,Regular,derrotas,player2,True,False,False
0.0,0.0,1579,55.0,0.0,3,1559,81.0,0.01,6.0,2.0,0.02,75.0,0.9878048780487805,159.0,1.25,81.0,0,159.0,20,1.6,0.0,11.0,0.14,-2,9.0,Clay,Regular,derrotas,Excelente,derrotas,player1,True,False,False
9.5171,0.39,1564,50.0,40.0,2,1450,81.0,0.01,7.0,13.0,0.0,35.0,1.9285714285714286,187.0,1.24,41.0,6,159.0,114,1.14,0.0,10.0,0.09,-1,10.0,Clay,Regular,derrotas,Mala,derrotas,player1,True,False,False
8.6864,0.0,1531,45.0,102.0,0,1405,183.0,0.01,5.0,15.0,0.0,25.0,2.231707317073171,159.0,1.34,81.0,3,134.0,126,1.0,0.0,9.0,0.09,-2,11.0,Clay,Regular,derrotas,Mala,derrotas,player1,True,False,False
6.0141,0.13,1520,40.0,41.0,2,1592,139.0,0.01,11.0,9.0,0.02,55.0,1.404040404040404,152.0,1.08,98.0,6,142.0,-72,1.35,0.0,8.0,0.0,-3,12.0,Clay,Regular,derrotas,Regular,derrotas,player1,True,False,False
0.0,0.0,1518,66.7,0.0,3,1500,81.0,0.01,6.176379458910126,13.823620541089875,0.0,30.881897294550633,0.9878048780487805,159.0,1.4,81.0,0,159.0,18,0.0,0.0,2.0,0.0,-1,1.0,Clay,Buena,derrotas,,,player2,True,False,False
0.0,0.0,1434,25.0,-116.0,0,1588,81.0,0.01,8.0,12.0,0.01,40.0,0.4090909090909091,132.0,1.03,197.0,1,159.0,-154,1.34,0.09,5.0,0.0,-3,15.0,Clay,Mala,derrotas,Regular,derrotas,player2,True,False,False
0.0,0.0,1512,35.0,105.0,0,1437,186.0,0.02,0.0,4.0,0.0,0.0,2.268292682926829,159.0,1.22,81.0,0,134.0,75,0.0,0.0,7.0,0.0,-1,13.0,Clay,Mala,derrotas,Mala,derrotas,player1,True,False,False
14.2709,0.0,1672,65.0,114.0,0,1486,195.0,0.06,7.0,13.0,0.02,35.0,2.3780487804878048,159.0,1.13,81.0,5,133.0,186,0.72,0.0,13.0,0.12,5,7.0,Clay,Buena,victorias,Mala,derrotas,player1,True,False,False
3.0067,0.0,1728,70.0,0.0,3,1546,176.0,0.02,9.0,11.0,0.02,45.0,0.9943502824858758,135.0,1.58,176.0,1,135.0,182,1.21,0.0,14.0,0.16,1,6.0,Hard,Buena,victorias,Regular,victorias,player1,False,False,True
0.0,0.0,1541,66.7,-21.0,2,1707,176.0,0.0,13.0,7.0,0.08,65.0,0.8888888888888888,132.0,1.08,197.0,0,135.0,-166,1.07,0.09,2.0,0.0,1,1.0,Hard,Buena,victorias,Buena,victorias,player2,False,False,True
1.5,0.0,1527,45.0,99.0,1,1578,176.0,0.01,8.0,12.0,0.04,40.0,2.2564102564102564,161.0,1.32,77.0,1,135.0,-51,1.29,0.18,9.0,0.0,1,11.0,Hard,Regular,victorias,Regular,victorias,player2,False,False,True
0.0,0.0,1509,40.0,152.0,0,1627,176.0,0.01,9.0,11.0,0.03,45.0,7.04,217.0,1.29,24.0,1,135.0,-118,1.32,0.15,8.0,0.09,1,12.0,Hard,Regular,victorias,Regular,victorias,player2,False,False,True
0.0,0.0,1634,55.0,-674.0,0,1500,197.0,0.02,10.679134874212354,8.265926432247806,0.0,54.091933908798055,0.22591743119266056,28.0,1.38,871.0,0,132.0,134,0.0,0.0,11.0,0.12,1,9.0,Hard,Regular,victorias,,,player1,False,False,True
0.0,0.18,1569,66.7,0.0,3,1655,81.0,0.0,12.0,8.0,0.01,60.0,0.9878048780487805,159.0,1.39,81.0,1,159.0,-86,1.36,0.15,4.0,0.0,-1,2.0,Clay,Buena,derrotas,Buena,derrotas,player2,True,False,False
0.0,0.0,1679,75.0,89.0,1,1489,140.0,0.02,6.0,12.0,0.01,33.3,2.6923076923076925,177.0,1.44,51.0,0,141.0,190,1.21,0.09,15.0,0.15,-1,5.0,Clay,Excelente,derrotas,Mala,derrotas,player1,True,False,False
0.0,0.0,1522,45.0,-98.0,1,1528,32.0,0.01,8.0,7.0,0.0,53.3,0.24427480916030533,144.0,1.28,130.0,1,200.0,-6,1.37,0.0,9.0,0.17,-2,11.0,Clay,Regular,derrotas,Regular,victorias,player2,True,False,False
4.2250000000000005,0.41,1426,30.0,-36.0,2,1594,81.0,0.02,10.0,10.0,0.01,50.0,0.6864406779661016,147.0,1.02,117.0,7,159.0,-168,1.33,0.23,6.0,0.22,-8,14.0,Clay,Mala,derrotas,Regular,derrotas,player1,True,False,False
0.0,0.0,1431,20.0,0.0,3,1733,81.0,0.0,15.0,5.0,0.04,75.0,0.9878048780487805,159.0,0.98,81.0,0,159.0,-302,1.54,0.09,2.0,0.14,-6,8.0,Clay,Mala,derrotas,Excelente,derrotas,player2,True,False,False
0.0,0.0,1591,45.0,4.0,3,1491,81.0,0.02,8.0,12.0,0.0,40.0,1.0384615384615385,161.0,1.28,77.0,1,159.0,100,1.25,0.17,9.0,0.2,-1,11.0,Clay,Regular,derrotas,Regular,derrotas,player1,True,False,False
0.0,0.0,1442,35.0,121.0,0,1544,202.0,0.0,4.0,3.0,0.0,57.1,2.4634146341463414,159.0,1.21,81.0,1,132.0,-102,1.35,0.09,7.0,0.0,-1,13.0,Clay,Mala,derrotas,Regular,derrotas,player2,True,False,False
0.0,0.0,1601,50.0,0.0,3,1483,32.0,0.04,0.0,1.0,0.0,0.0,0.9696969696969697,200.0,1.31,32.0,1,200.0,118,0.0,0.0,10.0,0.0,-1,10.0,Clay,Regular,derrotas,Mala,derrotas,player1,True,False,False
13.9511,0.0,1673,55.0,4.0,3,1361,81.0,0.04,3.0,17.0,0.0,15.0,1.0384615384615385,161.0,1.36,77.0,5,159.0,312,0.85,0.17,11.0,0.15,-1,9.0,Clay,Regular,derrotas,Mala,derrotas,player1,True,False,False
0.0,0.18,1342,20.0,19.0,2,1673,100.0,0.01,14.0,6.0,0.06,70.0,1.2195121951219512,159.0,0.73,81.0,1,152.0,-331,1.14,0.09,4.0,0.09,-8,16.0,Clay,Mala,derrotas,Buena,derrotas,player2,True,False,False
6.5235,0.0,1745,75.0,105.0,0,1528,182.0,0.07,8.0,12.0,0.02,40.0,2.3333333333333335,161.0,0.87,77.0,4,134.0,217,0.61,0.18,15.0,0.47,-1,5.0,Clay,Excelente,derrotas,Regular,derrotas,player1,True,False,False
0.0,0.0,1500,24.614589028802104,45.0,2,1510,77.0,0.0,1.0,1.0,0.0,50.0,2.3333333333333335,200.0,0.0,32.0,0,161.0,-10,1.32,0.09,4.922917805760421,0.0,0,7.7690119829205795,Clay,,,Regular,derrotas,player2,True,False,False
0.0,0.0,1500,23.576361055341025,0.0,3,1520,32.0,0.0,9.0,11.0,0.01,45.0,0.9696969696969697,200.0,0.0,32.0,0,200.0,-20,1.29,0.12,4.715272211068205,0.0,0,11.644665720291709,Clay,,,Regular,derrotas,player2,True,False,False
0.0,0.0,1483,0.0,-68.0,1,1406,32.0,0.0,5.0,15.0,0.01,25.0,0.31683168316831684,152.0,0.0,100.0,0,200.0,77,1.13,0.09,0.0,0.0,-1,1.0,Clay,Mala,derrotas,Mala,derrotas,player1,True,False,False
0.0,0.0,1466,25.0,107.0,0,1510,200.0,0.0,7.0,13.0,0.02,35.0,2.127659574468085,154.0,1.12,93.0,0,132.0,-44,1.21,0.0,2.0,0.0,-1,6.0,Hard,Mala,derrotas,Mala,derrotas,player2,False,False,True
0.0,0.0,1406,20.0,-139.0,0,1611,52.0,0.01,12.0,8.0,0.01,60.0,0.2708333333333333,133.0,1.06,191.0,0,176.0,-205,1.37,0.0,4.0,0.09,-1,16.0,Hard,Mala,derrotas,Buena,derrotas,player2,False,False,True
0.0,0.0,1521,50.0,0.0,3,1435,191.0,0.01,1.0,5.0,0.0,16.7,0.9947916666666666,133.0,1.32,191.0,0,133.0,86,1.01,0.0,2.0,0.0,-1,2.0,Hard,Regular,derrotas,Mala,derrotas,player2,False,False,True
0.0,0.0,1483,0.0,9.0,3,1425,200.0,0.0,3.0,12.0,0.0,20.0,1.0416666666666667,133.0,0.0,191.0,0,132.0,58,1.06,0.0,0.0,0.0,-1,1.0,Hard,Mala,derrotas,Mala,derrotas,player1,False,False,True
7.4750000000000005,0.0,1554,50.0,-26.0,2,1416,165.0,0.01,5.0,15.0,0.0,25.0,0.859375,133.0,1.29,191.0,2,137.0,138,1.1,0.0,10.0,0.0,-1,10.0,Hard,Regular,derrotas,Mala,derrotas,player2,False,False,True
0.0,0.0,1467,36.8,-123.0,0,1500,77.0,0.01,3.6656447588298664,8.39754742119168,0.0,31.540674459172287,0.38308457711442784,132.0,1.14,200.0,0,161.0,-33,0.0,0.0,7.0,0.0,-6,12.0,Hard,Mala,derrotas,,,player1,False,False,True
1.2349999999999997,0.0,1464,35.0,-70.0,1,1456,77.0,0.0,6.0,14.0,0.0,30.0,0.5202702702702703,140.0,1.2,147.0,1,161.0,8,1.16,0.17,7.0,0.14,-2,13.0,Hard,Mala,derrotas,Mala,derrotas,player1,False,False,True
0.0,0.0,1464,35.0,-119.0,0,1632,81.0,0.0,11.0,9.0,0.01,55.0,0.40298507462686567,132.0,1.11,200.0,1,159.0,-168,1.43,0.12,7.0,0.12,-1,13.0,Hard,Mala,derrotas,Regular,derrotas,player2,False,False,True
0.0,0.21,1476,40.0,114.0,0,1680,191.0,0.01,13.0,7.0,0.04,65.0,2.448717948717949,161.0,1.21,77.0,4,133.0,-204,1.34,0.0,8.0,0.0,-1,12.0,Hard,Regular,derrotas,Buena,derrotas,player2,False,False,True
3.0875,0.0,1449,30.0,183.0,0,1465,191.0,0.01,9.0,11.0,0.01,45.0,21.22222222222222,319.0,1.24,8.0,2,133.0,-16,1.17,0.0,6.0,0.12,-3,14.0,Hard,Mala,derrotas,Regular,derrotas,player1,False,False,True
0.0,0.0,1409,30.0,-110.0,0,1652,81.0,0.0,14.0,6.0,0.03,70.0,0.421875,133.0,1.08,191.0,0,159.0,-243,1.52,0.16,6.0,0.12,-2,14.0,Hard,Mala,derrotas,Buena,derrotas,player2,False,False,True
0.0,0.05,1604,50.0,139.0,0,1755,191.0,0.05,15.0,5.0,0.09,75.0,3.6037735849056602,176.0,1.05,52.0,1,133.0,-151,0.99,0.19,10.0,0.23,-1,10.0,Hard,Regular,derrotas,Excelente,derrotas,player2,False,False,True
0.0,0.0,1619,65.0,97.0,1,1483,191.0,0.03,0.0,1.0,0.0,0.0,2.0105263157894737,154.0,1.39,94.0,0,133.0,136,0.0,0.0,13.0,0.23,-1,7.0,Hard,Buena,derrotas,Mala,derrotas,player1,False,False,True
0.0,0.0,1540,40.0,-5.0,3,1459,195.0,0.02,1.0,4.0,0.0,20.0,0.9701492537313433,132.0,1.25,200.0,0,133.0,81,1.06,0.12,8.0,0.18,-1,12.0,Hard,Regular,derrotas,Mala,derrotas,player1,False,False,True
6.2804,0.2,1468,35.0,89.0,1,1440,191.0,0.0,6.0,14.0,0.01,30.0,1.854368932038835,151.0,1.13,102.0,7,133.0,28,1.09,0.12,7.0,0.21,-1,13.0,Hard,Mala,derrotas,Mala,derrotas,player1,False,False,True
8.487000000000002,0.05,1684,65.0,-167.0,0,1471,24.0,0.06,2.0,5.0,0.0,28.6,0.125,133.0,1.01,191.0,2,217.0,213,0.85,0.16,13.0,0.2,-1,7.0,Hard,Buena,derrotas,Mala,derrotas,player1,False,False,True
0.0,0.0,1359,25.0,0.0,3,1421,93.0,0.0,0.0,4.0,0.0,0.0,0.9893617021276596,154.0,1.03,93.0,1,154.0,-62,0.0,0.09,5.0,0.19,-1,15.0,Hard,Mala,derrotas,Mala,derrotas,player1,False,False,True
0.0,0.52,1328,20.0,0.0,3,1547,157.0,0.0,9.0,11.0,0.02,45.0,0.9936708860759493,138.0,0.93,157.0,6,138.0,-219,1.32,0.09,4.0,0.0,-7,16.0,Clay,Mala,derrotas,Regular,derrotas,player2,True,False,False
11.581700000000001,0.0,1507,40.0,35.0,2,1498,98.0,0.01,7.0,13.0,0.01,35.0,1.53125,168.0,1.22,63.0,3,152.0,9,1.18,0.15,8.0,0.0,-1,12.0,Clay,Regular,derrotas,Mala,derrotas,player1,True,False,False
19.5375,0.0,1666,60.0,0.0,3,1575,157.0,0.04,11.0,9.0,0.02,55.0,0.9936708860759493,138.0,1.41,157.0,3,138.0,91,1.19,0.2,12.0,0.09,-1,8.0,Clay,Buena,derrotas,Regular,derrotas,player2,True,False,False
4.8139,0.0,1431,30.0,-18.0,2,1608,139.0,0.0,12.0,8.0,0.02,60.0,0.879746835443038,138.0,1.05,157.0,3,142.0,-177,1.43,0.16,6.0,0.19,-2,14.0,Clay,Mala,derrotas,Buena,derrotas,player2,True,False,False
14.991800000000001,0.0,1639,65.0,0.0,3,1448,157.0,0.02,1.0,5.0,0.0,16.7,0.9936708860759493,138.0,1.24,157.0,3,138.0,191,1.05,0.0,13.0,0.21,-4,7.0,Clay,Buena,derrotas,Mala,derrotas,player1,True,False,False
0.0096,0.19,1464,40.0,-40.0,2,1582,157.0,0.0,10.0,10.0,0.02,50.0,0.7929292929292929,132.0,1.15,197.0,1,138.0,-118,1.4,0.15,8.0,0.17,-4,12.0,Clay,Regular,derrotas,Regular,derrotas,player2,True,False,False
0.0,0.29,1487,33.3,0.0,3,1560,157.0,0.0,10.0,10.0,0.01,50.0,0.9936708860759493,138.0,1.2,157.0,1,138.0,-73,1.31,0.19,1.0,0.0,-2,2.0,Clay,Mala,derrotas,Regular,derrotas,player2,True,False,False
0.0,0.0,1428,27.3,0.0,3,1616,157.0,0.0,13.0,7.0,0.02,65.0,0.9936708860759493,138.0,1.06,157.0,0,138.0,-188,1.5,0.2,3.0,0.0,-3,8.0,Clay,Mala,derrotas,Buena,derrotas,player2,True,False,False
0.0,0.0,1585,50.0,-59.0,1,1517,98.0,0.02,9.0,11.0,0.01,45.0,0.620253164556962,138.0,1.42,157.0,0,152.0,68,1.2,0.18,10.0,0.18,-2,10.0,Clay,Regular,derrotas,Regular,derrotas,player2,True,False,False
9.467500000000001,0.0,1384,15.0,-147.0,0,1501,25.0,0.0,8.0,12.0,0.01,40.0,0.14450867052023122,136.0,0.88,172.0,3,215.0,-117,1.31,0.16,3.0,0.0,-3,17.0,Clay,Mala,derrotas,Regular,derrotas,player2,True,False,False
1.5,0.26,1591,50.0,156.0,0,1397,181.0,0.01,5.0,15.0,0.0,25.0,6.961538461538462,215.0,1.38,25.0,3,135.0,194,1.01,0.0,10.0,0.0,-1,10.0,Clay,Regular,derrotas,Mala,derrotas,player1,True,False,False
0.0,0.0,1500,38.63807481731631,74.0,1,1401,172.0,0.0,6.0,14.0,0.01,30.0,1.7373737373737375,152.0,0.0,98.0,0,136.0,99,1.09,0.0,7.727614963463263,0.0,0,12.272385036536742,Clay,,,Mala,derrotas,player1,True,False,False
6.2753,0.0,1499,36.8,9.0,3,1466,181.0,0.0,5.0,12.0,0.0,29.4,1.046242774566474,136.0,1.13,172.0,1,135.0,33,1.24,0.0,7.0,0.0,-1,12.0,Clay,Mala,derrotas,Mala,derrotas,player2,True,False,False
0.0,0.0,1422,0.0,-157.0,0,1414,25.0,0.0,4.0,16.0,0.01,20.0,0.1366120218579235,134.0,0.0,182.0,0,215.0,8,0.98,0.0,0.0,0.0,-5,5.0,Clay,Mala,derrotas,Mala,derrotas,player2,True,False,False
0.0,0.0,1520,35.0,-119.0,0,1407,62.0,0.02,4.0,12.0,0.0,25.0,0.34065934065934067,135.0,1.3,181.0,1,169.0,113,1.03,0.0,7.0,0.0,-1,13.0,Clay,Mala,derrotas,Mala,derrotas,player1,True,False,False
0.0093,0.0,1640,60.0,-91.0,1,1431,81.0,0.02,0.0,4.0,0.0,0.0,0.4682080924855491,136.0,1.35,172.0,1,159.0,209,0.0,0.0,12.0,0.0,-1,8.0,Clay,Buena,derrotas,Mala,derrotas,player1,True,False,False
0.0,0.23,1520,45.0,-119.0,0,1491,62.0,0.02,7.0,13.0,0.02,35.0,0.34065934065934067,135.0,1.28,181.0,1,169.0,29,1.21,0.16,9.0,0.0,-3,11.0,Clay,Regular,derrotas,Mala,derrotas,player2,True,False,False
14.1595,0.59,1687,50.0,17.0,2,1743,39.0,0.08,14.0,6.0,0.1,70.0,1.6956521739130435,223.0,0.83,22.0,14,190.0,-56,0.8,0.24,10.0,0.24,5,10.0,Clay,Regular,victorias,Buena,derrotas,player2,True,False,False
1.95,0.0,1598,45.0,15.0,2,1443,77.0,0.04,8.0,12.0,0.01,40.0,1.2222222222222223,169.0,1.01,62.0,1,161.0,155,0.79,0.36,9.0,0.69,-1,11.0,Clay,Regular,derrotas,Regular,derrotas,player1,True,False,False
0.0,0.61,1546,35.0,81.0,1,1645,154.0,0.03,12.0,8.0,0.02,60.0,2.081081081081081,163.0,1.2,73.0,10,139.0,-99,1.16,0.25,7.0,0.19,-3,13.0,Clay,Mala,derrotas,Buena,derrotas,player1,True,False,False
7.7473,0.43,1583,50.0,-92.0,1,1667,62.0,0.01,11.0,9.0,0.04,55.0,0.4,139.0,0.86,154.0,11,169.0,-84,0.88,0.22,10.0,0.15,-1,10.0,Clay,Regular,derrotas,Regular,derrotas,player2,True,False,False
11.278,0.34,1700,65.0,77.0,1,1656,139.0,0.08,10.0,10.0,0.04,50.0,2.2063492063492065,169.0,0.89,62.0,6,142.0,44,0.98,0.24,13.0,0.2,-2,7.0,Clay,Buena,derrotas,Regular,derrotas,player1,True,False,False
0.0,0.0,1786,75.0,40.0,2,1508,81.0,0.14,5.0,15.0,0.03,25.0,1.9285714285714286,187.0,1.22,41.0,1,159.0,278,0.71,0.27,15.0,0.23,5,5.0,Clay,Excelente,victorias,Mala,derrotas,player1,True,False,False
0.0,0.47,1551,40.0,-41.0,2,1703,154.0,0.03,13.0,7.0,0.05,65.0,0.7857142857142857,133.0,0.82,195.0,7,139.0,-152,1.11,0.55,8.0,0.4,-1,12.0,Clay,Regular,derrotas,Buena,derrotas,player2,True,False,False
7.1467,0.24,1483,25.0,3.0,3,1620,157.0,0.03,10.0,10.0,0.02,50.0,1.0129032258064516,139.0,1.0,154.0,4,138.0,-137,1.36,0.26,5.0,0.24,-1,15.0,Clay,Mala,derrotas,Regular,derrotas,player2,True,False,False
11.2701,0.46,1674,70.0,39.0,2,1582,98.0,0.05,7.0,13.0,0.04,35.0,1.6333333333333333,171.0,0.7,59.0,8,152.0,92,0.63,0.47,14.0,0.18,-1,6.0,Clay,Buena,derrotas,Mala,derrotas,player1,True,False,False
3.25,0.28,1305,10.0,135.0,0,1394,172.0,0.0,5.0,15.0,0.0,25.0,4.526315789473684,192.0,0.81,37.0,8,136.0,-89,1.05,0.0,2.0,0.09,-4,18.0,Clay,Mala,derrotas,Mala,derrotas,player1,True,False,False
10.1469,0.17,1651,50.0,-34.0,2,1520,25.0,0.04,9.0,11.0,0.01,45.0,0.4166666666666667,171.0,1.34,59.0,5,215.0,131,1.13,0.18,10.0,0.17,-1,10.0,Clay,Regular,derrotas,Regular,derrotas,player1,True,False,False
0.0,0.0,1525,38.9,156.0,0,1500,195.0,0.01,8.0,11.999999999999998,0.0,39.99999999999999,4.875,190.0,1.25,39.0,0,133.0,25,0.0,0.0,7.0,0.0,-1,11.0,Clay,Mala,derrotas,,,player1,True,False,False
3.25,0.38,1377,20.0,0.0,3,1662,59.0,0.0,13.0,7.0,0.03,65.0,0.9833333333333333,171.0,0.66,59.0,3,171.0,-285,1.19,0.09,4.0,0.18,-3,16.0,Clay,Mala,derrotas,Buena,derrotas,player1,True,False,False
0.0,0.0,1478,33.3,-56.0,1,1629,62.0,0.0,11.0,9.0,0.03,55.0,0.5210084033613446,146.0,1.21,118.0,0,169.0,-151,1.35,0.23,2.0,0.0,-3,4.0,Clay,Mala,derrotas,Regular,derrotas,player2,True,False,False
0.0,0.0,1417,22.2,-43.0,2,1576,37.0,0.0,8.0,12.0,0.0,40.0,0.4567901234567901,159.0,1.08,80.0,1,192.0,-159,1.25,0.21,4.0,0.0,-2,14.0,Clay,Mala,derrotas,Regular,derrotas,player2,True,False,False
6.5725999999999996,0.32,1421,25.0,0.0,3,1433,98.0,0.01,6.0,14.0,0.01,30.0,0.98989898989899,152.0,1.01,98.0,3,152.0,-12,1.22,0.0,5.0,0.17,-5,15.0,Clay,Mala,derrotas,Mala,derrotas,player2,True,False,False
10.7692,0.48,1654,65.0,0.0,3,1619,98.0,0.02,12.0,8.0,0.02,60.0,0.98989898989899,152.0,1.26,98.0,8,152.0,35,1.24,0.15,13.0,0.0,-1,7.0,Clay,Buena,derrotas,Buena,derrotas,player2,True,False,False
0.0,0.12,1525,45.0,84.0,1,1623,182.0,0.01,12.0,8.0,0.02,60.0,1.8383838383838385,152.0,1.27,98.0,2,134.0,-98,1.35,0.09,9.0,0.0,-1,11.0,Clay,Regular,derrotas,Buena,derrotas,player2,True,False,False
0.0,0.0,1538,41.7,0.0,3,1561,98.0,0.02,9.0,11.0,0.01,45.0,0.98989898989899,152.0,1.27,98.0,0,152.0,-23,1.29,0.09,5.0,0.0,-1,7.0,Clay,Regular,derrotas,Regular,derrotas,player2,True,False,False
4.55,0.4,1739,70.0,-17.0,2,1701,81.0,0.13,10.0,10.0,0.08,50.0,0.8181818181818182,152.0,0.79,98.0,7,159.0,38,0.62,0.57,14.0,0.41,11,6.0,Clay,Buena,victorias,Regular,victorias,player1,True,False,False
0.0,0.0,1571,35.0,-99.0,1,1836,77.0,0.03,18.0,2.0,0.22,90.0,0.4350282485875706,135.0,0.62,176.0,0,161.0,-265,0.92,0.24,7.0,0.52,1,13.0,Clay,Mala,victorias,Excelente,victorias,player2,True,False,False
3.9734,0.26,1598,35.0,19.0,2,1675,81.0,0.04,13.0,7.0,0.05,65.0,1.2857142857142858,169.0,1.16,62.0,10,159.0,-77,1.29,0.2,7.0,0.25,1,13.0,Clay,Mala,victorias,Buena,victorias,player2,True,False,False
13.2179,0.4,1618,50.0,-39.0,2,1625,59.0,0.03,12.0,8.0,0.03,60.0,0.5959595959595959,152.0,1.23,98.0,9,171.0,-7,1.27,0.17,10.0,0.21,1,10.0,Clay,Regular,victorias,Buena,victorias,player1,True,False,False
25.5173,0.19,1544,40.0,18.0,2,1593,111.0,0.02,8.0,12.0,0.04,40.0,1.1808510638297873,154.0,1.01,93.0,13,148.0,-49,1.22,0.26,8.0,0.23,-4,12.0,Clay,Regular,derrotas,Regular,victorias,player2,True,False,False
0.0,0.0,1693,50.0,-14.0,2,1500,63.0,0.04,5.861082617326578,10.953813819302006,0.0,29.30541308663289,0.8076923076923077,161.0,1.43,77.0,0,168.0,193,0.0,0.0,10.0,0.27,1,10.0,Clay,Regular,victorias,,,player1,True,False,False
0.0,0.0,1693,50.0,-14.0,2,1500,63.0,0.04,5.861082617326578,10.953813819302006,0.0,29.30541308663289,0.8076923076923077,161.0,1.43,77.0,0,168.0,193,0.0,0.0,10.0,0.27,1,10.0,Clay,Regular,victorias,,,player1,True,False,False
0.0,0.0,1693,50.0,-14.0,2,1500,63.0,0.04,5.861082617326578,10.953813819302006,0.0,29.30541308663289,0.8076923076923077,161.0,1.43,77.0,0,168.0,193,0.0,0.0,10.0,0.27,1,10.0,Clay,Regular,victorias,,,player2,True,False,False
0.0,0.0,1461,0.0,-1.0,3,1585,80.0,0.0,10.0,10.0,0.04,50.0,0.975609756097561,159.0,0.0,81.0,0,159.0,-124,1.32,0.18,0.0,0.09,-2,2.0,Hard,Mala,derrotas,Regular,derrotas,player2,False,False,True
7.7845,0.0,1507,45.0,181.54273168535292,0,1501,189.5427316853529,0.01,7.0,13.0,0.01,35.0,21.060303520594772,319.0,1.15,8.0,2,133.16191870162746,6,1.27,0.15,9.0,0.14,-1,11.0,Hard,Regular,derrotas,Mala,derrotas,player2,False,False,True
6.5251,0.0,1543,40.0,-223.0,0,1388,77.0,0.02,2.0,13.0,0.0,13.3,0.2558139534883721,123.0,1.33,300.0,1,161.0,155,0.86,0.0,8.0,0.21,-1,12.0,Hard,Regular,derrotas,Mala,derrotas,player1,False,False,True
0.0,0.0,1455,30.0,116.0,0,1477,197.0,0.01,6.0,14.0,0.01,30.0,2.402439024390244,159.0,1.16,81.0,1,132.0,-22,1.16,0.09,6.0,0.12,-1,14.0,Hard,Mala,derrotas,Mala,derrotas,player2,False,False,True
0.0,0.0,1445,22.2,-1.0,3,1564,62.0,0.0,10.0,10.0,0.01,50.0,0.96875,168.0,1.09,63.0,0,169.0,-119,1.32,0.14,2.0,0.13,-3,7.0,Hard,Mala,derrotas,Regular,derrotas,player1,False,False,True
0.0,0.0,1394,15.4,-37.0,2,1479,73.0,0.0,4.0,8.0,0.01,33.3,0.6576576576576577,149.0,0.99,110.0,0,163.0,-85,1.2,0.15,2.0,0.12,-5,11.0,Hard,Mala,derrotas,Mala,derrotas,player2,False,False,True
0.0,0.0,1418,30.0,-92.0,1,1498,98.0,0.01,1.0,2.0,0.0,33.3,0.5130890052356021,133.0,1.08,190.0,0,152.0,-80,1.29,0.13,6.0,0.18,-1,14.0,Hard,Mala,derrotas,Mala,derrotas,player1,False,False,True
1.2999999999999998,0.09,1561,50.0,-85.0,1,1492,8.0,0.01,8.0,12.0,0.01,40.0,0.0851063829787234,154.0,1.27,93.0,4,319.0,69,1.21,0.09,10.0,0.19,-1,10.0,Hard,Regular,derrotas,Regular,derrotas,player1,False,False,True
0.0,0.0,1471,26.7,0.0,3,1500,154.0,0.0,6.671597248184538,10.17344621625374,0.0,33.3579862409227,0.9935483870967742,139.0,1.14,154.0,0,139.0,-29,0.0,0.0,4.0,0.0,-1,11.0,Clay,Mala,derrotas,,,player1,True,False,False
6.5226,0.0,1662,65.0,41.0,2,1483,195.0,0.08,0.0,1.0,0.0,0.0,1.2580645161290323,139.0,1.38,154.0,1,133.0,179,0.0,0.0,13.0,0.12,-1,7.0,Clay,Buena,derrotas,Mala,derrotas,player1,True,False,False
0.0,0.12,1413,35.0,-17.0,2,1360,154.0,0.01,2.0,18.0,0.0,10.0,0.8953488372093024,136.0,1.2,171.0,2,139.0,53,0.86,0.12,7.0,0.0,-4,13.0,Clay,Mala,derrotas,Mala,derrotas,player2,True,False,False
0.0,0.0,1354,25.0,25.0,2,1595,98.0,0.0,11.0,9.0,0.01,55.0,1.3243243243243243,163.0,1.04,73.0,0,152.0,-241,1.51,0.0,5.0,0.0,-3,15.0,Clay,Mala,derrotas,Regular,derrotas,player2,True,False,False
0.0,0.0,1521,40.0,-14.0,2,1488,62.0,0.01,6.0,14.0,0.0,30.0,0.8051948051948052,161.0,1.35,76.0,0,169.0,33,1.09,0.09,8.0,0.09,-1,12.0,Clay,Regular,derrotas,Mala,derrotas,player2,True,False,False
0.0,0.0,1397,17.6,-15.0,2,1412,139.0,0.0,2.0,9.0,0.0,18.2,0.896774193548387,139.0,1.03,154.0,0,142.0,-15,1.04,0.0,3.0,0.12,-4,14.0,Clay,Mala,derrotas,Mala,derrotas,player1,True,False,False
0.0,0.4,1409,30.0,72.0,1,1510,145.0,0.0,9.0,11.0,0.01,45.0,1.9594594594594594,163.0,1.21,73.0,5,140.0,-101,1.14,0.15,6.0,0.0,-2,14.0,Clay,Mala,derrotas,Regular,derrotas,player1,True,False,False
0.0,0.0,1544,50.0,19.0,2,1443,81.0,0.0,5.0,15.0,0.01,25.0,1.2857142857142858,169.0,1.31,62.0,1,159.0,101,1.12,0.0,10.0,0.18,-3,10.0,Clay,Regular,derrotas,Mala,derrotas,player1,True,False,False
0.0,0.0,1375,25.0,99.0,1,1548,197.0,0.0,9.0,11.0,0.01,45.0,1.9898989898989898,152.0,1.04,98.0,0,132.0,-173,1.38,0.0,5.0,0.0,-8,15.0,Hard,Mala,derrotas,Regular,derrotas,player2,False,False,True
0.0,0.0,1344,0.0,-7.0,3,1465,190.0,0.0,7.0,13.0,0.01,35.0,0.9595959595959596,132.0,0.0,197.0,0,133.0,-121,1.21,0.0,0.0,0.0,-12,12.0,Hard,Mala,derrotas,Mala,derrotas,player2,False,False,True
0.0,0.1,1627,60.0,-10.0,3,1419,190.0,0.02,5.0,15.0,0.01,25.0,0.945273631840796,132.0,1.46,200.0,1,133.0,208,1.03,0.0,12.0,0.19,-1,8.0,Hard,Buena,derrotas,Mala,derrotas,player1,False,False,True
0.0,0.11,1471,25.0,34.0,2,1436,111.0,0.0,6.0,14.0,0.01,30.0,1.4230769230769231,161.0,1.19,77.0,1,148.0,35,1.07,0.13,1.0,0.0,-3,3.0,Hard,Mala,derrotas,Mala,derrotas,player2,False,False,True
0.0,0.13,1541,40.0,-9.0,3,1730,181.0,0.02,14.0,6.0,0.1,70.0,0.9476439790575916,133.0,0.85,190.0,2,135.0,-189,1.2,0.12,8.0,0.0,-2,12.0,Hard,Regular,derrotas,Buena,victorias,player1,False,False,True
0.0,0.08,1528,40.0,17.0,2,1535,94.0,0.02,9.0,11.0,0.01,45.0,1.205128205128205,161.0,1.24,77.0,1,154.0,-7,1.27,0.0,8.0,0.0,-1,12.0,Hard,Regular,derrotas,Regular,derrotas,player2,False,False,True
0.0,0.0,1422,25.0,10.0,3,1339,200.0,0.0,0.0,13.0,0.0,0.0,1.0471204188481675,133.0,1.12,190.0,0,132.0,83,0.0,0.0,5.0,0.14,-3,15.0,Hard,Mala,derrotas,Mala,derrotas,player1,False,False,True
0.0,0.0,1417,25.0,123.0,0,1562,200.0,0.01,9.0,11.0,0.01,45.0,2.5641025641025643,161.0,1.11,77.0,1,132.0,-145,1.27,0.15,5.0,0.15,-2,15.0,Hard,Mala,derrotas,Regular,derrotas,player1,False,False,True
13.0233,0.07,1613,55.0,-19.0,2,1374,171.0,0.04,5.0,15.0,0.0,25.0,0.8952879581151832,133.0,1.39,190.0,3,136.0,239,1.0,0.12,11.0,0.2,-1,9.0,Hard,Regular,derrotas,Mala,derrotas,player1,False,False,True
0.0,0.11,1452,31.2,26.0,2,1531,77.0,0.01,10.0,10.0,0.01,50.0,1.4807692307692308,177.0,1.08,51.0,1,161.0,-79,1.4,0.12,5.0,0.0,-2,11.0,Hard,Mala,derrotas,Regular,derrotas,player1,False,False,True
0.0,0.0,1560,40.0,102.0,0,1456,200.0,0.02,5.0,15.0,0.02,25.0,2.0202020202020203,152.0,1.25,98.0,0,132.0,104,1.12,0.09,8.0,0.14,-2,12.0,Hard,Regular,derrotas,Mala,derrotas,player1,False,False,True
0.0,0.07,1533,40.0,-158.0,0,1671,18.0,0.01,12.0,8.0,0.03,60.0,0.1016949152542373,135.0,1.23,176.0,2,238.0,-138,1.34,0.16,8.0,0.16,-1,12.0,Hard,Regular,derrotas,Buena,derrotas,player2,False,False,True
13.0304,0.13,1693,50.0,-120.0,0,1538,77.0,0.13,8.0,12.0,0.01,40.0,0.3888888888888889,132.0,1.01,197.0,3,161.0,155,0.83,0.19,10.0,0.16,-1,10.0,Hard,Regular,derrotas,Regular,derrotas,player1,False,False,True
1.8199999999999996,0.11,1624,50.0,-91.0,1,1756,76.0,0.04,11.0,9.0,0.04,55.0,0.4523809523809524,137.0,1.29,167.0,4,161.0,-132,1.31,0.17,10.0,0.2,1,10.0,Clay,Regular,victorias,Regular,victorias,player2,True,False,False
0.9499999999999997,0.32,1636,55.0,36.0,2,1734,77.0,0.03,14.0,6.0,0.07,70.0,1.8333333333333333,187.0,0.98,41.0,4,161.0,-98,1.02,0.12,11.0,0.2,1,9.0,Clay,Regular,victorias,Buena,victorias,player2,True,False,False
0.0,0.4,1617,55.0,-99.0,1,1748,77.0,0.04,14.0,6.0,0.13,70.0,0.4350282485875706,135.0,0.94,176.0,8,161.0,-131,0.98,0.21,11.0,0.09,1,9.0,Clay,Regular,victorias,Buena,victorias,player2,True,False,False
3.0202,0.41,1642,55.0,56.0,1,1725,154.0,0.03,14.0,6.0,0.08,70.0,1.5555555555555556,152.0,1.35,98.0,6,139.0,-83,1.35,0.13,11.0,0.17,3,9.0,Clay,Regular,victorias,Buena,victorias,player2,True,False,False
8.0259,0.0,1766,70.0,-16.0,2,1745,25.0,0.12,14.0,6.0,0.08,70.0,0.5952380952380952,187.0,1.11,41.0,6,215.0,21,1.03,0.19,14.0,0.2,6,6.0,Clay,Buena,victorias,Buena,victorias,player1,True,False,False
0.0,0.0,1661,60.0,-187.0,0,1500,98.0,0.02,8.0,12.000000000000002,0.0,40.0,0.34265734265734266,187.0,1.53,285.0,0,152.0,161,0.0,0.0,12.0,0.09,3,8.0,Clay,Buena,victorias,,,player1,True,False,False
0.0,0.0,1661,60.0,-187.0,0,1500,98.0,0.02,8.0,12.000000000000002,0.0,40.0,0.34265734265734266,187.0,1.53,285.0,0,152.0,161,0.0,0.0,12.0,0.09,3,8.0,Clay,Buena,victorias,,,player1,True,False,False
0.0,0.0,1661,60.0,-187.0,0,1500,98.0,0.02,8.0,12.000000000000002,0.0,40.0,0.34265734265734266,187.0,1.53,285.0,0,152.0,161,0.0,0.0,12.0,0.09,3,8.0,Clay,Buena,victorias,,,player2,True,False,False
0.0,0.0,1500,33.25807119588067,155.0,0,1576,294.0,0.0,7.0,13.0,0.04,35.0,2.1,142.0,0.0,139.0,0,179.0,-76,1.24,0.18,5.394138120898322,0.0,0,10.3942756777237,Clay,,,Mala,victorias,player1,True,False,False
0.0,0.21,1425,20.0,-29.0,2,1504,110.0,0.01,3.0,5.0,0.01,37.5,0.7857142857142857,142.0,0.98,139.0,1,149.0,-79,1.32,0.0,4.0,0.25,-2,16.0,Clay,Mala,derrotas,Mala,derrotas,player2,True,False,False
0.0,0.0,1494,37.5,-62.0,1,1527,77.0,0.01,8.0,12.0,0.01,40.0,0.55,142.0,1.24,139.0,0,161.0,-33,1.26,0.23,3.0,0.16,-3,5.0,Clay,Mala,derrotas,Regular,derrotas,player1,True,False,False
0.0,0.0,1352,6.7,-58.0,1,1534,81.0,0.0,9.0,11.0,0.01,45.0,0.5785714285714286,142.0,0.76,139.0,0,159.0,-182,1.29,0.2,1.0,0.18,-7,14.0,Clay,Mala,derrotas,Regular,derrotas,player2,True,False,False
0.0,0.0,1416,20.0,144.0,0,1713,176.0,0.01,15.0,5.0,0.05,75.0,5.333333333333333,200.0,0.8,32.0,0,135.0,-297,1.09,0.13,3.0,0.0,-2,12.0,Clay,Mala,derrotas,Excelente,derrotas,player2,True,False,False
0.0,0.29,1553,50.0,-49.0,2,1512,32.0,0.01,7.0,13.0,0.03,35.0,0.3902439024390244,159.0,1.29,81.0,3,200.0,41,1.19,0.21,10.0,0.18,-1,10.0,Clay,Regular,derrotas,Mala,derrotas,player2,True,False,False
0.0,0.0,1483,0.0,0.0,3,1581,139.0,0.0,10.0,10.0,0.0,50.0,0.9928571428571429,142.0,0.0,139.0,0,142.0,-98,1.32,0.0,0.0,0.0,-1,1.0,Clay,Mala,derrotas,Regular,derrotas,player2,True,False,False
3.9316999999999998,0.0,1599,60.0,-31.0,2,1430,145.0,0.02,5.0,15.0,0.0,25.0,0.8192090395480226,135.0,1.35,176.0,1,140.0,169,1.11,0.0,12.0,0.0,-1,8.0,Clay,Buena,derrotas,Mala,derrotas,player2,True,False,False
0.0,0.0,1483,0.0,58.0,1,1461,139.0,0.0,5.0,15.0,0.01,25.0,1.6951219512195121,159.0,0.0,81.0,0,142.0,22,1.13,0.0,0.0,0.0,-1,1.0,Clay,Mala,derrotas,Mala,derrotas,player2,True,False,False
0.0,0.0,1499,45.0,-117.0,0,1441,22.0,0.01,6.0,14.0,0.0,30.0,0.15714285714285714,142.0,1.39,139.0,0,223.0,58,1.09,0.14,9.0,0.09,-1,11.0,Clay,Regular,derrotas,Mala,derrotas,player2,True,False,False
0.0,0.18,1569,47.1,-46.0,2,1626,93.0,0.01,11.0,9.0,0.02,55.0,0.6642857142857143,142.0,1.29,139.0,1,154.0,-57,1.34,0.0,8.0,0.0,-1,9.0,Clay,Regular,derrotas,Regular,derrotas,player2,True,False,False
0.0,0.0,1575,50.0,-24.0,2,1401,176.0,0.01,5.0,15.0,0.0,25.0,0.8756218905472637,132.0,1.41,200.0,1,135.0,174,1.03,0.0,10.0,0.0,-3,10.0,Clay,Regular,derrotas,Mala,derrotas,player2,True,False,False
0.0,0.18,1442,25.0,-57.0,1,1820,77.0,0.0,16.0,4.0,0.04,80.0,0.5703703703703704,143.0,0.95,134.0,1,161.0,-378,1.62,0.0,4.0,0.15,-3,12.0,Clay,Mala,derrotas,Excelente,victorias,player2,True,False,False
11.7057,0.28,1518,35.0,90.0,1,1631,98.0,0.01,10.0,10.0,0.02,50.0,10.88888888888889,319.0,1.08,8.0,4,152.0,-113,1.36,0.13,7.0,0.0,-2,13.0,Clay,Mala,derrotas,Regular,derrotas,player1,True,False,False
0.0,0.14,1610,45.0,36.0,2,1457,134.0,0.04,7.0,13.0,0.01,35.0,1.3535353535353536,152.0,1.27,98.0,2,143.0,153,1.2,0.09,9.0,0.18,-1,11.0,Clay,Regular,derrotas,Mala,derrotas,player1,True,False,False
5.7231,0.29,1690,65.0,14.0,2,1803,91.0,0.07,12.0,8.0,0.18,60.0,1.1666666666666667,161.0,0.96,77.0,7,155.0,-113,1.12,0.17,13.0,0.0,-1,7.0,Clay,Buena,derrotas,Buena,victorias,player2,True,False,False
0.0,0.0,1437,25.0,3.0,3,1434,134.0,0.0,1.0,6.0,0.0,14.3,1.0151515151515151,143.0,1.04,131.0,0,143.0,3,1.04,0.0,5.0,0.09,-4,15.0,Clay,Mala,derrotas,Mala,derrotas,player1,True,False,False
73.7761,0.37,1922,55.0,-149.0,0,1883,8.0,0.06,11.0,9.0,0.08,55.0,0.05063291139240506,138.0,1.12,157.0,35,319.0,39,1.36,0.27,11.0,0.27,1,9.0,Grass,Regular,victorias,Regular,victorias,player2,False,True,False
124.78019999999998,0.45,1944,50.0,-11.0,2,1753,52.0,0.04,9.0,11.0,0.05,45.0,0.8125,168.0,1.28,63.0,42,176.0,191,1.08,0.27,10.0,0.27,1,10.0,Grass,Regular,victorias,Regular,victorias,player2,False,True,False
0.0,0.11,1530,50.0,18.0,2,1797,200.0,0.03,16.0,4.0,0.1,80.0,1.092896174863388,134.0,0.83,182.0,1,132.0,-267,1.21,0.0,10.0,0.12,-4,10.0,Hard,Regular,derrotas,Excelente,derrotas,player2,False,False,True
11.897,0.0,1629,60.0,-21.0,2,1713,176.0,0.02,12.0,8.0,0.05,60.0,0.8888888888888888,132.0,1.3,197.0,4,135.0,-84,1.3,0.09,12.0,0.0,-3,8.0,Hard,Buena,derrotas,Buena,derrotas,player2,False,False,True
14.5201,0.14,1666,60.0,-118.0,0,1673,58.0,0.04,13.0,7.0,0.04,65.0,0.327683615819209,135.0,1.29,176.0,5,172.0,-7,1.31,0.0,12.0,0.14,-2,8.0,Hard,Buena,derrotas,Buena,derrotas,player1,False,False,True
11.2659,0.0,1696,65.0,-45.0,2,1661,155.0,0.04,13.0,7.0,0.02,65.0,0.7711442786069652,132.0,1.21,200.0,4,139.0,35,1.41,0.09,13.0,0.09,-1,7.0,Hard,Buena,derrotas,Buena,derrotas,player1,False,False,True
6.5227,0.09,1526,40.0,62.0,1,1596,155.0,0.01,10.0,10.0,0.02,50.0,1.648936170212766,154.0,1.29,93.0,4,139.0,-70,1.16,0.16,8.0,0.15,-1,12.0,Hard,Regular,derrotas,Regular,derrotas,player1,False,False,True
0.0,0.1,1481,30.0,57.0,1,1670,155.0,0.01,9.0,11.0,0.06,45.0,1.5656565656565657,152.0,1.16,98.0,1,139.0,-189,1.27,0.21,6.0,0.14,-1,14.0,Hard,Mala,derrotas,Regular,derrotas,player2,False,False,True
0.0,0.11,1484,40.0,0.0,3,1482,155.0,0.01,8.0,12.0,0.01,40.0,0.9935897435897436,139.0,1.15,155.0,1,139.0,2,1.33,0.15,4.0,0.14,-2,6.0,Hard,Regular,derrotas,Regular,derrotas,player2,False,False,True
43.174699999999994,0.22,1628,40.0,173.0,0,1627,197.0,0.06,12.0,8.0,0.06,60.0,7.88,217.0,1.23,24.0,25,132.0,1,1.33,0.27,8.0,0.27,1,12.0,Grass,Regular,victorias,Buena,victorias,player2,False,True,False
44.8598,0.27,1726,65.0,-106.0,0,1589,91.0,0.04,7.0,13.0,0.07,35.0,0.4595959595959596,132.0,1.35,197.0,30,155.0,137,1.2,0.27,13.0,0.27,1,7.0,Grass,Buena,victorias,Mala,victorias,player2,False,True,False
0.0019,0.13,1728,60.0,157.0,0,1738,182.0,0.11,13.0,7.0,0.03,65.0,7.0,215.0,1.48,25.0,16,134.0,-10,1.45,0.27,12.0,0.27,1,8.0,Grass,Buena,victorias,Buena,victorias,player1,False,True,False
18.8712,0.15,1667,60.0,14.0,2,1801,53.0,0.02,16.0,4.0,0.0,80.0,1.325,190.0,1.27,39.0,17,175.0,-134,1.6,0.27,12.0,0.26,1,8.0,Grass,Buena,victorias,Excelente,victorias,player1,False,True,False
6.9158,0.03,1588,45.0,-61.0,1,1735,22.0,0.0,14.0,6.0,0.01,70.0,0.2619047619047619,158.0,1.45,83.0,10,223.0,-147,1.62,0.24,9.0,0.27,1,11.0,Grass,Regular,victorias,Buena,victorias,player2,False,True,False
9.0699,0.03,1673,55.0,-150.0,0,1734,47.0,0.03,10.0,10.0,0.05,50.0,0.23737373737373738,132.0,1.55,197.0,6,181.0,-61,1.52,0.27,11.0,0.27,1,9.0,Grass,Regular,victorias,Regular,victorias,player2,False,True,False
26.613400000000002,0.2,1838,80.0,-68.0,1,1547,32.0,0.02,7.0,13.0,0.04,35.0,0.31683168316831684,152.0,1.45,100.0,18,200.0,291,1.25,0.27,16.0,0.21,1,4.0,Grass,Excelente,victorias,Mala,victorias,player2,False,True,False
0.0,0.0,1733,65.0,116.0,0,1692,197.0,0.02,11.0,9.0,0.01,55.0,2.402439024390244,159.0,1.52,81.0,2,132.0,41,1.72,0.24,13.0,0.18,1,7.0,Grass,Buena,victorias,Regular,victorias,player1,False,True,False
6.9192,0.06,1676,50.0,46.0,2,1621,98.0,0.02,10.0,10.0,0.03,50.0,1.849056603773585,176.0,1.36,52.0,7,152.0,55,1.58,0.26,10.0,0.27,1,10.0,Grass,Regular,victorias,Regular,victorias,player2,False,True,False
8.373199999999999,0.04,1833,85.0,-25.0,2,1711,52.0,0.11,13.0,7.0,0.01,65.0,0.6666666666666666,161.0,1.37,77.0,9,176.0,122,1.11,0.27,17.0,0.27,11,3.0,Grass,Excelente,victorias,Buena,victorias,player2,False,True,False
14.1152,0.09,1681,45.0,-21.0,2,1712,77.0,0.03,11.0,9.0,0.02,55.0,0.7777777777777778,152.0,1.21,98.0,17,161.0,-31,1.51,0.26,9.0,0.27,1,11.0,Grass,Regular,victorias,Regular,victorias,player1,False,True,False
6.2576,0.1,1799,80.0,-141.0,0,1674,59.0,0.01,10.0,10.0,0.05,50.0,0.2935323383084577,132.0,1.61,200.0,12,171.0,125,1.43,0.26,16.0,0.27,1,4.0,Grass,Excelente,victorias,Regular,victorias,player2,False,True,False
27.474700000000002,0.17,1686,55.0,146.0,0,1665,197.0,0.04,10.0,10.0,0.04,50.0,3.7884615384615383,177.0,1.25,51.0,17,132.0,21,1.33,0.27,11.0,0.23,1,9.0,Grass,Regular,victorias,Regular,victorias,player2,False,True,False
37.866299999999995,0.28,1603,45.0,0.0,3,1706,24.0,0.03,10.0,10.0,0.08,50.0,0.96,217.0,0.86,24.0,22,217.0,-103,1.13,0.27,9.0,0.26,1,11.0,Grass,Regular,victorias,Regular,victorias,player2,False,True,False
6.331599999999999,0.09,1686,45.0,119.0,0,1656,182.0,0.04,12.0,8.0,0.05,60.0,2.84375,168.0,1.4,63.0,11,134.0,30,1.47,0.26,9.0,0.27,1,11.0,Grass,Regular,victorias,Buena,victorias,player1,False,True,False
59.7635,0.24,1610,40.0,24.0,2,1696,200.0,0.04,11.0,9.0,0.01,55.0,1.1299435028248588,135.0,1.17,176.0,30,132.0,-86,1.31,0.27,8.0,0.27,1,12.0,Grass,Regular,victorias,Regular,victorias,player1,False,True,False
20.6448,0.14,1793,75.0,-24.0,2,1670,8.0,0.05,11.0,9.0,0.02,55.0,0.24242424242424243,200.0,1.48,32.0,14,319.0,123,1.4,0.26,15.0,0.27,1,5.0,Grass,Excelente,victorias,Regular,victorias,player1,False,True,False
3.0183,0.07,1756,70.0,-33.0,2,1755,167.0,0.02,11.0,9.0,0.04,55.0,0.8308457711442786,132.0,1.68,200.0,7,137.0,1,1.39,0.27,14.0,0.27,1,6.0,Grass,Buena,victorias,Regular,victorias,player2,False,True,False
6.066499999999999,0.0,1808,60.0,175.0,0,1849,197.0,0.03,13.0,7.0,0.02,65.0,8.565217391304348,223.0,1.53,22.0,6,132.0,-41,1.59,0.27,12.0,0.27,-1,8.0,Grass,Buena,derrotas,Buena,victorias,player1,False,True,False
0.0,-0.0,1778,60.0,175.0,0,1500,197.0,0.02,6.235623431967309,13.764376568032686,0.0,31.178117159836543,8.565217391304348,223.0,1.62,22.0,0,132.0,278,0.0,0.0,12.0,0.27,1,8.0,Grass,Buena,victorias,,,player2,False,True,False
0.0,-0.0,1855,50.0,-123.0,0,1500,77.0,0.08,5.428479151813076,11.298834354283967,0.0,32.27735822400643,0.38308457711442784,132.0,1.69,200.0,0,161.0,355,0.0,0.0,10.0,0.27,1,10.0,Grass,Regular,victorias,,,player1,False,True,False
4.7678,0.05,1767,65.0,-14.0,2,1757,186.0,0.03,13.0,7.0,0.08,65.0,0.9253731343283582,132.0,1.43,200.0,10,134.0,10,1.66,0.27,13.0,0.27,1,7.0,Grass,Buena,victorias,Buena,victorias,player1,False,True,False
17.3423,0.17,1609,45.0,-34.0,2,1772,47.0,0.02,13.0,7.0,0.0,65.0,0.573170731707317,159.0,1.31,81.0,17,181.0,-163,1.4,0.27,9.0,0.23,1,11.0,Grass,Regular,victorias,Buena,victorias,player1,False,True,False
0.0,0.02,1640,60.0,120.0,0,1724,197.0,0.0,12.0,8.0,0.05,60.0,2.5256410256410255,161.0,1.19,77.0,5,132.0,-84,1.44,0.54,12.0,0.38,1,8.0,Grass,Buena,victorias,Buena,victorias,player2,False,True,False
19.534499999999998,0.13,1686,40.0,63.0,1,1610,140.0,0.04,8.0,12.0,0.02,40.0,1.794871794871795,161.0,1.32,77.0,15,141.0,76,1.32,0.27,8.0,0.27,1,12.0,Grass,Regular,victorias,Regular,victorias,player2,False,True,False
24.398000000000003,0.15,1671,50.0,120.0,0,1818,218.0,0.02,15.0,5.0,0.04,75.0,2.202020202020202,152.0,1.23,98.0,17,130.0,-147,1.59,0.27,10.0,0.27,1,10.0,Grass,Regular,victorias,Excelente,victorias,player2,False,True,False
4.7595,0.18,1676,50.0,-24.0,2,1779,8.0,0.02,14.0,6.0,0.06,70.0,0.24242424242424243,200.0,1.28,32.0,15,319.0,-103,1.57,0.27,10.0,0.27,1,10.0,Grass,Regular,victorias,Buena,victorias,player1,False,True,False
10.1399,0.1,1717,65.0,-192.0,0,1786,8.0,0.01,14.0,6.0,0.04,70.0,0.03980099502487562,132.0,1.5,200.0,13,319.0,-69,1.57,0.27,13.0,0.27,1,7.0,Grass,Buena,victorias,Buena,victorias,player2,False,True,False
21.2616,0.18,1697,55.0,-131.0,0,1654,8.0,0.05,10.0,10.0,0.03,50.0,0.05714285714285714,142.0,1.35,139.0,17,319.0,43,1.33,0.27,11.0,0.27,1,9.0,Grass,Regular,victorias,Regular,victorias,player1,False,True,False
10.811499999999999,0.07,1862,75.0,-24.0,2,1795,176.0,0.02,14.0,6.0,0.07,70.0,0.8756218905472637,132.0,1.59,200.0,12,135.0,67,1.57,0.27,15.0,0.27,1,5.0,Grass,Excelente,victorias,Buena,victorias,player2,False,True,False
31.718200000000003,0.16,1800,55.0,-168.0,0,1724,8.0,0.02,12.0,8.0,0.02,60.0,0.04519774011299435,135.0,1.31,176.0,21,319.0,76,1.33,0.27,11.0,0.27,1,9.0,Grass,Regular,victorias,Buena,victorias,player1,False,True,False
3.0203,0.06,1772,75.0,-178.0,0,1741,22.0,0.01,14.0,6.0,0.0,70.0,0.10945273631840796,132.0,1.58,200.0,10,223.0,31,1.57,0.27,15.0,0.27,1,5.0,Grass,Excelente,victorias,Buena,victorias,player2,False,True,False
0.0,-0.0,1651,60.0,18.0,2,1500,116.0,0.0,6.208482755801401,13.7915172441986,0.0,31.042413779007003,1.1717171717171717,152.0,1.62,98.0,0,147.0,151,0.0,0.0,12.0,0.23,1,8.0,Grass,Buena,victorias,,,player1,False,True,False
0.0,-0.0,1651,60.0,18.0,2,1500,116.0,0.0,6.208482755801401,13.7915172441986,0.0,31.042413779007003,1.1717171717171717,152.0,1.62,98.0,0,147.0,151,0.0,0.0,12.0,0.23,1,8.0,Grass,Buena,victorias,,,player1,False,True,False
0.0,-0.0,1651,60.0,18.0,2,1500,116.0,0.0,6.208482755801401,13.7915172441986,0.0,31.042413779007003,1.1717171717171717,152.0,1.62,98.0,0,147.0,151,0.0,0.0,12.0,0.23,1,8.0,Grass,Buena,victorias,,,player2,False,True,False
0.0,-0.0,1692,60.0,37.0,2,1500,155.0,0.01,0.16847747680324351,1.6739099072129742,0.0,2.8135738626141666,1.3025210084033614,146.0,1.62,118.0,0,139.0,192,0.0,0.0,12.0,0.26,1,8.0,Grass,Buena,victorias,,,player1,False,True,False
0.0,-0.0,1692,60.0,37.0,2,1500,155.0,0.01,0.16847747680324351,1.6739099072129742,0.0,2.8135738626141666,1.3025210084033614,146.0,1.62,118.0,0,139.0,192,0.0,0.0,12.0,0.26,1,8.0,Grass,Buena,victorias,,,player1,False,True,False
0.0,-0.0,1692,60.0,37.0,2,1500,155.0,0.01,0.16847747680324351,1.6739099072129742,0.0,2.8135738626141666,1.3025210084033614,146.0,1.62,118.0,0,139.0,192,0.0,0.0,12.0,0.26,1,8.0,Grass,Buena,victorias,,,player2,False,True,False
0.0,-0.0,1748,65.0,10.0,3,1500,110.0,0.05,6.820378317612806,11.503245752911539,0.0,37.92030342742523,1.0891089108910892,152.0,1.64,100.0,0,149.0,248,0.0,0.0,13.0,0.27,1,7.0,Grass,Buena,victorias,,,player1,False,True,False
0.0,-0.0,1748,65.0,10.0,3,1500,110.0,0.05,6.820378317612806,11.503245752911539,0.0,37.92030342742523,1.0891089108910892,152.0,1.64,100.0,0,149.0,248,0.0,0.0,13.0,0.27,1,7.0,Grass,Buena,victorias,,,player1,False,True,False
0.0,-0.0,1748,65.0,10.0,3,1500,110.0,0.05,6.820378317612806,11.503245752911539,0.0,37.92030342742523,1.0891089108910892,152.0,1.64,100.0,0,149.0,248,0.0,0.0,13.0,0.27,1,7.0,Grass,Buena,victorias,,,player1,False,True,False
0.0,-0.0,1675,50.0,-16.0,2,1500,8.0,0.03,8.78766884875502,11.21233115124498,0.0,43.9383442437751,0.32,217.0,1.57,24.0,0,319.0,175,0.0,0.0,10.0,0.27,1,10.0,Grass,Regular,victorias,,,player1,False,True,False
0.0,-0.0,1675,50.0,-16.0,2,1500,8.0,0.03,8.78766884875502,11.21233115124498,0.0,43.9383442437751,0.32,217.0,1.57,24.0,0,319.0,175,0.0,0.0,10.0,0.27,1,10.0,Grass,Regular,victorias,,,player1,False,True,False
0.0,-0.0,1675,50.0,-16.0,2,1500,8.0,0.03,8.78766884875502,11.21233115124498,0.0,43.9383442437751,0.32,217.0,1.57,24.0,0,319.0,175,0.0,0.0,10.0,0.27,1,10.0,Grass,Regular,victorias,,,player1,False,True,False
0.0,-0.0,1867,60.0,159.0,0,1500,200.0,0.03,5.63592542693388,14.364074573066118,0.0,28.1796271346694,4.761904761904762,187.0,1.81,41.0,0,132.0,367,0.0,0.0,12.0,0.27,1,8.0,Grass,Buena,victorias,,,player1,False,True,False
0.0,-0.0,1637,50.0,-20.0,2,1500,80.0,0.01,6.0,14.0,0.0,30.0,0.7920792079207921,152.0,1.45,100.0,0,159.0,137,0.0,0.0,10.0,0.27,1,10.0,Grass,Regular,victorias,,,player1,False,True,False
0.0,-0.0,1791,55.0,-135.0,0,1500,47.0,0.05,4.03487595920834,9.152354891265974,0.0,31.100972795397258,0.2568306010928962,134.0,1.67,182.0,0,181.0,291,0.0,0.0,11.0,0.27,1,9.0,Grass,Regular,victorias,,,player1,False,True,False
0.0,-0.0,1600,40.0,-10.0,3,1500,22.0,0.02,1.1071192773702616,2.2301325304114017,0.0,5.535596386851308,0.6666666666666666,200.0,1.51,32.0,0,223.0,100,0.0,0.0,8.0,0.26,1,12.0,Grass,Regular,victorias,,,player2,False,True,False
0.0,-0.0,1650,60.0,73.0,1,1500,81.0,0.0,5.984354860711652,11.476532291067477,0.0,33.73044357588957,9.0,319.0,1.62,8.0,0,159.0,150,0.0,0.0,12.0,0.26,1,8.0,Grass,Buena,victorias,,,player2,False,True,False
0.0,-0.0,1810,65.0,0.0,3,1500,200.0,0.29,6.5396157920118725,13.460384207988128,0.0,32.69807896005936,0.9950248756218906,132.0,1.48,200.0,0,132.0,310,0.0,0.0,13.0,0.27,8,7.0,Grass,Buena,victorias,,,player1,False,True,False
0.0,-0.0,1692,55.0,4.0,3,1500,171.0,0.05,1.91364153009719,3.6312571038836365,0.0,9.568207650485949,1.0178571428571428,137.0,1.6,167.0,0,136.0,192,0.0,0.0,11.0,0.27,1,9.0,Grass,Regular,victorias,,,player2,False,True,False
0.0,-0.0,1860,85.0,7.0,3,1500,202.0,0.0,6.013770974837621,13.986229025162379,0.0,30.068854874188105,1.030612244897959,133.0,1.88,195.0,0,132.0,360,0.0,0.0,17.0,0.27,1,3.0,Grass,Excelente,victorias,,,player1,False,True,False
0.0,-0.0,1777,70.0,-189.0,0,1500,8.0,0.03,2.0,6.0,0.0,25.0,0.04040404040404041,132.0,1.67,197.0,0,319.0,277,0.0,0.0,14.0,0.27,1,6.0,Grass,Buena,victorias,,,player2,False,True,False
0.0,-0.0,1828,75.0,100.0,1,1500,200.0,0.15,7.468476596367291,12.531523403632706,0.0,37.34238298183646,1.9801980198019802,152.0,1.35,100.0,0,132.0,328,0.0,0.0,15.0,0.27,6,5.0,Grass,Excelente,victorias,,,player1,False,True,False
0.0,-0.0,1732,60.0,-44.0,2,1500,8.0,0.18,9.000000000000002,11.0,0.0,45.0,0.1509433962264151,176.0,1.48,52.0,0,319.0,232,0.0,0.0,12.0,0.27,6,8.0,Grass,Buena,victorias,,,player1,False,True,False
0.0,-0.0,1786,55.0,-16.0,2,1500,8.0,0.04,9.000000000000002,11.0,0.0,45.0,0.32,217.0,1.6,24.0,0,319.0,286,0.0,0.0,11.0,0.27,1,9.0,Grass,Regular,victorias,,,player1,False,True,False
0.0,-0.0,1833,75.0,2.0,3,1500,202.0,0.04,6.546807837377132,13.45319216262287,0.0,32.73403918688566,1.0049751243781095,132.0,1.69,200.0,0,132.0,333,0.0,0.0,15.0,0.27,1,5.0,Grass,Excelente,victorias,,,player1,False,True,False
29.8639,0.36,1751,50.0,-24.0,2,1995,176.0,0.08,14.0,6.0,0.16,70.0,0.8756218905472637,132.0,1.28,200.0,42,135.0,-244,1.45,0.27,10.0,0.27,1,10.0,Grass,Regular,victorias,Buena,victorias,player2,False,True,False
46.950500000000005,0.31,1755,50.0,5.0,3,1891,200.0,0.09,13.0,7.0,0.06,65.0,1.0204081632653061,133.0,1.28,195.0,33,132.0,-136,1.35,0.27,10.0,0.27,1,10.0,Grass,Regular,victorias,Buena,victorias,player1,False,True,False
95.3108,0.27,1893,55.0,19.0,2,1763,110.0,0.13,11.0,9.0,0.04,55.0,1.1956521739130435,155.0,1.31,91.0,19,149.0,130,1.31,0.27,11.0,0.27,1,9.0,Grass,Regular,victorias,Regular,victorias,player1,False,True,False
0.0,-0.0,1869,50.0,38.0,2,1500,62.0,0.02,5.528968158358006,14.471031841641999,0.0,27.644840791790024,2.48,217.0,1.57,24.0,0,169.0,369,0.0,0.0,10.0,0.27,1,10.0,Grass,Regular,victorias,,,player1,False,True,False
0.0,-0.0,1876,70.0,129.0,0,1500,191.0,0.09,6.2175287888527855,13.782471211147213,0.0,31.087643944263927,3.0317460317460316,169.0,1.88,62.0,0,133.0,376,0.0,0.0,14.0,0.27,3,6.0,Grass,Buena,victorias,,,player1,False,True,False
12.5184,0.1,1598,45.0,0.0,3,1817,200.0,0.04,10.0,10.0,0.06,50.0,0.9950248756218906,132.0,1.16,200.0,13,132.0,-219,1.27,0.46,9.0,0.41,-1,11.0,Grass,Regular,derrotas,Regular,victorias,player2,False,True,False
38.772800000000004,0.26,1771,50.0,-90.0,1,1878,62.0,0.02,13.0,7.0,0.03,65.0,0.40522875816993464,139.0,1.28,152.0,22,169.0,-107,1.39,0.27,10.0,0.27,1,10.0,Grass,Regular,victorias,Buena,victorias,player1,False,True,False
3.25,0.13,1477,35.0,0.0,3,1534,100.0,0.01,9.0,11.0,0.02,45.0,0.9900990099009901,152.0,1.25,100.0,5,152.0,-57,1.13,0.09,7.0,0.09,-1,13.0,Hard,Mala,derrotas,Regular,derrotas,player2,False,False,True
8.9134,0.0,1415,30.0,0.0,3,1386,100.0,0.01,5.0,15.0,0.0,25.0,0.9900990099009901,152.0,1.03,100.0,5,152.0,29,1.14,0.16,6.0,0.0,-4,14.0,Hard,Mala,derrotas,Mala,derrotas,player2,False,False,True
0.0,0.0,1484,33.3,48.0,2,1562,100.0,0.0,8.0,12.0,0.03,40.0,1.8867924528301887,176.0,1.2,52.0,0,152.0,-78,1.25,0.19,4.0,0.12,-1,8.0,Hard,Mala,derrotas,Regular,derrotas,player2,False,False,True
7.475299999999999,0.21,1620,55.0,-92.0,1,1682,8.0,0.04,14.0,6.0,0.06,70.0,0.07920792079207921,152.0,0.93,100.0,6,319.0,-62,0.98,0.13,11.0,0.09,-1,9.0,Hard,Regular,derrotas,Buena,derrotas,player1,False,False,True
0.0,0.08,1532,45.0,-98.0,1,1427,8.0,0.01,2.0,6.0,0.0,25.0,0.07476635514018691,150.0,1.18,106.0,1,319.0,105,1.19,0.0,9.0,0.15,-4,11.0,Hard,Regular,derrotas,Mala,derrotas,player1,False,False,True
0.0,0.0,1500,41.944787317466954,-54.0,1,1481,52.0,0.0,7.0,13.0,0.01,35.0,0.48598130841121495,150.0,0.0,106.0,0,176.0,19,1.12,0.21,8.388957463493393,0.0,0,11.611042536506607,Hard,,,Mala,derrotas,player2,False,False,True
6.5291,0.12,1501,35.0,86.0,1,1428,186.0,0.01,6.0,14.0,0.0,30.0,1.8415841584158417,152.0,1.16,100.0,4,134.0,73,1.11,0.0,7.0,0.0,-5,13.0,Hard,Mala,derrotas,Mala,derrotas,player2,False,False,True
0.0,0.0,1623,50.0,6.0,3,1405,106.0,0.02,0.0,6.0,0.0,0.0,1.0495049504950495,152.0,1.32,100.0,0,150.0,218,0.0,0.0,10.0,0.0,-2,10.0,Hard,Regular,derrotas,Mala,derrotas,player1,False,False,True
0.0,0.0,1483,0.0,63.0,1,1599,81.0,0.0,12.0,8.0,0.01,60.0,4.2631578947368425,238.0,0.0,18.0,0,159.0,-116,1.37,0.0,0.0,0.0,-1,1.0,Clay,Mala,derrotas,Buena,derrotas,player2,True,False,False
0.0,0.0,1447,30.0,-9.0,3,1376,167.0,0.01,3.0,17.0,0.0,15.0,0.943502824858757,135.0,1.18,176.0,0,137.0,71,0.98,0.0,6.0,0.0,-1,14.0,Clay,Mala,derrotas,Mala,derrotas,player2,True,False,False
0.0,0.0,1528,40.0,-78.0,1,1458,98.0,0.01,7.0,13.0,0.0,35.0,0.5536723163841808,135.0,1.26,176.0,0,152.0,70,1.22,0.12,8.0,0.0,-3,12.0,Clay,Regular,derrotas,Mala,derrotas,player1,True,False,False
0.0,0.0,1475,28.6,-156.0,0,1451,25.0,0.0,0.0,3.0,0.0,0.0,0.13736263736263737,135.0,1.16,181.0,0,215.0,24,0.0,0.0,2.0,0.0,-3,5.0,Clay,Mala,derrotas,Mala,derrotas,player1,True,False,False
23.6281,0.43,1755,70.0,0.0,3,1425,167.0,0.11,6.0,14.0,0.0,30.0,0.9940476190476191,137.0,1.08,167.0,9,137.0,330,0.72,0.0,14.0,0.09,5,6.0,Clay,Buena,victorias,Mala,derrotas,player1,True,False,False
0.0,0.0,1395,10.0,90.0,1,1524,98.0,0.0,7.0,13.0,0.01,35.0,10.88888888888889,319.0,0.8,8.0,1,152.0,-129,1.3,0.0,1.0,0.0,-6,9.0,Clay,Mala,derrotas,Mala,derrotas,player1,True,False,False
0.0,0.0,1420,11.1,-162.0,0,1486,24.0,0.0,6.0,14.0,0.01,30.0,0.12834224598930483,134.0,0.9,186.0,0,217.0,-66,1.18,0.0,1.0,0.14,-7,8.0,Clay,Mala,derrotas,Mala,derrotas,player2,True,False,False
0.0,0.0,1509,45.0,-98.0,1,1490,41.0,0.01,1.0,2.0,0.0,33.3,0.29285714285714287,142.0,1.29,139.0,0,187.0,19,1.21,0.0,9.0,0.0,-1,11.0,Clay,Regular,derrotas,Mala,derrotas,player1,True,False,False
0.0,0.0,1467,0.0,145.0,0,1455,167.0,0.0,7.0,13.0,0.01,35.0,7.260869565217392,223.0,0.0,22.0,0,137.0,12,1.13,0.17,0.0,0.0,-2,2.0,Clay,Mala,derrotas,Mala,derrotas,player2,True,False,False
0.0,0.0,1512,45.0,116.0,0,1490,167.0,0.02,8.0,12.0,0.01,40.0,3.2115384615384617,177.0,1.28,51.0,1,137.0,22,1.25,0.0,9.0,0.0,-1,11.0,Clay,Regular,derrotas,Regular,derrotas,player1,True,False,False
0.0,0.14,1561,45.0,33.0,2,1545,200.0,0.03,8.0,12.0,0.02,40.0,1.1904761904761905,137.0,1.18,167.0,1,132.0,16,1.34,0.0,9.0,0.16,-1,11.0,Clay,Regular,derrotas,Regular,derrotas,player2,True,False,False
8.483400000000001,0.0,1540,46.7,30.0,2,1475,197.0,0.01,8.0,12.0,0.01,40.0,1.1726190476190477,137.0,1.38,167.0,1,132.0,65,1.15,0.09,7.0,0.0,-1,8.0,Clay,Regular,derrotas,Regular,derrotas,player2,True,False,False
0.0,0.0,1564,45.0,-83.0,1,1442,98.0,0.01,2.0,6.0,0.0,25.0,0.5384615384615384,135.0,1.39,181.0,0,152.0,122,1.04,0.0,9.0,0.0,-1,11.0,Clay,Regular,derrotas,Mala,derrotas,player1,True,False,False
0.0,0.26,1624,55.0,-105.0,0,1592,62.0,0.04,10.0,10.0,0.03,50.0,0.36904761904761907,137.0,1.17,167.0,3,169.0,32,0.89,0.16,11.0,0.13,5,9.0,Clay,Regular,victorias,Regular,derrotas,player1,True,False,False
0.0,0.0,1418,0.0,-47.0,2,1479,110.0,0.0,8.0,12.0,0.0,40.0,0.6962025316455697,138.0,0.0,157.0,0,149.0,-61,1.26,0.09,0.0,0.0,-5,5.0,Clay,Mala,derrotas,Regular,derrotas,player2,True,False,False
0.0,0.0,1409,14.3,-116.0,0,1505,41.0,0.0,1.0,1.0,0.0,50.0,0.25949367088607594,138.0,0.97,157.0,0,187.0,-96,1.32,0.0,1.0,0.0,-6,6.0,Clay,Mala,derrotas,Regular,derrotas,player1,True,False,False
0.0,0.26,1360,7.7,10.0,3,1469,167.0,0.0,7.0,13.0,0.01,35.0,1.0569620253164558,138.0,0.78,157.0,3,137.0,-109,1.19,0.18,1.0,0.0,-1,12.0,Clay,Mala,derrotas,Mala,derrotas,player2,True,False,False
0.0,0.0,1534,40.0,0.0,3,1476,167.0,0.01,0.0,1.0,0.0,0.0,0.9940476190476191,137.0,1.26,167.0,0,137.0,58,0.0,0.0,8.0,0.12,-2,12.0,Clay,Regular,derrotas,Mala,derrotas,player1,True,False,False
0.0,0.0,1437,0.0,-126.0,0,1491,41.0,0.0,8.0,12.0,0.01,40.0,0.24404761904761904,137.0,0.0,167.0,0,187.0,-54,1.16,0.09,0.0,0.0,-4,4.0,Clay,Mala,derrotas,Regular,derrotas,player2,True,False,False
0.0,0.0,1437,0.0,-159.0,0,1609,8.0,0.0,10.0,10.0,0.03,50.0,0.047619047619047616,137.0,0.0,167.0,0,319.0,-172,1.32,0.2,0.0,0.0,-4,4.0,Clay,Mala,derrotas,Regular,derrotas,player2,True,False,False
0.0,0.0,1579,55.0,0.0,3,1559,81.0,0.01,6.0,2.0,0.02,75.0,0.9878048780487805,159.0,1.25,81.0,0,159.0,20,1.6,0.0,11.0,0.14,-2,9.0,Clay,Regular,derrotas,Excelente,derrotas,player1,True,False,False
9.5171,0.39,1564,50.0,40.0,2,1450,81.0,0.01,7.0,13.0,0.0,35.0,1.9285714285714286,187.0,1.24,41.0,6,159.0,114,1.14,0.0,10.0,0.09,-1,10.0,Clay,Regular,derrotas,Mala,derrotas,player1,True,False,False
8.6864,0.0,1531,45.0,102.0,0,1405,183.0,0.01,5.0,15.0,0.0,25.0,2.231707317073171,159.0,1.34,81.0,3,134.0,126,1.0,0.0,9.0,0.09,-2,11.0,Clay,Regular,derrotas,Mala,derrotas,player1,True,False,False
6.0141,0.13,1520,40.0,41.0,2,1592,139.0,0.01,11.0,9.0,0.02,55.0,1.404040404040404,152.0,1.08,98.0,6,142.0,-72,1.35,0.0,8.0,0.0,-3,12.0,Clay,Regular,derrotas,Regular,derrotas,player1,True,False,False
0.0,0.0,1518,66.7,0.0,3,1500,81.0,0.01,6.176379458910126,13.823620541089875,0.0,30.881897294550633,0.9878048780487805,159.0,1.4,81.0,0,159.0,18,0.0,0.0,2.0,0.0,-1,1.0,Clay,Buena,derrotas,,,player2,True,False,False
0.0,0.0,1434,25.0,-116.0,0,1588,81.0,0.01,8.0,12.0,0.01,40.0,0.4090909090909091,132.0,1.03,197.0,1,159.0,-154,1.34,0.09,5.0,0.0,-3,15.0,Clay,Mala,derrotas,Regular,derrotas,player2,True,False,False
0.0,0.0,1512,35.0,105.0,0,1437,186.0,0.02,0.0,4.0,0.0,0.0,2.268292682926829,159.0,1.22,81.0,0,134.0,75,0.0,0.0,7.0,0.0,-1,13.0,Clay,Mala,derrotas,Mala,derrotas,player1,True,False,False
14.2709,0.0,1672,65.0,114.0,0,1486,195.0,0.06,7.0,13.0,0.02,35.0,2.3780487804878048,159.0,1.13,81.0,5,133.0,186,0.72,0.0,13.0,0.12,5,7.0,Clay,Buena,victorias,Mala,derrotas,player1,True,False,False
3.0067,0.0,1728,70.0,0.0,3,1546,176.0,0.02,9.0,11.0,0.02,45.0,0.9943502824858758,135.0,1.58,176.0,1,135.0,182,1.21,0.0,14.0,0.16,1,6.0,Hard,Buena,victorias,Regular,victorias,player1,False,False,True
0.0,0.0,1541,66.7,-21.0,2,1707,176.0,0.0,13.0,7.0,0.08,65.0,0.8888888888888888,132.0,1.08,197.0,0,135.0,-166,1.07,0.09,2.0,0.0,1,1.0,Hard,Buena,victorias,Buena,victorias,player2,False,False,True
1.5,0.0,1527,45.0,99.0,1,1578,176.0,0.01,8.0,12.0,0.04,40.0,2.2564102564102564,161.0,1.32,77.0,1,135.0,-51,1.29,0.18,9.0,0.0,1,11.0,Hard,Regular,victorias,Regular,victorias,player2,False,False,True
0.0,0.0,1509,40.0,152.0,0,1627,176.0,0.01,9.0,11.0,0.03,45.0,7.04,217.0,1.29,24.0,1,135.0,-118,1.32,0.15,8.0,0.09,1,12.0,Hard,Regular,victorias,Regular,victorias,player2,False,False,True
0.0,0.0,1634,55.0,-674.0,0,1500,197.0,0.02,10.679134874212354,8.265926432247806,0.0,54.091933908798055,0.22591743119266056,28.0,1.38,871.0,0,132.0,134,0.0,0.0,11.0,0.12,1,9.0,Hard,Regular,victorias,,,player1,False,False,True
0.0,0.18,1569,66.7,0.0,3,1655,81.0,0.0,12.0,8.0,0.01,60.0,0.9878048780487805,159.0,1.39,81.0,1,159.0,-86,1.36,0.15,4.0,0.0,-1,2.0,Clay,Buena,derrotas,Buena,derrotas,player2,True,False,False
0.0,0.0,1679,75.0,89.0,1,1489,140.0,0.02,6.0,12.0,0.01,33.3,2.6923076923076925,177.0,1.44,51.0,0,141.0,190,1.21,0.09,15.0,0.15,-1,5.0,Clay,Excelente,derrotas,Mala,derrotas,player1,True,False,False
0.0,0.0,1522,45.0,-98.0,1,1528,32.0,0.01,8.0,7.0,0.0,53.3,0.24427480916030533,144.0,1.28,130.0,1,200.0,-6,1.37,0.0,9.0,0.17,-2,11.0,Clay,Regular,derrotas,Regular,victorias,player2,True,False,False
4.2250000000000005,0.41,1426,30.0,-36.0,2,1594,81.0,0.02,10.0,10.0,0.01,50.0,0.6864406779661016,147.0,1.02,117.0,7,159.0,-168,1.33,0.23,6.0,0.22,-8,14.0,Clay,Mala,derrotas,Regular,derrotas,player1,True,False,False
0.0,0.0,1431,20.0,0.0,3,1733,81.0,0.0,15.0,5.0,0.04,75.0,0.9878048780487805,159.0,0.98,81.0,0,159.0,-302,1.54,0.09,2.0,0.14,-6,8.0,Clay,Mala,derrotas,Excelente,derrotas,player2,True,False,False
0.0,0.0,1591,45.0,4.0,3,1491,81.0,0.02,8.0,12.0,0.0,40.0,1.0384615384615385,161.0,1.28,77.0,1,159.0,100,1.25,0.17,9.0,0.2,-1,11.0,Clay,Regular,derrotas,Regular,derrotas,player1,True,False,False
0.0,0.0,1442,35.0,121.0,0,1544,202.0,0.0,4.0,3.0,0.0,57.1,2.4634146341463414,159.0,1.21,81.0,1,132.0,-102,1.35,0.09,7.0,0.0,-1,13.0,Clay,Mala,derrotas,Regular,derrotas,player2,True,False,False
0.0,0.0,1601,50.0,0.0,3,1483,32.0,0.04,0.0,1.0,0.0,0.0,0.9696969696969697,200.0,1.31,32.0,1,200.0,118,0.0,0.0,10.0,0.0,-1,10.0,Clay,Regular,derrotas,Mala,derrotas,player1,True,False,False
13.9511,0.0,1673,55.0,4.0,3,1361,81.0,0.04,3.0,17.0,0.0,15.0,1.0384615384615385,161.0,1.36,77.0,5,159.0,312,0.85,0.17,11.0,0.15,-1,9.0,Clay,Regular,derrotas,Mala,derrotas,player1,True,False,False
0.0,0.18,1342,20.0,19.0,2,1673,100.0,0.01,14.0,6.0,0.06,70.0,1.2195121951219512,159.0,0.73,81.0,1,152.0,-331,1.14,0.09,4.0,0.09,-8,16.0,Clay,Mala,derrotas,Buena,derrotas,player2,True,False,False
6.5235,0.0,1745,75.0,105.0,0,1528,182.0,0.07,8.0,12.0,0.02,40.0,2.3333333333333335,161.0,0.87,77.0,4,134.0,217,0.61,0.18,15.0,0.47,-1,5.0,Clay,Excelente,derrotas,Regular,derrotas,player1,True,False,False
0.0,0.0,1500,24.614589028802104,45.0,2,1510,77.0,0.0,1.0,1.0,0.0,50.0,2.3333333333333335,200.0,0.0,32.0,0,161.0,-10,1.32,0.09,4.922917805760421,0.0,0,7.7690119829205795,Clay,,,Regular,derrotas,player2,True,False,False
0.0,0.0,1500,23.576361055341025,0.0,3,1520,32.0,0.0,9.0,11.0,0.01,45.0,0.9696969696969697,200.0,0.0,32.0,0,200.0,-20,1.29,0.12,4.715272211068205,0.0,0,11.644665720291709,Clay,,,Regular,derrotas,player2,True,False,False
0.0,0.0,1483,0.0,-68.0,1,1406,32.0,0.0,5.0,15.0,0.01,25.0,0.31683168316831684,152.0,0.0,100.0,0,200.0,77,1.13,0.09,0.0,0.0,-1,1.0,Clay,Mala,derrotas,Mala,derrotas,player1,True,False,False
0.0,0.0,1466,25.0,107.0,0,1510,200.0,0.0,7.0,13.0,0.02,35.0,2.127659574468085,154.0,1.12,93.0,0,132.0,-44,1.21,0.0,2.0,0.0,-1,6.0,Hard,Mala,derrotas,Mala,derrotas,player2,False,False,True
0.0,0.0,1406,20.0,-139.0,0,1611,52.0,0.01,12.0,8.0,0.01,60.0,0.2708333333333333,133.0,1.06,191.0,0,176.0,-205,1.37,0.0,4.0,0.09,-1,16.0,Hard,Mala,derrotas,Buena,derrotas,player2,False,False,True
0.0,0.0,1521,50.0,0.0,3,1435,191.0,0.01,1.0,5.0,0.0,16.7,0.9947916666666666,133.0,1.32,191.0,0,133.0,86,1.01,0.0,2.0,0.0,-1,2.0,Hard,Regular,derrotas,Mala,derrotas,player2,False,False,True
0.0,0.0,1483,0.0,9.0,3,1425,200.0,0.0,3.0,12.0,0.0,20.0,1.0416666666666667,133.0,0.0,191.0,0,132.0,58,1.06,0.0,0.0,0.0,-1,1.0,Hard,Mala,derrotas,Mala,derrotas,player1,False,False,True
7.4750000000000005,0.0,1554,50.0,-26.0,2,1416,165.0,0.01,5.0,15.0,0.0,25.0,0.859375,133.0,1.29,191.0,2,137.0,138,1.1,0.0,10.0,0.0,-1,10.0,Hard,Regular,derrotas,Mala,derrotas,player2,False,False,True
0.0,0.0,1467,36.8,-123.0,0,1500,77.0,0.01,3.6656447588298664,8.39754742119168,0.0,31.540674459172287,0.38308457711442784,132.0,1.14,200.0,0,161.0,-33,0.0,0.0,7.0,0.0,-6,12.0,Hard,Mala,derrotas,,,player1,False,False,True
1.2349999999999997,0.0,1464,35.0,-70.0,1,1456,77.0,0.0,6.0,14.0,0.0,30.0,0.5202702702702703,140.0,1.2,147.0,1,161.0,8,1.16,0.17,7.0,0.14,-2,13.0,Hard,Mala,derrotas,Mala,derrotas,player1,False,False,True
0.0,0.0,1464,35.0,-119.0,0,1632,81.0,0.0,11.0,9.0,0.01,55.0,0.40298507462686567,132.0,1.11,200.0,1,159.0,-168,1.43,0.12,7.0,0.12,-1,13.0,Hard,Mala,derrotas,Regular,derrotas,player2,False,False,True
0.0,0.21,1476,40.0,114.0,0,1680,191.0,0.01,13.0,7.0,0.04,65.0,2.448717948717949,161.0,1.21,77.0,4,133.0,-204,1.34,0.0,8.0,0.0,-1,12.0,Hard,Regular,derrotas,Buena,derrotas,player2,False,False,True
3.0875,0.0,1449,30.0,183.0,0,1465,191.0,0.01,9.0,11.0,0.01,45.0,21.22222222222222,319.0,1.24,8.0,2,133.0,-16,1.17,0.0,6.0,0.12,-3,14.0,Hard,Mala,derrotas,Regular,derrotas,player1,False,False,True
0.0,0.0,1409,30.0,-110.0,0,1652,81.0,0.0,14.0,6.0,0.03,70.0,0.421875,133.0,1.08,191.0,0,159.0,-243,1.52,0.16,6.0,0.12,-2,14.0,Hard,Mala,derrotas,Buena,derrotas,player2,False,False,True
0.0,0.05,1604,50.0,139.0,0,1755,191.0,0.05,15.0,5.0,0.09,75.0,3.6037735849056602,176.0,1.05,52.0,1,133.0,-151,0.99,0.19,10.0,0.23,-1,10.0,Hard,Regular,derrotas,Excelente,derrotas,player2,False,False,True
0.0,0.0,1619,65.0,97.0,1,1483,191.0,0.03,0.0,1.0,0.0,0.0,2.0105263157894737,154.0,1.39,94.0,0,133.0,136,0.0,0.0,13.0,0.23,-1,7.0,Hard,Buena,derrotas,Mala,derrotas,player1,False,False,True
0.0,0.0,1540,40.0,-5.0,3,1459,195.0,0.02,1.0,4.0,0.0,20.0,0.9701492537313433,132.0,1.25,200.0,0,133.0,81,1.06,0.12,8.0,0.18,-1,12.0,Hard,Regular,derrotas,Mala,derrotas,player1,False,False,True
6.2804,0.2,1468,35.0,89.0,1,1440,191.0,0.0,6.0,14.0,0.01,30.0,1.854368932038835,151.0,1.13,102.0,7,133.0,28,1.09,0.12,7.0,0.21,-1,13.0,Hard,Mala,derrotas,Mala,derrotas,player1,False,False,True
8.487000000000002,0.05,1684,65.0,-167.0,0,1471,24.0,0.06,2.0,5.0,0.0,28.6,0.125,133.0,1.01,191.0,2,217.0,213,0.85,0.16,13.0,0.2,-1,7.0,Hard,Buena,derrotas,Mala,derrotas,player1,False,False,True
0.0,0.0,1359,25.0,0.0,3,1421,93.0,0.0,0.0,4.0,0.0,0.0,0.9893617021276596,154.0,1.03,93.0,1,154.0,-62,0.0,0.09,5.0,0.19,-1,15.0,Hard,Mala,derrotas,Mala,derrotas,player1,False,False,True
0.0,0.52,1328,20.0,0.0,3,1547,157.0,0.0,9.0,11.0,0.02,45.0,0.9936708860759493,138.0,0.93,157.0,6,138.0,-219,1.32,0.09,4.0,0.0,-7,16.0,Clay,Mala,derrotas,Regular,derrotas,player2,True,False,False
11.581700000000001,0.0,1507,40.0,35.0,2,1498,98.0,0.01,7.0,13.0,0.01,35.0,1.53125,168.0,1.22,63.0,3,152.0,9,1.18,0.15,8.0,0.0,-1,12.0,Clay,Regular,derrotas,Mala,derrotas,player1,True,False,False
19.5375,0.0,1666,60.0,0.0,3,1575,157.0,0.04,11.0,9.0,0.02,55.0,0.9936708860759493,138.0,1.41,157.0,3,138.0,91,1.19,0.2,12.0,0.09,-1,8.0,Clay,Buena,derrotas,Regular,derrotas,player2,True,False,False
4.8139,0.0,1431,30.0,-18.0,2,1608,139.0,0.0,12.0,8.0,0.02,60.0,0.879746835443038,138.0,1.05,157.0,3,142.0,-177,1.43,0.16,6.0,0.19,-2,14.0,Clay,Mala,derrotas,Buena,derrotas,player2,True,False,False
14.991800000000001,0.0,1639,65.0,0.0,3,1448,157.0,0.02,1.0,5.0,0.0,16.7,0.9936708860759493,138.0,1.24,157.0,3,138.0,191,1.05,0.0,13.0,0.21,-4,7.0,Clay,Buena,derrotas,Mala,derrotas,player1,True,False,False
0.0096,0.19,1464,40.0,-40.0,2,1582,157.0,0.0,10.0,10.0,0.02,50.0,0.7929292929292929,132.0,1.15,197.0,1,138.0,-118,1.4,0.15,8.0,0.17,-4,12.0,Clay,Regular,derrotas,Regular,derrotas,player2,True,False,False
0.0,0.29,1487,33.3,0.0,3,1560,157.0,0.0,10.0,10.0,0.01,50.0,0.9936708860759493,138.0,1.2,157.0,1,138.0,-73,1.31,0.19,1.0,0.0,-2,2.0,Clay,Mala,derrotas,Regular,derrotas,player2,True,False,False
0.0,0.0,1428,27.3,0.0,3,1616,157.0,0.0,13.0,7.0,0.02,65.0,0.9936708860759493,138.0,1.06,157.0,0,138.0,-188,1.5,0.2,3.0,0.0,-3,8.0,Clay,Mala,derrotas,Buena,derrotas,player2,True,False,False
0.0,0.0,1585,50.0,-59.0,1,1517,98.0,0.02,9.0,11.0,0.01,45.0,0.620253164556962,138.0,1.42,157.0,0,152.0,68,1.2,0.18,10.0,0.18,-2,10.0,Clay,Regular,derrotas,Regular,derrotas,player2,True,False,False
9.467500000000001,0.0,1384,15.0,-147.0,0,1501,25.0,0.0,8.0,12.0,0.01,40.0,0.14450867052023122,136.0,0.88,172.0,3,215.0,-117,1.31,0.16,3.0,0.0,-3,17.0,Clay,Mala,derrotas,Regular,derrotas,player2,True,False,False
1.5,0.26,1591,50.0,156.0,0,1397,181.0,0.01,5.0,15.0,0.0,25.0,6.961538461538462,215.0,1.38,25.0,3,135.0,194,1.01,0.0,10.0,0.0,-1,10.0,Clay,Regular,derrotas,Mala,derrotas,player1,True,False,False
0.0,0.0,1500,38.63807481731631,74.0,1,1401,172.0,0.0,6.0,14.0,0.01,30.0,1.7373737373737375,152.0,0.0,98.0,0,136.0,99,1.09,0.0,7.727614963463263,0.0,0,12.272385036536742,Clay,,,Mala,derrotas,player1,True,False,False
6.2753,0.0,1499,36.8,9.0,3,1466,181.0,0.0,5.0,12.0,0.0,29.4,1.046242774566474,136.0,1.13,172.0,1,135.0,33,1.24,0.0,7.0,0.0,-1,12.0,Clay,Mala,derrotas,Mala,derrotas,player2,True,False,False
0.0,0.0,1422,0.0,-157.0,0,1414,25.0,0.0,4.0,16.0,0.01,20.0,0.1366120218579235,134.0,0.0,182.0,0,215.0,8,0.98,0.0,0.0,0.0,-5,5.0,Clay,Mala,derrotas,Mala,derrotas,player2,True,False,False
0.0,0.0,1520,35.0,-119.0,0,1407,62.0,0.02,4.0,12.0,0.0,25.0,0.34065934065934067,135.0,1.3,181.0,1,169.0,113,1.03,0.0,7.0,0.0,-1,13.0,Clay,Mala,derrotas,Mala,derrotas,player1,True,False,False
0.0093,0.0,1640,60.0,-91.0,1,1431,81.0,0.02,0.0,4.0,0.0,0.0,0.4682080924855491,136.0,1.35,172.0,1,159.0,209,0.0,0.0,12.0,0.0,-1,8.0,Clay,Buena,derrotas,Mala,derrotas,player1,True,False,False
0.0,0.23,1520,45.0,-119.0,0,1491,62.0,0.02,7.0,13.0,0.02,35.0,0.34065934065934067,135.0,1.28,181.0,1,169.0,29,1.21,0.16,9.0,0.0,-3,11.0,Clay,Regular,derrotas,Mala,derrotas,player2,True,False,False
14.1595,0.59,1687,50.0,17.0,2,1743,39.0,0.08,14.0,6.0,0.1,70.0,1.6956521739130435,223.0,0.83,22.0,14,190.0,-56,0.8,0.24,10.0,0.24,5,10.0,Clay,Regular,victorias,Buena,derrotas,player2,True,False,False
1.95,0.0,1598,45.0,15.0,2,1443,77.0,0.04,8.0,12.0,0.01,40.0,1.2222222222222223,169.0,1.01,62.0,1,161.0,155,0.79,0.36,9.0,0.69,-1,11.0,Clay,Regular,derrotas,Regular,derrotas,player1,True,False,False
0.0,0.61,1546,35.0,81.0,1,1645,154.0,0.03,12.0,8.0,0.02,60.0,2.081081081081081,163.0,1.2,73.0,10,139.0,-99,1.16,0.25,7.0,0.19,-3,13.0,Clay,Mala,derrotas,Buena,derrotas,player1,True,False,False
7.7473,0.43,1583,50.0,-92.0,1,1667,62.0,0.01,11.0,9.0,0.04,55.0,0.4,139.0,0.86,154.0,11,169.0,-84,0.88,0.22,10.0,0.15,-1,10.0,Clay,Regular,derrotas,Regular,derrotas,player2,True,False,False
11.278,0.34,1700,65.0,77.0,1,1656,139.0,0.08,10.0,10.0,0.04,50.0,2.2063492063492065,169.0,0.89,62.0,6,142.0,44,0.98,0.24,13.0,0.2,-2,7.0,Clay,Buena,derrotas,Regular,derrotas,player1,True,False,False
0.0,0.0,1786,75.0,40.0,2,1508,81.0,0.14,5.0,15.0,0.03,25.0,1.9285714285714286,187.0,1.22,41.0,1,159.0,278,0.71,0.27,15.0,0.23,5,5.0,Clay,Excelente,victorias,Mala,derrotas,player1,True,False,False
0.0,0.47,1551,40.0,-41.0,2,1703,154.0,0.03,13.0,7.0,0.05,65.0,0.7857142857142857,133.0,0.82,195.0,7,139.0,-152,1.11,0.55,8.0,0.4,-1,12.0,Clay,Regular,derrotas,Buena,derrotas,player2,True,False,False
7.1467,0.24,1483,25.0,3.0,3,1620,157.0,0.03,10.0,10.0,0.02,50.0,1.0129032258064516,139.0,1.0,154.0,4,138.0,-137,1.36,0.26,5.0,0.24,-1,15.0,Clay,Mala,derrotas,Regular,derrotas,player2,True,False,False
11.2701,0.46,1674,70.0,39.0,2,1582,98.0,0.05,7.0,13.0,0.04,35.0,1.6333333333333333,171.0,0.7,59.0,8,152.0,92,0.63,0.47,14.0,0.18,-1,6.0,Clay,Buena,derrotas,Mala,derrotas,player1,True,False,False
3.25,0.28,1305,10.0,135.0,0,1394,172.0,0.0,5.0,15.0,0.0,25.0,4.526315789473684,192.0,0.81,37.0,8,136.0,-89,1.05,0.0,2.0,0.09,-4,18.0,Clay,Mala,derrotas,Mala,derrotas,player1,True,False,False
10.1469,0.17,1651,50.0,-34.0,2,1520,25.0,0.04,9.0,11.0,0.01,45.0,0.4166666666666667,171.0,1.34,59.0,5,215.0,131,1.13,0.18,10.0,0.17,-1,10.0,Clay,Regular,derrotas,Regular,derrotas,player1,True,False,False
0.0,0.0,1525,38.9,156.0,0,1500,195.0,0.01,8.0,11.999999999999998,0.0,39.99999999999999,4.875,190.0,1.25,39.0,0,133.0,25,0.0,0.0,7.0,0.0,-1,11.0,Clay,Mala,derrotas,,,player1,True,False,False
3.25,0.38,1377,20.0,0.0,3,1662,59.0,0.0,13.0,7.0,0.03,65.0,0.9833333333333333,171.0,0.66,59.0,3,171.0,-285,1.19,0.09,4.0,0.18,-3,16.0,Clay,Mala,derrotas,Buena,derrotas,player1,True,False,False
0.0,0.0,1478,33.3,-56.0,1,1629,62.0,0.0,11.0,9.0,0.03,55.0,0.5210084033613446,146.0,1.21,118.0,0,169.0,-151,1.35,0.23,2.0,0.0,-3,4.0,Clay,Mala,derrotas,Regular,derrotas,player2,True,False,False
0.0,0.0,1417,22.2,-43.0,2,1576,37.0,0.0,8.0,12.0,0.0,40.0,0.4567901234567901,159.0,1.08,80.0,1,192.0,-159,1.25,0.21,4.0,0.0,-2,14.0,Clay,Mala,derrotas,Regular,derrotas,player2,True,False,False
6.5725999999999996,0.32,1421,25.0,0.0,3,1433,98.0,0.01,6.0,14.0,0.01,30.0,0.98989898989899,152.0,1.01,98.0,3,152.0,-12,1.22,0.0,5.0,0.17,-5,15.0,Clay,Mala,derrotas,Mala,derrotas,player2,True,False,False
10.7692,0.48,1654,65.0,0.0,3,1619,98.0,0.02,12.0,8.0,0.02,60.0,0.98989898989899,152.0,1.26,98.0,8,152.0,35,1.24,0.15,13.0,0.0,-1,7.0,Clay,Buena,derrotas,Buena,derrotas,player2,True,False,False
0.0,0.12,1525,45.0,84.0,1,1623,182.0,0.01,12.0,8.0,0.02,60.0,1.8383838383838385,152.0,1.27,98.0,2,134.0,-98,1.35,0.09,9.0,0.0,-1,11.0,Clay,Regular,derrotas,Buena,derrotas,player2,True,False,False
0.0,0.0,1538,41.7,0.0,3,1561,98.0,0.02,9.0,11.0,0.01,45.0,0.98989898989899,152.0,1.27,98.0,0,152.0,-23,1.29,0.09,5.0,0.0,-1,7.0,Clay,Regular,derrotas,Regular,derrotas,player2,True,False,False
4.55,0.4,1739,70.0,-17.0,2,1701,81.0,0.13,10.0,10.0,0.08,50.0,0.8181818181818182,152.0,0.79,98.0,7,159.0,38,0.62,0.57,14.0,0.41,11,6.0,Clay,Buena,victorias,Regular,victorias,player1,True,False,False
0.0,0.0,1571,35.0,-99.0,1,1836,77.0,0.03,18.0,2.0,0.22,90.0,0.4350282485875706,135.0,0.62,176.0,0,161.0,-265,0.92,0.24,7.0,0.52,1,13.0,Clay,Mala,victorias,Excelente,victorias,player2,True,False,False
3.9734,0.26,1598,35.0,19.0,2,1675,81.0,0.04,13.0,7.0,0.05,65.0,1.2857142857142858,169.0,1.16,62.0,10,159.0,-77,1.29,0.2,7.0,0.25,1,13.0,Clay,Mala,victorias,Buena,victorias,player2,True,False,False
13.2179,0.4,1618,50.0,-39.0,2,1625,59.0,0.03,12.0,8.0,0.03,60.0,0.5959595959595959,152.0,1.23,98.0,9,171.0,-7,1.27,0.17,10.0,0.21,1,10.0,Clay,Regular,victorias,Buena,victorias,player1,True,False,False
25.5173,0.19,1544,40.0,18.0,2,1593,111.0,0.02,8.0,12.0,0.04,40.0,1.1808510638297873,154.0,1.01,93.0,13,148.0,-49,1.22,0.26,8.0,0.23,-4,12.0,Clay,Regular,derrotas,Regular,victorias,player2,True,False,False
0.0,0.0,1693,50.0,-14.0,2,1500,63.0,0.04,5.861082617326578,10.953813819302006,0.0,29.30541308663289,0.8076923076923077,161.0,1.43,77.0,0,168.0,193,0.0,0.0,10.0,0.27,1,10.0,Clay,Regular,victorias,,,player1,True,False,False
0.0,0.0,1693,50.0,-14.0,2,1500,63.0,0.04,5.861082617326578,10.953813819302006,0.0,29.30541308663289,0.8076923076923077,161.0,1.43,77.0,0,168.0,193,0.0,0.0,10.0,0.27,1,10.0,Clay,Regular,victorias,,,player1,True,False,False
0.0,0.0,1693,50.0,-14.0,2,1500,63.0,0.04,5.861082617326578,10.953813819302006,0.0,29.30541308663289,0.8076923076923077,161.0,1.43,77.0,0,168.0,193,0.0,0.0,10.0,0.27,1,10.0,Clay,Regular,victorias,,,player2,True,False,False
0.0,0.0,1461,0.0,-1.0,3,1585,80.0,0.0,10.0,10.0,0.04,50.0,0.975609756097561,159.0,0.0,81.0,0,159.0,-124,1.32,0.18,0.0,0.09,-2,2.0,Hard,Mala,derrotas,Regular,derrotas,player2,False,False,True
7.7845,0.0,1507,45.0,181.54273168535292,0,1501,189.5427316853529,0.01,7.0,13.0,0.01,35.0,21.060303520594772,319.0,1.15,8.0,2,133.16191870162746,6,1.27,0.15,9.0,0.14,-1,11.0,Hard,Regular,derrotas,Mala,derrotas,player2,False,False,True
6.5251,0.0,1543,40.0,-223.0,0,1388,77.0,0.02,2.0,13.0,0.0,13.3,0.2558139534883721,123.0,1.33,300.0,1,161.0,155,0.86,0.0,8.0,0.21,-1,12.0,Hard,Regular,derrotas,Mala,derrotas,player1,False,False,True
0.0,0.0,1455,30.0,116.0,0,1477,197.0,0.01,6.0,14.0,0.01,30.0,2.402439024390244,159.0,1.16,81.0,1,132.0,-22,1.16,0.09,6.0,0.12,-1,14.0,Hard,Mala,derrotas,Mala,derrotas,player2,False,False,True
0.0,0.0,1445,22.2,-1.0,3,1564,62.0,0.0,10.0,10.0,0.01,50.0,0.96875,168.0,1.09,63.0,0,169.0,-119,1.32,0.14,2.0,0.13,-3,7.0,Hard,Mala,derrotas,Regular,derrotas,player1,False,False,True
0.0,0.0,1394,15.4,-37.0,2,1479,73.0,0.0,4.0,8.0,0.01,33.3,0.6576576576576577,149.0,0.99,110.0,0,163.0,-85,1.2,0.15,2.0,0.12,-5,11.0,Hard,Mala,derrotas,Mala,derrotas,player2,False,False,True
0.0,0.0,1418,30.0,-92.0,1,1498,98.0,0.01,1.0,2.0,0.0,33.3,0.5130890052356021,133.0,1.08,190.0,0,152.0,-80,1.29,0.13,6.0,0.18,-1,14.0,Hard,Mala,derrotas,Mala,derrotas,player1,False,False,True
1.2999999999999998,0.09,1561,50.0,-85.0,1,1492,8.0,0.01,8.0,12.0,0.01,40.0,0.0851063829787234,154.0,1.27,93.0,4,319.0,69,1.21,0.09,10.0,0.19,-1,10.0,Hard,Regular,derrotas,Regular,derrotas,player1,False,False,True
0.0,0.0,1471,26.7,0.0,3,1500,154.0,0.0,6.671597248184538,10.17344621625374,0.0,33.3579862409227,0.9935483870967742,139.0,1.14,154.0,0,139.0,-29,0.0,0.0,4.0,0.0,-1,11.0,Clay,Mala,derrotas,,,player1,True,False,False
6.5226,0.0,1662,65.0,41.0,2,1483,195.0,0.08,0.0,1.0,0.0,0.0,1.2580645161290323,139.0,1.38,154.0,1,133.0,179,0.0,0.0,13.0,0.12,-1,7.0,Clay,Buena,derrotas,Mala,derrotas,player1,True,False,False
0.0,0.12,1413,35.0,-17.0,2,1360,154.0,0.01,2.0,18.0,0.0,10.0,0.8953488372093024,136.0,1.2,171.0,2,139.0,53,0.86,0.12,7.0,0.0,-4,13.0,Clay,Mala,derrotas,Mala,derrotas,player2,True,False,False
0.0,0.0,1354,25.0,25.0,2,1595,98.0,0.0,11.0,9.0,0.01,55.0,1.3243243243243243,163.0,1.04,73.0,0,152.0,-241,1.51,0.0,5.0,0.0,-3,15.0,Clay,Mala,derrotas,Regular,derrotas,player2,True,False,False
0.0,0.0,1521,40.0,-14.0,2,1488,62.0,0.01,6.0,14.0,0.0,30.0,0.8051948051948052,161.0,1.35,76.0,0,169.0,33,1.09,0.09,8.0,0.09,-1,12.0,Clay,Regular,derrotas,Mala,derrotas,player2,True,False,False
0.0,0.0,1397,17.6,-15.0,2,1412,139.0,0.0,2.0,9.0,0.0,18.2,0.896774193548387,139.0,1.03,154.0,0,142.0,-15,1.04,0.0,3.0,0.12,-4,14.0,Clay,Mala,derrotas,Mala,derrotas,player1,True,False,False
0.0,0.4,1409,30.0,72.0,1,1510,145.0,0.0,9.0,11.0,0.01,45.0,1.9594594594594594,163.0,1.21,73.0,5,140.0,-101,1.14,0.15,6.0,0.0,-2,14.0,Clay,Mala,derrotas,Regular,derrotas,player1,True,False,False
0.0,0.0,1544,50.0,19.0,2,1443,81.0,0.0,5.0,15.0,0.01,25.0,1.2857142857142858,169.0,1.31,62.0,1,159.0,101,1.12,0.0,10.0,0.18,-3,10.0,Clay,Regular,derrotas,Mala,derrotas,player1,True,False,False
0.0,0.0,1375,25.0,99.0,1,1548,197.0,0.0,9.0,11.0,0.01,45.0,1.9898989898989898,152.0,1.04,98.0,0,132.0,-173,1.38,0.0,5.0,0.0,-8,15.0,Hard,Mala,derrotas,Regular,derrotas,player2,False,False,True
0.0,0.0,1344,0.0,-7.0,3,1465,190.0,0.0,7.0,13.0,0.01,35.0,0.9595959595959596,132.0,0.0,197.0,0,133.0,-121,1.21,0.0,0.0,0.0,-12,12.0,Hard,Mala,derrotas,Mala,derrotas,player2,False,False,True
0.0,0.1,1627,60.0,-10.0,3,1419,190.0,0.02,5.0,15.0,0.01,25.0,0.945273631840796,132.0,1.46,200.0,1,133.0,208,1.03,0.0,12.0,0.19,-1,8.0,Hard,Buena,derrotas,Mala,derrotas,player1,False,False,True
0.0,0.11,1471,25.0,34.0,2,1436,111.0,0.0,6.0,14.0,0.01,30.0,1.4230769230769231,161.0,1.19,77.0,1,148.0,35,1.07,0.13,1.0,0.0,-3,3.0,Hard,Mala,derrotas,Mala,derrotas,player2,False,False,True
0.0,0.13,1541,40.0,-9.0,3,1730,181.0,0.02,14.0,6.0,0.1,70.0,0.9476439790575916,133.0,0.85,190.0,2,135.0,-189,1.2,0.12,8.0,0.0,-2,12.0,Hard,Regular,derrotas,Buena,victorias,player1,False,False,True
0.0,0.08,1528,40.0,17.0,2,1535,94.0,0.02,9.0,11.0,0.01,45.0,1.205128205128205,161.0,1.24,77.0,1,154.0,-7,1.27,0.0,8.0,0.0,-1,12.0,Hard,Regular,derrotas,Regular,derrotas,player2,False,False,True
0.0,0.0,1422,25.0,10.0,3,1339,200.0,0.0,0.0,13.0,0.0,0.0,1.0471204188481675,133.0,1.12,190.0,0,132.0,83,0.0,0.0,5.0,0.14,-3,15.0,Hard,Mala,derrotas,Mala,derrotas,player1,False,False,True
0.0,0.0,1417,25.0,123.0,0,1562,200.0,0.01,9.0,11.0,0.01,45.0,2.5641025641025643,161.0,1.11,77.0,1,132.0,-145,1.27,0.15,5.0,0.15,-2,15.0,Hard,Mala,derrotas,Regular,derrotas,player1,False,False,True
13.0233,0.07,1613,55.0,-19.0,2,1374,171.0,0.04,5.0,15.0,0.0,25.0,0.8952879581151832,133.0,1.39,190.0,3,136.0,239,1.0,0.12,11.0,0.2,-1,9.0,Hard,Regular,derrotas,Mala,derrotas,player1,False,False,True
0.0,0.11,1452,31.2,26.0,2,1531,77.0,0.01,10.0,10.0,0.01,50.0,1.4807692307692308,177.0,1.08,51.0,1,161.0,-79,1.4,0.12,5.0,0.0,-2,11.0,Hard,Mala,derrotas,Regular,derrotas,player1,False,False,True
0.0,0.0,1560,40.0,102.0,0,1456,200.0,0.02,5.0,15.0,0.02,25.0,2.0202020202020203,152.0,1.25,98.0,0,132.0,104,1.12,0.09,8.0,0.14,-2,12.0,Hard,Regular,derrotas,Mala,derrotas,player1,False,False,True
0.0,0.07,1533,40.0,-158.0,0,1671,18.0,0.01,12.0,8.0,0.03,60.0,0.1016949152542373,135.0,1.23,176.0,2,238.0,-138,1.34,0.16,8.0,0.16,-1,12.0,Hard,Regular,derrotas,Buena,derrotas,player2,False,False,True
13.0304,0.13,1693,50.0,-120.0,0,1538,77.0,0.13,8.0,12.0,0.01,40.0,0.3888888888888889,132.0,1.01,197.0,3,161.0,155,0.83,0.19,10.0,0.16,-1,10.0,Hard,Regular,derrotas,Regular,derrotas,player1,False,False,True
1.8199999999999996,0.11,1624,50.0,-91.0,1,1756,76.0,0.04,11.0,9.0,0.04,55.0,0.4523809523809524,137.0,1.29,167.0,4,161.0,-132,1.31,0.17,10.0,0.2,1,10.0,Clay,Regular,victorias,Regular,victorias,player2,True,False,False
0.9499999999999997,0.32,1636,55.0,36.0,2,1734,77.0,0.03,14.0,6.0,0.07,70.0,1.8333333333333333,187.0,0.98,41.0,4,161.0,-98,1.02,0.12,11.0,0.2,1,9.0,Clay,Regular,victorias,Buena,victorias,player2,True,False,False
0.0,0.4,1617,55.0,-99.0,1,1748,77.0,0.04,14.0,6.0,0.13,70.0,0.4350282485875706,135.0,0.94,176.0,8,161.0,-131,0.98,0.21,11.0,0.09,1,9.0,Clay,Regular,victorias,Buena,victorias,player2,True,False,False
3.0202,0.41,1642,55.0,56.0,1,1725,154.0,0.03,14.0,6.0,0.08,70.0,1.5555555555555556,152.0,1.35,98.0,6,139.0,-83,1.35,0.13,11.0,0.17,3,9.0,Clay,Regular,victorias,Buena,victorias,player2,True,False,False
8.0259,0.0,1766,70.0,-16.0,2,1745,25.0,0.12,14.0,6.0,0.08,70.0,0.5952380952380952,187.0,1.11,41.0,6,215.0,21,1.03,0.19,14.0,0.2,6,6.0,Clay,Buena,victorias,Buena,victorias,player1,True,False,False
0.0,0.0,1661,60.0,-187.0,0,1500,98.0,0.02,8.0,12.000000000000002,0.0,40.0,0.34265734265734266,187.0,1.53,285.0,0,152.0,161,0.0,0.0,12.0,0.09,3,8.0,Clay,Buena,victorias,,,player1,True,False,False
0.0,0.0,1661,60.0,-187.0,0,1500,98.0,0.02,8.0,12.000000000000002,0.0,40.0,0.34265734265734266,187.0,1.53,285.0,0,152.0,161,0.0,0.0,12.0,0.09,3,8.0,Clay,Buena,victorias,,,player1,True,False,False
0.0,0.0,1661,60.0,-187.0,0,1500,98.0,0.02,8.0,12.000000000000002,0.0,40.0,0.34265734265734266,187.0,1.53,285.0,0,152.0,161,0.0,0.0,12.0,0.09,3,8.0,Clay,Buena,victorias,,,player2,True,False,False
0.0,0.0,1500,33.25807119588067,155.0,0,1576,294.0,0.0,7.0,13.0,0.04,35.0,2.1,142.0,0.0,139.0,0,179.0,-76,1.24,0.18,5.394138120898322,0.0,0,10.3942756777237,Clay,,,Mala,victorias,player1,True,False,False
0.0,0.21,1425,20.0,-29.0,2,1504,110.0,0.01,3.0,5.0,0.01,37.5,0.7857142857142857,142.0,0.98,139.0,1,149.0,-79,1.32,0.0,4.0,0.25,-2,16.0,Clay,Mala,derrotas,Mala,derrotas,player2,True,False,False
0.0,0.0,1494,37.5,-62.0,1,1527,77.0,0.01,8.0,12.0,0.01,40.0,0.55,142.0,1.24,139.0,0,161.0,-33,1.26,0.23,3.0,0.16,-3,5.0,Clay,Mala,derrotas,Regular,derrotas,player1,True,False,False
0.0,0.0,1352,6.7,-58.0,1,1534,81.0,0.0,9.0,11.0,0.01,45.0,0.5785714285714286,142.0,0.76,139.0,0,159.0,-182,1.29,0.2,1.0,0.18,-7,14.0,Clay,Mala,derrotas,Regular,derrotas,player2,True,False,False
0.0,0.0,1416,20.0,144.0,0,1713,176.0,0.01,15.0,5.0,0.05,75.0,5.333333333333333,200.0,0.8,32.0,0,135.0,-297,1.09,0.13,3.0,0.0,-2,12.0,Clay,Mala,derrotas,Excelente,derrotas,player2,True,False,False
0.0,0.29,1553,50.0,-49.0,2,1512,32.0,0.01,7.0,13.0,0.03,35.0,0.3902439024390244,159.0,1.29,81.0,3,200.0,41,1.19,0.21,10.0,0.18,-1,10.0,Clay,Regular,derrotas,Mala,derrotas,player2,True,False,False
0.0,0.0,1483,0.0,0.0,3,1581,139.0,0.0,10.0,10.0,0.0,50.0,0.9928571428571429,142.0,0.0,139.0,0,142.0,-98,1.32,0.0,0.0,0.0,-1,1.0,Clay,Mala,derrotas,Regular,derrotas,player2,True,False,False
3.9316999999999998,0.0,1599,60.0,-31.0,2,1430,145.0,0.02,5.0,15.0,0.0,25.0,0.8192090395480226,135.0,1.35,176.0,1,140.0,169,1.11,0.0,12.0,0.0,-1,8.0,Clay,Buena,derrotas,Mala,derrotas,player2,True,False,False
0.0,0.0,1483,0.0,58.0,1,1461,139.0,0.0,5.0,15.0,0.01,25.0,1.6951219512195121,159.0,0.0,81.0,0,142.0,22,1.13,0.0,0.0,0.0,-1,1.0,Clay,Mala,derrotas,Mala,derrotas,player2,True,False,False
0.0,0.0,1499,45.0,-117.0,0,1441,22.0,0.01,6.0,14.0,0.0,30.0,0.15714285714285714,142.0,1.39,139.0,0,223.0,58,1.09,0.14,9.0,0.09,-1,11.0,Clay,Regular,derrotas,Mala,derrotas,player2,True,False,False
0.0,0.18,1569,47.1,-46.0,2,1626,93.0,0.01,11.0,9.0,0.02,55.0,0.6642857142857143,142.0,1.29,139.0,1,154.0,-57,1.34,0.0,8.0,0.0,-1,9.0,Clay,Regular,derrotas,Regular,derrotas,player2,True,False,False
0.0,0.0,1575,50.0,-24.0,2,1401,176.0,0.01,5.0,15.0,0.0,25.0,0.8756218905472637,132.0,1.41,200.0,1,135.0,174,1.03,0.0,10.0,0.0,-3,10.0,Clay,Regular,derrotas,Mala,derrotas,player2,True,False,False
0.0,0.18,1442,25.0,-57.0,1,1820,77.0,0.0,16.0,4.0,0.04,80.0,0.5703703703703704,143.0,0.95,134.0,1,161.0,-378,1.62,0.0,4.0,0.15,-3,12.0,Clay,Mala,derrotas,Excelente,victorias,player2,True,False,False
11.7057,0.28,1518,35.0,90.0,1,1631,98.0,0.01,10.0,10.0,0.02,50.0,10.88888888888889,319.0,1.08,8.0,4,152.0,-113,1.36,0.13,7.0,0.0,-2,13.0,Clay,Mala,derrotas,Regular,derrotas,player1,True,False,False
0.0,0.14,1610,45.0,36.0,2,1457,134.0,0.04,7.0,13.0,0.01,35.0,1.3535353535353536,152.0,1.27,98.0,2,143.0,153,1.2,0.09,9.0,0.18,-1,11.0,Clay,Regular,derrotas,Mala,derrotas,player1,True,False,False
5.7231,0.29,1690,65.0,14.0,2,1803,91.0,0.07,12.0,8.0,0.18,60.0,1.1666666666666667,161.0,0.96,77.0,7,155.0,-113,1.12,0.17,13.0,0.0,-1,7.0,Clay,Buena,derrotas,Buena,victorias,player2,True,False,False
0.0,0.0,1437,25.0,3.0,3,1434,134.0,0.0,1.0,6.0,0.0,14.3,1.0151515151515151,143.0,1.04,131.0,0,143.0,3,1.04,0.0,5.0,0.09,-4,15.0,Clay,Mala,derrotas,Mala,derrotas,player1,True,False,False
73.7761,0.37,1922,55.0,-149.0,0,1883,8.0,0.06,11.0,9.0,0.08,55.0,0.05063291139240506,138.0,1.12,157.0,35,319.0,39,1.36,0.27,11.0,0.27,1,9.0,Grass,Regular,victorias,Regular,victorias,player2,False,True,False
124.78019999999998,0.45,1944,50.0,-11.0,2,1753,52.0,0.04,9.0,11.0,0.05,45.0,0.8125,168.0,1.28,63.0,42,176.0,191,1.08,0.27,10.0,0.27,1,10.0,Grass,Regular,victorias,Regular,victorias,player2,False,True,False
0.0,0.11,1530,50.0,18.0,2,1797,200.0,0.03,16.0,4.0,0.1,80.0,1.092896174863388,134.0,0.83,182.0,1,132.0,-267,1.21,0.0,10.0,0.12,-4,10.0,Hard,Regular,derrotas,Excelente,derrotas,player2,False,False,True
11.897,0.0,1629,60.0,-21.0,2,1713,176.0,0.02,12.0,8.0,0.05,60.0,0.8888888888888888,132.0,1.3,197.0,4,135.0,-84,1.3,0.09,12.0,0.0,-3,8.0,Hard,Buena,derrotas,Buena,derrotas,player2,False,False,True
14.5201,0.14,1666,60.0,-118.0,0,1673,58.0,0.04,13.0,7.0,0.04,65.0,0.327683615819209,135.0,1.29,176.0,5,172.0,-7,1.31,0.0,12.0,0.14,-2,8.0,Hard,Buena,derrotas,Buena,derrotas,player1,False,False,True
11.2659,0.0,1696,65.0,-45.0,2,1661,155.0,0.04,13.0,7.0,0.02,65.0,0.7711442786069652,132.0,1.21,200.0,4,139.0,35,1.41,0.09,13.0,0.09,-1,7.0,Hard,Buena,derrotas,Buena,derrotas,player1,False,False,True
6.5227,0.09,1526,40.0,62.0,1,1596,155.0,0.01,10.0,10.0,0.02,50.0,1.648936170212766,154.0,1.29,93.0,4,139.0,-70,1.16,0.16,8.0,0.15,-1,12.0,Hard,Regular,derrotas,Regular,derrotas,player1,False,False,True
0.0,0.1,1481,30.0,57.0,1,1670,155.0,0.01,9.0,11.0,0.06,45.0,1.5656565656565657,152.0,1.16,98.0,1,139.0,-189,1.27,0.21,6.0,0.14,-1,14.0,Hard,Mala,derrotas,Regular,derrotas,player2,False,False,True
0.0,0.11,1484,40.0,0.0,3,1482,155.0,0.01,8.0,12.0,0.01,40.0,0.9935897435897436,139.0,1.15,155.0,1,139.0,2,1.33,0.15,4.0,0.14,-2,6.0,Hard,Regular,derrotas,Regular,derrotas,player2,False,False,True
43.174699999999994,0.22,1628,40.0,173.0,0,1627,197.0,0.06,12.0,8.0,0.06,60.0,7.88,217.0,1.23,24.0,25,132.0,1,1.33,0.27,8.0,0.27,1,12.0,Grass,Regular,victorias,Buena,victorias,player2,False,True,False
44.8598,0.27,1726,65.0,-106.0,0,1589,91.0,0.04,7.0,13.0,0.07,35.0,0.4595959595959596,132.0,1.35,197.0,30,155.0,137,1.2,0.27,13.0,0.27,1,7.0,Grass,Buena,victorias,Mala,victorias,player2,False,True,False
0.0019,0.13,1728,60.0,157.0,0,1738,182.0,0.11,13.0,7.0,0.03,65.0,7.0,215.0,1.48,25.0,16,134.0,-10,1.45,0.27,12.0,0.27,1,8.0,Grass,Buena,victorias,Buena,victorias,player1,False,True,False
18.8712,0.15,1667,60.0,14.0,2,1801,53.0,0.02,16.0,4.0,0.0,80.0,1.325,190.0,1.27,39.0,17,175.0,-134,1.6,0.27,12.0,0.26,1,8.0,Grass,Buena,victorias,Excelente,victorias,player1,False,True,False
6.9158,0.03,1588,45.0,-61.0,1,1735,22.0,0.0,14.0,6.0,0.01,70.0,0.2619047619047619,158.0,1.45,83.0,10,223.0,-147,1.62,0.24,9.0,0.27,1,11.0,Grass,Regular,victorias,Buena,victorias,player2,False,True,False
9.0699,0.03,1673,55.0,-150.0,0,1734,47.0,0.03,10.0,10.0,0.05,50.0,0.23737373737373738,132.0,1.55,197.0,6,181.0,-61,1.52,0.27,11.0,0.27,1,9.0,Grass,Regular,victorias,Regular,victorias,player2,False,True,False
26.613400000000002,0.2,1838,80.0,-68.0,1,1547,32.0,0.02,7.0,13.0,0.04,35.0,0.31683168316831684,152.0,1.45,100.0,18,200.0,291,1.25,0.27,16.0,0.21,1,4.0,Grass,Excelente,victorias,Mala,victorias,player2,False,True,False
0.0,0.0,1733,65.0,116.0,0,1692,197.0,0.02,11.0,9.0,0.01,55.0,2.402439024390244,159.0,1.52,81.0,2,132.0,41,1.72,0.24,13.0,0.18,1,7.0,Grass,Buena,victorias,Regular,victorias,player1,False,True,False
6.9192,0.06,1676,50.0,46.0,2,1621,98.0,0.02,10.0,10.0,0.03,50.0,1.849056603773585,176.0,1.36,52.0,7,152.0,55,1.58,0.26,10.0,0.27,1,10.0,Grass,Regular,victorias,Regular,victorias,player2,False,True,False
8.373199999999999,0.04,1833,85.0,-25.0,2,1711,52.0,0.11,13.0,7.0,0.01,65.0,0.6666666666666666,161.0,1.37,77.0,9,176.0,122,1.11,0.27,17.0,0.27,11,3.0,Grass,Excelente,victorias,Buena,victorias,player2,False,True,False
14.1152,0.09,1681,45.0,-21.0,2,1712,77.0,0.03,11.0,9.0,0.02,55.0,0.7777777777777778,152.0,1.21,98.0,17,161.0,-31,1.51,0.26,9.0,0.27,1,11.0,Grass,Regular,victorias,Regular,victorias,player1,False,True,False
6.2576,0.1,1799,80.0,-141.0,0,1674,59.0,0.01,10.0,10.0,0.05,50.0,0.2935323383084577,132.0,1.61,200.0,12,171.0,125,1.43,0.26,16.0,0.27,1,4.0,Grass,Excelente,victorias,Regular,victorias,player2,False,True,False
27.474700000000002,0.17,1686,55.0,146.0,0,1665,197.0,0.04,10.0,10.0,0.04,50.0,3.7884615384615383,177.0,1.25,51.0,17,132.0,21,1.33,0.27,11.0,0.23,1,9.0,Grass,Regular,victorias,Regular,victorias,player2,False,True,False
37.866299999999995,0.28,1603,45.0,0.0,3,1706,24.0,0.03,10.0,10.0,0.08,50.0,0.96,217.0,0.86,24.0,22,217.0,-103,1.13,0.27,9.0,0.26,1,11.0,Grass,Regular,victorias,Regular,victorias,player2,False,True,False
6.331599999999999,0.09,1686,45.0,119.0,0,1656,182.0,0.04,12.0,8.0,0.05,60.0,2.84375,168.0,1.4,63.0,11,134.0,30,1.47,0.26,9.0,0.27,1,11.0,Grass,Regular,victorias,Buena,victorias,player1,False,True,False
59.7635,0.24,1610,40.0,24.0,2,1696,200.0,0.04,11.0,9.0,0.01,55.0,1.1299435028248588,135.0,1.17,176.0,30,132.0,-86,1.31,0.27,8.0,0.27,1,12.0,Grass,Regular,victorias,Regular,victorias,player1,False,True,False
20.6448,0.14,1793,75.0,-24.0,2,1670,8.0,0.05,11.0,9.0,0.02,55.0,0.24242424242424243,200.0,1.48,32.0,14,319.0,123,1.4,0.26,15.0,0.27,1,5.0,Grass,Excelente,victorias,Regular,victorias,player1,False,True,False
3.0183,0.07,1756,70.0,-33.0,2,1755,167.0,0.02,11.0,9.0,0.04,55.0,0.8308457711442786,132.0,1.68,200.0,7,137.0,1,1.39,0.27,14.0,0.27,1,6.0,Grass,Buena,victorias,Regular,victorias,player2,False,True,False
6.066499999999999,0.0,1808,60.0,175.0,0,1849,197.0,0.03,13.0,7.0,0.02,65.0,8.565217391304348,223.0,1.53,22.0,6,132.0,-41,1.59,0.27,12.0,0.27,-1,8.0,Grass,Buena,derrotas,Buena,victorias,player1,False,True,False
0.0,-0.0,1778,60.0,175.0,0,1500,197.0,0.02,6.235623431967309,13.764376568032686,0.0,31.178117159836543,8.565217391304348,223.0,1.62,22.0,0,132.0,278,0.0,0.0,12.0,0.27,1,8.0,Grass,Buena,victorias,,,player2,False,True,False
0.0,-0.0,1855,50.0,-123.0,0,1500,77.0,0.08,5.428479151813076,11.298834354283967,0.0,32.27735822400643,0.38308457711442784,132.0,1.69,200.0,0,161.0,355,0.0,0.0,10.0,0.27,1,10.0,Grass,Regular,victorias,,,player1,False,True,False
4.7678,0.05,1767,65.0,-14.0,2,1757,186.0,0.03,13.0,7.0,0.08,65.0,0.9253731343283582,132.0,1.43,200.0,10,134.0,10,1.66,0.27,13.0,0.27,1,7.0,Grass,Buena,victorias,Buena,victorias,player1,False,True,False
17.342299999999998,0.17,1609,45.0,-34.0,2,1772,47.0,0.02,13.0,7.0,0.0,65.0,0.573170731707317,159.0,1.31,81.0,17,181.0,-163,1.4,0.27,9.0,0.23,1,11.0,Grass,Regular,victorias,Buena,victorias,player1,False,True,False
0.0,0.02,1640,60.0,120.0,0,1724,197.0,0.0,12.0,8.0,0.05,60.0,2.5256410256410255,161.0,1.19,77.0,5,132.0,-84,1.44,0.54,12.0,0.38,1,8.0,Grass,Buena,victorias,Buena,victorias,player2,False,True,False
19.534499999999998,0.13,1686,40.0,63.0,1,1610,140.0,0.04,8.0,12.0,0.02,40.0,1.794871794871795,161.0,1.32,77.0,15,141.0,76,1.32,0.27,8.0,0.27,1,12.0,Grass,Regular,victorias,Regular,victorias,player2,False,True,False
24.398,0.15,1671,50.0,120.0,0,1818,218.0,0.02,15.0,5.0,0.04,75.0,2.202020202020202,152.0,1.23,98.0,17,130.0,-147,1.59,0.27,10.0,0.27,1,10.0,Grass,Regular,victorias,Excelente,victorias,player2,False,True,False
4.7595,0.18,1676,50.0,-24.0,2,1779,8.0,0.02,14.0,6.0,0.06,70.0,0.24242424242424243,200.0,1.28,32.0,15,319.0,-103,1.57,0.27,10.0,0.27,1,10.0,Grass,Regular,victorias,Buena,victorias,player1,False,True,False
10.1399,0.1,1717,65.0,-192.0,0,1786,8.0,0.01,14.0,6.0,0.04,70.0,0.03980099502487562,132.0,1.5,200.0,13,319.0,-69,1.57,0.27,13.0,0.27,1,7.0,Grass,Buena,victorias,Buena,victorias,player2,False,True,False
21.2616,0.18,1697,55.0,-131.0,0,1654,8.0,0.05,10.0,10.0,0.03,50.0,0.05714285714285714,142.0,1.35,139.0,17,319.0,43,1.33,0.27,11.0,0.27,1,9.0,Grass,Regular,victorias,Regular,victorias,player1,False,True,False
10.811499999999999,0.07,1862,75.0,-24.0,2,1795,176.0,0.02,14.0,6.0,0.07,70.0,0.8756218905472637,132.0,1.59,200.0,12,135.0,67,1.57,0.27,15.0,0.27,1,5.0,Grass,Excelente,victorias,Buena,victorias,player2,False,True,False
31.718200000000003,0.16,1800,55.0,-168.0,0,1724,8.0,0.02,12.0,8.0,0.02,60.0,0.04519774011299435,135.0,1.31,176.0,21,319.0,76,1.33,0.27,11.0,0.27,1,9.0,Grass,Regular,victorias,Buena,victorias,player1,False,True,False
3.0203,0.06,1772,75.0,-178.0,0,1741,22.0,0.01,14.0,6.0,0.0,70.0,0.10945273631840796,132.0,1.58,200.0,10,223.0,31,1.57,0.27,15.0,0.27,1,5.0,Grass,Excelente,victorias,Buena,victorias,player2,False,True,False
0.0,-0.0,1651,60.0,18.0,2,1500,116.0,0.0,6.208482755801401,13.7915172441986,0.0,31.042413779007003,1.1717171717171717,152.0,1.62,98.0,0,147.0,151,0.0,0.0,12.0,0.23,1,8.0,Grass,Buena,victorias,,,player1,False,True,False
0.0,-0.0,1651,60.0,18.0,2,1500,116.0,0.0,6.208482755801401,13.7915172441986,0.0,31.042413779007003,1.1717171717171717,152.0,1.62,98.0,0,147.0,151,0.0,0.0,12.0,0.23,1,8.0,Grass,Buena,victorias,,,player1,False,True,False
0.0,-0.0,1651,60.0,18.0,2,1500,116.0,0.0,6.208482755801401,13.7915172441986,0.0,31.042413779007003,1.1717171717171717,152.0,1.62,98.0,0,147.0,151,0.0,0.0,12.0,0.23,1,8.0,Grass,Buena,victorias,,,player2,False,True,False
0.0,-0.0,1692,60.0,37.0,2,1500,155.0,0.01,0.16847747680324351,1.6739099072129742,0.0,2.8135738626141666,1.3025210084033614,146.0,1.62,118.0,0,139.0,192,0.0,0.0,12.0,0.26,1,8.0,Grass,Buena,victorias,,,player1,False,True,False
0.0,-0.0,1692,60.0,37.0,2,1500,155.0,0.01,0.16847747680324351,1.6739099072129742,0.0,2.8135738626141666,1.3025210084033614,146.0,1.62,118.0,0,139.0,192,0.0,0.0,12.0,0.26,1,8.0,Grass,Buena,victorias,,,player1,False,True,False
0.0,-0.0,1692,60.0,37.0,2,1500,155.0,0.01,0.16847747680324351,1.6739099072129742,0.0,2.8135738626141666,1.3025210084033614,146.0,1.62,118.0,0,139.0,192,0.0,0.0,12.0,0.26,1,8.0,Grass,Buena,victorias,,,player2,False,True,False
0.0,-0.0,1748,65.0,10.0,3,1500,110.0,0.05,6.820378317612806,11.503245752911539,0.0,37.92030342742523,1.0891089108910892,152.0,1.64,100.0,0,149.0,248,0.0,0.0,13.0,0.27,1,7.0,Grass,Buena,victorias,,,player1,False,True,False
0.0,-0.0,1748,65.0,10.0,3,1500,110.0,0.05,6.820378317612806,11.503245752911539,0.0,37.92030342742523,1.0891089108910892,152.0,1.64,100.0,0,149.0,248,0.0,0.0,13.0,0.27,1,7.0,Grass,Buena,victorias,,,player1,False,True,False
0.0,-0.0,1748,65.0,10.0,3,1500,110.0,0.05,6.820378317612806,11.503245752911539,0.0,37.92030342742523,1.0891089108910892,152.0,1.64,100.0,0,149.0,248,0.0,0.0,13.0,0.27,1,7.0,Grass,Buena,victorias,,,player1,False,True,False
0.0,-0.0,1675,50.0,-16.0,2,1500,8.0,0.03,8.78766884875502,11.21233115124498,0.0,43.9383442437751,0.32,217.0,1.57,24.0,0,319.0,175,0.0,0.0,10.0,0.27,1,10.0,Grass,Regular,victorias,,,player1,False,True,False
0.0,-0.0,1675,50.0,-16.0,2,1500,8.0,0.03,8.78766884875502,11.21233115124498,0.0,43.9383442437751,0.32,217.0,1.57,24.0,0,319.0,175,0.0,0.0,10.0,0.27,1,10.0,Grass,Regular,victorias,,,player1,False,True,False
0.0,-0.0,1675,50.0,-16.0,2,1500,8.0,0.03,8.78766884875502,11.21233115124498,0.0,43.9383442437751,0.32,217.0,1.57,24.0,0,319.0,175,0.0,0.0,10.0,0.27,1,10.0,Grass,Regular,victorias,,,player1,False,True,False
0.0,-0.0,1867,60.0,159.0,0,1500,200.0,0.03,5.63592542693388,14.364074573066118,0.0,28.1796271346694,4.761904761904762,187.0,1.81,41.0,0,132.0,367,0.0,0.0,12.0,0.27,1,8.0,Grass,Buena,victorias,,,player1,False,True,False
0.0,-0.0,1637,50.0,-20.0,2,1500,80.0,0.01,6.0,14.0,0.0,30.0,0.7920792079207921,152.0,1.45,100.0,0,159.0,137,0.0,0.0,10.0,0.27,1,10.0,Grass,Regular,victorias,,,player1,False,True,False
0.0,-0.0,1791,55.0,-135.0,0,1500,47.0,0.05,4.03487595920834,9.152354891265974,0.0,31.100972795397258,0.2568306010928962,134.0,1.67,182.0,0,181.0,291,0.0,0.0,11.0,0.27,1,9.0,Grass,Regular,victorias,,,player1,False,True,False
0.0,-0.0,1600,40.0,-10.0,3,1500,22.0,0.02,1.1071192773702616,2.2301325304114017,0.0,5.535596386851308,0.6666666666666666,200.0,1.51,32.0,0,223.0,100,0.0,0.0,8.0,0.26,1,12.0,Grass,Regular,victorias,,,player2,False,True,False
0.0,-0.0,1650,60.0,73.0,1,1500,81.0,0.0,5.984354860711652,11.476532291067477,0.0,33.73044357588957,9.0,319.0,1.62,8.0,0,159.0,150,0.0,0.0,12.0,0.26,1,8.0,Grass,Buena,victorias,,,player2,False,True,False
0.0,-0.0,1810,65.0,0.0,3,1500,200.0,0.29,6.5396157920118725,13.460384207988128,0.0,32.69807896005936,0.9950248756218906,132.0,1.48,200.0,0,132.0,310,0.0,0.0,13.0,0.27,8,7.0,Grass,Buena,victorias,,,player1,False,True,False
0.0,-0.0,1692,55.0,4.0,3,1500,171.0,0.05,1.91364153009719,3.6312571038836365,0.0,9.568207650485949,1.0178571428571428,137.0,1.6,167.0,0,136.0,192,0.0,0.0,11.0,0.27,1,9.0,Grass,Regular,victorias,,,player2,False,True,False
0.0,-0.0,1860,85.0,7.0,3,1500,202.0,0.0,6.013770974837621,13.986229025162379,0.0,30.068854874188105,1.030612244897959,133.0,1.88,195.0,0,132.0,360,0.0,0.0,17.0,0.27,1,3.0,Grass,Excelente,victorias,,,player1,False,True,False
0.0,-0.0,1777,70.0,-189.0,0,1500,8.0,0.03,2.0,6.0,0.0,25.0,0.04040404040404041,132.0,1.67,197.0,0,319.0,277,0.0,0.0,14.0,0.27,1,6.0,Grass,Buena,victorias,,,player2,False,True,False
0.0,-0.0,1828,75.0,100.0,1,1500,200.0,0.15,7.468476596367291,12.531523403632706,0.0,37.34238298183646,1.9801980198019802,152.0,1.35,100.0,0,132.0,328,0.0,0.0,15.0,0.27,6,5.0,Grass,Excelente,victorias,,,player1,False,True,False
0.0,-0.0,1732,60.0,-44.0,2,1500,8.0,0.18,9.000000000000002,11.0,0.0,45.0,0.1509433962264151,176.0,1.48,52.0,0,319.0,232,0.0,0.0,12.0,0.27,6,8.0,Grass,Buena,victorias,,,player1,False,True,False
0.0,-0.0,1786,55.0,-16.0,2,1500,8.0,0.04,9.000000000000002,11.0,0.0,45.0,0.32,217.0,1.6,24.0,0,319.0,286,0.0,0.0,11.0,0.27,1,9.0,Grass,Regular,victorias,,,player1,False,True,False
0.0,-0.0,1833,75.0,2.0,3,1500,202.0,0.04,6.546807837377132,13.45319216262287,0.0,32.73403918688566,1.0049751243781095,132.0,1.69,200.0,0,132.0,333,0.0,0.0,15.0,0.27,1,5.0,Grass,Excelente,victorias,,,player1,False,True,False
29.8639,0.36,1751,50.0,-24.0,2,1995,176.0,0.08,14.0,6.0,0.16,70.0,0.8756218905472637,132.0,1.28,200.0,42,135.0,-244,1.45,0.27,10.0,0.27,1,10.0,Grass,Regular,victorias,Buena,victorias,player2,False,True,False
46.950500000000005,0.31,1755,50.0,5.0,3,1891,200.0,0.09,13.0,7.0,0.06,65.0,1.0204081632653061,133.0,1.28,195.0,33,132.0,-136,1.35,0.27,10.0,0.27,1,10.0,Grass,Regular,victorias,Buena,victorias,player1,False,True,False
95.31080000000001,0.27,1893,55.0,19.0,2,1763,110.0,0.13,11.0,9.0,0.04,55.0,1.1956521739130435,155.0,1.31,91.0,19,149.0,130,1.31,0.27,11.0,0.27,1,9.0,Grass,Regular,victorias,Regular,victorias,player1,False,True,False
0.0,-0.0,1869,50.0,38.0,2,1500,62.0,0.02,5.528968158358006,14.471031841641999,0.0,27.644840791790024,2.48,217.0,1.57,24.0,0,169.0,369,0.0,0.0,10.0,0.27,1,10.0,Grass,Regular,victorias,,,player1,False,True,False
0.0,-0.0,1876,70.0,129.0,0,1500,191.0,0.09,6.2175287888527855,13.782471211147213,0.0,31.087643944263927,3.0317460317460316,169.0,1.88,62.0,0,133.0,376,0.0,0.0,14.0,0.27,3,6.0,Grass,Buena,victorias,,,player1,False,True,False
12.5184,0.1,1598,45.0,0.0,3,1817,200.0,0.04,10.0,10.0,0.06,50.0,0.9950248756218906,132.0,1.16,200.0,13,132.0,-219,1.27,0.46,9.0,0.41,-1,11.0,Grass,Regular,derrotas,Regular,victorias,player2,False,True,False
38.772800000000004,0.26,1771,50.0,-90.0,1,1878,62.0,0.02,13.0,7.0,0.03,65.0,0.40522875816993464,139.0,1.28,152.0,22,169.0,-107,1.39,0.27,10.0,0.27,1,10.0,Grass,Regular,victorias,Buena,victorias,player1,False,True,False
3.25,0.13,1477,35.0,0.0,3,1534,100.0,0.01,9.0,11.0,0.02,45.0,0.9900990099009901,152.0,1.25,100.0,5,152.0,-57,1.13,0.09,7.0,0.09,-1,13.0,Hard,Mala,derrotas,Regular,derrotas,player2,False,False,True
8.9134,0.0,1415,30.0,0.0,3,1386,100.0,0.01,5.0,15.0,0.0,25.0,0.9900990099009901,152.0,1.03,100.0,5,152.0,29,1.14,0.16,6.0,0.0,-4,14.0,Hard,Mala,derrotas,Mala,derrotas,player2,False,False,True
0.0,0.0,1484,33.3,48.0,2,1562,100.0,0.0,8.0,12.0,0.03,40.0,1.8867924528301887,176.0,1.2,52.0,0,152.0,-78,1.25,0.19,4.0,0.12,-1,8.0,Hard,Mala,derrotas,Regular,derrotas,player2,False,False,True
7.475299999999999,0.21,1620,55.0,-92.0,1,1682,8.0,0.04,14.0,6.0,0.06,70.0,0.07920792079207921,152.0,0.93,100.0,6,319.0,-62,0.98,0.13,11.0,0.09,-1,9.0,Hard,Regular,derrotas,Buena,derrotas,player1,False,False,True
0.0,0.08,1532,45.0,-98.0,1,1427,8.0,0.01,2.0,6.0,0.0,25.0,0.07476635514018691,150.0,1.18,106.0,1,319.0,105,1.19,0.0,9.0,0.15,-4,11.0,Hard,Regular,derrotas,Mala,derrotas,player1,False,False,True
0.0,0.0,1500,41.944787317466954,-54.0,1,1481,52.0,0.0,7.0,13.0,0.01,35.0,0.48598130841121495,150.0,0.0,106.0,0,176.0,19,1.12,0.21,8.388957463493393,0.0,0,11.611042536506607,Hard,,,Mala,derrotas,player2,False,False,True
6.5291,0.12,1501,35.0,86.0,1,1428,186.0,0.01,6.0,14.0,0.0,30.0,1.8415841584158417,152.0,1.16,100.0,4,134.0,73,1.11,0.0,7.0,0.0,-5,13.0,Hard,Mala,derrotas,Mala,derrotas,player2,False,False,True
0.0,0.0,1623,50.0,6.0,3,1405,106.0,0.02,0.0,6.0,0.0,0.0,1.0495049504950495,152.0,1.32,100.0,0,150.0,218,0.0,0.0,10.0,0.0,-2,10.0,Hard,Regular,derrotas,Mala,derrotas,player1,False,False,True
0.0,0.0,1483,0.0,63.0,1,1599,81.0,0.0,12.0,8.0,0.01,60.0,4.2631578947368425,238.0,0.0,18.0,0,159.0,-116,1.37,0.0,0.0,0.0,-1,1.0,Clay,Mala,derrotas,Buena,derrotas,player2,True,False,False
0.0,0.0,1447,30.0,-9.0,3,1376,167.0,0.01,3.0,17.0,0.0,15.0,0.943502824858757,135.0,1.18,176.0,0,137.0,71,0.98,0.0,6.0,0.0,-1,14.0,Clay,Mala,derrotas,Mala,derrotas,player2,True,False,False
0.0,0.0,1528,40.0,-78.0,1,1458,98.0,0.01,7.0,13.0,0.0,35.0,0.5536723163841808,135.0,1.26,176.0,0,152.0,70,1.22,0.12,8.0,0.0,-3,12.0,Clay,Regular,derrotas,Mala,derrotas,player1,True,False,False
0.0,0.0,1475,28.6,-156.0,0,1451,25.0,0.0,0.0,3.0,0.0,0.0,0.13736263736263737,135.0,1.16,181.0,0,215.0,24,0.0,0.0,2.0,0.0,-3,5.0,Clay,Mala,derrotas,Mala,derrotas,player1,True,False,False
23.6281,0.43,1755,70.0,0.0,3,1425,167.0,0.11,6.0,14.0,0.0,30.0,0.9940476190476191,137.0,1.08,167.0,9,137.0,330,0.72,0.0,14.0,0.09,5,6.0,Clay,Buena,victorias,Mala,derrotas,player1,True,False,False
0.0,0.0,1395,10.0,90.0,1,1524,98.0,0.0,7.0,13.0,0.01,35.0,10.88888888888889,319.0,0.8,8.0,1,152.0,-129,1.3,0.0,1.0,0.0,-6,9.0,Clay,Mala,derrotas,Mala,derrotas,player1,True,False,False
0.0,0.0,1420,11.1,-162.0,0,1486,24.0,0.0,6.0,14.0,0.01,30.0,0.12834224598930483,134.0,0.9,186.0,0,217.0,-66,1.18,0.0,1.0,0.14,-7,8.0,Clay,Mala,derrotas,Mala,derrotas,player2,True,False,False
0.0,0.0,1509,45.0,-98.0,1,1490,41.0,0.01,1.0,2.0,0.0,33.3,0.29285714285714287,142.0,1.29,139.0,0,187.0,19,1.21,0.0,9.0,0.0,-1,11.0,Clay,Regular,derrotas,Mala,derrotas,player1,True,False,False
0.0,0.0,1467,0.0,145.0,0,1455,167.0,0.0,7.0,13.0,0.01,35.0,7.260869565217392,223.0,0.0,22.0,0,137.0,12,1.13,0.17,0.0,0.0,-2,2.0,Clay,Mala,derrotas,Mala,derrotas,player2,True,False,False
0.0,0.0,1512,45.0,116.0,0,1490,167.0,0.02,8.0,12.0,0.01,40.0,3.2115384615384617,177.0,1.28,51.0,1,137.0,22,1.25,0.0,9.0,0.0,-1,11.0,Clay,Regular,derrotas,Regular,derrotas,player1,True,False,False
0.0,0.14,1561,45.0,33.0,2,1545,200.0,0.03,8.0,12.0,0.02,40.0,1.1904761904761905,137.0,1.18,167.0,1,132.0,16,1.34,0.0,9.0,0.16,-1,11.0,Clay,Regular,derrotas,Regular,derrotas,player2,True,False,False
8.483400000000001,0.0,1540,46.7,30.0,2,1475,197.0,0.01,8.0,12.0,0.01,40.0,1.1726190476190477,137.0,1.38,167.0,1,132.0,65,1.15,0.09,7.0,0.0,-1,8.0,Clay,Regular,derrotas,Regular,derrotas,player2,True,False,False
0.0,0.0,1564,45.0,-83.0,1,1442,98.0,0.01,2.0,6.0,0.0,25.0,0.5384615384615384,135.0,1.39,181.0,0,152.0,122,1.04,0.0,9.0,0.0,-1,11.0,Clay,Regular,derrotas,Mala,derrotas,player1,True,False,False
0.0,0.26,1624,55.0,-105.0,0,1592,62.0,0.04,10.0,10.0,0.03,50.0,0.36904761904761907,137.0,1.17,167.0,3,169.0,32,0.89,0.16,11.0,0.13,5,9.0,Clay,Regular,victorias,Regular,derrotas,player1,True,False,False
0.0,0.0,1418,0.0,-47.0,2,1479,110.0,0.0,8.0,12.0,0.0,40.0,0.6962025316455697,138.0,0.0,157.0,0,149.0,-61,1.26,0.09,0.0,0.0,-5,5.0,Clay,Mala,derrotas,Regular,derrotas,player2,True,False,False
0.0,0.0,1409,14.3,-116.0,0,1505,41.0,0.0,1.0,1.0,0.0,50.0,0.25949367088607594,138.0,0.97,157.0,0,187.0,-96,1.32,0.0,1.0,0.0,-6,6.0,Clay,Mala,derrotas,Regular,derrotas,player1,True,False,False
0.0,0.26,1360,7.7,10.0,3,1469,167.0,0.0,7.0,13.0,0.01,35.0,1.0569620253164558,138.0,0.78,157.0,3,137.0,-109,1.19,0.18,1.0,0.0,-1,12.0,Clay,Mala,derrotas,Mala,derrotas,player2,True,False,False
0.0,0.0,1534,40.0,0.0,3,1476,167.0,0.01,0.0,1.0,0.0,0.0,0.9940476190476191,137.0,1.26,167.0,0,137.0,58,0.0,0.0,8.0,0.12,-2,12.0,Clay,Regular,derrotas,Mala,derrotas,player1,True,False,False
0.0,0.0,1437,0.0,-126.0,0,1491,41.0,0.0,8.0,12.0,0.01,40.0,0.24404761904761904,137.0,0.0,167.0,0,187.0,-54,1.16,0.09,0.0,0.0,-4,4.0,Clay,Mala,derrotas,Regular,derrotas,player2,True,False,False
0.0,0.0,1437,0.0,-159.0,0,1609,8.0,0.0,10.0,10.0,0.03,50.0,0.047619047619047616,137.0,0.0,167.0,0,319.0,-172,1.32,0.2,0.0,0.0,-4,4.0,Clay,Mala,derrotas,Regular,derrotas,player2,True,False,False
0.0,0.0,1579,55.0,0.0,3,1559,81.0,0.01,6.0,2.0,0.02,75.0,0.9878048780487805,159.0,1.25,81.0,0,159.0,20,1.6,0.0,11.0,0.14,-2,9.0,Clay,Regular,derrotas,Excelente,derrotas,player1,True,False,False
9.5171,0.39,1564,50.0,40.0,2,1450,81.0,0.01,7.0,13.0,0.0,35.0,1.9285714285714286,187.0,1.24,41.0,6,159.0,114,1.14,0.0,10.0,0.09,-1,10.0,Clay,Regular,derrotas,Mala,derrotas,player1,True,False,False
8.6864,0.0,1531,45.0,102.0,0,1405,183.0,0.01,5.0,15.0,0.0,25.0,2.231707317073171,159.0,1.34,81.0,3,134.0,126,1.0,0.0,9.0,0.09,-2,11.0,Clay,Regular,derrotas,Mala,derrotas,player1,True,False,False
6.0141,0.13,1520,40.0,41.0,2,1592,139.0,0.01,11.0,9.0,0.02,55.0,1.404040404040404,152.0,1.08,98.0,6,142.0,-72,1.35,0.0,8.0,0.0,-3,12.0,Clay,Regular,derrotas,Regular,derrotas,player1,True,False,False
0.0,0.0,1518,66.7,0.0,3,1500,81.0,0.01,6.176379458910126,13.823620541089875,0.0,30.881897294550633,0.9878048780487805,159.0,1.4,81.0,0,159.0,18,0.0,0.0,2.0,0.0,-1,1.0,Clay,Buena,derrotas,,,player2,True,False,False
0.0,0.0,1434,25.0,-116.0,0,1588,81.0,0.01,8.0,12.0,0.01,40.0,0.4090909090909091,132.0,1.03,197.0,1,159.0,-154,1.34,0.09,5.0,0.0,-3,15.0,Clay,Mala,derrotas,Regular,derrotas,player2,True,False,False
0.0,0.0,1512,35.0,105.0,0,1437,186.0,0.02,0.0,4.0,0.0,0.0,2.268292682926829,159.0,1.22,81.0,0,134.0,75,0.0,0.0,7.0,0.0,-1,13.0,Clay,Mala,derrotas,Mala,derrotas,player1,True,False,False
14.2709,0.0,1672,65.0,114.0,0,1486,195.0,0.06,7.0,13.0,0.02,35.0,2.3780487804878048,159.0,1.13,81.0,5,133.0,186,0.72,0.0,13.0,0.12,5,7.0,Clay,Buena,victorias,Mala,derrotas,player1,True,False,False
3.0067,0.0,1728,70.0,0.0,3,1546,176.0,0.02,9.0,11.0,0.02,45.0,0.9943502824858758,135.0,1.58,176.0,1,135.0,182,1.21,0.0,14.0,0.16,1,6.0,Hard,Buena,victorias,Regular,victorias,player1,False,False,True
0.0,0.0,1541,66.7,-21.0,2,1707,176.0,0.0,13.0,7.0,0.08,65.0,0.8888888888888888,132.0,1.08,197.0,0,135.0,-166,1.07,0.09,2.0,0.0,1,1.0,Hard,Buena,victorias,Buena,victorias,player2,False,False,True
1.5,0.0,1527,45.0,99.0,1,1578,176.0,0.01,8.0,12.0,0.04,40.0,2.2564102564102564,161.0,1.32,77.0,1,135.0,-51,1.29,0.18,9.0,0.0,1,11.0,Hard,Regular,victorias,Regular,victorias,player2,False,False,True
0.0,0.0,1509,40.0,152.0,0,1627,176.0,0.01,9.0,11.0,0.03,45.0,7.04,217.0,1.29,24.0,1,135.0,-118,1.32,0.15,8.0,0.09,1,12.0,Hard,Regular,victorias,Regular,victorias,player2,False,False,True
0.0,0.0,1634,55.0,-674.0,0,1500,197.0,0.02,10.679134874212354,8.265926432247806,0.0,54.091933908798055,0.22591743119266056,28.0,1.38,871.0,0,132.0,134,0.0,0.0,11.0,0.12,1,9.0,Hard,Regular,victorias,,,player1,False,False,True
0.0,0.18,1569,66.7,0.0,3,1655,81.0,0.0,12.0,8.0,0.01,60.0,0.9878048780487805,159.0,1.39,81.0,1,159.0,-86,1.36,0.15,4.0,0.0,-1,2.0,Clay,Buena,derrotas,Buena,derrotas,player2,True,False,False
0.0,0.0,1679,75.0,89.0,1,1489,140.0,0.02,6.0,12.0,0.01,33.3,2.6923076923076925,177.0,1.44,51.0,0,141.0,190,1.21,0.09,15.0,0.15,-1,5.0,Clay,Excelente,derrotas,Mala,derrotas,player1,True,False,False
0.0,0.0,1522,45.0,-98.0,1,1528,32.0,0.01,8.0,7.0,0.0,53.3,0.24427480916030533,144.0,1.28,130.0,1,200.0,-6,1.37,0.0,9.0,0.17,-2,11.0,Clay,Regular,derrotas,Regular,victorias,player2,True,False,False
4.2250000000000005,0.41,1426,30.0,-36.0,2,1594,81.0,0.02,10.0,10.0,0.01,50.0,0.6864406779661016,147.0,1.02,117.0,7,159.0,-168,1.33,0.23,6.0,0.22,-8,14.0,Clay,Mala,derrotas,Regular,derrotas,player1,True,False,False
0.0,0.0,1431,20.0,0.0,3,1733,81.0,0.0,15.0,5.0,0.04,75.0,0.9878048780487805,159.0,0.98,81.0,0,159.0,-302,1.54,0.09,2.0,0.14,-6,8.0,Clay,Mala,derrotas,Excelente,derrotas,player2,True,False,False
0.0,0.0,1591,45.0,4.0,3,1491,81.0,0.02,8.0,12.0,0.0,40.0,1.0384615384615385,161.0,1.28,77.0,1,159.0,100,1.25,0.17,9.0,0.2,-1,11.0,Clay,Regular,derrotas,Regular,derrotas,player1,True,False,False
0.0,0.0,1442,35.0,121.0,0,1544,202.0,0.0,4.0,3.0,0.0,57.1,2.4634146341463414,159.0,1.21,81.0,1,132.0,-102,1.35,0.09,7.0,0.0,-1,13.0,Clay,Mala,derrotas,Regular,derrotas,player2,True,False,False
0.0,0.0,1601,50.0,0.0,3,1483,32.0,0.04,0.0,1.0,0.0,0.0,0.9696969696969697,200.0,1.31,32.0,1,200.0,118,0.0,0.0,10.0,0.0,-1,10.0,Clay,Regular,derrotas,Mala,derrotas,player1,True,False,False
13.9511,0.0,1673,55.0,4.0,3,1361,81.0,0.04,3.0,17.0,0.0,15.0,1.0384615384615385,161.0,1.36,77.0,5,159.0,312,0.85,0.17,11.0,0.15,-1,9.0,Clay,Regular,derrotas,Mala,derrotas,player1,True,False,False
0.0,0.18,1342,20.0,19.0,2,1673,100.0,0.01,14.0,6.0,0.06,70.0,1.2195121951219512,159.0,0.73,81.0,1,152.0,-331,1.14,0.09,4.0,0.09,-8,16.0,Clay,Mala,derrotas,Buena,derrotas,player2,True,False,False
6.5235,0.0,1745,75.0,105.0,0,1528,182.0,0.07,8.0,12.0,0.02,40.0,2.3333333333333335,161.0,0.87,77.0,4,134.0,217,0.61,0.18,15.0,0.47,-1,5.0,Clay,Excelente,derrotas,Regular,derrotas,player1,True,False,False
0.0,0.0,1500,24.614589028802104,45.0,2,1510,77.0,0.0,1.0,1.0,0.0,50.0,2.3333333333333335,200.0,0.0,32.0,0,161.0,-10,1.32,0.09,4.922917805760421,0.0,0,7.7690119829205795,Clay,,,Regular,derrotas,player2,True,False,False
0.0,0.0,1500,23.576361055341025,0.0,3,1520,32.0,0.0,9.0,11.0,0.01,45.0,0.9696969696969697,200.0,0.0,32.0,0,200.0,-20,1.29,0.12,4.715272211068205,0.0,0,11.644665720291709,Clay,,,Regular,derrotas,player2,True,False,False
0.0,0.0,1483,0.0,-68.0,1,1406,32.0,0.0,5.0,15.0,0.01,25.0,0.31683168316831684,152.0,0.0,100.0,0,200.0,77,1.13,0.09,0.0,0.0,-1,1.0,Clay,Mala,derrotas,Mala,derrotas,player1,True,False,False
0.0,0.0,1466,25.0,107.0,0,1510,200.0,0.0,7.0,13.0,0.02,35.0,2.127659574468085,154.0,1.12,93.0,0,132.0,-44,1.21,0.0,2.0,0.0,-1,6.0,Hard,Mala,derrotas,Mala,derrotas,player2,False,False,True
0.0,0.0,1406,20.0,-139.0,0,1611,52.0,0.01,12.0,8.0,0.01,60.0,0.2708333333333333,133.0,1.06,191.0,0,176.0,-205,1.37,0.0,4.0,0.09,-1,16.0,Hard,Mala,derrotas,Buena,derrotas,player2,False,False,True
0.0,0.0,1521,50.0,0.0,3,1435,191.0,0.01,1.0,5.0,0.0,16.7,0.9947916666666666,133.0,1.32,191.0,0,133.0,86,1.01,0.0,2.0,0.0,-1,2.0,Hard,Regular,derrotas,Mala,derrotas,player2,False,False,True
0.0,0.0,1483,0.0,9.0,3,1425,200.0,0.0,3.0,12.0,0.0,20.0,1.0416666666666667,133.0,0.0,191.0,0,132.0,58,1.06,0.0,0.0,0.0,-1,1.0,Hard,Mala,derrotas,Mala,derrotas,player1,False,False,True
7.4750000000000005,0.0,1554,50.0,-26.0,2,1416,165.0,0.01,5.0,15.0,0.0,25.0,0.859375,133.0,1.29,191.0,2,137.0,138,1.1,0.0,10.0,0.0,-1,10.0,Hard,Regular,derrotas,Mala,derrotas,player2,False,False,True
0.0,0.0,1467,36.8,-123.0,0,1500,77.0,0.01,3.6656447588298664,8.39754742119168,0.0,31.540674459172287,0.38308457711442784,132.0,1.14,200.0,0,161.0,-33,0.0,0.0,7.0,0.0,-6,12.0,Hard,Mala,derrotas,,,player1,False,False,True
1.2349999999999997,0.0,1464,35.0,-70.0,1,1456,77.0,0.0,6.0,14.0,0.0,30.0,0.5202702702702703,140.0,1.2,147.0,1,161.0,8,1.16,0.17,7.0,0.14,-2,13.0,Hard,Mala,derrotas,Mala,derrotas,player1,False,False,True
0.0,0.0,1464,35.0,-119.0,0,1632,81.0,0.0,11.0,9.0,0.01,55.0,0.40298507462686567,132.0,1.11,200.0,1,159.0,-168,1.43,0.12,7.0,0.12,-1,13.0,Hard,Mala,derrotas,Regular,derrotas,player2,False,False,True
0.0,0.21,1476,40.0,114.0,0,1680,191.0,0.01,13.0,7.0,0.04,65.0,2.448717948717949,161.0,1.21,77.0,4,133.0,-204,1.34,0.0,8.0,0.0,-1,12.0,Hard,Regular,derrotas,Buena,derrotas,player2,False,False,True
3.0875,0.0,1449,30.0,183.0,0,1465,191.0,0.01,9.0,11.0,0.01,45.0,21.22222222222222,319.0,1.24,8.0,2,133.0,-16,1.17,0.0,6.0,0.12,-3,14.0,Hard,Mala,derrotas,Regular,derrotas,player1,False,False,True
0.0,0.0,1409,30.0,-110.0,0,1652,81.0,0.0,14.0,6.0,0.03,70.0,0.421875,133.0,1.08,191.0,0,159.0,-243,1.52,0.16,6.0,0.12,-2,14.0,Hard,Mala,derrotas,Buena,derrotas,player2,False,False,True
0.0,0.05,1604,50.0,139.0,0,1755,191.0,0.05,15.0,5.0,0.09,75.0,3.6037735849056602,176.0,1.05,52.0,1,133.0,-151,0.99,0.19,10.0,0.23,-1,10.0,Hard,Regular,derrotas,Excelente,derrotas,player2,False,False,True
0.0,0.0,1619,65.0,97.0,1,1483,191.0,0.03,0.0,1.0,0.0,0.0,2.0105263157894737,154.0,1.39,94.0,0,133.0,136,0.0,0.0,13.0,0.23,-1,7.0,Hard,Buena,derrotas,Mala,derrotas,player1,False,False,True
0.0,0.0,1540,40.0,-5.0,3,1459,195.0,0.02,1.0,4.0,0.0,20.0,0.9701492537313433,132.0,1.25,200.0,0,133.0,81,1.06,0.12,8.0,0.18,-1,12.0,Hard,Regular,derrotas,Mala,derrotas,player1,False,False,True
6.2804,0.2,1468,35.0,89.0,1,1440,191.0,0.0,6.0,14.0,0.01,30.0,1.854368932038835,151.0,1.13,102.0,7,133.0,28,1.09,0.12,7.0,0.21,-1,13.0,Hard,Mala,derrotas,Mala,derrotas,player1,False,False,True
8.487000000000002,0.05,1684,65.0,-167.0,0,1471,24.0,0.06,2.0,5.0,0.0,28.6,0.125,133.0,1.01,191.0,2,217.0,213,0.85,0.16,13.0,0.2,-1,7.0,Hard,Buena,derrotas,Mala,derrotas,player1,False,False,True
0.0,0.0,1359,25.0,0.0,3,1421,93.0,0.0,0.0,4.0,0.0,0.0,0.9893617021276596,154.0,1.03,93.0,1,154.0,-62,0.0,0.09,5.0,0.19,-1,15.0,Hard,Mala,derrotas,Mala,derrotas,player1,False,False,True
0.0,0.52,1328,20.0,0.0,3,1547,157.0,0.0,9.0,11.0,0.02,45.0,0.9936708860759493,138.0,0.93,157.0,6,138.0,-219,1.32,0.09,4.0,0.0,-7,16.0,Clay,Mala,derrotas,Regular,derrotas,player2,True,False,False
11.581700000000001,0.0,1507,40.0,35.0,2,1498,98.0,0.01,7.0,13.0,0.01,35.0,1.53125,168.0,1.22,63.0,3,152.0,9,1.18,0.15,8.0,0.0,-1,12.0,Clay,Regular,derrotas,Mala,derrotas,player1,True,False,False
19.5375,0.0,1666,60.0,0.0,3,1575,157.0,0.04,11.0,9.0,0.02,55.0,0.9936708860759493,138.0,1.41,157.0,3,138.0,91,1.19,0.2,12.0,0.09,-1,8.0,Clay,Buena,derrotas,Regular,derrotas,player2,True,False,False
4.8139,0.0,1431,30.0,-18.0,2,1608,139.0,0.0,12.0,8.0,0.02,60.0,0.879746835443038,138.0,1.05,157.0,3,142.0,-177,1.43,0.16,6.0,0.19,-2,14.0,Clay,Mala,derrotas,Buena,derrotas,player2,True,False,False
14.991800000000001,0.0,1639,65.0,0.0,3,1448,157.0,0.02,1.0,5.0,0.0,16.7,0.9936708860759493,138.0,1.24,157.0,3,138.0,191,1.05,0.0,13.0,0.21,-4,7.0,Clay,Buena,derrotas,Mala,derrotas,player1,True,False,False
0.0096,0.19,1464,40.0,-40.0,2,1582,157.0,0.0,10.0,10.0,0.02,50.0,0.7929292929292929,132.0,1.15,197.0,1,138.0,-118,1.4,0.15,8.0,0.17,-4,12.0,Clay,Regular,derrotas,Regular,derrotas,player2,True,False,False
0.0,0.29,1487,33.3,0.0,3,1560,157.0,0.0,10.0,10.0,0.01,50.0,0.9936708860759493,138.0,1.2,157.0,1,138.0,-73,1.31,0.19,1.0,0.0,-2,2.0,Clay,Mala,derrotas,Regular,derrotas,player2,True,False,False
0.0,0.0,1428,27.3,0.0,3,1616,157.0,0.0,13.0,7.0,0.02,65.0,0.9936708860759493,138.0,1.06,157.0,0,138.0,-188,1.5,0.2,3.0,0.0,-3,8.0,Clay,Mala,derrotas,Buena,derrotas,player2,True,False,False
0.0,0.0,1585,50.0,-59.0,1,1517,98.0,0.02,9.0,11.0,0.01,45.0,0.620253164556962,138.0,1.42,157.0,0,152.0,68,1.2,0.18,10.0,0.18,-2,10.0,Clay,Regular,derrotas,Regular,derrotas,player2,True,False,False
9.467500000000001,0.0,1384,15.0,-147.0,0,1501,25.0,0.0,8.0,12.0,0.01,40.0,0.14450867052023122,136.0,0.88,172.0,3,215.0,-117,1.31,0.16,3.0,0.0,-3,17.0,Clay,Mala,derrotas,Regular,derrotas,player2,True,False,False
1.5,0.26,1591,50.0,156.0,0,1397,181.0,0.01,5.0,15.0,0.0,25.0,6.961538461538462,215.0,1.38,25.0,3,135.0,194,1.01,0.0,10.0,0.0,-1,10.0,Clay,Regular,derrotas,Mala,derrotas,player1,True,False,False
0.0,0.0,1500,38.63807481731631,74.0,1,1401,172.0,0.0,6.0,14.0,0.01,30.0,1.7373737373737375,152.0,0.0,98.0,0,136.0,99,1.09,0.0,7.727614963463263,0.0,0,12.272385036536742,Clay,,,Mala,derrotas,player1,True,False,False
6.2753,0.0,1499,36.8,9.0,3,1466,181.0,0.0,5.0,12.0,0.0,29.4,1.046242774566474,136.0,1.13,172.0,1,135.0,33,1.24,0.0,7.0,0.0,-1,12.0,Clay,Mala,derrotas,Mala,derrotas,player2,True,False,False
0.0,0.0,1422,0.0,-157.0,0,1414,25.0,0.0,4.0,16.0,0.01,20.0,0.1366120218579235,134.0,0.0,182.0,0,215.0,8,0.98,0.0,0.0,0.0,-5,5.0,Clay,Mala,derrotas,Mala,derrotas,player2,True,False,False
0.0,0.0,1520,35.0,-119.0,0,1407,62.0,0.02,4.0,12.0,0.0,25.0,0.34065934065934067,135.0,1.3,181.0,1,169.0,113,1.03,0.0,7.0,0.0,-1,13.0,Clay,Mala,derrotas,Mala,derrotas,player1,True,False,False
0.0093,0.0,1640,60.0,-91.0,1,1431,81.0,0.02,0.0,4.0,0.0,0.0,0.4682080924855491,136.0,1.35,172.0,1,159.0,209,0.0,0.0,12.0,0.0,-1,8.0,Clay,Buena,derrotas,Mala,derrotas,player1,True,False,False
0.0,0.23,1520,45.0,-119.0,0,1491,62.0,0.02,7.0,13.0,0.02,35.0,0.34065934065934067,135.0,1.28,181.0,1,169.0,29,1.21,0.16,9.0,0.0,-3,11.0,Clay,Regular,derrotas,Mala,derrotas,player2,True,False,False
14.1595,0.59,1687,50.0,17.0,2,1743,39.0,0.08,14.0,6.0,0.1,70.0,1.6956521739130435,223.0,0.83,22.0,14,190.0,-56,0.8,0.24,10.0,0.24,5,10.0,Clay,Regular,victorias,Buena,derrotas,player2,True,False,False
1.95,0.0,1598,45.0,15.0,2,1443,77.0,0.04,8.0,12.0,0.01,40.0,1.2222222222222223,169.0,1.01,62.0,1,161.0,155,0.79,0.36,9.0,0.69,-1,11.0,Clay,Regular,derrotas,Regular,derrotas,player1,True,False,False
0.0,0.61,1546,35.0,81.0,1,1645,154.0,0.03,12.0,8.0,0.02,60.0,2.081081081081081,163.0,1.2,73.0,10,139.0,-99,1.16,0.25,7.0,0.19,-3,13.0,Clay,Mala,derrotas,Buena,derrotas,player1,True,False,False
7.7473,0.43,1583,50.0,-92.0,1,1667,62.0,0.01,11.0,9.0,0.04,55.0,0.4,139.0,0.86,154.0,11,169.0,-84,0.88,0.22,10.0,0.15,-1,10.0,Clay,Regular,derrotas,Regular,derrotas,player2,True,False,False
11.278,0.34,1700,65.0,77.0,1,1656,139.0,0.08,10.0,10.0,0.04,50.0,2.2063492063492065,169.0,0.89,62.0,6,142.0,44,0.98,0.24,13.0,0.2,-2,7.0,Clay,Buena,derrotas,Regular,derrotas,player1,True,False,False
0.0,0.0,1786,75.0,40.0,2,1508,81.0,0.14,5.0,15.0,0.03,25.0,1.9285714285714286,187.0,1.22,41.0,1,159.0,278,0.71,0.27,15.0,0.23,5,5.0,Clay,Excelente,victorias,Mala,derrotas,player1,True,False,False
0.0,0.47,1551,40.0,-41.0,2,1703,154.0,0.03,13.0,7.0,0.05,65.0,0.7857142857142857,133.0,0.82,195.0,7,139.0,-152,1.11,0.55,8.0,0.4,-1,12.0,Clay,Regular,derrotas,Buena,derrotas,player2,True,False,False
7.1467,0.24,1483,25.0,3.0,3,1620,157.0,0.03,10.0,10.0,0.02,50.0,1.0129032258064516,139.0,1.0,154.0,4,138.0,-137,1.36,0.26,5.0,0.24,-1,15.0,Clay,Mala,derrotas,Regular,derrotas,player2,True,False,False
11.2701,0.46,1674,70.0,39.0,2,1582,98.0,0.05,7.0,13.0,0.04,35.0,1.6333333333333333,171.0,0.7,59.0,8,152.0,92,0.63,0.47,14.0,0.18,-1,6.0,Clay,Buena,derrotas,Mala,derrotas,player1,True,False,False
3.25,0.28,1305,10.0,135.0,0,1394,172.0,0.0,5.0,15.0,0.0,25.0,4.526315789473684,192.0,0.81,37.0,8,136.0,-89,1.05,0.0,2.0,0.09,-4,18.0,Clay,Mala,derrotas,Mala,derrotas,player1,True,False,False
10.1469,0.17,1651,50.0,-34.0,2,1520,25.0,0.04,9.0,11.0,0.01,45.0,0.4166666666666667,171.0,1.34,59.0,5,215.0,131,1.13,0.18,10.0,0.17,-1,10.0,Clay,Regular,derrotas,Regular,derrotas,player1,True,False,False
0.0,0.0,1525,38.9,156.0,0,1500,195.0,0.01,8.0,11.999999999999998,0.0,39.99999999999999,4.875,190.0,1.25,39.0,0,133.0,25,0.0,0.0,7.0,0.0,-1,11.0,Clay,Mala,derrotas,,,player1,True,False,False
3.25,0.38,1377,20.0,0.0,3,1662,59.0,0.0,13.0,7.0,0.03,65.0,0.9833333333333333,171.0,0.66,59.0,3,171.0,-285,1.19,0.09,4.0,0.18,-3,16.0,Clay,Mala,derrotas,Buena,derrotas,player1,True,False,False
0.0,0.0,1478,33.3,-56.0,1,1629,62.0,0.0,11.0,9.0,0.03,55.0,0.5210084033613446,146.0,1.21,118.0,0,169.0,-151,1.35,0.23,2.0,0.0,-3,4.0,Clay,Mala,derrotas,Regular,derrotas,player2,True,False,False
0.0,0.0,1417,22.2,-43.0,2,1576,37.0,0.0,8.0,12.0,0.0,40.0,0.4567901234567901,159.0,1.08,80.0,1,192.0,-159,1.25,0.21,4.0,0.0,-2,14.0,Clay,Mala,derrotas,Regular,derrotas,player2,True,False,False
6.5725999999999996,0.32,1421,25.0,0.0,3,1433,98.0,0.01,6.0,14.0,0.01,30.0,0.98989898989899,152.0,1.01,98.0,3,152.0,-12,1.22,0.0,5.0,0.17,-5,15.0,Clay,Mala,derrotas,Mala,derrotas,player2,True,False,False
10.7692,0.48,1654,65.0,0.0,3,1619,98.0,0.02,12.0,8.0,0.02,60.0,0.98989898989899,152.0,1.26,98.0,8,152.0,35,1.24,0.15,13.0,0.0,-1,7.0,Clay,Buena,derrotas,Buena,derrotas,player2,True,False,False
0.0,0.12,1525,45.0,84.0,1,1623,182.0,0.01,12.0,8.0,0.02,60.0,1.8383838383838385,152.0,1.27,98.0,2,134.0,-98,1.35,0.09,9.0,0.0,-1,11.0,Clay,Regular,derrotas,Buena,derrotas,player2,True,False,False
0.0,0.0,1538,41.7,0.0,3,1561,98.0,0.02,9.0,11.0,0.01,45.0,0.98989898989899,152.0,1.27,98.0,0,152.0,-23,1.29,0.09,5.0,0.0,-1,7.0,Clay,Regular,derrotas,Regular,derrotas,player2,True,False,False
4.55,0.4,1739,70.0,-17.0,2,1701,81.0,0.13,10.0,10.0,0.08,50.0,0.8181818181818182,152.0,0.79,98.0,7,159.0,38,0.62,0.57,14.0,0.41,11,6.0,Clay,Buena,victorias,Regular,victorias,player1,True,False,False
0.0,0.0,1571,35.0,-99.0,1,1836,77.0,0.03,18.0,2.0,0.22,90.0,0.4350282485875706,135.0,0.62,176.0,0,161.0,-265,0.92,0.24,7.0,0.52,1,13.0,Clay,Mala,victorias,Excelente,victorias,player2,True,False,False
3.9734,0.26,1598,35.0,19.0,2,1675,81.0,0.04,13.0,7.0,0.05,65.0,1.2857142857142858,169.0,1.16,62.0,10,159.0,-77,1.29,0.2,7.0,0.25,1,13.0,Clay,Mala,victorias,Buena,victorias,player2,True,False,False
13.2179,0.4,1618,50.0,-39.0,2,1625,59.0,0.03,12.0,8.0,0.03,60.0,0.5959595959595959,152.0,1.23,98.0,9,171.0,-7,1.27,0.17,10.0,0.21,1,10.0,Clay,Regular,victorias,Buena,victorias,player1,True,False,False
25.5173,0.19,1544,40.0,18.0,2,1593,111.0,0.02,8.0,12.0,0.04,40.0,1.1808510638297873,154.0,1.01,93.0,13,148.0,-49,1.22,0.26,8.0,0.23,-4,12.0,Clay,Regular,derrotas,Regular,victorias,player2,True,False,False
0.0,0.0,1693,50.0,-14.0,2,1500,63.0,0.04,5.861082617326578,10.953813819302006,0.0,29.30541308663289,0.8076923076923077,161.0,1.43,77.0,0,168.0,193,0.0,0.0,10.0,0.27,1,10.0,Clay,Regular,victorias,,,player1,True,False,False
0.0,0.0,1693,50.0,-14.0,2,1500,63.0,0.04,5.861082617326578,10.953813819302006,0.0,29.30541308663289,0.8076923076923077,161.0,1.43,77.0,0,168.0,193,0.0,0.0,10.0,0.27,1,10.0,Clay,Regular,victorias,,,player1,True,False,False
0.0,0.0,1693,50.0,-14.0,2,1500,63.0,0.04,5.861082617326578,10.953813819302006,0.0,29.30541308663289,0.8076923076923077,161.0,1.43,77.0,0,168.0,193,0.0,0.0,10.0,0.27,1,10.0,Clay,Regular,victorias,,,player2,True,False,False
0.0,0.0,1461,0.0,-1.0,3,1585,80.0,0.0,10.0,10.0,0.04,50.0,0.975609756097561,159.0,0.0,81.0,0,159.0,-124,1.32,0.18,0.0,0.09,-2,2.0,Hard,Mala,derrotas,Regular,derrotas,player2,False,False,True
7.7845,0.0,1507,45.0,181.54273168535292,0,1501,189.5427316853529,0.01,7.0,13.0,0.01,35.0,21.060303520594772,319.0,1.15,8.0,2,133.16191870162746,6,1.27,0.15,9.0,0.14,-1,11.0,Hard,Regular,derrotas,Mala,derrotas,player2,False,False,True
6.5251,0.0,1543,40.0,-223.0,0,1388,77.0,0.02,2.0,13.0,0.0,13.3,0.2558139534883721,123.0,1.33,300.0,1,161.0,155,0.86,0.0,8.0,0.21,-1,12.0,Hard,Regular,derrotas,Mala,derrotas,player1,False,False,True
0.0,0.0,1455,30.0,116.0,0,1477,197.0,0.01,6.0,14.0,0.01,30.0,2.402439024390244,159.0,1.16,81.0,1,132.0,-22,1.16,0.09,6.0,0.12,-1,14.0,Hard,Mala,derrotas,Mala,derrotas,player2,False,False,True
0.0,0.0,1445,22.2,-1.0,3,1564,62.0,0.0,10.0,10.0,0.01,50.0,0.96875,168.0,1.09,63.0,0,169.0,-119,1.32,0.14,2.0,0.13,-3,7.0,Hard,Mala,derrotas,Regular,derrotas,player1,False,False,True
0.0,0.0,1394,15.4,-37.0,2,1479,73.0,0.0,4.0,8.0,0.01,33.3,0.6576576576576577,149.0,0.99,110.0,0,163.0,-85,1.2,0.15,2.0,0.12,-5,11.0,Hard,Mala,derrotas,Mala,derrotas,player2,False,False,True
0.0,0.0,1418,30.0,-92.0,1,1498,98.0,0.01,1.0,2.0,0.0,33.3,0.5130890052356021,133.0,1.08,190.0,0,152.0,-80,1.29,0.13,6.0,0.18,-1,14.0,Hard,Mala,derrotas,Mala,derrotas,player1,False,False,True
1.2999999999999998,0.09,1561,50.0,-85.0,1,1492,8.0,0.01,8.0,12.0,0.01,40.0,0.0851063829787234,154.0,1.27,93.0,4,319.0,69,1.21,0.09,10.0,0.19,-1,10.0,Hard,Regular,derrotas,Regular,derrotas,player1,False,False,True
0.0,0.0,1471,26.7,0.0,3,1500,154.0,0.0,6.671597248184538,10.17344621625374,0.0,33.3579862409227,0.9935483870967742,139.0,1.14,154.0,0,139.0,-29,0.0,0.0,4.0,0.0,-1,11.0,Clay,Mala,derrotas,,,player1,True,False,False
6.5226,0.0,1662,65.0,41.0,2,1483,195.0,0.08,0.0,1.0,0.0,0.0,1.2580645161290323,139.0,1.38,154.0,1,133.0,179,0.0,0.0,13.0,0.12,-1,7.0,Clay,Buena,derrotas,Mala,derrotas,player1,True,False,False
0.0,0.12,1413,35.0,-17.0,2,1360,154.0,0.01,2.0,18.0,0.0,10.0,0.8953488372093024,136.0,1.2,171.0,2,139.0,53,0.86,0.12,7.0,0.0,-4,13.0,Clay,Mala,derrotas,Mala,derrotas,player2,True,False,False
0.0,0.0,1354,25.0,25.0,2,1595,98.0,0.0,11.0,9.0,0.01,55.0,1.3243243243243243,163.0,1.04,73.0,0,152.0,-241,1.51,0.0,5.0,0.0,-3,15.0,Clay,Mala,derrotas,Regular,derrotas,player2,True,False,False
0.0,0.0,1521,40.0,-14.0,2,1488,62.0,0.01,6.0,14.0,0.0,30.0,0.8051948051948052,161.0,1.35,76.0,0,169.0,33,1.09,0.09,8.0,0.09,-1,12.0,Clay,Regular,derrotas,Mala,derrotas,player2,True,False,False
0.0,0.0,1397,17.6,-15.0,2,1412,139.0,0.0,2.0,9.0,0.0,18.2,0.896774193548387,139.0,1.03,154.0,0,142.0,-15,1.04,0.0,3.0,0.12,-4,14.0,Clay,Mala,derrotas,Mala,derrotas,player1,True,False,False
0.0,0.4,1409,30.0,72.0,1,1510,145.0,0.0,9.0,11.0,0.01,45.0,1.9594594594594594,163.0,1.21,73.0,5,140.0,-101,1.14,0.15,6.0,0.0,-2,14.0,Clay,Mala,derrotas,Regular,derrotas,player1,True,False,False
0.0,0.0,1544,50.0,19.0,2,1443,81.0,0.0,5.0,15.0,0.01,25.0,1.2857142857142858,169.0,1.31,62.0,1,159.0,101,1.12,0.0,10.0,0.18,-3,10.0,Clay,Regular,derrotas,Mala,derrotas,player1,True,False,False
0.0,0.0,1375,25.0,99.0,1,1548,197.0,0.0,9.0,11.0,0.01,45.0,1.9898989898989898,152.0,1.04,98.0,0,132.0,-173,1.38,0.0,5.0,0.0,-8,15.0,Hard,Mala,derrotas,Regular,derrotas,player2,False,False,True
0.0,0.0,1344,0.0,-7.0,3,1465,190.0,0.0,7.0,13.0,0.01,35.0,0.9595959595959596,132.0,0.0,197.0,0,133.0,-121,1.21,0.0,0.0,0.0,-12,12.0,Hard,Mala,derrotas,Mala,derrotas,player2,False,False,True
0.0,0.1,1627,60.0,-10.0,3,1419,190.0,0.02,5.0,15.0,0.01,25.0,0.945273631840796,132.0,1.46,200.0,1,133.0,208,1.03,0.0,12.0,0.19,-1,8.0,Hard,Buena,derrotas,Mala,derrotas,player1,False,False,True
0.0,0.11,1471,25.0,34.0,2,1436,111.0,0.0,6.0,14.0,0.01,30.0,1.4230769230769231,161.0,1.19,77.0,1,148.0,35,1.07,0.13,1.0,0.0,-3,3.0,Hard,Mala,derrotas,Mala,derrotas,player2,False,False,True
0.0,0.13,1541,40.0,-9.0,3,1730,181.0,0.02,14.0,6.0,0.1,70.0,0.9476439790575916,133.0,0.85,190.0,2,135.0,-189,1.2,0.12,8.0,0.0,-2,12.0,Hard,Regular,derrotas,Buena,victorias,player1,False,False,True
0.0,0.08,1528,40.0,17.0,2,1535,94.0,0.02,9.0,11.0,0.01,45.0,1.205128205128205,161.0,1.24,77.0,1,154.0,-7,1.27,0.0,8.0,0.0,-1,12.0,Hard,Regular,derrotas,Regular,derrotas,player2,False,False,True
0.0,0.0,1422,25.0,10.0,3,1339,200.0,0.0,0.0,13.0,0.0,0.0,1.0471204188481675,133.0,1.12,190.0,0,132.0,83,0.0,0.0,5.0,0.14,-3,15.0,Hard,Mala,derrotas,Mala,derrotas,player1,False,False,True
0.0,0.0,1417,25.0,123.0,0,1562,200.0,0.01,9.0,11.0,0.01,45.0,2.5641025641025643,161.0,1.11,77.0,1,132.0,-145,1.27,0.15,5.0,0.15,-2,15.0,Hard,Mala,derrotas,Regular,derrotas,player1,False,False,True
13.0233,0.07,1613,55.0,-19.0,2,1374,171.0,0.04,5.0,15.0,0.0,25.0,0.8952879581151832,133.0,1.39,190.0,3,136.0,239,1.0,0.12,11.0,0.2,-1,9.0,Hard,Regular,derrotas,Mala,derrotas,player1,False,False,True
0.0,0.11,1452,31.2,26.0,2,1531,77.0,0.01,10.0,10.0,0.01,50.0,1.4807692307692308,177.0,1.08,51.0,1,161.0,-79,1.4,0.12,5.0,0.0,-2,11.0,Hard,Mala,derrotas,Regular,derrotas,player1,False,False,True
0.0,0.0,1560,40.0,102.0,0,1456,200.0,0.02,5.0,15.0,0.02,25.0,2.0202020202020203,152.0,1.25,98.0,0,132.0,104,1.12,0.09,8.0,0.14,-2,12.0,Hard,Regular,derrotas,Mala,derrotas,player1,False,False,True
0.0,0.07,1533,40.0,-158.0,0,1671,18.0,0.01,12.0,8.0,0.03,60.0,0.1016949152542373,135.0,1.23,176.0,2,238.0,-138,1.34,0.16,8.0,0.16,-1,12.0,Hard,Regular,derrotas,Buena,derrotas,player2,False,False,True
13.0304,0.13,1693,50.0,-120.0,0,1538,77.0,0.13,8.0,12.0,0.01,40.0,0.3888888888888889,132.0,1.01,197.0,3,161.0,155,0.83,0.19,10.0,0.16,-1,10.0,Hard,Regular,derrotas,Regular,derrotas,player1,False,False,True
1.8199999999999996,0.11,1624,50.0,-91.0,1,1756,76.0,0.04,11.0,9.0,0.04,55.0,0.4523809523809524,137.0,1.29,167.0,4,161.0,-132,1.31,0.17,10.0,0.2,1,10.0,Clay,Regular,victorias,Regular,victorias,player2,True,False,False
0.9499999999999997,0.32,1636,55.0,36.0,2,1734,77.0,0.03,14.0,6.0,0.07,70.0,1.8333333333333333,187.0,0.98,41.0,4,161.0,-98,1.02,0.12,11.0,0.2,1,9.0,Clay,Regular,victorias,Buena,victorias,player2,True,False,False
0.0,0.4,1617,55.0,-99.0,1,1748,77.0,0.04,14.0,6.0,0.13,70.0,0.4350282485875706,135.0,0.94,176.0,8,161.0,-131,0.98,0.21,11.0,0.09,1,9.0,Clay,Regular,victorias,Buena,victorias,player2,True,False,False
3.0202,0.41,1642,55.0,56.0,1,1725,154.0,0.03,14.0,6.0,0.08,70.0,1.5555555555555556,152.0,1.35,98.0,6,139.0,-83,1.35,0.13,11.0,0.17,3,9.0,Clay,Regular,victorias,Buena,victorias,player2,True,False,False
8.0259,0.0,1766,70.0,-16.0,2,1745,25.0,0.12,14.0,6.0,0.08,70.0,0.5952380952380952,187.0,1.11,41.0,6,215.0,21,1.03,0.19,14.0,0.2,6,6.0,Clay,Buena,victorias,Buena,victorias,player1,True,False,False
0.0,0.0,1661,60.0,-187.0,0,1500,98.0,0.02,8.0,12.000000000000002,0.0,40.0,0.34265734265734266,187.0,1.53,285.0,0,152.0,161,0.0,0.0,12.0,0.09,3,8.0,Clay,Buena,victorias,,,player1,True,False,False
0.0,0.0,1661,60.0,-187.0,0,1500,98.0,0.02,8.0,12.000000000000002,0.0,40.0,0.34265734265734266,187.0,1.53,285.0,0,152.0,161,0.0,0.0,12.0,0.09,3,8.0,Clay,Buena,victorias,,,player1,True,False,False
0.0,0.0,1661,60.0,-187.0,0,1500,98.0,0.02,8.0,12.000000000000002,0.0,40.0,0.34265734265734266,187.0,1.53,285.0,0,152.0,161,0.0,0.0,12.0,0.09,3,8.0,Clay,Buena,victorias,,,player2,True,False,False
0.0,0.0,1500,33.25807119588067,155.0,0,1576,294.0,0.0,7.0,13.0,0.04,35.0,2.1,142.0,0.0,139.0,0,179.0,-76,1.24,0.18,5.394138120898322,0.0,0,10.3942756777237,Clay,,,Mala,victorias,player1,True,False,False
0.0,0.21,1425,20.0,-29.0,2,1504,110.0,0.01,3.0,5.0,0.01,37.5,0.7857142857142857,142.0,0.98,139.0,1,149.0,-79,1.32,0.0,4.0,0.25,-2,16.0,Clay,Mala,derrotas,Mala,derrotas,player2,True,False,False
0.0,0.0,1494,37.5,-62.0,1,1527,77.0,0.01,8.0,12.0,0.01,40.0,0.55,142.0,1.24,139.0,0,161.0,-33,1.26,0.23,3.0,0.16,-3,5.0,Clay,Mala,derrotas,Regular,derrotas,player1,True,False,False
0.0,0.0,1352,6.7,-58.0,1,1534,81.0,0.0,9.0,11.0,0.01,45.0,0.5785714285714286,142.0,0.76,139.0,0,159.0,-182,1.29,0.2,1.0,0.18,-7,14.0,Clay,Mala,derrotas,Regular,derrotas,player2,True,False,False
0.0,0.0,1416,20.0,144.0,0,1713,176.0,0.01,15.0,5.0,0.05,75.0,5.333333333333333,200.0,0.8,32.0,0,135.0,-297,1.09,0.13,3.0,0.0,-2,12.0,Clay,Mala,derrotas,Excelente,derrotas,player2,True,False,False
0.0,0.29,1553,50.0,-49.0,2,1512,32.0,0.01,7.0,13.0,0.03,35.0,0.3902439024390244,159.0,1.29,81.0,3,200.0,41,1.19,0.21,10.0,0.18,-1,10.0,Clay,Regular,derrotas,Mala,derrotas,player2,True,False,False
0.0,0.0,1483,0.0,0.0,3,1581,139.0,0.0,10.0,10.0,0.0,50.0,0.9928571428571429,142.0,0.0,139.0,0,142.0,-98,1.32,0.0,0.0,0.0,-1,1.0,Clay,Mala,derrotas,Regular,derrotas,player2,True,False,False
3.9316999999999998,0.0,1599,60.0,-31.0,2,1430,145.0,0.02,5.0,15.0,0.0,25.0,0.8192090395480226,135.0,1.35,176.0,1,140.0,169,1.11,0.0,12.0,0.0,-1,8.0,Clay,Buena,derrotas,Mala,derrotas,player2,True,False,False
0.0,0.0,1483,0.0,58.0,1,1461,139.0,0.0,5.0,15.0,0.01,25.0,1.6951219512195121,159.0,0.0,81.0,0,142.0,22,1.13,0.0,0.0,0.0,-1,1.0,Clay,Mala,derrotas,Mala,derrotas,player2,True,False,False
0.0,0.0,1499,45.0,-117.0,0,1441,22.0,0.01,6.0,14.0,0.0,30.0,0.15714285714285714,142.0,1.39,139.0,0,223.0,58,1.09,0.14,9.0,0.09,-1,11.0,Clay,Regular,derrotas,Mala,derrotas,player2,True,False,False
0.0,0.18,1569,47.1,-46.0,2,1626,93.0,0.01,11.0,9.0,0.02,55.0,0.6642857142857143,142.0,1.29,139.0,1,154.0,-57,1.34,0.0,8.0,0.0,-1,9.0,Clay,Regular,derrotas,Regular,derrotas,player2,True,False,False
0.0,0.0,1575,50.0,-24.0,2,1401,176.0,0.01,5.0,15.0,0.0,25.0,0.8756218905472637,132.0,1.41,200.0,1,135.0,174,1.03,0.0,10.0,0.0,-3,10.0,Clay,Regular,derrotas,Mala,derrotas,player2,True,False,False
0.0,0.18,1442,25.0,-57.0,1,1820,77.0,0.0,16.0,4.0,0.04,80.0,0.5703703703703704,143.0,0.95,134.0,1,161.0,-378,1.62,0.0,4.0,0.15,-3,12.0,Clay,Mala,derrotas,Excelente,victorias,player2,True,False,False
11.7057,0.28,1518,35.0,90.0,1,1631,98.0,0.01,10.0,10.0,0.02,50.0,10.88888888888889,319.0,1.08,8.0,4,152.0,-113,1.36,0.13,7.0,0.0,-2,13.0,Clay,Mala,derrotas,Regular,derrotas,player1,True,False,False
0.0,0.14,1610,45.0,36.0,2,1457,134.0,0.04,7.0,13.0,0.01,35.0,1.3535353535353536,152.0,1.27,98.0,2,143.0,153,1.2,0.09,9.0,0.18,-1,11.0,Clay,Regular,derrotas,Mala,derrotas,player1,True,False,False
5.7231,0.29,1690,65.0,14.0,2,1803,91.0,0.07,12.0,8.0,0.18,60.0,1.1666666666666667,161.0,0.96,77.0,7,155.0,-113,1.12,0.17,13.0,0.0,-1,7.0,Clay,Buena,derrotas,Buena,victorias,player2,True,False,False
0.0,0.0,1437,25.0,3.0,3,1434,134.0,0.0,1.0,6.0,0.0,14.3,1.0151515151515151,143.0,1.04,131.0,0,143.0,3,1.04,0.0,5.0,0.09,-4,15.0,Clay,Mala,derrotas,Mala,derrotas,player1,True,False,False
73.7761,0.37,1922,55.0,-149.0,0,1883,8.0,0.06,11.0,9.0,0.08,55.0,0.05063291139240506,138.0,1.12,157.0,35,319.0,39,1.36,0.27,11.0,0.27,1,9.0,Grass,Regular,victorias,Regular,victorias,player2,False,True,False
124.7802,0.45,1944,50.0,-11.0,2,1753,52.0,0.04,9.0,11.0,0.05,45.0,0.8125,168.0,1.28,63.0,42,176.0,191,1.08,0.27,10.0,0.27,1,10.0,Grass,Regular,victorias,Regular,victorias,player2,False,True,False
0.0,0.11,1530,50.0,18.0,2,1797,200.0,0.03,16.0,4.0,0.1,80.0,1.092896174863388,134.0,0.83,182.0,1,132.0,-267,1.21,0.0,10.0,0.12,-4,10.0,Hard,Regular,derrotas,Excelente,derrotas,player2,False,False,True
11.897,0.0,1629,60.0,-21.0,2,1713,176.0,0.02,12.0,8.0,0.05,60.0,0.8888888888888888,132.0,1.3,197.0,4,135.0,-84,1.3,0.09,12.0,0.0,-3,8.0,Hard,Buena,derrotas,Buena,derrotas,player2,False,False,True
14.5201,0.14,1666,60.0,-118.0,0,1673,58.0,0.04,13.0,7.0,0.04,65.0,0.327683615819209,135.0,1.29,176.0,5,172.0,-7,1.31,0.0,12.0,0.14,-2,8.0,Hard,Buena,derrotas,Buena,derrotas,player1,False,False,True
11.2659,0.0,1696,65.0,-45.0,2,1661,155.0,0.04,13.0,7.0,0.02,65.0,0.7711442786069652,132.0,1.21,200.0,4,139.0,35,1.41,0.09,13.0,0.09,-1,7.0,Hard,Buena,derrotas,Buena,derrotas,player1,False,False,True
6.5227,0.09,1526,40.0,62.0,1,1596,155.0,0.01,10.0,10.0,0.02,50.0,1.648936170212766,154.0,1.29,93.0,4,139.0,-70,1.16,0.16,8.0,0.15,-1,12.0,Hard,Regular,derrotas,Regular,derrotas,player1,False,False,True
0.0,0.1,1481,30.0,57.0,1,1670,155.0,0.01,9.0,11.0,0.06,45.0,1.5656565656565657,152.0,1.16,98.0,1,139.0,-189,1.27,0.21,6.0,0.14,-1,14.0,Hard,Mala,derrotas,Regular,derrotas,player2,False,False,True
0.0,0.11,1484,40.0,0.0,3,1482,155.0,0.01,8.0,12.0,0.01,40.0,0.9935897435897436,139.0,1.15,155.0,1,139.0,2,1.33,0.15,4.0,0.14,-2,6.0,Hard,Regular,derrotas,Regular,derrotas,player2,False,False,True
43.1747,0.22,1628,40.0,173.0,0,1627,197.0,0.06,12.0,8.0,0.06,60.0,7.88,217.0,1.23,24.0,25,132.0,1,1.33,0.27,8.0,0.27,1,12.0,Grass,Regular,victorias,Buena,victorias,player2,False,True,False
44.85979999999999,0.27,1726,65.0,-106.0,0,1589,91.0,0.04,7.0,13.0,0.07,35.0,0.4595959595959596,132.0,1.35,197.0,30,155.0,137,1.2,0.27,13.0,0.27,1,7.0,Grass,Buena,victorias,Mala,victorias,player2,False,True,False
0.0019,0.13,1728,60.0,157.0,0,1738,182.0,0.11,13.0,7.0,0.03,65.0,7.0,215.0,1.48,25.0,16,134.0,-10,1.45,0.27,12.0,0.27,1,8.0,Grass,Buena,victorias,Buena,victorias,player1,False,True,False
18.8712,0.15,1667,60.0,14.0,2,1801,53.0,0.02,16.0,4.0,0.0,80.0,1.325,190.0,1.27,39.0,17,175.0,-134,1.6,0.27,12.0,0.26,1,8.0,Grass,Buena,victorias,Excelente,victorias,player1,False,True,False
6.9158,0.03,1588,45.0,-61.0,1,1735,22.0,0.0,14.0,6.0,0.01,70.0,0.2619047619047619,158.0,1.45,83.0,10,223.0,-147,1.62,0.24,9.0,0.27,1,11.0,Grass,Regular,victorias,Buena,victorias,player2,False,True,False
9.0699,0.03,1673,55.0,-150.0,0,1734,47.0,0.03,10.0,10.0,0.05,50.0,0.23737373737373738,132.0,1.55,197.0,6,181.0,-61,1.52,0.27,11.0,0.27,1,9.0,Grass,Regular,victorias,Regular,victorias,player2,False,True,False
26.613400000000002,0.2,1838,80.0,-68.0,1,1547,32.0,0.02,7.0,13.0,0.04,35.0,0.31683168316831684,152.0,1.45,100.0,18,200.0,291,1.25,0.27,16.0,0.21,1,4.0,Grass,Excelente,victorias,Mala,victorias,player2,False,True,False
0.0,0.0,1733,65.0,116.0,0,1692,197.0,0.02,11.0,9.0,0.01,55.0,2.402439024390244,159.0,1.52,81.0,2,132.0,41,1.72,0.24,13.0,0.18,1,7.0,Grass,Buena,victorias,Regular,victorias,player1,False,True,False
6.9192,0.06,1676,50.0,46.0,2,1621,98.0,0.02,10.0,10.0,0.03,50.0,1.849056603773585,176.0,1.36,52.0,7,152.0,55,1.58,0.26,10.0,0.27,1,10.0,Grass,Regular,victorias,Regular,victorias,player2,False,True,False
8.373199999999999,0.04,1833,85.0,-25.0,2,1711,52.0,0.11,13.0,7.0,0.01,65.0,0.6666666666666666,161.0,1.37,77.0,9,176.0,122,1.11,0.27,17.0,0.27,11,3.0,Grass,Excelente,victorias,Buena,victorias,player2,False,True,False
14.1152,0.09,1681,45.0,-21.0,2,1712,77.0,0.03,11.0,9.0,0.02,55.0,0.7777777777777778,152.0,1.21,98.0,17,161.0,-31,1.51,0.26,9.0,0.27,1,11.0,Grass,Regular,victorias,Regular,victorias,player1,False,True,False
6.2576,0.1,1799,80.0,-141.0,0,1674,59.0,0.01,10.0,10.0,0.05,50.0,0.2935323383084577,132.0,1.61,200.0,12,171.0,125,1.43,0.26,16.0,0.27,1,4.0,Grass,Excelente,victorias,Regular,victorias,player2,False,True,False
27.474700000000002,0.17,1686,55.0,146.0,0,1665,197.0,0.04,10.0,10.0,0.04,50.0,3.7884615384615383,177.0,1.25,51.0,17,132.0,21,1.33,0.27,11.0,0.23,1,9.0,Grass,Regular,victorias,Regular,victorias,player2,False,True,False
37.866299999999995,0.28,1603,45.0,0.0,3,1706,24.0,0.03,10.0,10.0,0.08,50.0,0.96,217.0,0.86,24.0,22,217.0,-103,1.13,0.27,9.0,0.26,1,11.0,Grass,Regular,victorias,Regular,victorias,player2,False,True,False
6.331599999999999,0.09,1686,45.0,119.0,0,1656,182.0,0.04,12.0,8.0,0.05,60.0,2.84375,168.0,1.4,63.0,11,134.0,30,1.47,0.26,9.0,0.27,1,11.0,Grass,Regular,victorias,Buena,victorias,player1,False,True,False
59.7635,0.24,1610,40.0,24.0,2,1696,200.0,0.04,11.0,9.0,0.01,55.0,1.1299435028248588,135.0,1.17,176.0,30,132.0,-86,1.31,0.27,8.0,0.27,1,12.0,Grass,Regular,victorias,Regular,victorias,player1,False,True,False
20.6448,0.14,1793,75.0,-24.0,2,1670,8.0,0.05,11.0,9.0,0.02,55.0,0.24242424242424243,200.0,1.48,32.0,14,319.0,123,1.4,0.26,15.0,0.27,1,5.0,Grass,Excelente,victorias,Regular,victorias,player1,False,True,False
3.0183,0.07,1756,70.0,-33.0,2,1755,167.0,0.02,11.0,9.0,0.04,55.0,0.8308457711442786,132.0,1.68,200.0,7,137.0,1,1.39,0.27,14.0,0.27,1,6.0,Grass,Buena,victorias,Regular,victorias,player2,False,True,False
6.0665,0.0,1808,60.0,175.0,0,1849,197.0,0.03,13.0,7.0,0.02,65.0,8.565217391304348,223.0,1.53,22.0,6,132.0,-41,1.59,0.27,12.0,0.27,-1,8.0,Grass,Buena,derrotas,Buena,victorias,player1,False,True,False
0.0,-0.0,1778,60.0,175.0,0,1500,197.0,0.02,6.235623431967309,13.764376568032686,0.0,31.178117159836543,8.565217391304348,223.0,1.62,22.0,0,132.0,278,0.0,0.0,12.0,0.27,1,8.0,Grass,Buena,victorias,,,player2,False,True,False
0.0,-0.0,1855,50.0,-123.0,0,1500,77.0,0.08,5.428479151813076,11.298834354283967,0.0,32.27735822400643,0.38308457711442784,132.0,1.69,200.0,0,161.0,355,0.0,0.0,10.0,0.27,1,10.0,Grass,Regular,victorias,,,player1,False,True,False
4.7678,0.05,1767,65.0,-14.0,2,1757,186.0,0.03,13.0,7.0,0.08,65.0,0.9253731343283582,132.0,1.43,200.0,10,134.0,10,1.66,0.27,13.0,0.27,1,7.0,Grass,Buena,victorias,Buena,victorias,player1,False,True,False
17.342299999999998,0.17,1609,45.0,-34.0,2,1772,47.0,0.02,13.0,7.0,0.0,65.0,0.573170731707317,159.0,1.31,81.0,17,181.0,-163,1.4,0.27,9.0,0.23,1,11.0,Grass,Regular,victorias,Buena,victorias,player1,False,True,False
0.0,0.02,1640,60.0,120.0,0,1724,197.0,0.0,12.0,8.0,0.05,60.0,2.5256410256410255,161.0,1.19,77.0,5,132.0,-84,1.44,0.54,12.0,0.38,1,8.0,Grass,Buena,victorias,Buena,victorias,player2,False,True,False
19.534499999999998,0.13,1686,40.0,63.0,1,1610,140.0,0.04,8.0,12.0,0.02,40.0,1.794871794871795,161.0,1.32,77.0,15,141.0,76,1.32,0.27,8.0,0.27,1,12.0,Grass,Regular,victorias,Regular,victorias,player2,False,True,False
24.398,0.15,1671,50.0,120.0,0,1818,218.0,0.02,15.0,5.0,0.04,75.0,2.202020202020202,152.0,1.23,98.0,17,130.0,-147,1.59,0.27,10.0,0.27,1,10.0,Grass,Regular,victorias,Excelente,victorias,player2,False,True,False
4.7595,0.18,1676,50.0,-24.0,2,1779,8.0,0.02,14.0,6.0,0.06,70.0,0.24242424242424243,200.0,1.28,32.0,15,319.0,-103,1.57,0.27,10.0,0.27,1,10.0,Grass,Regular,victorias,Buena,victorias,player1,False,True,False
10.1399,0.1,1717,65.0,-192.0,0,1786,8.0,0.01,14.0,6.0,0.04,70.0,0.03980099502487562,132.0,1.5,200.0,13,319.0,-69,1.57,0.27,13.0,0.27,1,7.0,Grass,Buena,victorias,Buena,victorias,player2,False,True,False
21.2616,0.18,1697,55.0,-131.0,0,1654,8.0,0.05,10.0,10.0,0.03,50.0,0.05714285714285714,142.0,1.35,139.0,17,319.0,43,1.33,0.27,11.0,0.27,1,9.0,Grass,Regular,victorias,Regular,victorias,player1,False,True,False
10.811499999999999,0.07,1862,75.0,-24.0,2,1795,176.0,0.02,14.0,6.0,0.07,70.0,0.8756218905472637,132.0,1.59,200.0,12,135.0,67,1.57,0.27,15.0,0.27,1,5.0,Grass,Excelente,victorias,Buena,victorias,player2,False,True,False
31.718200000000003,0.16,1800,55.0,-168.0,0,1724,8.0,0.02,12.0,8.0,0.02,60.0,0.04519774011299435,135.0,1.31,176.0,21,319.0,76,1.33,0.27,11.0,0.27,1,9.0,Grass,Regular,victorias,Buena,victorias,player1,False,True,False
3.0203,0.06,1772,75.0,-178.0,0,1741,22.0,0.01,14.0,6.0,0.0,70.0,0.10945273631840796,132.0,1.58,200.0,10,223.0,31,1.57,0.27,15.0,0.27,1,5.0,Grass,Excelente,victorias,Buena,victorias,player2,False,True,False
0.0,-0.0,1651,60.0,18.0,2,1500,116.0,0.0,6.208482755801401,13.7915172441986,0.0,31.042413779007003,1.1717171717171717,152.0,1.62,98.0,0,147.0,151,0.0,0.0,12.0,0.23,1,8.0,Grass,Buena,victorias,,,player1,False,True,False
0.0,-0.0,1651,60.0,18.0,2,1500,116.0,0.0,6.208482755801401,13.7915172441986,0.0,31.042413779007003,1.1717171717171717,152.0,1.62,98.0,0,147.0,151,0.0,0.0,12.0,0.23,1,8.0,Grass,Buena,victorias,,,player1,False,True,False
0.0,-0.0,1651,60.0,18.0,2,1500,116.0,0.0,6.208482755801401,13.7915172441986,0.0,31.042413779007003,1.1717171717171717,152.0,1.62,98.0,0,147.0,151,0.0,0.0,12.0,0.23,1,8.0,Grass,Buena,victorias,,,player2,False,True,False
0.0,-0.0,1692,60.0,37.0,2,1500,155.0,0.01,0.16847747680324351,1.6739099072129742,0.0,2.8135738626141666,1.3025210084033614,146.0,1.62,118.0,0,139.0,192,0.0,0.0,12.0,0.26,1,8.0,Grass,Buena,victorias,,,player1,False,True,False
0.0,-0.0,1692,60.0,37.0,2,1500,155.0,0.01,0.16847747680324351,1.6739099072129742,0.0,2.8135738626141666,1.3025210084033614,146.0,1.62,118.0,0,139.0,192,0.0,0.0,12.0,0.26,1,8.0,Grass,Buena,victorias,,,player1,False,True,False
0.0,-0.0,1692,60.0,37.0,2,1500,155.0,0.01,0.16847747680324351,1.6739099072129742,0.0,2.8135738626141666,1.3025210084033614,146.0,1.62,118.0,0,139.0,192,0.0,0.0,12.0,0.26,1,8.0,Grass,Buena,victorias,,,player2,False,True,False
0.0,-0.0,1748,65.0,10.0,3,1500,110.0,0.05,6.820378317612806,11.503245752911539,0.0,37.92030342742523,1.0891089108910892,152.0,1.64,100.0,0,149.0,248,0.0,0.0,13.0,0.27,1,7.0,Grass,Buena,victorias,,,player1,False,True,False
0.0,-0.0,1748,65.0,10.0,3,1500,110.0,0.05,6.820378317612806,11.503245752911539,0.0,37.92030342742523,1.0891089108910892,152.0,1.64,100.0,0,149.0,248,0.0,0.0,13.0,0.27,1,7.0,Grass,Buena,victorias,,,player1,False,True,False
0.0,-0.0,1748,65.0,10.0,3,1500,110.0,0.05,6.820378317612806,11.503245752911539,0.0,37.92030342742523,1.0891089108910892,152.0,1.64,100.0,0,149.0,248,0.0,0.0,13.0,0.27,1,7.0,Grass,Buena,victorias,,,player1,False,True,False
0.0,-0.0,1675,50.0,-16.0,2,1500,8.0,0.03,8.78766884875502,11.21233115124498,0.0,43.9383442437751,0.32,217.0,1.57,24.0,0,319.0,175,0.0,0.0,10.0,0.27,1,10.0,Grass,Regular,victorias,,,player1,False,True,False
0.0,-0.0,1675,50.0,-16.0,2,1500,8.0,0.03,8.78766884875502,11.21233115124498,0.0,43.9383442437751,0.32,217.0,1.57,24.0,0,319.0,175,0.0,0.0,10.0,0.27,1,10.0,Grass,Regular,victorias,,,player1,False,True,False
0.0,-0.0,1675,50.0,-16.0,2,1500,8.0,0.03,8.78766884875502,11.21233115124498,0.0,43.9383442437751,0.32,217.0,1.57,24.0,0,319.0,175,0.0,0.0,10.0,0.27,1,10.0,Grass,Regular,victorias,,,player1,False,True,False
0.0,-0.0,1867,60.0,159.0,0,1500,200.0,0.03,5.63592542693388,14.364074573066118,0.0,28.1796271346694,4.761904761904762,187.0,1.81,41.0,0,132.0,367,0.0,0.0,12.0,0.27,1,8.0,Grass,Buena,victorias,,,player1,False,True,False
0.0,-0.0,1637,50.0,-20.0,2,1500,80.0,0.01,6.0,14.0,0.0,30.0,0.7920792079207921,152.0,1.45,100.0,0,159.0,137,0.0,0.0,10.0,0.27,1,10.0,Grass,Regular,victorias,,,player1,False,True,False
0.0,-0.0,1791,55.0,-135.0,0,1500,47.0,0.05,4.03487595920834,9.152354891265974,0.0,31.100972795397258,0.2568306010928962,134.0,1.67,182.0,0,181.0,291,0.0,0.0,11.0,0.27,1,9.0,Grass,Regular,victorias,,,player1,False,True,False
0.0,-0.0,1600,40.0,-10.0,3,1500,22.0,0.02,1.1071192773702616,2.2301325304114017,0.0,5.535596386851308,0.6666666666666666,200.0,1.51,32.0,0,223.0,100,0.0,0.0,8.0,0.26,1,12.0,Grass,Regular,victorias,,,player2,False,True,False
0.0,-0.0,1650,60.0,73.0,1,1500,81.0,0.0,5.984354860711652,11.476532291067477,0.0,33.73044357588957,9.0,319.0,1.62,8.0,0,159.0,150,0.0,0.0,12.0,0.26,1,8.0,Grass,Buena,victorias,,,player2,False,True,False
0.0,-0.0,1810,65.0,0.0,3,1500,200.0,0.29,6.5396157920118725,13.460384207988128,0.0,32.69807896005936,0.9950248756218906,132.0,1.48,200.0,0,132.0,310,0.0,0.0,13.0,0.27,8,7.0,Grass,Buena,victorias,,,player1,False,True,False
0.0,-0.0,1692,55.0,4.0,3,1500,171.0,0.05,1.91364153009719,3.6312571038836365,0.0,9.568207650485949,1.0178571428571428,137.0,1.6,167.0,0,136.0,192,0.0,0.0,11.0,0.27,1,9.0,Grass,Regular,victorias,,,player2,False,True,False
0.0,-0.0,1860,85.0,7.0,3,1500,202.0,0.0,6.013770974837621,13.986229025162379,0.0,30.068854874188105,1.030612244897959,133.0,1.88,195.0,0,132.0,360,0.0,0.0,17.0,0.27,1,3.0,Grass,Excelente,victorias,,,player1,False,True,False
0.0,-0.0,1777,70.0,-189.0,0,1500,8.0,0.03,2.0,6.0,0.0,25.0,0.04040404040404041,132.0,1.67,197.0,0,319.0,277,0.0,0.0,14.0,0.27,1,6.0,Grass,Buena,victorias,,,player2,False,True,False
0.0,-0.0,1828,75.0,100.0,1,1500,200.0,0.15,7.468476596367291,12.531523403632706,0.0,37.34238298183646,1.9801980198019802,152.0,1.35,100.0,0,132.0,328,0.0,0.0,15.0,0.27,6,5.0,Grass,Excelente,victorias,,,player1,False,True,False
0.0,-0.0,1732,60.0,-44.0,2,1500,8.0,0.18,9.000000000000002,11.0,0.0,45.0,0.1509433962264151,176.0,1.48,52.0,0,319.0,232,0.0,0.0,12.0,0.27,6,8.0,Grass,Buena,victorias,,,player1,False,True,False
0.0,-0.0,1786,55.0,-16.0,2,1500,8.0,0.04,9.000000000000002,11.0,0.0,45.0,0.32,217.0,1.6,24.0,0,319.0,286,0.0,0.0,11.0,0.27,1,9.0,Grass,Regular,victorias,,,player1,False,True,False
0.0,-0.0,1833,75.0,2.0,3,1500,202.0,0.04,6.546807837377132,13.45319216262287,0.0,32.73403918688566,1.0049751243781095,132.0,1.69,200.0,0,132.0,333,0.0,0.0,15.0,0.27,1,5.0,Grass,Excelente,victorias,,,player1,False,True,False
29.8639,0.36,1751,50.0,-24.0,2,1995,176.0,0.08,14.0,6.0,0.16,70.0,0.8756218905472637,132.0,1.28,200.0,42,135.0,-244,1.45,0.27,10.0,0.27,1,10.0,Grass,Regular,victorias,Buena,victorias,player2,False,True,False
46.950500000000005,0.31,1755,50.0,5.0,3,1891,200.0,0.09,13.0,7.0,0.06,65.0,1.0204081632653061,133.0,1.28,195.0,33,132.0,-136,1.35,0.27,10.0,0.27,1,10.0,Grass,Regular,victorias,Buena,victorias,player1,False,True,False
95.3108,0.27,1893,55.0,19.0,2,1763,110.0,0.13,11.0,9.0,0.04,55.0,1.1956521739130435,155.0,1.31,91.0,19,149.0,130,1.31,0.27,11.0,0.27,1,9.0,Grass,Regular,victorias,Regular,victorias,player1,False,True,False
0.0,-0.0,1869,50.0,38.0,2,1500,62.0,0.02,5.528968158358006,14.471031841641999,0.0,27.644840791790024,2.48,217.0,1.57,24.0,0,169.0,369,0.0,0.0,10.0,0.27,1,10.0,Grass,Regular,victorias,,,player1,False,True,False
0.0,-0.0,1876,70.0,129.0,0,1500,191.0,0.09,6.2175287888527855,13.782471211147213,0.0,31.087643944263927,3.0317460317460316,169.0,1.88,62.0,0,133.0,376,0.0,0.0,14.0,0.27,3,6.0,Grass,Buena,victorias,,,player1,False,True,False
12.5184,0.1,1598,45.0,0.0,3,1817,200.0,0.04,10.0,10.0,0.06,50.0,0.9950248756218906,132.0,1.16,200.0,13,132.0,-219,1.27,0.46,9.0,0.41,-1,11.0,Grass,Regular,derrotas,Regular,victorias,player2,False,True,False
38.772800000000004,0.26,1771,50.0,-90.0,1,1878,62.0,0.02,13.0,7.0,0.03,65.0,0.40522875816993464,139.0,1.28,152.0,22,169.0,-107,1.39,0.27,10.0,0.27,1,10.0,Grass,Regular,victorias,Buena,victorias,player1,False,True,False
0.0,0.0,1661,70.0,0.0,3,1578,39.0,0.04,10.0,10.0,0.02,50.0,0.975,190.0,0.9,39.0,1,190.0,83,0.9,0.73,14.0,0.25,-1,6.0,Clay,Buena,derrotas,Regular,derrotas,player2,True,False,False
0.0,0.0,1599,50.0,-17.0,2,1500,22.0,0.02,1.3053585964878105,2.4503984405420116,0.0,6.526792982439052,0.55,190.0,1.29,39.0,0,223.0,99,0.0,0.0,10.0,0.21,-1,10.0,Clay,Regular,derrotas,,,player1,True,False,False
0.0,0.0,1599,50.0,-17.0,2,1500,22.0,0.02,1.3053585964878105,2.4503984405420116,0.0,6.526792982439052,0.55,190.0,1.29,39.0,0,223.0,99,0.0,0.0,10.0,0.21,-1,10.0,Clay,Regular,derrotas,,,player1,True,False,False
0.0,0.0,1599,50.0,-17.0,2,1500,22.0,0.02,1.3053585964878105,2.4503984405420116,0.0,6.526792982439052,0.55,190.0,1.29,39.0,0,223.0,99,0.0,0.0,10.0,0.21,-1,10.0,Clay,Regular,derrotas,,,player1,True,False,False
0.0,0.0,1599,50.0,-17.0,2,1500,22.0,0.02,1.3053585964878105,2.4503984405420116,0.0,6.526792982439052,0.55,190.0,1.29,39.0,0,223.0,99,0.0,0.0,10.0,0.21,-1,10.0,Clay,Regular,derrotas,,,player1,True,False,False
22.7719,0.23,1590,55.0,-17.0,2,1628,22.0,0.03,12.0,8.0,0.02,60.0,0.55,190.0,1.23,39.0,7,223.0,-38,1.31,0.0,11.0,0.09,-1,9.0,Clay,Regular,derrotas,Buena,victorias,player2,True,False,False
4.78,0.46,1513,35.0,0.0,3,1679,172.0,0.03,13.0,7.0,0.12,65.0,0.9942196531791907,136.0,0.87,172.0,4,136.0,-166,1.0,0.0,7.0,0.0,-2,13.0,Clay,Mala,derrotas,Buena,derrotas,player2,True,False,False
4.78,0.46,1513,35.0,0.0,3,1679,172.0,0.03,13.0,7.0,0.12,65.0,0.9942196531791907,136.0,0.87,172.0,4,136.0,-166,1.0,0.0,7.0,0.0,-2,13.0,Clay,Mala,derrotas,Buena,derrotas,player2,True,False,False
4.78,0.46,1513,35.0,0.0,3,1679,172.0,0.03,13.0,7.0,0.12,65.0,0.9942196531791907,136.0,0.87,172.0,4,136.0,-166,1.0,0.0,7.0,0.0,-2,13.0,Clay,Mala,derrotas,Buena,derrotas,player2,True,False,False
4.78,0.46,1513,35.0,0.0,3,1679,172.0,0.03,13.0,7.0,0.12,65.0,0.9942196531791907,136.0,0.87,172.0,4,136.0,-166,1.0,0.0,7.0,0.0,-2,13.0,Clay,Mala,derrotas,Buena,derrotas,player2,True,False,False
3.0132,0.09,1635,45.0,20.0,2,1720,118.0,0.0,13.0,7.0,0.04,65.0,1.1919191919191918,152.0,1.19,98.0,13,146.0,-85,1.71,0.27,9.0,0.25,1,11.0,Grass,Regular,victorias,Buena,victorias,player1,False,True,False
221.4747,0.34,1855,50.0,0.0,3,1755,77.0,0.08,10.0,10.0,0.04,50.0,0.9871794871794872,161.0,1.09,77.0,41,161.0,100,1.07,0.27,10.0,0.27,1,10.0,Grass,Regular,victorias,Regular,derrotas,player1,False,True,False
0.0,0.0,1632,55.0,169.0,0,1431,191.0,0.12,2.0,8.0,0.01,20.0,8.304347826086957,223.0,1.1,22.0,1,133.0,201,0.73,0.0,11.0,0.15,1,9.0,Hard,Regular,victorias,Mala,derrotas,player1,False,False,True
4.7721,0.14,1590,45.0,-21.0,2,1713,176.0,0.02,12.0,8.0,0.05,60.0,0.8888888888888888,132.0,1.24,197.0,3,135.0,-123,1.32,0.09,9.0,0.17,-1,11.0,Hard,Regular,derrotas,Buena,derrotas,player2,False,False,True
3.25,0.0,1745,75.0,72.0,1,1708,182.0,0.07,13.0,7.0,0.02,65.0,1.6396396396396395,149.0,0.95,110.0,5,134.0,37,0.76,0.15,15.0,0.4,-1,5.0,Clay,Excelente,derrotas,Buena,victorias,player1,True,False,False
3.25,0.0,1745,75.0,72.0,1,1708,182.0,0.07,13.0,7.0,0.02,65.0,1.6396396396396395,149.0,0.95,110.0,5,134.0,37,0.76,0.15,15.0,0.4,-1,5.0,Clay,Excelente,derrotas,Buena,victorias,player1,True,False,False
3.25,0.0,1745,75.0,72.0,1,1708,182.0,0.07,13.0,7.0,0.02,65.0,1.6396396396396395,149.0,0.95,110.0,5,134.0,37,0.76,0.15,15.0,0.4,-1,5.0,Clay,Excelente,derrotas,Buena,victorias,player1,True,False,False
3.25,0.0,1745,75.0,72.0,1,1708,182.0,0.07,13.0,7.0,0.02,65.0,1.6396396396396395,149.0,0.95,110.0,5,134.0,37,0.76,0.15,15.0,0.4,-1,5.0,Clay,Excelente,derrotas,Buena,victorias,player1,True,False,False
12.2173,0.26,1515,30.0,-17.0,2,1695,81.0,0.03,13.0,7.0,0.08,65.0,0.8181818181818182,152.0,0.77,98.0,8,159.0,-180,1.0,0.17,6.0,0.0,1,14.0,Clay,Mala,victorias,Buena,derrotas,player2,True,False,False
0.0,0.0,1673,55.0,4.0,3,1500,81.0,0.03,6.000000000000001,14.0,0.0,30.0,1.0384615384615385,161.0,1.39,77.0,0,159.0,173,0.0,0.0,11.0,0.21,1,9.0,Clay,Regular,victorias,,,player1,True,False,False
0.0,0.0,1673,55.0,4.0,3,1500,81.0,0.03,6.000000000000001,14.0,0.0,30.0,1.0384615384615385,161.0,1.39,77.0,0,159.0,173,0.0,0.0,11.0,0.21,1,9.0,Clay,Regular,victorias,,,player1,True,False,False
0.0,0.0,1673,55.0,4.0,3,1500,81.0,0.03,6.000000000000001,14.0,0.0,30.0,1.0384615384615385,161.0,1.39,77.0,0,159.0,173,0.0,0.0,11.0,0.21,1,9.0,Clay,Regular,victorias,,,player1,True,False,False
0.0,0.0,1673,55.0,4.0,3,1500,81.0,0.03,6.000000000000001,14.0,0.0,30.0,1.0384615384615385,161.0,1.39,77.0,0,159.0,173,0.0,0.0,11.0,0.21,1,9.0,Clay,Regular,victorias,,,player1,True,False,False
0.0,0.0,1510,50.0,-149.0,0,1607,32.0,0.0,11.0,9.0,0.02,55.0,0.17582417582417584,135.0,1.42,181.0,0,200.0,-97,1.25,0.19,1.0,0.09,-1,1.0,Clay,Regular,derrotas,Regular,derrotas,player2,True,False,False
0.0,0.0,1510,50.0,-149.0,0,1607,32.0,0.0,11.0,9.0,0.02,55.0,0.17582417582417584,135.0,1.42,181.0,0,200.0,-97,1.25,0.19,1.0,0.09,-1,1.0,Clay,Regular,derrotas,Regular,derrotas,player2,True,False,False
0.0,0.0,1510,50.0,-149.0,0,1607,32.0,0.0,11.0,9.0,0.02,55.0,0.17582417582417584,135.0,1.42,181.0,0,200.0,-97,1.25,0.19,1.0,0.09,-1,1.0,Clay,Regular,derrotas,Regular,derrotas,player2,True,False,False
0.0,0.0,1510,50.0,-149.0,0,1607,32.0,0.0,11.0,9.0,0.02,55.0,0.17582417582417584,135.0,1.42,181.0,0,200.0,-97,1.25,0.19,1.0,0.09,-1,1.0,Clay,Regular,derrotas,Regular,derrotas,player2,True,False,False
4.2250000000000005,0.18,1634,55.0,173.0,0,1627,197.0,0.02,9.0,11.0,0.03,45.0,7.88,217.0,1.31,24.0,5,132.0,7,1.27,0.15,11.0,0.12,1,9.0,Hard,Regular,victorias,Regular,victorias,player1,False,False,True
4.2250000000000005,0.18,1634,55.0,173.0,0,1627,197.0,0.02,9.0,11.0,0.03,45.0,7.88,217.0,1.31,24.0,5,132.0,7,1.27,0.15,11.0,0.12,1,9.0,Hard,Regular,victorias,Regular,victorias,player1,False,False,True
4.2250000000000005,0.18,1634,55.0,173.0,0,1627,197.0,0.02,9.0,11.0,0.03,45.0,7.88,217.0,1.31,24.0,5,132.0,7,1.27,0.15,11.0,0.12,1,9.0,Hard,Regular,victorias,Regular,victorias,player1,False,False,True
4.2250000000000005,0.18,1634,55.0,173.0,0,1627,197.0,0.02,9.0,11.0,0.03,45.0,7.88,217.0,1.31,24.0,5,132.0,7,1.27,0.15,11.0,0.12,1,9.0,Hard,Regular,victorias,Regular,victorias,player1,False,False,True
22.5197,0.4,1734,70.0,-57.0,1,1725,41.0,0.07,14.0,6.0,0.12,70.0,0.41414141414141414,152.0,0.93,98.0,11,187.0,9,0.93,0.13,14.0,0.12,1,6.0,Clay,Buena,victorias,Buena,victorias,player1,True,False,False
1.7009999999999998,0.0,1618,55.0,-58.0,1,1581,81.0,0.02,10.0,10.0,0.0,50.0,0.5785714285714286,142.0,1.32,139.0,2,159.0,37,1.29,0.0,11.0,0.0,-2,9.0,Clay,Regular,derrotas,Regular,derrotas,player2,True,False,False
19.2851,0.13,1862,60.0,141.0,0,1779,200.0,0.06,13.0,7.0,0.03,65.0,3.3333333333333335,171.0,1.38,59.0,18,132.0,83,1.4,0.27,12.0,0.27,1,8.0,Grass,Buena,victorias,Buena,victorias,player2,False,True,False
28.861200000000004,0.52,1632,60.0,0.0,3,1623,98.0,0.02,12.0,8.0,0.02,60.0,0.98989898989899,152.0,1.03,98.0,11,152.0,9,0.97,0.17,12.0,0.36,1,8.0,Clay,Buena,victorias,Buena,derrotas,player1,True,False,False
0.0,0.29,1471,26.7,0.0,3,1602,154.0,0.0,9.0,11.0,0.02,45.0,0.9935483870967742,139.0,1.12,154.0,2,139.0,-131,1.27,0.0,4.0,0.0,-1,11.0,Clay,Mala,derrotas,Regular,derrotas,player2,True,False,False
0.0,0.0,1331,25.0,0.0,3,1528,200.0,0.0,9.0,11.0,0.01,45.0,0.9950248756218906,132.0,1.04,200.0,0,132.0,-197,1.43,0.17,5.0,0.12,-11,15.0,Hard,Mala,derrotas,Regular,victorias,player2,False,False,True
0.0,0.0,1699,70.0,0.0,3,1558,200.0,0.02,5.0,4.0,0.01,55.6,0.9950248756218906,132.0,1.55,200.0,0,132.0,141,1.24,0.0,14.0,0.13,1,6.0,Hard,Buena,victorias,Regular,derrotas,player1,False,False,True
6.5607,0.12,1496,30.0,0.0,3,1435,200.0,0.01,6.0,14.0,0.0,30.0,0.9950248756218906,132.0,1.11,200.0,5,132.0,61,1.11,0.15,6.0,0.14,-1,14.0,Hard,Mala,derrotas,Mala,derrotas,player1,False,False,True
6.5607,0.12,1496,30.0,0.0,3,1435,200.0,0.01,6.0,14.0,0.0,30.0,0.9950248756218906,132.0,1.11,200.0,5,132.0,61,1.11,0.15,6.0,0.14,-1,14.0,Hard,Mala,derrotas,Mala,derrotas,player1,False,False,True
6.5607,0.12,1496,30.0,0.0,3,1435,200.0,0.01,6.0,14.0,0.0,30.0,0.9950248756218906,132.0,1.11,200.0,5,132.0,61,1.11,0.15,6.0,0.14,-1,14.0,Hard,Mala,derrotas,Mala,derrotas,player1,False,False,True
6.5607,0.12,1496,30.0,0.0,3,1435,200.0,0.01,6.0,14.0,0.0,30.0,0.9950248756218906,132.0,1.11,200.0,5,132.0,61,1.11,0.15,6.0,0.14,-1,14.0,Hard,Mala,derrotas,Mala,derrotas,player1,False,False,True
0.0,0.0,1483,37.5,0.0,3,1468,200.0,0.01,7.0,13.0,0.01,35.0,0.9950248756218906,132.0,1.33,200.0,0,132.0,15,1.12,0.14,3.0,0.0,-4,5.0,Hard,Mala,derrotas,Mala,derrotas,player2,False,False,True
0.0,0.0,1513,50.0,0.0,3,1562,200.0,0.01,5.0,3.0,0.03,62.5,0.9950248756218906,132.0,1.32,200.0,0,132.0,-49,1.38,0.0,1.0,0.09,-1,1.0,Hard,Regular,derrotas,Buena,derrotas,player2,False,False,True
3.25,0.0,1639,60.0,0.0,3,1439,200.0,0.01,1.0,6.0,0.0,14.3,0.9950248756218906,132.0,1.25,200.0,1,132.0,200,1.03,0.09,12.0,0.22,-3,8.0,Hard,Buena,derrotas,Mala,derrotas,player1,False,False,True
0.0,0.1,1513,50.0,0.0,3,1537,200.0,0.01,7.0,13.0,0.01,35.0,0.9950248756218906,132.0,1.3,200.0,1,132.0,-24,1.26,0.18,2.0,0.0,-2,2.0,Hard,Regular,derrotas,Mala,victorias,player2,False,False,True
6.5371,0.0,1591,55.0,-153.0,0,1446,47.0,0.02,4.0,10.0,0.0,28.6,0.23383084577114427,132.0,1.55,200.0,2,181.0,145,1.01,0.12,11.0,0.18,1,9.0,Hard,Regular,victorias,Mala,victorias,player1,False,False,True
0.0,0.1,1746,65.0,0.0,3,1717,8.0,0.11,12.0,8.0,0.09,60.0,0.8888888888888888,319.0,0.79,8.0,2,319.0,29,0.71,0.44,13.0,0.39,6,7.0,Hard,Buena,victorias,Buena,derrotas,player1,False,False,True
4.2250000000000005,0.0,1630,45.0,-46.0,2,1650,52.0,0.04,12.0,8.0,0.02,60.0,0.5252525252525253,152.0,1.1,98.0,2,176.0,-20,1.12,0.23,9.0,0.48,1,11.0,Hard,Regular,victorias,Buena,victorias,player1,False,False,True
7.8084,0.22,1557,30.0,25.0,2,1659,77.0,0.02,11.0,9.0,0.05,55.0,1.4528301886792452,176.0,1.09,52.0,7,161.0,-102,1.28,0.23,6.0,0.23,-1,14.0,Hard,Mala,derrotas,Regular,victorias,player2,False,False,True
0.0,0.0,1576,45.0,-152.0,0,1504,24.0,0.02,8.0,12.0,0.01,40.0,0.13559322033898305,135.0,0.97,176.0,0,217.0,72,0.89,0.0,9.0,0.6,1,11.0,Hard,Regular,victorias,Regular,victorias,player1,False,False,True
0.0,0.0,1576,45.0,-152.0,0,1504,24.0,0.02,8.0,12.0,0.01,40.0,0.13559322033898305,135.0,0.97,176.0,0,217.0,72,0.89,0.0,9.0,0.6,1,11.0,Hard,Regular,victorias,Regular,victorias,player1,False,False,True
0.0,0.0,1576,45.0,-152.0,0,1504,24.0,0.02,8.0,12.0,0.01,40.0,0.13559322033898305,135.0,0.97,176.0,0,217.0,72,0.89,0.0,9.0,0.6,1,11.0,Hard,Regular,victorias,Regular,victorias,player1,False,False,True
0.0,0.0,1576,45.0,-152.0,0,1504,24.0,0.02,8.0,12.0,0.01,40.0,0.13559322033898305,135.0,0.97,176.0,0,217.0,72,0.89,0.0,9.0,0.6,1,11.0,Hard,Regular,victorias,Regular,victorias,player1,False,False,True
28.2681,0.07,1730,70.0,-43.0,2,1598,139.0,0.03,11.0,9.0,0.01,55.0,0.7595628415300546,134.0,1.38,182.0,8,142.0,132,1.13,0.17,14.0,0.22,1,6.0,Hard,Buena,victorias,Regular,victorias,player1,False,False,True
28.2681,0.07,1730,70.0,-43.0,2,1598,139.0,0.03,11.0,9.0,0.01,55.0,0.7595628415300546,134.0,1.38,182.0,8,142.0,132,1.13,0.17,14.0,0.22,1,6.0,Hard,Buena,victorias,Regular,victorias,player1,False,False,True
28.2681,0.07,1730,70.0,-43.0,2,1598,139.0,0.03,11.0,9.0,0.01,55.0,0.7595628415300546,134.0,1.38,182.0,8,142.0,132,1.13,0.17,14.0,0.22,1,6.0,Hard,Buena,victorias,Regular,victorias,player1,False,False,True
28.2681,0.07,1730,70.0,-43.0,2,1598,139.0,0.03,11.0,9.0,0.01,55.0,0.7595628415300546,134.0,1.38,182.0,8,142.0,132,1.13,0.17,14.0,0.22,1,6.0,Hard,Buena,victorias,Regular,victorias,player1,False,False,True
4.7696,0.12,1595,45.0,-94.0,1,1608,77.0,0.02,9.0,11.0,0.03,45.0,0.4476744186046512,136.0,1.26,171.0,5,161.0,-13,1.22,0.21,9.0,0.24,1,11.0,Hard,Regular,victorias,Regular,derrotas,player1,False,False,True
0.0,0.0,1526,35.0,-178.0,0,1621,22.0,0.01,11.0,9.0,0.04,55.0,0.10945273631840796,132.0,1.25,200.0,2,223.0,-95,1.35,0.19,7.0,0.0,1,13.0,Hard,Mala,victorias,Regular,victorias,player2,False,False,True
8.477300000000001,0.25,1534,45.0,0.0,3,1688,100.0,0.02,14.0,6.0,0.02,70.0,0.9900990099009901,152.0,0.97,100.0,11,152.0,-154,1.44,0.18,9.0,0.17,-3,11.0,Hard,Regular,derrotas,Buena,victorias,player2,False,False,True
6.546,0.0,1572,40.0,54.0,1,1558,106.0,0.02,8.0,12.0,0.03,40.0,2.0,176.0,1.2,52.0,4,150.0,14,1.2,0.19,8.0,0.23,-1,12.0,Hard,Regular,derrotas,Regular,derrotas,player1,False,False,True
0.0,0.2,1714,60.0,0.0,3,1557,100.0,0.07,10.0,10.0,0.02,50.0,0.9900990099009901,152.0,1.15,100.0,5,152.0,157,0.86,0.2,12.0,0.24,5,8.0,Hard,Buena,victorias,Regular,derrotas,player1,False,False,True
16.2717,0.06,1620,40.0,-44.0,2,1708,8.0,0.04,14.0,6.0,0.08,70.0,0.1509433962264151,176.0,1.08,52.0,5,319.0,-88,0.93,0.21,8.0,0.23,5,12.0,Hard,Regular,victorias,Buena,victorias,player1,False,False,True
0.0,0.0,1661,70.0,0.0,3,1576,39.0,0.04,10.0,10.0,0.02,50.0,0.975,190.0,0.84,39.0,1,190.0,85,0.85,0.79,14.0,0.27,-1,6.0,Clay,Buena,derrotas,Regular,derrotas,player2,True,False,False
0.0,0.0,1599,50.0,-17.0,2,1500,22.0,0.02,1.3053585964878105,2.4503984405420116,0.0,6.526792982439052,0.55,190.0,1.29,39.0,0,223.0,99,0.0,0.0,10.0,0.21,-1,10.0,Clay,Regular,derrotas,,,player1,True,False,False
0.0,0.0,1599,50.0,-17.0,2,1500,22.0,0.02,1.3053585964878105,2.4503984405420116,0.0,6.526792982439052,0.55,190.0,1.29,39.0,0,223.0,99,0.0,0.0,10.0,0.21,-1,10.0,Clay,Regular,derrotas,,,player1,True,False,False
0.0,0.0,1599,50.0,-17.0,2,1500,22.0,0.02,1.3053585964878105,2.4503984405420116,0.0,6.526792982439052,0.55,190.0,1.29,39.0,0,223.0,99,0.0,0.0,10.0,0.21,-1,10.0,Clay,Regular,derrotas,,,player1,True,False,False
0.0,0.0,1599,50.0,-17.0,2,1500,22.0,0.02,1.3053585964878105,2.4503984405420116,0.0,6.526792982439052,0.55,190.0,1.29,39.0,0,223.0,99,0.0,0.0,10.0,0.21,-1,10.0,Clay,Regular,derrotas,,,player1,True,False,False
22.7719,0.23,1590,55.0,-17.0,2,1627,22.0,0.03,12.0,8.0,0.02,60.0,0.55,190.0,1.23,39.0,7,223.0,-37,1.31,0.0,11.0,0.09,-1,9.0,Clay,Regular,derrotas,Buena,victorias,player2,True,False,False
4.78,0.46,1513,35.0,0.0,3,1683,172.0,0.03,13.0,7.0,0.13,65.0,0.9942196531791907,136.0,0.87,172.0,4,136.0,-170,1.0,0.0,7.0,0.0,-2,13.0,Clay,Mala,derrotas,Buena,derrotas,player2,True,False,False
4.78,0.46,1513,35.0,0.0,3,1683,172.0,0.03,13.0,7.0,0.13,65.0,0.9942196531791907,136.0,0.87,172.0,4,136.0,-170,1.0,0.0,7.0,0.0,-2,13.0,Clay,Mala,derrotas,Buena,derrotas,player2,True,False,False
4.78,0.46,1513,35.0,0.0,3,1683,172.0,0.03,13.0,7.0,0.13,65.0,0.9942196531791907,136.0,0.87,172.0,4,136.0,-170,1.0,0.0,7.0,0.0,-2,13.0,Clay,Mala,derrotas,Buena,derrotas,player2,True,False,False
4.78,0.46,1513,35.0,0.0,3,1683,172.0,0.03,13.0,7.0,0.13,65.0,0.9942196531791907,136.0,0.87,172.0,4,136.0,-170,1.0,0.0,7.0,0.0,-2,13.0,Clay,Mala,derrotas,Buena,derrotas,player2,True,False,False
3.0132,0.09,1635,45.0,20.0,2,1721,118.0,0.0,13.0,7.0,0.04,65.0,1.1919191919191918,152.0,1.19,98.0,13,146.0,-86,1.71,0.27,9.0,0.25,1,11.0,Grass,Regular,victorias,Buena,victorias,player1,False,True,False
219.09970000000004,0.36,1850,50.0,0.0,3,1765,77.0,0.08,10.0,10.0,0.03,50.0,0.9871794871794872,161.0,1.09,77.0,41,161.0,85,1.07,0.27,10.0,0.27,1,10.0,Grass,Regular,victorias,Regular,derrotas,player1,False,True,False
0.0,0.0,1633,55.0,169.0,0,1431,191.0,0.12,2.0,8.0,0.01,20.0,8.304347826086957,223.0,1.1,22.0,1,133.0,202,0.73,0.0,11.0,0.15,1,9.0,Hard,Regular,victorias,Mala,derrotas,player1,False,False,True
4.7721,0.14,1596,45.0,-21.0,2,1714,176.0,0.02,12.0,8.0,0.05,60.0,0.8888888888888888,132.0,1.24,197.0,3,135.0,-118,1.32,0.09,9.0,0.15,-1,11.0,Hard,Regular,derrotas,Buena,derrotas,player2,False,False,True
3.25,0.0,1746,75.0,72.0,1,1712,182.0,0.07,13.0,7.0,0.02,65.0,1.6396396396396395,149.0,1.14,110.0,5,134.0,34,0.94,0.09,15.0,0.23,-1,5.0,Clay,Excelente,derrotas,Buena,victorias,player1,True,False,False
3.25,0.0,1746,75.0,72.0,1,1712,182.0,0.07,13.0,7.0,0.02,65.0,1.6396396396396395,149.0,1.14,110.0,5,134.0,34,0.94,0.09,15.0,0.23,-1,5.0,Clay,Excelente,derrotas,Buena,victorias,player1,True,False,False
3.25,0.0,1746,75.0,72.0,1,1712,182.0,0.07,13.0,7.0,0.02,65.0,1.6396396396396395,149.0,1.14,110.0,5,134.0,34,0.94,0.09,15.0,0.23,-1,5.0,Clay,Excelente,derrotas,Buena,victorias,player1,True,False,False
3.25,0.0,1746,75.0,72.0,1,1712,182.0,0.07,13.0,7.0,0.02,65.0,1.6396396396396395,149.0,1.14,110.0,5,134.0,34,0.94,0.09,15.0,0.23,-1,5.0,Clay,Excelente,derrotas,Buena,victorias,player1,True,False,False
12.2173,0.26,1515,30.0,-17.0,2,1696,81.0,0.03,13.0,7.0,0.08,65.0,0.8181818181818182,152.0,0.77,98.0,8,159.0,-181,1.0,0.17,6.0,0.13,1,14.0,Clay,Mala,victorias,Buena,derrotas,player2,True,False,False
0.0,0.0,1675,55.0,4.0,3,1500,81.0,0.03,6.0,14.0,0.0,30.0,1.0384615384615385,161.0,1.39,77.0,0,159.0,175,0.0,0.0,11.0,0.22,1,9.0,Clay,Regular,victorias,,,player1,True,False,False
0.0,0.0,1675,55.0,4.0,3,1500,81.0,0.03,6.0,14.0,0.0,30.0,1.0384615384615385,161.0,1.39,77.0,0,159.0,175,0.0,0.0,11.0,0.22,1,9.0,Clay,Regular,victorias,,,player1,True,False,False
0.0,0.0,1675,55.0,4.0,3,1500,81.0,0.03,6.0,14.0,0.0,30.0,1.0384615384615385,161.0,1.39,77.0,0,159.0,175,0.0,0.0,11.0,0.22,1,9.0,Clay,Regular,victorias,,,player1,True,False,False
0.0,0.0,1675,55.0,4.0,3,1500,81.0,0.03,6.0,14.0,0.0,30.0,1.0384615384615385,161.0,1.39,77.0,0,159.0,175,0.0,0.0,11.0,0.22,1,9.0,Clay,Regular,victorias,,,player1,True,False,False
0.0,0.0,1511,50.0,-149.0,0,1606,32.0,0.0,11.0,9.0,0.02,55.0,0.17582417582417584,135.0,1.42,181.0,0,200.0,-95,1.25,0.19,1.0,0.09,-1,1.0,Clay,Regular,derrotas,Regular,derrotas,player2,True,False,False
0.0,0.0,1511,50.0,-149.0,0,1606,32.0,0.0,11.0,9.0,0.02,55.0,0.17582417582417584,135.0,1.42,181.0,0,200.0,-95,1.25,0.19,1.0,0.09,-1,1.0,Clay,Regular,derrotas,Regular,derrotas,player2,True,False,False
0.0,0.0,1511,50.0,-149.0,0,1606,32.0,0.0,11.0,9.0,0.02,55.0,0.17582417582417584,135.0,1.42,181.0,0,200.0,-95,1.25,0.19,1.0,0.09,-1,1.0,Clay,Regular,derrotas,Regular,derrotas,player2,True,False,False
0.0,0.0,1511,50.0,-149.0,0,1606,32.0,0.0,11.0,9.0,0.02,55.0,0.17582417582417584,135.0,1.42,181.0,0,200.0,-95,1.25,0.19,1.0,0.09,-1,1.0,Clay,Regular,derrotas,Regular,derrotas,player2,True,False,False
4.2250000000000005,0.18,1634,55.0,173.0,0,1629,197.0,0.02,9.0,11.0,0.03,45.0,7.88,217.0,1.31,24.0,5,132.0,5,1.27,0.16,11.0,0.12,1,9.0,Hard,Regular,victorias,Regular,victorias,player1,False,False,True
4.2250000000000005,0.18,1634,55.0,173.0,0,1629,197.0,0.02,9.0,11.0,0.03,45.0,7.88,217.0,1.31,24.0,5,132.0,5,1.27,0.16,11.0,0.12,1,9.0,Hard,Regular,victorias,Regular,victorias,player1,False,False,True
4.2250000000000005,0.18,1634,55.0,173.0,0,1629,197.0,0.02,9.0,11.0,0.03,45.0,7.88,217.0,1.31,24.0,5,132.0,5,1.27,0.16,11.0,0.12,1,9.0,Hard,Regular,victorias,Regular,victorias,player1,False,False,True
4.2250000000000005,0.18,1634,55.0,173.0,0,1629,197.0,0.02,9.0,11.0,0.03,45.0,7.88,217.0,1.31,24.0,5,132.0,5,1.27,0.16,11.0,0.12,1,9.0,Hard,Regular,victorias,Regular,victorias,player1,False,False,True
22.5197,0.4,1733,70.0,-57.0,1,1725,41.0,0.07,14.0,6.0,0.12,70.0,0.41414141414141414,152.0,0.93,98.0,11,187.0,8,0.93,0.13,14.0,0.12,1,6.0,Clay,Buena,victorias,Buena,victorias,player1,True,False,False
1.7009999999999998,0.0,1618,55.0,-58.0,1,1580,81.0,0.02,10.0,10.0,0.0,50.0,0.5785714285714286,142.0,1.32,139.0,2,159.0,38,1.29,0.0,11.0,0.0,-2,9.0,Clay,Regular,derrotas,Regular,derrotas,player2,True,False,False
19.2851,0.13,1861,60.0,141.0,0,1783,200.0,0.06,13.0,7.0,0.03,65.0,3.3333333333333335,171.0,1.38,59.0,18,132.0,78,1.4,0.27,12.0,0.27,1,8.0,Grass,Buena,victorias,Buena,victorias,player2,False,True,False
28.861200000000004,0.52,1636,60.0,0.0,3,1623,98.0,0.02,12.0,8.0,0.02,60.0,0.98989898989899,152.0,1.03,98.0,11,152.0,13,0.97,0.17,12.0,0.38,1,8.0,Clay,Buena,victorias,Buena,derrotas,player1,True,False,False
0.0,0.29,1477,26.7,0.0,3,1608,154.0,0.01,9.0,11.0,0.02,45.0,0.9935483870967742,139.0,1.12,154.0,2,139.0,-131,1.27,0.0,4.0,0.0,-1,11.0,Clay,Mala,derrotas,Regular,derrotas,player2,True,False,False
0.0,0.0,1328,25.0,0.0,3,1528,200.0,0.0,9.0,11.0,0.01,45.0,0.9950248756218906,132.0,1.04,200.0,0,132.0,-200,1.43,0.16,5.0,0.09,-11,15.0,Hard,Mala,derrotas,Regular,victorias,player2,False,False,True
0.0,0.0,1705,70.0,0.0,3,1558,200.0,0.03,5.0,4.0,0.01,55.6,0.9950248756218906,132.0,1.55,200.0,0,132.0,147,1.24,0.0,14.0,0.13,1,6.0,Hard,Buena,victorias,Regular,derrotas,player1,False,False,True
6.5607,0.12,1503,30.0,0.0,3,1438,200.0,0.01,6.0,14.0,0.0,30.0,0.9950248756218906,132.0,1.11,200.0,5,132.0,65,1.11,0.15,6.0,0.12,-1,14.0,Hard,Mala,derrotas,Mala,derrotas,player1,False,False,True
6.5607,0.12,1503,30.0,0.0,3,1438,200.0,0.01,6.0,14.0,0.0,30.0,0.9950248756218906,132.0,1.11,200.0,5,132.0,65,1.11,0.15,6.0,0.12,-1,14.0,Hard,Mala,derrotas,Mala,derrotas,player1,False,False,True
6.5607,0.12,1503,30.0,0.0,3,1438,200.0,0.01,6.0,14.0,0.0,30.0,0.9950248756218906,132.0,1.11,200.0,5,132.0,65,1.11,0.15,6.0,0.12,-1,14.0,Hard,Mala,derrotas,Mala,derrotas,player1,False,False,True
6.5607,0.12,1503,30.0,0.0,3,1438,200.0,0.01,6.0,14.0,0.0,30.0,0.9950248756218906,132.0,1.11,200.0,5,132.0,65,1.11,0.15,6.0,0.12,-1,14.0,Hard,Mala,derrotas,Mala,derrotas,player1,False,False,True
0.0,0.0,1483,37.5,0.0,3,1468,200.0,0.01,7.0,13.0,0.01,35.0,0.9950248756218906,132.0,1.33,200.0,0,132.0,15,1.12,0.14,3.0,0.0,-4,5.0,Hard,Mala,derrotas,Mala,derrotas,player2,False,False,True
0.0,0.0,1513,50.0,0.0,3,1568,200.0,0.01,5.0,3.0,0.03,62.5,0.9950248756218906,132.0,1.32,200.0,0,132.0,-55,1.38,0.0,1.0,0.09,-1,1.0,Hard,Regular,derrotas,Buena,derrotas,player2,False,False,True
3.25,0.0,1636,60.0,0.0,3,1439,200.0,0.01,1.0,6.0,0.0,14.3,0.9950248756218906,132.0,1.25,200.0,1,132.0,197,1.03,0.09,12.0,0.22,-3,8.0,Hard,Buena,derrotas,Mala,derrotas,player1,False,False,True
0.0,0.1,1513,50.0,0.0,3,1541,200.0,0.01,7.0,13.0,0.01,35.0,0.9950248756218906,132.0,1.3,200.0,1,132.0,-28,1.26,0.18,2.0,0.0,-2,2.0,Hard,Regular,derrotas,Mala,victorias,player2,False,False,True
6.5371,0.0,1605,55.0,-153.0,0,1448,47.0,0.02,4.0,10.0,0.0,28.6,0.23383084577114427,132.0,1.55,200.0,2,181.0,157,1.01,0.12,11.0,0.17,1,9.0,Hard,Regular,victorias,Mala,victorias,player1,False,False,True
0.0,0.1,1747,65.0,0.0,3,1721,8.0,0.11,12.0,8.0,0.09,60.0,0.8888888888888888,319.0,0.78,8.0,2,319.0,26,0.71,0.48,13.0,0.39,6,7.0,Hard,Buena,victorias,Buena,derrotas,player1,False,False,True
4.2250000000000005,0.0,1632,45.0,-46.0,2,1652,52.0,0.04,12.0,8.0,0.02,60.0,0.5252525252525253,152.0,1.13,98.0,2,176.0,-20,1.15,0.22,9.0,0.44,1,11.0,Hard,Regular,victorias,Buena,victorias,player1,False,False,True
7.8084,0.22,1557,30.0,25.0,2,1661,77.0,0.02,11.0,9.0,0.05,55.0,1.4528301886792452,176.0,1.09,52.0,7,161.0,-104,1.28,0.23,6.0,0.23,-1,14.0,Hard,Mala,derrotas,Regular,victorias,player2,False,False,True
0.0,0.0,1576,45.0,-152.0,0,1504,24.0,0.02,8.0,12.0,0.01,40.0,0.13559322033898305,135.0,0.95,176.0,0,217.0,72,0.87,0.0,9.0,0.62,1,11.0,Hard,Regular,victorias,Regular,victorias,player1,False,False,True
0.0,0.0,1576,45.0,-152.0,0,1504,24.0,0.02,8.0,12.0,0.01,40.0,0.13559322033898305,135.0,0.95,176.0,0,217.0,72,0.87,0.0,9.0,0.62,1,11.0,Hard,Regular,victorias,Regular,victorias,player1,False,False,True
0.0,0.0,1576,45.0,-152.0,0,1504,24.0,0.02,8.0,12.0,0.01,40.0,0.13559322033898305,135.0,0.95,176.0,0,217.0,72,0.87,0.0,9.0,0.62,1,11.0,Hard,Regular,victorias,Regular,victorias,player1,False,False,True
0.0,0.0,1576,45.0,-152.0,0,1504,24.0,0.02,8.0,12.0,0.01,40.0,0.13559322033898305,135.0,0.95,176.0,0,217.0,72,0.87,0.0,9.0,0.62,1,11.0,Hard,Regular,victorias,Regular,victorias,player1,False,False,True
28.2681,0.07,1733,70.0,-43.0,2,1598,139.0,0.03,11.0,9.0,0.01,55.0,0.7595628415300546,134.0,1.38,182.0,8,142.0,135,1.13,0.17,14.0,0.23,1,6.0,Hard,Buena,victorias,Regular,victorias,player1,False,False,True
28.2681,0.07,1733,70.0,-43.0,2,1598,139.0,0.03,11.0,9.0,0.01,55.0,0.7595628415300546,134.0,1.38,182.0,8,142.0,135,1.13,0.17,14.0,0.23,1,6.0,Hard,Buena,victorias,Regular,victorias,player1,False,False,True
28.2681,0.07,1733,70.0,-43.0,2,1598,139.0,0.03,11.0,9.0,0.01,55.0,0.7595628415300546,134.0,1.38,182.0,8,142.0,135,1.13,0.17,14.0,0.23,1,6.0,Hard,Buena,victorias,Regular,victorias,player1,False,False,True
28.2681,0.07,1733,70.0,-43.0,2,1598,139.0,0.03,11.0,9.0,0.01,55.0,0.7595628415300546,134.0,1.38,182.0,8,142.0,135,1.13,0.17,14.0,0.23,1,6.0,Hard,Buena,victorias,Regular,victorias,player1,False,False,True
4.7696,0.12,1599,45.0,-94.0,1,1608,77.0,0.02,9.0,11.0,0.03,45.0,0.4476744186046512,136.0,1.26,171.0,5,161.0,-9,1.22,0.22,9.0,0.24,1,11.0,Hard,Regular,victorias,Regular,derrotas,player1,False,False,True
0.0,0.0,1525,35.0,-178.0,0,1621,22.0,0.01,11.0,9.0,0.04,55.0,0.10945273631840796,132.0,1.25,200.0,2,223.0,-96,1.35,0.19,7.0,0.0,1,13.0,Hard,Mala,victorias,Regular,victorias,player2,False,False,True
8.477300000000001,0.25,1534,45.0,0.0,3,1688,100.0,0.02,14.0,6.0,0.02,70.0,0.9900990099009901,152.0,0.97,100.0,11,152.0,-154,1.44,0.19,9.0,0.17,-3,11.0,Hard,Regular,derrotas,Buena,victorias,player2,False,False,True
6.546,0.0,1571,40.0,54.0,1,1557,106.0,0.02,8.0,12.0,0.02,40.0,2.0,176.0,1.2,52.0,4,150.0,14,1.2,0.19,8.0,0.23,-1,12.0,Hard,Regular,derrotas,Regular,derrotas,player1,False,False,True
0.0,0.2,1713,60.0,0.0,3,1558,100.0,0.07,10.0,10.0,0.02,50.0,0.9900990099009901,152.0,1.15,100.0,5,152.0,155,0.86,0.2,12.0,0.24,5,8.0,Hard,Buena,victorias,Regular,derrotas,player1,False,False,True
16.2717,0.06,1620,40.0,-44.0,2,1709,8.0,0.04,14.0,6.0,0.08,70.0,0.1509433962264151,176.0,1.08,52.0,5,319.0,-89,0.93,0.21,8.0,0.24,5,12.0,Hard,Regular,victorias,Buena,victorias,player1,False,False,True
0.0,0.0,1661,70.0,0.0,3,1576,39.0,0.04,10.0,10.0,0.02,50.0,0.975,190.0,0.84,39.0,1,190.0,85,0.85,0.79,14.0,0.27,-1,6.0,Clay,Buena,derrotas,Regular,derrotas,player2,True,False,False
0.0,0.0,1599,50.0,-17.0,2,1500,22.0,0.02,1.3053585964878105,2.4503984405420116,0.0,6.526792982439052,0.55,190.0,1.29,39.0,0,223.0,99,0.0,0.0,10.0,0.21,-1,10.0,Clay,Regular,derrotas,,,player1,True,False,False
0.0,0.0,1599,50.0,-17.0,2,1500,22.0,0.02,1.3053585964878105,2.4503984405420116,0.0,6.526792982439052,0.55,190.0,1.29,39.0,0,223.0,99,0.0,0.0,10.0,0.21,-1,10.0,Clay,Regular,derrotas,,,player1,True,False,False
0.0,0.0,1599,50.0,-17.0,2,1500,22.0,0.02,1.3053585964878105,2.4503984405420116,0.0,6.526792982439052,0.55,190.0,1.29,39.0,0,223.0,99,0.0,0.0,10.0,0.21,-1,10.0,Clay,Regular,derrotas,,,player1,True,False,False
0.0,0.0,1599,50.0,-17.0,2,1500,22.0,0.02,1.3053585964878105,2.4503984405420116,0.0,6.526792982439052,0.55,190.0,1.29,39.0,0,223.0,99,0.0,0.0,10.0,0.21,-1,10.0,Clay,Regular,derrotas,,,player1,True,False,False
22.771900000000002,0.23,1590,55.0,-17.0,2,1627,22.0,0.03,12.0,8.0,0.02,60.0,0.55,190.0,1.23,39.0,7,223.0,-37,1.31,0.0,11.0,0.09,-1,9.0,Clay,Regular,derrotas,Buena,victorias,player2,True,False,False
4.78,0.46,1513,35.0,0.0,3,1683,172.0,0.03,13.0,7.0,0.13,65.0,0.9942196531791907,136.0,0.87,172.0,4,136.0,-170,1.0,0.0,7.0,0.0,-2,13.0,Clay,Mala,derrotas,Buena,derrotas,player2,True,False,False
4.78,0.46,1513,35.0,0.0,3,1683,172.0,0.03,13.0,7.0,0.13,65.0,0.9942196531791907,136.0,0.87,172.0,4,136.0,-170,1.0,0.0,7.0,0.0,-2,13.0,Clay,Mala,derrotas,Buena,derrotas,player2,True,False,False
4.78,0.46,1513,35.0,0.0,3,1683,172.0,0.03,13.0,7.0,0.13,65.0,0.9942196531791907,136.0,0.87,172.0,4,136.0,-170,1.0,0.0,7.0,0.0,-2,13.0,Clay,Mala,derrotas,Buena,derrotas,player2,True,False,False
4.78,0.46,1513,35.0,0.0,3,1683,172.0,0.03,13.0,7.0,0.13,65.0,0.9942196531791907,136.0,0.87,172.0,4,136.0,-170,1.0,0.0,7.0,0.0,-2,13.0,Clay,Mala,derrotas,Buena,derrotas,player2,True,False,False
3.0132,0.09,1635,45.0,20.0,2,1722,118.0,0.0,13.0,7.0,0.04,65.0,1.1919191919191918,152.0,1.19,98.0,13,146.0,-87,1.71,0.27,9.0,0.25,1,11.0,Grass,Regular,victorias,Buena,victorias,player1,False,True,False
219.0997,0.36,1847,50.0,0.0,3,1763,77.0,0.08,10.0,10.0,0.03,50.0,0.9871794871794872,161.0,1.09,77.0,41,161.0,84,1.07,0.27,10.0,0.27,1,10.0,Grass,Regular,victorias,Regular,derrotas,player1,False,True,False
0.0,0.0,1633,55.0,169.0,0,1431,191.0,0.12,2.0,8.0,0.01,20.0,8.304347826086957,223.0,1.1,22.0,1,133.0,202,0.73,0.0,11.0,0.15,1,9.0,Hard,Regular,victorias,Mala,derrotas,player1,False,False,True
4.7721,0.14,1596,45.0,-21.0,2,1714,176.0,0.02,12.0,8.0,0.05,60.0,0.8888888888888888,132.0,1.24,197.0,3,135.0,-118,1.32,0.09,9.0,0.15,-1,11.0,Hard,Regular,derrotas,Buena,derrotas,player2,False,False,True
3.25,0.0,1746,75.0,72.0,1,1711,182.0,0.07,13.0,7.0,0.02,65.0,1.6396396396396395,149.0,1.14,110.0,5,134.0,35,0.94,0.09,15.0,0.23,-1,5.0,Clay,Excelente,derrotas,Buena,victorias,player1,True,False,False
3.25,0.0,1746,75.0,72.0,1,1711,182.0,0.07,13.0,7.0,0.02,65.0,1.6396396396396395,149.0,1.14,110.0,5,134.0,35,0.94,0.09,15.0,0.23,-1,5.0,Clay,Excelente,derrotas,Buena,victorias,player1,True,False,False
3.25,0.0,1746,75.0,72.0,1,1711,182.0,0.07,13.0,7.0,0.02,65.0,1.6396396396396395,149.0,1.14,110.0,5,134.0,35,0.94,0.09,15.0,0.23,-1,5.0,Clay,Excelente,derrotas,Buena,victorias,player1,True,False,False
3.25,0.0,1746,75.0,72.0,1,1711,182.0,0.07,13.0,7.0,0.02,65.0,1.6396396396396395,149.0,1.14,110.0,5,134.0,35,0.94,0.09,15.0,0.23,-1,5.0,Clay,Excelente,derrotas,Buena,victorias,player1,True,False,False
12.2173,0.26,1515,30.0,-17.0,2,1696,81.0,0.03,13.0,7.0,0.08,65.0,0.8181818181818182,152.0,0.77,98.0,8,159.0,-181,1.0,0.17,6.0,0.13,1,14.0,Clay,Mala,victorias,Buena,derrotas,player2,True,False,False
0.0,0.0,1675,55.0,4.0,3,1500,81.0,0.03,6.0,14.0,0.0,30.0,1.0384615384615385,161.0,1.39,77.0,0,159.0,175,0.0,0.0,11.0,0.22,1,9.0,Clay,Regular,victorias,,,player1,True,False,False
0.0,0.0,1675,55.0,4.0,3,1500,81.0,0.03,6.0,14.0,0.0,30.0,1.0384615384615385,161.0,1.39,77.0,0,159.0,175,0.0,0.0,11.0,0.22,1,9.0,Clay,Regular,victorias,,,player1,True,False,False
0.0,0.0,1675,55.0,4.0,3,1500,81.0,0.03,6.0,14.0,0.0,30.0,1.0384615384615385,161.0,1.39,77.0,0,159.0,175,0.0,0.0,11.0,0.22,1,9.0,Clay,Regular,victorias,,,player1,True,False,False
0.0,0.0,1675,55.0,4.0,3,1500,81.0,0.03,6.0,14.0,0.0,30.0,1.0384615384615385,161.0,1.39,77.0,0,159.0,175,0.0,0.0,11.0,0.22,1,9.0,Clay,Regular,victorias,,,player1,True,False,False
0.0,0.0,1511,50.0,-149.0,0,1606,32.0,0.0,11.0,9.0,0.02,55.0,0.17582417582417584,135.0,1.42,181.0,0,200.0,-95,1.25,0.19,1.0,0.09,-1,1.0,Clay,Regular,derrotas,Regular,derrotas,player2,True,False,False
0.0,0.0,1511,50.0,-149.0,0,1606,32.0,0.0,11.0,9.0,0.02,55.0,0.17582417582417584,135.0,1.42,181.0,0,200.0,-95,1.25,0.19,1.0,0.09,-1,1.0,Clay,Regular,derrotas,Regular,derrotas,player2,True,False,False
0.0,0.0,1511,50.0,-149.0,0,1606,32.0,0.0,11.0,9.0,0.02,55.0,0.17582417582417584,135.0,1.42,181.0,0,200.0,-95,1.25,0.19,1.0,0.09,-1,1.0,Clay,Regular,derrotas,Regular,derrotas,player2,True,False,False
0.0,0.0,1511,50.0,-149.0,0,1606,32.0,0.0,11.0,9.0,0.02,55.0,0.17582417582417584,135.0,1.42,181.0,0,200.0,-95,1.25,0.19,1.0,0.09,-1,1.0,Clay,Regular,derrotas,Regular,derrotas,player2,True,False,False
4.2250000000000005,0.18,1634,55.0,173.0,0,1629,197.0,0.02,9.0,11.0,0.03,45.0,7.88,217.0,1.31,24.0,5,132.0,5,1.27,0.16,11.0,0.12,1,9.0,Hard,Regular,victorias,Regular,victorias,player1,False,False,True
4.2250000000000005,0.18,1634,55.0,173.0,0,1629,197.0,0.02,9.0,11.0,0.03,45.0,7.88,217.0,1.31,24.0,5,132.0,5,1.27,0.16,11.0,0.12,1,9.0,Hard,Regular,victorias,Regular,victorias,player1,False,False,True
4.2250000000000005,0.18,1634,55.0,173.0,0,1629,197.0,0.02,9.0,11.0,0.03,45.0,7.88,217.0,1.31,24.0,5,132.0,5,1.27,0.16,11.0,0.12,1,9.0,Hard,Regular,victorias,Regular,victorias,player1,False,False,True
4.2250000000000005,0.18,1634,55.0,173.0,0,1629,197.0,0.02,9.0,11.0,0.03,45.0,7.88,217.0,1.31,24.0,5,132.0,5,1.27,0.16,11.0,0.12,1,9.0,Hard,Regular,victorias,Regular,victorias,player1,False,False,True
22.5197,0.4,1733,70.0,-57.0,1,1725,41.0,0.07,14.0,6.0,0.12,70.0,0.41414141414141414,152.0,0.93,98.0,11,187.0,8,0.93,0.13,14.0,0.12,1,6.0,Clay,Buena,victorias,Buena,victorias,player1,True,False,False
1.7009999999999998,0.0,1618,55.0,-58.0,1,1580,81.0,0.02,10.0,10.0,0.0,50.0,0.5785714285714286,142.0,1.32,139.0,2,159.0,38,1.29,0.0,11.0,0.0,-2,9.0,Clay,Regular,derrotas,Regular,derrotas,player2,True,False,False
19.2851,0.13,1861,60.0,141.0,0,1783,200.0,0.06,13.0,7.0,0.03,65.0,3.3333333333333335,171.0,1.38,59.0,18,132.0,78,1.4,0.27,12.0,0.27,1,8.0,Grass,Buena,victorias,Buena,victorias,player2,False,True,False
28.8612,0.52,1636,60.0,0.0,3,1623,98.0,0.02,12.0,8.0,0.02,60.0,0.98989898989899,152.0,1.03,98.0,11,152.0,13,0.97,0.17,12.0,0.38,1,8.0,Clay,Buena,victorias,Buena,derrotas,player1,True,False,False
0.0,0.29,1477,26.7,0.0,3,1608,154.0,0.01,9.0,11.0,0.02,45.0,0.9935483870967742,139.0,1.12,154.0,2,139.0,-131,1.27,0.0,4.0,0.0,-1,11.0,Clay,Mala,derrotas,Regular,derrotas,player2,True,False,False
0.0,0.0,1328,25.0,0.0,3,1528,200.0,0.0,9.0,11.0,0.01,45.0,0.9950248756218906,132.0,1.04,200.0,0,132.0,-200,1.43,0.16,5.0,0.09,-11,15.0,Hard,Mala,derrotas,Regular,victorias,player2,False,False,True
0.0,0.0,1705,70.0,0.0,3,1558,200.0,0.03,5.0,4.0,0.01,55.6,0.9950248756218906,132.0,1.55,200.0,0,132.0,147,1.24,0.0,14.0,0.13,1,6.0,Hard,Buena,victorias,Regular,derrotas,player1,False,False,True
6.5607,0.12,1503,30.0,0.0,3,1438,200.0,0.01,6.0,14.0,0.0,30.0,0.9950248756218906,132.0,1.11,200.0,5,132.0,65,1.11,0.15,6.0,0.12,-1,14.0,Hard,Mala,derrotas,Mala,derrotas,player1,False,False,True
6.5607,0.12,1503,30.0,0.0,3,1438,200.0,0.01,6.0,14.0,0.0,30.0,0.9950248756218906,132.0,1.11,200.0,5,132.0,65,1.11,0.15,6.0,0.12,-1,14.0,Hard,Mala,derrotas,Mala,derrotas,player1,False,False,True
6.5607,0.12,1503,30.0,0.0,3,1438,200.0,0.01,6.0,14.0,0.0,30.0,0.9950248756218906,132.0,1.11,200.0,5,132.0,65,1.11,0.15,6.0,0.12,-1,14.0,Hard,Mala,derrotas,Mala,derrotas,player1,False,False,True
6.5607,0.12,1503,30.0,0.0,3,1438,200.0,0.01,6.0,14.0,0.0,30.0,0.9950248756218906,132.0,1.11,200.0,5,132.0,65,1.11,0.15,6.0,0.12,-1,14.0,Hard,Mala,derrotas,Mala,derrotas,player1,False,False,True
0.0,0.0,1483,37.5,0.0,3,1468,200.0,0.01,7.0,13.0,0.01,35.0,0.9950248756218906,132.0,1.33,200.0,0,132.0,15,1.12,0.14,3.0,0.0,-4,5.0,Hard,Mala,derrotas,Mala,derrotas,player2,False,False,True
0.0,0.0,1513,50.0,0.0,3,1568,200.0,0.01,5.0,3.0,0.03,62.5,0.9950248756218906,132.0,1.32,200.0,0,132.0,-55,1.38,0.0,1.0,0.09,-1,1.0,Hard,Regular,derrotas,Buena,derrotas,player2,False,False,True
3.25,0.0,1636,60.0,0.0,3,1439,200.0,0.01,1.0,6.0,0.0,14.3,0.9950248756218906,132.0,1.25,200.0,1,132.0,197,1.03,0.09,12.0,0.22,-3,8.0,Hard,Buena,derrotas,Mala,derrotas,player1,False,False,True
0.0,0.1,1513,50.0,0.0,3,1541,200.0,0.01,7.0,13.0,0.01,35.0,0.9950248756218906,132.0,1.3,200.0,1,132.0,-28,1.26,0.18,2.0,0.0,-2,2.0,Hard,Regular,derrotas,Mala,victorias,player2,False,False,True
6.5371,0.0,1605,55.0,-153.0,0,1448,47.0,0.02,4.0,10.0,0.0,28.6,0.23383084577114427,132.0,1.55,200.0,2,181.0,157,1.01,0.12,11.0,0.17,1,9.0,Hard,Regular,victorias,Mala,victorias,player1,False,False,True
0.0,0.1,1747,65.0,0.0,3,1721,8.0,0.11,12.0,8.0,0.09,60.0,0.8888888888888888,319.0,0.78,8.0,2,319.0,26,0.71,0.48,13.0,0.39,6,7.0,Hard,Buena,victorias,Buena,derrotas,player1,False,False,True
4.2250000000000005,0.0,1632,45.0,-46.0,2,1652,52.0,0.04,12.0,8.0,0.02,60.0,0.5252525252525253,152.0,1.13,98.0,2,176.0,-20,1.15,0.22,9.0,0.44,1,11.0,Hard,Regular,victorias,Buena,victorias,player1,False,False,True
7.8084,0.22,1557,30.0,25.0,2,1661,77.0,0.02,11.0,9.0,0.05,55.0,1.4528301886792452,176.0,1.09,52.0,7,161.0,-104,1.28,0.23,6.0,0.23,-1,14.0,Hard,Mala,derrotas,Regular,victorias,player2,False,False,True
0.0,0.0,1576,45.0,-152.0,0,1504,24.0,0.02,8.0,12.0,0.01,40.0,0.13559322033898305,135.0,0.95,176.0,0,217.0,72,0.87,0.0,9.0,0.62,1,11.0,Hard,Regular,victorias,Regular,victorias,player1,False,False,True
0.0,0.0,1576,45.0,-152.0,0,1504,24.0,0.02,8.0,12.0,0.01,40.0,0.13559322033898305,135.0,0.95,176.0,0,217.0,72,0.87,0.0,9.0,0.62,1,11.0,Hard,Regular,victorias,Regular,victorias,player1,False,False,True
0.0,0.0,1576,45.0,-152.0,0,1504,24.0,0.02,8.0,12.0,0.01,40.0,0.13559322033898305,135.0,0.95,176.0,0,217.0,72,0.87,0.0,9.0,0.62,1,11.0,Hard,Regular,victorias,Regular,victorias,player1,False,False,True
0.0,0.0,1576,45.0,-152.0,0,1504,24.0,0.02,8.0,12.0,0.01,40.0,0.13559322033898305,135.0,0.95,176.0,0,217.0,72,0.87,0.0,9.0,0.62,1,11.0,Hard,Regular,victorias,Regular,victorias,player1,False,False,True
28.2681,0.07,1733,70.0,-43.0,2,1598,139.0,0.03,11.0,9.0,0.01,55.0,0.7595628415300546,134.0,1.38,182.0,8,142.0,135,1.13,0.17,14.0,0.23,1,6.0,Hard,Buena,victorias,Regular,victorias,player1,False,False,True
28.2681,0.07,1733,70.0,-43.0,2,1598,139.0,0.03,11.0,9.0,0.01,55.0,0.7595628415300546,134.0,1.38,182.0,8,142.0,135,1.13,0.17,14.0,0.23,1,6.0,Hard,Buena,victorias,Regular,victorias,player1,False,False,True
28.2681,0.07,1733,70.0,-43.0,2,1598,139.0,0.03,11.0,9.0,0.01,55.0,0.7595628415300546,134.0,1.38,182.0,8,142.0,135,1.13,0.17,14.0,0.23,1,6.0,Hard,Buena,victorias,Regular,victorias,player1,False,False,True
28.2681,0.07,1733,70.0,-43.0,2,1598,139.0,0.03,11.0,9.0,0.01,55.0,0.7595628415300546,134.0,1.38,182.0,8,142.0,135,1.13,0.17,14.0,0.23,1,6.0,Hard,Buena,victorias,Regular,victorias,player1,False,False,True
4.7696,0.12,1599,45.0,-94.0,1,1608,77.0,0.02,9.0,11.0,0.03,45.0,0.4476744186046512,136.0,1.26,171.0,5,161.0,-9,1.22,0.22,9.0,0.24,1,11.0,Hard,Regular,victorias,Regular,derrotas,player1,False,False,True
0.0,0.0,1525,35.0,-178.0,0,1621,22.0,0.01,11.0,9.0,0.04,55.0,0.10945273631840796,132.0,1.25,200.0,2,223.0,-96,1.35,0.19,7.0,0.0,1,13.0,Hard,Mala,victorias,Regular,victorias,player2,False,False,True
8.477,0.25,1563,50.0,0.0,3,1688,100.0,0.02,14.0,6.0,0.02,70.0,0.9900990099009901,152.0,1.11,100.0,11,152.0,-125,1.37,0.19,10.0,0.17,1,10.0,Hard,Regular,victorias,Buena,victorias,player2,False,False,True
6.545,0.0,1597,45.0,54.0,1,1557,106.0,0.02,8.0,12.0,0.02,40.0,2.0,176.0,1.37,52.0,4,150.0,40,1.11,0.19,9.0,0.23,1,11.0,Hard,Regular,victorias,Regular,derrotas,player1,False,False,True
0.0,0.21,1724,65.0,0.0,3,1585,100.0,0.07,11.0,9.0,0.02,55.0,0.9900990099009901,152.0,1.14,100.0,6,152.0,139,0.89,0.2,13.0,0.24,6,7.0,Hard,Buena,victorias,Regular,victorias,player1,False,False,True
22.7672,0.07,1642,45.0,-44.0,2,1709,8.0,0.05,14.0,6.0,0.08,70.0,0.1509433962264151,176.0,1.08,52.0,6,319.0,-67,0.91,0.21,9.0,0.24,6,11.0,Hard,Regular,victorias,Buena,victorias,player1,False,False,True
0.0,0.0,1599,50.0,-17.0,2,1500,22.0,0.02,1.3053585964878105,2.4503984405420116,0.0,6.526792982439052,0.55,190.0,1.29,39.0,0,223.0,99,0.0,0.0,10.0,0.21,-1,10.0,Clay,Regular,derrotas,,,player1,True,False,False
0.0,0.0,1599,50.0,-17.0,2,1500,22.0,0.02,1.3053585964878105,2.4503984405420116,0.0,6.526792982439052,0.55,190.0,1.29,39.0,0,223.0,99,0.0,0.0,10.0,0.21,-1,10.0,Clay,Regular,derrotas,,,player1,True,False,False
0.0,0.0,1599,50.0,-17.0,2,1500,22.0,0.02,1.3053585964878105,2.4503984405420116,0.0,6.526792982439052,0.55,190.0,1.29,39.0,0,223.0,99,0.0,0.0,10.0,0.21,-1,10.0,Clay,Regular,derrotas,,,player1,True,False,False
0.0,0.0,1599,50.0,-17.0,2,1500,22.0,0.02,1.3053585964878105,2.4503984405420116,0.0,6.526792982439052,0.55,190.0,1.29,39.0,0,223.0,99,0.0,0.0,10.0,0.21,-1,10.0,Clay,Regular,derrotas,,,player1,True,False,False
0.0,0.1,1745,65.0,0.0,3,1721,8.0,0.11,12.0,8.0,0.09,60.0,0.8888888888888888,319.0,0.77,8.0,2,319.0,24,0.7,0.49,13.0,0.39,6,7.0,Hard,Buena,victorias,Buena,derrotas,player1,False,False,True
4.2250000000000005,0.0,1632,45.0,-46.0,2,1652,52.0,0.04,12.0,8.0,0.02,60.0,0.5252525252525253,152.0,1.13,98.0,2,176.0,-20,1.15,0.22,9.0,0.43,1,11.0,Hard,Regular,victorias,Buena,victorias,player1,False,False,True
7.8084,0.22,1557,30.0,25.0,2,1661,77.0,0.02,11.0,9.0,0.05,55.0,1.4528301886792452,176.0,1.09,52.0,7,161.0,-104,1.28,0.23,6.0,0.23,-1,14.0,Hard,Mala,derrotas,Regular,victorias,player2,False,False,True
0.0,0.0,1576,45.0,-152.0,0,1504,24.0,0.02,8.0,12.0,0.01,40.0,0.13559322033898305,135.0,0.96,176.0,0,217.0,72,0.88,0.0,9.0,0.59,1,11.0,Hard,Regular,victorias,Regular,victorias,player1,False,False,True
0.0,0.0,1576,45.0,-152.0,0,1504,24.0,0.02,8.0,12.0,0.01,40.0,0.13559322033898305,135.0,0.96,176.0,0,217.0,72,0.88,0.0,9.0,0.59,1,11.0,Hard,Regular,victorias,Regular,victorias,player1,False,False,True
0.0,0.0,1576,45.0,-152.0,0,1504,24.0,0.02,8.0,12.0,0.01,40.0,0.13559322033898305,135.0,0.96,176.0,0,217.0,72,0.88,0.0,9.0,0.59,1,11.0,Hard,Regular,victorias,Regular,victorias,player1,False,False,True
0.0,0.0,1576,45.0,-152.0,0,1504,24.0,0.02,8.0,12.0,0.01,40.0,0.13559322033898305,135.0,0.96,176.0,0,217.0,72,0.88,0.0,9.0,0.59,1,11.0,Hard,Regular,victorias,Regular,victorias,player1,False,False,True
28.2681,0.07,1733,70.0,-43.0,2,1598,139.0,0.03,11.0,9.0,0.01,55.0,0.7595628415300546,134.0,1.38,182.0,8,142.0,135,1.13,0.17,14.0,0.22,1,6.0,Hard,Buena,victorias,Regular,victorias,player1,False,False,True
28.2681,0.07,1733,70.0,-43.0,2,1598,139.0,0.03,11.0,9.0,0.01,55.0,0.7595628415300546,134.0,1.38,182.0,8,142.0,135,1.13,0.17,14.0,0.22,1,6.0,Hard,Buena,victorias,Regular,victorias,player1,False,False,True
28.2681,0.07,1733,70.0,-43.0,2,1598,139.0,0.03,11.0,9.0,0.01,55.0,0.7595628415300546,134.0,1.38,182.0,8,142.0,135,1.13,0.17,14.0,0.22,1,6.0,Hard,Buena,victorias,Regular,victorias,player1,False,False,True
28.2681,0.07,1733,70.0,-43.0,2,1598,139.0,0.03,11.0,9.0,0.01,55.0,0.7595628415300546,134.0,1.38,182.0,8,142.0,135,1.13,0.17,14.0,0.22,1,6.0,Hard,Buena,victorias,Regular,victorias,player1,False,False,True
4.7696,0.12,1599,45.0,-94.0,1,1608,77.0,0.02,9.0,11.0,0.03,45.0,0.4476744186046512,136.0,1.26,171.0,5,161.0,-9,1.22,0.22,9.0,0.24,1,11.0,Hard,Regular,victorias,Regular,derrotas,player1,False,False,True
0.0,0.0,1525,35.0,-178.0,0,1621,22.0,0.01,11.0,9.0,0.04,55.0,0.10945273631840796,132.0,1.25,200.0,2,223.0,-96,1.35,0.19,7.0,0.0,1,13.0,Hard,Mala,victorias,Regular,victorias,player2,False,False,True
3.25,0.0,1635,60.0,0.0,3,1432,200.0,0.01,1.0,6.0,0.0,14.3,0.9950248756218906,132.0,1.25,200.0,1,132.0,203,1.03,0.0,12.0,0.21,-3,8.0,Hard,Buena,derrotas,Mala,derrotas,player1,False,False,True
0.0,0.0,1513,50.0,0.0,3,1568,200.0,0.01,5.0,3.0,0.03,62.5,0.9950248756218906,132.0,1.32,200.0,0,132.0,-55,1.38,0.0,1.0,0.13,-1,1.0,Hard,Regular,derrotas,Buena,derrotas,player2,False,False,True
6.5371,0.0,1605,55.0,-153.0,0,1448,47.0,0.02,4.0,10.0,0.0,28.6,0.23383084577114427,132.0,1.55,200.0,2,181.0,157,1.01,0.12,11.0,0.17,1,9.0,Hard,Regular,victorias,Mala,victorias,player1,False,False,True
8.477,0.25,1562,50.0,0.0,3,1688,100.0,0.02,14.0,6.0,0.02,70.0,0.9900990099009901,152.0,1.11,100.0,11,152.0,-126,1.37,0.19,10.0,0.14,1,10.0,Hard,Regular,victorias,Buena,victorias,player2,False,False,True
6.545,0.0,1597,45.0,54.0,1,1557,106.0,0.02,8.0,12.0,0.02,40.0,2.0,176.0,1.37,52.0,4,150.0,40,1.11,0.19,9.0,0.23,1,11.0,Hard,Regular,victorias,Regular,derrotas,player1,False,False,True
0.0,0.21,1724,65.0,0.0,3,1585,100.0,0.07,11.0,9.0,0.02,55.0,0.9900990099009901,152.0,1.14,100.0,6,152.0,139,0.89,0.2,13.0,0.24,6,7.0,Hard,Buena,victorias,Regular,victorias,player1,False,False,True
22.7672,0.07,1642,45.0,-44.0,2,1709,8.0,0.05,14.0,6.0,0.08,70.0,0.1509433962264151,176.0,1.08,52.0,6,319.0,-67,0.91,0.21,9.0,0.24,6,11.0,Hard,Regular,victorias,Buena,victorias,player1,False,False,True
0.0017,0.44,1515,45.0,0.0,3,1613,157.0,0.01,13.0,7.0,0.02,65.0,0.9936708860759493,138.0,1.15,157.0,4,138.0,-98,1.44,0.19,9.0,0.18,-3,11.0,Clay,Regular,derrotas,Buena,derrotas,player2,True,False,False
0.0017,0.44,1515,45.0,0.0,3,1613,157.0,0.01,13.0,7.0,0.02,65.0,0.9936708860759493,138.0,1.15,157.0,4,138.0,-98,1.44,0.19,9.0,0.18,-3,11.0,Clay,Regular,derrotas,Buena,derrotas,player2,True,False,False
0.0017,0.44,1515,45.0,0.0,3,1613,157.0,0.01,13.0,7.0,0.02,65.0,0.9936708860759493,138.0,1.15,157.0,4,138.0,-98,1.44,0.19,9.0,0.18,-3,11.0,Clay,Regular,derrotas,Buena,derrotas,player2,True,False,False
0.0,0.0,1554,40.0,-59.0,1,1498,98.0,0.0,7.0,13.0,0.01,35.0,0.620253164556962,138.0,1.28,157.0,2,152.0,56,1.2,0.0,8.0,0.19,1,12.0,Clay,Regular,victorias,Mala,derrotas,player2,True,False,False
0.0,0.0,1554,40.0,-59.0,1,1498,98.0,0.0,7.0,13.0,0.01,35.0,0.620253164556962,138.0,1.28,157.0,2,152.0,56,1.2,0.0,8.0,0.19,1,12.0,Clay,Regular,victorias,Mala,derrotas,player2,True,False,False
0.0,0.0,1554,40.0,-59.0,1,1498,98.0,0.0,7.0,13.0,0.01,35.0,0.620253164556962,138.0,1.28,157.0,2,152.0,56,1.2,0.0,8.0,0.19,1,12.0,Clay,Regular,victorias,Mala,derrotas,player2,True,False,False
0.0,0.19,1576,55.0,-40.0,2,1579,157.0,0.01,10.0,10.0,0.02,50.0,0.7929292929292929,132.0,1.34,197.0,1,138.0,-3,1.31,0.14,11.0,0.16,-1,9.0,Clay,Regular,derrotas,Regular,derrotas,player1,True,False,False
0.0,0.19,1576,55.0,-40.0,2,1579,157.0,0.01,10.0,10.0,0.02,50.0,0.7929292929292929,132.0,1.34,197.0,1,138.0,-3,1.31,0.14,11.0,0.16,-1,9.0,Clay,Regular,derrotas,Regular,derrotas,player1,True,False,False
0.0,0.19,1576,55.0,-40.0,2,1579,157.0,0.01,10.0,10.0,0.02,50.0,0.7929292929292929,132.0,1.34,197.0,1,138.0,-3,1.31,0.14,11.0,0.16,-1,9.0,Clay,Regular,derrotas,Regular,derrotas,player1,True,False,False
2.6428,0.0,1576,55.0,19.0,2,1582,81.0,0.01,9.0,11.0,0.02,45.0,1.2857142857142858,169.0,1.19,62.0,4,159.0,-6,1.37,0.09,11.0,0.14,-2,9.0,Clay,Regular,derrotas,Regular,victorias,player1,True,False,False
2.6428,0.0,1576,55.0,19.0,2,1582,81.0,0.01,9.0,11.0,0.02,45.0,1.2857142857142858,169.0,1.19,62.0,4,159.0,-6,1.37,0.09,11.0,0.14,-2,9.0,Clay,Regular,derrotas,Regular,victorias,player1,True,False,False
2.6428,0.0,1576,55.0,19.0,2,1582,81.0,0.01,9.0,11.0,0.02,45.0,1.2857142857142858,169.0,1.19,62.0,4,159.0,-6,1.37,0.09,11.0,0.14,-2,9.0,Clay,Regular,derrotas,Regular,victorias,player1,True,False,False
0.9499999999999997,0.0,1672,65.0,114.0,0,1592,195.0,0.06,10.0,10.0,0.03,50.0,2.3780487804878048,159.0,1.19,81.0,3,133.0,80,0.92,0.0,13.0,0.16,5,7.0,Clay,Buena,victorias,Regular,victorias,player1,True,False,False
0.9499999999999997,0.0,1672,65.0,114.0,0,1592,195.0,0.06,10.0,10.0,0.03,50.0,2.3780487804878048,159.0,1.19,81.0,3,133.0,80,0.92,0.0,13.0,0.16,5,7.0,Clay,Buena,victorias,Regular,victorias,player1,True,False,False
0.9499999999999997,0.0,1672,65.0,114.0,0,1592,195.0,0.06,10.0,10.0,0.03,50.0,2.3780487804878048,159.0,1.19,81.0,3,133.0,80,0.92,0.0,13.0,0.16,5,7.0,Clay,Buena,victorias,Regular,victorias,player1,True,False,False
0.0,0.26,1506,35.0,-119.0,0,1606,81.0,0.01,11.0,9.0,0.02,55.0,0.40298507462686567,132.0,1.26,200.0,1,159.0,-100,1.37,0.12,7.0,0.16,1,13.0,Clay,Mala,victorias,Regular,victorias,player1,True,False,False
0.0,0.26,1506,35.0,-119.0,0,1606,81.0,0.01,11.0,9.0,0.02,55.0,0.40298507462686567,132.0,1.26,200.0,1,159.0,-100,1.37,0.12,7.0,0.16,1,13.0,Clay,Mala,victorias,Regular,victorias,player1,True,False,False
0.0,0.26,1506,35.0,-119.0,0,1606,81.0,0.01,11.0,9.0,0.02,55.0,0.40298507462686567,132.0,1.26,200.0,1,159.0,-100,1.37,0.12,7.0,0.16,1,13.0,Clay,Mala,victorias,Regular,victorias,player1,True,False,False
0.0,0.4,1629,55.0,114.0,0,1734,195.0,0.01,15.0,5.0,0.04,75.0,2.3780487804878048,159.0,1.34,81.0,4,133.0,-105,1.39,0.17,11.0,0.14,1,9.0,Clay,Regular,victorias,Excelente,derrotas,player2,True,False,False
0.0,0.4,1629,55.0,114.0,0,1734,195.0,0.01,15.0,5.0,0.04,75.0,2.3780487804878048,159.0,1.34,81.0,4,133.0,-105,1.39,0.17,11.0,0.14,1,9.0,Clay,Regular,victorias,Excelente,derrotas,player2,True,False,False
0.0,0.4,1629,55.0,114.0,0,1734,195.0,0.01,15.0,5.0,0.04,75.0,2.3780487804878048,159.0,1.34,81.0,4,133.0,-105,1.39,0.17,11.0,0.14,1,9.0,Clay,Regular,victorias,Excelente,derrotas,player2,True,False,False
7.744599999999999,0.32,1680,75.0,59.0,1,1660,140.0,0.02,12.0,8.0,0.01,60.0,1.7073170731707317,159.0,1.36,81.0,5,141.0,20,1.3,0.22,15.0,0.18,-1,5.0,Clay,Excelente,derrotas,Buena,derrotas,player1,True,False,False
7.744599999999999,0.32,1680,75.0,59.0,1,1660,140.0,0.02,12.0,8.0,0.01,60.0,1.7073170731707317,159.0,1.36,81.0,5,141.0,20,1.3,0.22,15.0,0.18,-1,5.0,Clay,Excelente,derrotas,Buena,derrotas,player1,True,False,False
7.744599999999999,0.32,1680,75.0,59.0,1,1660,140.0,0.02,12.0,8.0,0.01,60.0,1.7073170731707317,159.0,1.36,81.0,5,141.0,20,1.3,0.22,15.0,0.18,-1,5.0,Clay,Excelente,derrotas,Buena,derrotas,player1,True,False,False
0.0,0.13,1542,45.0,-122.0,0,1648,69.0,0.01,14.0,6.0,0.03,70.0,0.359375,133.0,1.25,191.0,3,165.0,-106,1.37,0.09,9.0,0.09,-1,11.0,Hard,Regular,derrotas,Buena,derrotas,player1,False,False,True
0.0,0.13,1542,45.0,-122.0,0,1648,69.0,0.01,14.0,6.0,0.03,70.0,0.359375,133.0,1.25,191.0,3,165.0,-106,1.37,0.09,9.0,0.09,-1,11.0,Hard,Regular,derrotas,Buena,derrotas,player1,False,False,True
0.0,0.13,1542,45.0,-122.0,0,1648,69.0,0.01,14.0,6.0,0.03,70.0,0.359375,133.0,1.25,191.0,3,165.0,-106,1.37,0.09,9.0,0.09,-1,11.0,Hard,Regular,derrotas,Buena,derrotas,player1,False,False,True
0.0,0.15,1686,65.0,-167.0,0,1697,24.0,0.07,13.0,7.0,0.11,65.0,0.125,133.0,0.92,191.0,4,217.0,-11,1.17,0.21,13.0,0.23,-1,7.0,Hard,Buena,derrotas,Buena,victorias,player1,False,False,True
0.0,0.15,1686,65.0,-167.0,0,1697,24.0,0.07,13.0,7.0,0.11,65.0,0.125,133.0,0.92,191.0,4,217.0,-11,1.17,0.21,13.0,0.23,-1,7.0,Hard,Buena,derrotas,Buena,victorias,player1,False,False,True
0.0,0.15,1686,65.0,-167.0,0,1697,24.0,0.07,13.0,7.0,0.11,65.0,0.125,133.0,0.92,191.0,4,217.0,-11,1.17,0.21,13.0,0.23,-1,7.0,Hard,Buena,derrotas,Buena,victorias,player1,False,False,True
9.7556,0.1,1547,40.0,4.0,3,1467,195.0,0.02,7.0,13.0,0.0,35.0,1.015625,133.0,1.19,191.0,5,133.0,80,1.15,0.17,8.0,0.23,-1,12.0,Hard,Regular,derrotas,Mala,derrotas,player1,False,False,True
9.7556,0.1,1547,40.0,4.0,3,1467,195.0,0.02,7.0,13.0,0.0,35.0,1.015625,133.0,1.19,191.0,5,133.0,80,1.15,0.17,8.0,0.23,-1,12.0,Hard,Regular,derrotas,Mala,derrotas,player1,False,False,True
9.7556,0.1,1547,40.0,4.0,3,1467,195.0,0.02,7.0,13.0,0.0,35.0,1.015625,133.0,1.19,191.0,5,133.0,80,1.15,0.17,8.0,0.23,-1,12.0,Hard,Regular,derrotas,Mala,derrotas,player1,False,False,True
0.0,0.0,1642,65.0,139.0,0,1500,191.0,0.05,6.025335438814465,10.221040959766308,0.0,30.12667719407232,3.6037735849056602,176.0,1.39,52.0,0,133.0,142,0.0,0.0,13.0,0.25,-1,7.0,Hard,Buena,derrotas,,,player1,False,False,True
0.0,0.0,1642,65.0,139.0,0,1500,191.0,0.05,6.025335438814465,10.221040959766308,0.0,30.12667719407232,3.6037735849056602,176.0,1.39,52.0,0,133.0,142,0.0,0.0,13.0,0.25,-1,7.0,Hard,Buena,derrotas,,,player1,False,False,True
0.0,0.0,1642,65.0,139.0,0,1500,191.0,0.05,6.025335438814465,10.221040959766308,0.0,30.12667719407232,3.6037735849056602,176.0,1.39,52.0,0,133.0,142,0.0,0.0,13.0,0.25,-1,7.0,Hard,Buena,derrotas,,,player1,False,False,True
8.480900000000002,0.12,1604,50.0,-117.0,0,1631,83.0,0.03,11.0,9.0,0.02,55.0,0.4129353233830846,132.0,1.06,200.0,3,158.0,-27,0.97,0.12,10.0,0.09,5,10.0,Hard,Regular,victorias,Regular,derrotas,player2,False,False,True
8.480900000000002,0.12,1604,50.0,-117.0,0,1631,83.0,0.03,11.0,9.0,0.02,55.0,0.4129353233830846,132.0,1.06,200.0,3,158.0,-27,0.97,0.12,10.0,0.09,5,10.0,Hard,Regular,victorias,Regular,derrotas,player2,False,False,True
8.480900000000002,0.12,1604,50.0,-117.0,0,1631,83.0,0.03,11.0,9.0,0.02,55.0,0.4129353233830846,132.0,1.06,200.0,3,158.0,-27,0.97,0.12,10.0,0.09,5,10.0,Hard,Regular,victorias,Regular,derrotas,player2,False,False,True
0.0,0.11,1416,25.0,98.0,1,1510,191.0,0.0,7.0,13.0,0.02,35.0,2.0319148936170213,154.0,1.1,93.0,2,133.0,-94,1.19,0.0,5.0,0.0,-1,15.0,Hard,Mala,derrotas,Mala,derrotas,player2,False,False,True
0.0,0.11,1416,25.0,98.0,1,1510,191.0,0.0,7.0,13.0,0.02,35.0,2.0319148936170213,154.0,1.1,93.0,2,133.0,-94,1.19,0.0,5.0,0.0,-1,15.0,Hard,Mala,derrotas,Mala,derrotas,player2,False,False,True
0.0,0.11,1416,25.0,98.0,1,1510,191.0,0.0,7.0,13.0,0.02,35.0,2.0319148936170213,154.0,1.1,93.0,2,133.0,-94,1.19,0.0,5.0,0.0,-1,15.0,Hard,Mala,derrotas,Mala,derrotas,player2,False,False,True
0.0,0.0,1483,37.5,-62.0,1,1530,77.0,0.01,9.0,11.0,0.01,45.0,0.55,142.0,1.32,139.0,1,161.0,-47,1.18,0.13,3.0,0.0,-3,5.0,Clay,Mala,derrotas,Regular,derrotas,player1,True,False,False
0.0,0.0,1483,37.5,-62.0,1,1530,77.0,0.01,9.0,11.0,0.01,45.0,0.55,142.0,1.32,139.0,1,161.0,-47,1.18,0.13,3.0,0.0,-3,5.0,Clay,Mala,derrotas,Regular,derrotas,player1,True,False,False
0.0,0.0,1483,37.5,-62.0,1,1530,77.0,0.01,9.0,11.0,0.01,45.0,0.55,142.0,1.32,139.0,1,161.0,-47,1.18,0.13,3.0,0.0,-3,5.0,Clay,Mala,derrotas,Regular,derrotas,player1,True,False,False
4.7753,0.0,1584,50.0,-19.0,2,1600,81.0,0.01,10.0,10.0,0.04,50.0,0.801980198019802,152.0,1.2,100.0,1,159.0,-16,1.44,0.0,10.0,0.09,-1,10.0,Clay,Regular,derrotas,Regular,victorias,player1,True,False,False
4.7753,0.0,1584,50.0,-19.0,2,1600,81.0,0.01,10.0,10.0,0.04,50.0,0.801980198019802,152.0,1.2,100.0,1,159.0,-16,1.44,0.0,10.0,0.09,-1,10.0,Clay,Regular,derrotas,Regular,victorias,player1,True,False,False
4.7753,0.0,1584,50.0,-19.0,2,1600,81.0,0.01,10.0,10.0,0.04,50.0,0.801980198019802,152.0,1.2,100.0,1,159.0,-16,1.44,0.0,10.0,0.09,-1,10.0,Clay,Regular,derrotas,Regular,victorias,player1,True,False,False
17.519,0.26,1593,50.0,35.0,2,1608,118.0,0.02,11.0,9.0,0.01,55.0,1.4047619047619047,158.0,0.98,83.0,7,146.0,-15,0.94,0.0,10.0,0.48,1,10.0,Clay,Regular,victorias,Regular,victorias,player1,True,False,False
17.519,0.26,1593,50.0,35.0,2,1608,118.0,0.02,11.0,9.0,0.01,55.0,1.4047619047619047,158.0,0.98,83.0,7,146.0,-15,0.94,0.0,10.0,0.48,1,10.0,Clay,Regular,victorias,Regular,victorias,player1,True,False,False
17.519,0.26,1593,50.0,35.0,2,1608,118.0,0.02,11.0,9.0,0.01,55.0,1.4047619047619047,158.0,0.98,83.0,7,146.0,-15,0.94,0.0,10.0,0.48,1,10.0,Clay,Regular,victorias,Regular,victorias,player1,True,False,False
0.0,0.0,1554,50.0,-187.0,0,1578,8.0,0.01,10.0,10.0,0.02,50.0,0.04081632653061224,133.0,1.29,195.0,2,319.0,-24,1.33,0.0,10.0,0.14,-1,10.0,Hard,Regular,derrotas,Regular,victorias,player1,False,False,True
0.0,0.0,1554,50.0,-187.0,0,1578,8.0,0.01,10.0,10.0,0.02,50.0,0.04081632653061224,133.0,1.29,195.0,2,319.0,-24,1.33,0.0,10.0,0.14,-1,10.0,Hard,Regular,derrotas,Regular,victorias,player1,False,False,True
0.0,0.0,1554,50.0,-187.0,0,1578,8.0,0.01,10.0,10.0,0.02,50.0,0.04081632653061224,133.0,1.29,195.0,2,319.0,-24,1.33,0.0,10.0,0.14,-1,10.0,Hard,Regular,derrotas,Regular,victorias,player1,False,False,True
0.0,0.08,1538,40.0,-68.0,1,1589,77.0,0.02,11.0,9.0,0.02,55.0,0.5273972602739726,140.0,1.24,145.0,1,161.0,-51,1.33,0.19,8.0,0.19,-1,12.0,Hard,Regular,derrotas,Regular,derrotas,player1,False,False,True
0.0,0.08,1538,40.0,-68.0,1,1589,77.0,0.02,11.0,9.0,0.02,55.0,0.5273972602739726,140.0,1.24,145.0,1,161.0,-51,1.33,0.19,8.0,0.19,-1,12.0,Hard,Regular,derrotas,Regular,derrotas,player1,False,False,True
0.0,0.08,1538,40.0,-68.0,1,1589,77.0,0.02,11.0,9.0,0.02,55.0,0.5273972602739726,140.0,1.24,145.0,1,161.0,-51,1.33,0.19,8.0,0.19,-1,12.0,Hard,Regular,derrotas,Regular,derrotas,player1,False,False,True
0.0,0.0,1403,20.0,-59.0,1,1580,22.0,0.01,10.0,10.0,0.03,50.0,0.2682926829268293,159.0,1.05,81.0,1,223.0,-177,1.3,0.18,4.0,0.12,-2,16.0,Hard,Mala,derrotas,Regular,derrotas,player2,False,False,True
0.0,0.0,1403,20.0,-59.0,1,1580,22.0,0.01,10.0,10.0,0.03,50.0,0.2682926829268293,159.0,1.05,81.0,1,223.0,-177,1.3,0.18,4.0,0.12,-2,16.0,Hard,Mala,derrotas,Regular,derrotas,player2,False,False,True
0.0,0.0,1403,20.0,-59.0,1,1580,22.0,0.01,10.0,10.0,0.03,50.0,0.2682926829268293,159.0,1.05,81.0,1,223.0,-177,1.3,0.18,4.0,0.12,-2,16.0,Hard,Mala,derrotas,Regular,derrotas,player2,False,False,True
6.534,0.47,1524,40.0,57.0,1,1509,98.0,0.01,9.0,11.0,0.01,45.0,2.3333333333333335,187.0,1.21,41.0,4,152.0,15,1.24,0.09,8.0,0.0,-3,12.0,Clay,Regular,derrotas,Regular,derrotas,player1,True,False,False
6.534,0.47,1524,40.0,57.0,1,1509,98.0,0.01,9.0,11.0,0.01,45.0,2.3333333333333335,187.0,1.21,41.0,4,152.0,15,1.24,0.09,8.0,0.0,-3,12.0,Clay,Regular,derrotas,Regular,derrotas,player1,True,False,False
6.534,0.47,1524,40.0,57.0,1,1509,98.0,0.01,9.0,11.0,0.01,45.0,2.3333333333333335,187.0,1.21,41.0,4,152.0,15,1.24,0.09,8.0,0.0,-3,12.0,Clay,Regular,derrotas,Regular,derrotas,player1,True,False,False
0.0,0.0,1535,45.0,-104.0,0,1541,77.0,0.01,8.0,12.0,0.02,40.0,0.4230769230769231,135.0,1.27,181.0,1,161.0,-6,1.24,0.0,9.0,0.0,-1,11.0,Hard,Regular,derrotas,Regular,derrotas,player1,False,False,True
0.0,0.0,1535,45.0,-104.0,0,1541,77.0,0.01,8.0,12.0,0.02,40.0,0.4230769230769231,135.0,1.27,181.0,1,161.0,-6,1.24,0.0,9.0,0.0,-1,11.0,Hard,Regular,derrotas,Regular,derrotas,player1,False,False,True
0.0,0.0,1535,45.0,-104.0,0,1541,77.0,0.01,8.0,12.0,0.02,40.0,0.4230769230769231,135.0,1.27,181.0,1,161.0,-6,1.24,0.0,9.0,0.0,-1,11.0,Hard,Regular,derrotas,Regular,derrotas,player1,False,False,True
0.0,0.0,1560,40.0,123.0,0,1452,200.0,0.02,5.0,11.0,0.01,31.2,2.5641025641025643,161.0,1.35,77.0,0,132.0,108,1.09,0.0,8.0,0.14,-2,12.0,Hard,Regular,derrotas,Mala,derrotas,player2,False,False,True
0.0,0.0,1560,40.0,123.0,0,1452,200.0,0.02,5.0,11.0,0.01,31.2,2.5641025641025643,161.0,1.35,77.0,0,132.0,108,1.09,0.0,8.0,0.14,-2,12.0,Hard,Regular,derrotas,Mala,derrotas,player2,False,False,True
0.0,0.0,1560,40.0,123.0,0,1452,200.0,0.02,5.0,11.0,0.01,31.2,2.5641025641025643,161.0,1.35,77.0,0,132.0,108,1.09,0.0,8.0,0.14,-2,12.0,Hard,Regular,derrotas,Mala,derrotas,player2,False,False,True
0.0,0.13,1413,25.0,24.0,2,1664,200.0,0.01,12.0,8.0,0.03,60.0,1.1299435028248588,135.0,1.1,176.0,2,132.0,-251,1.34,0.12,5.0,0.15,-2,15.0,Hard,Mala,derrotas,Buena,derrotas,player2,False,False,True
0.0,0.13,1413,25.0,24.0,2,1664,200.0,0.01,12.0,8.0,0.03,60.0,1.1299435028248588,135.0,1.1,176.0,2,132.0,-251,1.34,0.12,5.0,0.15,-2,15.0,Hard,Mala,derrotas,Buena,derrotas,player2,False,False,True
0.0,0.13,1413,25.0,24.0,2,1664,200.0,0.01,12.0,8.0,0.03,60.0,1.1299435028248588,135.0,1.1,176.0,2,132.0,-251,1.34,0.12,5.0,0.15,-2,15.0,Hard,Mala,derrotas,Buena,derrotas,player2,False,False,True
21.3169,0.15,1717,65.0,0.0,3,1516,98.0,0.07,7.0,13.0,0.02,35.0,0.98989898989899,152.0,1.03,98.0,12,152.0,201,0.66,0.0,13.0,0.14,5,7.0,Clay,Buena,victorias,Mala,derrotas,player2,True,False,False
21.3169,0.15,1717,65.0,0.0,3,1516,98.0,0.07,7.0,13.0,0.02,35.0,0.98989898989899,152.0,1.03,98.0,12,152.0,201,0.66,0.0,13.0,0.14,5,7.0,Clay,Buena,victorias,Mala,derrotas,player2,True,False,False
21.3169,0.15,1717,65.0,0.0,3,1516,98.0,0.07,7.0,13.0,0.02,35.0,0.98989898989899,152.0,1.03,98.0,12,152.0,201,0.66,0.0,13.0,0.14,5,7.0,Clay,Buena,victorias,Mala,derrotas,player2,True,False,False
0.0017,0.44,1545,50.0,0.0,3,1630,157.0,0.01,13.0,7.0,0.02,65.0,0.9936708860759493,138.0,1.31,157.0,4,138.0,-85,1.37,0.19,10.0,0.18,1,10.0,Clay,Regular,victorias,Buena,victorias,player2,True,False,False
0.0017,0.44,1545,50.0,0.0,3,1630,157.0,0.01,13.0,7.0,0.02,65.0,0.9936708860759493,138.0,1.31,157.0,4,138.0,-85,1.37,0.19,10.0,0.18,1,10.0,Clay,Regular,victorias,Buena,victorias,player2,True,False,False
0.0017,0.44,1545,50.0,0.0,3,1630,157.0,0.01,13.0,7.0,0.02,65.0,0.9936708860759493,138.0,1.31,157.0,4,138.0,-85,1.37,0.19,10.0,0.18,1,10.0,Clay,Regular,victorias,Buena,victorias,player2,True,False,False
0.0,0.09,1534,40.0,-59.0,1,1529,98.0,0.0,8.0,12.0,0.01,40.0,0.620253164556962,138.0,1.27,157.0,3,152.0,5,1.27,0.0,8.0,0.0,1,12.0,Clay,Regular,victorias,Regular,victorias,player2,True,False,False
0.0,0.09,1534,40.0,-59.0,1,1529,98.0,0.0,8.0,12.0,0.01,40.0,0.620253164556962,138.0,1.27,157.0,3,152.0,5,1.27,0.0,8.0,0.0,1,12.0,Clay,Regular,victorias,Regular,victorias,player2,True,False,False
0.0,0.09,1534,40.0,-59.0,1,1529,98.0,0.0,8.0,12.0,0.01,40.0,0.620253164556962,138.0,1.27,157.0,3,152.0,5,1.27,0.0,8.0,0.0,1,12.0,Clay,Regular,victorias,Regular,victorias,player2,True,False,False
0.0,0.19,1601,60.0,-40.0,2,1598,157.0,0.01,11.0,9.0,0.02,55.0,0.7929292929292929,132.0,1.5,197.0,1,138.0,3,1.27,0.14,12.0,0.13,1,8.0,Clay,Buena,victorias,Regular,victorias,player1,True,False,False
0.0,0.19,1601,60.0,-40.0,2,1598,157.0,0.01,11.0,9.0,0.02,55.0,0.7929292929292929,132.0,1.5,197.0,1,138.0,3,1.27,0.14,12.0,0.13,1,8.0,Clay,Buena,victorias,Regular,victorias,player1,True,False,False
0.0,0.19,1601,60.0,-40.0,2,1598,157.0,0.01,11.0,9.0,0.02,55.0,0.7929292929292929,132.0,1.5,197.0,1,138.0,3,1.27,0.14,12.0,0.13,1,8.0,Clay,Buena,victorias,Regular,victorias,player1,True,False,False
2.6428,0.0,1595,60.0,19.0,2,1582,81.0,0.01,9.0,11.0,0.02,45.0,1.2857142857142858,169.0,1.34,62.0,4,159.0,13,1.27,0.09,12.0,0.14,1,8.0,Clay,Buena,victorias,Regular,victorias,player1,True,False,False
2.6428,0.0,1595,60.0,19.0,2,1582,81.0,0.01,9.0,11.0,0.02,45.0,1.2857142857142858,169.0,1.34,62.0,4,159.0,13,1.27,0.09,12.0,0.14,1,8.0,Clay,Buena,victorias,Regular,victorias,player1,True,False,False
2.6428,0.0,1595,60.0,19.0,2,1582,81.0,0.01,9.0,11.0,0.02,45.0,1.2857142857142858,169.0,1.34,62.0,4,159.0,13,1.27,0.09,12.0,0.14,1,8.0,Clay,Buena,victorias,Regular,victorias,player1,True,False,False
0.9499999999999997,0.0,1691,65.0,114.0,0,1592,195.0,0.06,10.0,10.0,0.03,50.0,2.3780487804878048,159.0,1.19,81.0,3,133.0,99,0.92,0.0,13.0,0.16,6,7.0,Clay,Buena,victorias,Regular,victorias,player1,True,False,False
0.9499999999999997,0.0,1691,65.0,114.0,0,1592,195.0,0.06,10.0,10.0,0.03,50.0,2.3780487804878048,159.0,1.19,81.0,3,133.0,99,0.92,0.0,13.0,0.16,6,7.0,Clay,Buena,victorias,Regular,victorias,player1,True,False,False
0.9499999999999997,0.0,1691,65.0,114.0,0,1592,195.0,0.06,10.0,10.0,0.03,50.0,2.3780487804878048,159.0,1.19,81.0,3,133.0,99,0.92,0.0,13.0,0.16,6,7.0,Clay,Buena,victorias,Regular,victorias,player1,True,False,False
0.0,0.26,1506,35.0,-119.0,0,1605,81.0,0.01,11.0,9.0,0.02,55.0,0.40298507462686567,132.0,1.26,200.0,1,159.0,-99,1.37,0.09,7.0,0.16,1,13.0,Clay,Mala,victorias,Regular,victorias,player1,True,False,False
0.0,0.26,1506,35.0,-119.0,0,1605,81.0,0.01,11.0,9.0,0.02,55.0,0.40298507462686567,132.0,1.26,200.0,1,159.0,-99,1.37,0.09,7.0,0.16,1,13.0,Clay,Mala,victorias,Regular,victorias,player1,True,False,False
0.0,0.26,1506,35.0,-119.0,0,1605,81.0,0.01,11.0,9.0,0.02,55.0,0.40298507462686567,132.0,1.26,200.0,1,159.0,-99,1.37,0.09,7.0,0.16,1,13.0,Clay,Mala,victorias,Regular,victorias,player1,True,False,False
0.0,0.4,1619,55.0,114.0,0,1748,195.0,0.01,15.0,5.0,0.04,75.0,2.3780487804878048,159.0,1.34,81.0,4,133.0,-129,1.41,0.09,11.0,0.09,1,9.0,Clay,Regular,victorias,Excelente,victorias,player2,True,False,False
0.0,0.4,1619,55.0,114.0,0,1748,195.0,0.01,15.0,5.0,0.04,75.0,2.3780487804878048,159.0,1.34,81.0,4,133.0,-129,1.41,0.09,11.0,0.09,1,9.0,Clay,Regular,victorias,Excelente,victorias,player2,True,False,False
0.0,0.4,1619,55.0,114.0,0,1748,195.0,0.01,15.0,5.0,0.04,75.0,2.3780487804878048,159.0,1.34,81.0,4,133.0,-129,1.41,0.09,11.0,0.09,1,9.0,Clay,Regular,victorias,Excelente,victorias,player2,True,False,False
7.7444,0.27,1698,75.0,59.0,1,1664,140.0,0.02,13.0,7.0,0.01,65.0,1.7073170731707317,159.0,1.39,81.0,5,141.0,34,1.36,0.15,15.0,0.18,1,5.0,Clay,Excelente,victorias,Buena,victorias,player1,True,False,False
7.7444,0.27,1698,75.0,59.0,1,1664,140.0,0.02,13.0,7.0,0.01,65.0,1.7073170731707317,159.0,1.39,81.0,5,141.0,34,1.36,0.15,15.0,0.18,1,5.0,Clay,Excelente,victorias,Buena,victorias,player1,True,False,False
7.7444,0.27,1698,75.0,59.0,1,1664,140.0,0.02,13.0,7.0,0.01,65.0,1.7073170731707317,159.0,1.39,81.0,5,141.0,34,1.36,0.15,15.0,0.18,1,5.0,Clay,Excelente,victorias,Buena,victorias,player1,True,False,False
4.7753,0.27,1687,60.0,0.0,3,1580,81.0,0.04,10.0,10.0,0.02,50.0,0.9878048780487805,159.0,1.34,81.0,5,159.0,107,1.29,0.0,12.0,0.15,1,8.0,Clay,Buena,victorias,Regular,victorias,player1,True,False,False
4.7753,0.27,1687,60.0,0.0,3,1580,81.0,0.04,10.0,10.0,0.02,50.0,0.9878048780487805,159.0,1.34,81.0,5,159.0,107,1.29,0.0,12.0,0.15,1,8.0,Clay,Buena,victorias,Regular,victorias,player1,True,False,False
4.7753,0.27,1687,60.0,0.0,3,1580,81.0,0.04,10.0,10.0,0.02,50.0,0.9878048780487805,159.0,1.34,81.0,5,159.0,107,1.29,0.0,12.0,0.15,1,8.0,Clay,Buena,victorias,Regular,victorias,player1,True,False,False
0.0,0.0,1676,55.0,-17.0,2,1500,81.0,0.03,6.604565209907285,13.395434790092715,0.0,33.02282604953643,0.8181818181818182,152.0,1.39,98.0,0,159.0,176,0.0,0.0,11.0,0.22,1,9.0,Clay,Regular,victorias,,,player1,True,False,False
0.0,0.0,1676,55.0,-17.0,2,1500,81.0,0.03,6.604565209907285,13.395434790092715,0.0,33.02282604953643,0.8181818181818182,152.0,1.39,98.0,0,159.0,176,0.0,0.0,11.0,0.22,1,9.0,Clay,Regular,victorias,,,player1,True,False,False
0.0,0.0,1676,55.0,-17.0,2,1500,81.0,0.03,6.604565209907285,13.395434790092715,0.0,33.02282604953643,0.8181818181818182,152.0,1.39,98.0,0,159.0,176,0.0,0.0,11.0,0.22,1,9.0,Clay,Regular,victorias,,,player1,True,False,False
0.0,0.0,1676,55.0,-17.0,2,1500,81.0,0.03,6.604565209907285,13.395434790092715,0.0,33.02282604953643,0.8181818181818182,152.0,1.39,98.0,0,159.0,176,0.0,0.0,11.0,0.22,1,9.0,Clay,Regular,victorias,,,player1,True,False,False
0.0,0.11,1629,50.0,123.0,0,1616,200.0,0.02,10.0,10.0,0.01,50.0,2.5641025641025643,161.0,1.35,77.0,1,132.0,13,1.35,0.18,10.0,0.0,1,10.0,Clay,Regular,victorias,Regular,victorias,player2,True,False,False
0.0,0.11,1629,50.0,123.0,0,1616,200.0,0.02,10.0,10.0,0.01,50.0,2.5641025641025643,161.0,1.35,77.0,1,132.0,13,1.35,0.18,10.0,0.0,1,10.0,Clay,Regular,victorias,Regular,victorias,player2,True,False,False
0.0,0.11,1629,50.0,123.0,0,1616,200.0,0.02,10.0,10.0,0.01,50.0,2.5641025641025643,161.0,1.35,77.0,1,132.0,13,1.35,0.18,10.0,0.0,1,10.0,Clay,Regular,victorias,Regular,victorias,player2,True,False,False
6.5197,0.43,1688,65.0,159.0,0,1721,167.0,0.07,14.0,6.0,0.08,70.0,18.555555555555557,319.0,0.88,8.0,9,137.0,-33,1.08,0.21,13.0,0.22,1,7.0,Clay,Buena,victorias,Buena,victorias,player2,True,False,False
6.5197,0.43,1688,65.0,159.0,0,1721,167.0,0.07,14.0,6.0,0.08,70.0,18.555555555555557,319.0,0.88,8.0,9,137.0,-33,1.08,0.21,13.0,0.22,1,7.0,Clay,Buena,victorias,Buena,victorias,player2,True,False,False
6.5197,0.43,1688,65.0,159.0,0,1721,167.0,0.07,14.0,6.0,0.08,70.0,18.555555555555557,319.0,0.88,8.0,9,137.0,-33,1.08,0.21,13.0,0.22,1,7.0,Clay,Buena,victorias,Buena,victorias,player2,True,False,False
6.5314,0.26,1633,60.0,-115.0,0,1531,52.0,0.02,9.0,11.0,0.01,45.0,0.30952380952380953,137.0,1.37,167.0,2,176.0,102,1.3,0.12,12.0,0.12,1,8.0,Clay,Buena,victorias,Regular,victorias,player2,True,False,False
6.5314,0.26,1633,60.0,-115.0,0,1531,52.0,0.02,9.0,11.0,0.01,45.0,0.30952380952380953,137.0,1.37,167.0,2,176.0,102,1.3,0.12,12.0,0.12,1,8.0,Clay,Buena,victorias,Regular,victorias,player2,True,False,False
6.5314,0.26,1633,60.0,-115.0,0,1531,52.0,0.02,9.0,11.0,0.01,45.0,0.30952380952380953,137.0,1.37,167.0,2,176.0,102,1.3,0.12,12.0,0.12,1,8.0,Clay,Buena,victorias,Regular,victorias,player2,True,False,False
4.7719,0.18,1594,40.0,0.0,3,1731,32.0,0.06,15.0,5.0,0.05,75.0,0.9696969696969697,200.0,0.87,32.0,3,200.0,-137,1.14,0.2,8.0,0.2,1,12.0,Clay,Regular,victorias,Excelente,victorias,player2,True,False,False
4.7719,0.18,1594,40.0,0.0,3,1731,32.0,0.06,15.0,5.0,0.05,75.0,0.9696969696969697,200.0,0.87,32.0,3,200.0,-137,1.14,0.2,8.0,0.2,1,12.0,Clay,Regular,victorias,Excelente,victorias,player2,True,False,False
4.7719,0.18,1594,40.0,0.0,3,1731,32.0,0.06,15.0,5.0,0.05,75.0,0.9696969696969697,200.0,0.87,32.0,3,200.0,-137,1.14,0.2,8.0,0.2,1,12.0,Clay,Regular,victorias,Excelente,victorias,player2,True,False,False
0.0,0.0,1471,25.0,62.0,1,1702,139.0,0.01,14.0,6.0,0.01,70.0,1.7820512820512822,161.0,0.85,77.0,2,142.0,-231,1.18,0.38,5.0,0.58,1,15.0,Clay,Mala,victorias,Buena,victorias,player1,True,False,False
0.0,0.0,1471,25.0,62.0,1,1702,139.0,0.01,14.0,6.0,0.01,70.0,1.7820512820512822,161.0,0.85,77.0,2,142.0,-231,1.18,0.38,5.0,0.58,1,15.0,Clay,Mala,victorias,Buena,victorias,player1,True,False,False
0.0,0.0,1471,25.0,62.0,1,1702,139.0,0.01,14.0,6.0,0.01,70.0,1.7820512820512822,161.0,0.85,77.0,2,142.0,-231,1.18,0.38,5.0,0.58,1,15.0,Clay,Mala,victorias,Buena,victorias,player1,True,False,False
0.0,0.0,1521,44.4,-62.0,1,1565,77.0,0.01,10.0,10.0,0.01,50.0,0.55,142.0,1.42,139.0,1,161.0,-44,1.25,0.18,4.0,0.12,1,5.0,Clay,Regular,victorias,Regular,victorias,player1,True,False,False
0.0,0.0,1521,44.4,-62.0,1,1565,77.0,0.01,10.0,10.0,0.01,50.0,0.55,142.0,1.42,139.0,1,161.0,-44,1.25,0.18,4.0,0.12,1,5.0,Clay,Regular,victorias,Regular,victorias,player1,True,False,False
0.0,0.0,1521,44.4,-62.0,1,1565,77.0,0.01,10.0,10.0,0.01,50.0,0.55,142.0,1.42,139.0,1,161.0,-44,1.25,0.18,4.0,0.12,1,5.0,Clay,Regular,victorias,Regular,victorias,player1,True,False,False
10.769,0.58,1699,70.0,32.0,2,1599,171.0,0.02,10.0,10.0,0.02,50.0,1.2214285714285715,142.0,1.27,139.0,11,136.0,100,1.2,0.24,14.0,0.18,1,6.0,Clay,Buena,victorias,Regular,victorias,player2,True,False,False
10.769,0.58,1699,70.0,32.0,2,1599,171.0,0.02,10.0,10.0,0.02,50.0,1.2214285714285715,142.0,1.27,139.0,11,136.0,100,1.2,0.24,14.0,0.18,1,6.0,Clay,Buena,victorias,Regular,victorias,player2,True,False,False
10.769,0.58,1699,70.0,32.0,2,1599,171.0,0.02,10.0,10.0,0.02,50.0,1.2214285714285715,142.0,1.27,139.0,11,136.0,100,1.2,0.24,14.0,0.18,1,6.0,Clay,Buena,victorias,Regular,victorias,player2,True,False,False
0.0,0.13,1563,50.0,-122.0,0,1662,69.0,0.01,14.0,6.0,0.03,70.0,0.359375,133.0,1.32,191.0,3,165.0,-99,1.4,0.09,10.0,0.09,1,10.0,Hard,Regular,victorias,Buena,victorias,player1,False,False,True
0.0,0.13,1563,50.0,-122.0,0,1662,69.0,0.01,14.0,6.0,0.03,70.0,0.359375,133.0,1.32,191.0,3,165.0,-99,1.4,0.09,10.0,0.09,1,10.0,Hard,Regular,victorias,Buena,victorias,player1,False,False,True
0.0,0.13,1563,50.0,-122.0,0,1662,69.0,0.01,14.0,6.0,0.03,70.0,0.359375,133.0,1.32,191.0,3,165.0,-99,1.4,0.09,10.0,0.09,1,10.0,Hard,Regular,victorias,Buena,victorias,player1,False,False,True
0.0,0.15,1694,70.0,-167.0,0,1709,24.0,0.07,13.0,7.0,0.11,65.0,0.125,133.0,0.96,191.0,4,217.0,-15,1.17,0.21,14.0,0.19,1,6.0,Hard,Buena,victorias,Buena,victorias,player1,False,False,True
0.0,0.15,1694,70.0,-167.0,0,1709,24.0,0.07,13.0,7.0,0.11,65.0,0.125,133.0,0.96,191.0,4,217.0,-15,1.17,0.21,14.0,0.19,1,6.0,Hard,Buena,victorias,Buena,victorias,player1,False,False,True
0.0,0.15,1694,70.0,-167.0,0,1709,24.0,0.07,13.0,7.0,0.11,65.0,0.125,133.0,0.96,191.0,4,217.0,-15,1.17,0.21,14.0,0.19,1,6.0,Hard,Buena,victorias,Buena,victorias,player1,False,False,True
9.7555,0.1,1560,45.0,4.0,3,1496,195.0,0.02,8.0,12.0,0.01,40.0,1.015625,133.0,1.26,191.0,5,133.0,64,1.23,0.17,9.0,0.23,1,11.0,Hard,Regular,victorias,Regular,victorias,player1,False,False,True
9.7555,0.1,1560,45.0,4.0,3,1496,195.0,0.02,8.0,12.0,0.01,40.0,1.015625,133.0,1.26,191.0,5,133.0,64,1.23,0.17,9.0,0.23,1,11.0,Hard,Regular,victorias,Regular,victorias,player1,False,False,True
9.7555,0.1,1560,45.0,4.0,3,1496,195.0,0.02,8.0,12.0,0.01,40.0,1.015625,133.0,1.26,191.0,5,133.0,64,1.23,0.17,9.0,0.23,1,11.0,Hard,Regular,victorias,Regular,victorias,player1,False,False,True
0.0,0.13,1655,65.0,139.0,0,1790,191.0,0.07,16.0,4.0,0.11,80.0,3.6037735849056602,176.0,0.76,52.0,2,133.0,-135,0.92,0.4,13.0,0.42,1,7.0,Hard,Buena,victorias,Excelente,victorias,player1,False,False,True
0.0,0.13,1655,65.0,139.0,0,1790,191.0,0.07,16.0,4.0,0.11,80.0,3.6037735849056602,176.0,0.76,52.0,2,133.0,-135,0.92,0.4,13.0,0.42,1,7.0,Hard,Buena,victorias,Excelente,victorias,player1,False,False,True
0.0,0.13,1655,65.0,139.0,0,1790,191.0,0.07,16.0,4.0,0.11,80.0,3.6037735849056602,176.0,0.76,52.0,2,133.0,-135,0.92,0.4,13.0,0.42,1,7.0,Hard,Buena,victorias,Excelente,victorias,player1,False,False,True
0.0,0.0,1515,50.0,123.0,0,1494,200.0,0.0,8.0,12.0,0.01,40.0,2.5641025641025643,161.0,1.46,77.0,0,132.0,21,1.2,0.0,1.0,0.0,1,1.0,Hard,Regular,victorias,Regular,victorias,player2,False,False,True
0.0,0.0,1515,50.0,123.0,0,1494,200.0,0.0,8.0,12.0,0.01,40.0,2.5641025641025643,161.0,1.46,77.0,0,132.0,21,1.2,0.0,1.0,0.0,1,1.0,Hard,Regular,victorias,Regular,victorias,player2,False,False,True
0.0,0.0,1515,50.0,123.0,0,1494,200.0,0.0,8.0,12.0,0.01,40.0,2.5641025641025643,161.0,1.46,77.0,0,132.0,21,1.2,0.0,1.0,0.0,1,1.0,Hard,Regular,victorias,Regular,victorias,player2,False,False,True
8.480400000000001,0.12,1628,50.0,-117.0,0,1653,83.0,0.03,12.0,8.0,0.02,60.0,0.4129353233830846,132.0,1.08,200.0,3,158.0,-25,1.01,0.12,10.0,0.09,6,10.0,Hard,Regular,victorias,Buena,victorias,player2,False,False,True
8.480400000000001,0.12,1628,50.0,-117.0,0,1653,83.0,0.03,12.0,8.0,0.02,60.0,0.4129353233830846,132.0,1.08,200.0,3,158.0,-25,1.01,0.12,10.0,0.09,6,10.0,Hard,Regular,victorias,Buena,victorias,player2,False,False,True
8.480400000000001,0.12,1628,50.0,-117.0,0,1653,83.0,0.03,12.0,8.0,0.02,60.0,0.4129353233830846,132.0,1.08,200.0,3,158.0,-25,1.01,0.12,10.0,0.09,6,10.0,Hard,Regular,victorias,Buena,victorias,player2,False,False,True
0.0,0.11,1446,30.0,98.0,1,1540,191.0,0.0,8.0,12.0,0.02,40.0,2.0319148936170213,154.0,1.21,93.0,2,133.0,-94,1.28,0.0,6.0,0.0,1,14.0,Hard,Mala,victorias,Regular,victorias,player2,False,False,True
0.0,0.11,1446,30.0,98.0,1,1540,191.0,0.0,8.0,12.0,0.02,40.0,2.0319148936170213,154.0,1.21,93.0,2,133.0,-94,1.28,0.0,6.0,0.0,1,14.0,Hard,Mala,victorias,Regular,victorias,player2,False,False,True
0.0,0.11,1446,30.0,98.0,1,1540,191.0,0.0,8.0,12.0,0.02,40.0,2.0319148936170213,154.0,1.21,93.0,2,133.0,-94,1.28,0.0,6.0,0.0,1,14.0,Hard,Mala,victorias,Regular,victorias,player2,False,False,True
0.0,0.25,1474,30.0,0.0,3,1636,139.0,0.0,11.0,9.0,0.02,55.0,0.9928571428571429,142.0,1.2,139.0,4,142.0,-162,1.34,0.17,6.0,0.14,1,14.0,Clay,Mala,victorias,Regular,victorias,player1,True,False,False
0.0,0.25,1474,30.0,0.0,3,1636,139.0,0.0,11.0,9.0,0.02,55.0,0.9928571428571429,142.0,1.2,139.0,4,142.0,-162,1.34,0.17,6.0,0.14,1,14.0,Clay,Mala,victorias,Regular,victorias,player1,True,False,False
0.0,0.25,1474,30.0,0.0,3,1636,139.0,0.0,11.0,9.0,0.02,55.0,0.9928571428571429,142.0,1.2,139.0,4,142.0,-162,1.34,0.17,6.0,0.14,1,14.0,Clay,Mala,victorias,Regular,victorias,player1,True,False,False
0.0,0.28,1598,55.0,0.0,3,1648,139.0,0.01,11.0,9.0,0.02,55.0,0.9928571428571429,142.0,1.35,139.0,3,142.0,-50,1.35,0.0,11.0,0.0,1,9.0,Clay,Regular,victorias,Regular,victorias,player2,True,False,False
0.0,0.28,1598,55.0,0.0,3,1648,139.0,0.01,11.0,9.0,0.02,55.0,0.9928571428571429,142.0,1.35,139.0,3,142.0,-50,1.35,0.0,11.0,0.0,1,9.0,Clay,Regular,victorias,Regular,victorias,player2,True,False,False
0.0,0.28,1598,55.0,0.0,3,1648,139.0,0.01,11.0,9.0,0.02,55.0,0.9928571428571429,142.0,1.35,139.0,3,142.0,-50,1.35,0.0,11.0,0.0,1,9.0,Clay,Regular,victorias,Regular,victorias,player2,True,False,False
4.7749,0.0,1602,55.0,-19.0,2,1600,81.0,0.01,10.0,10.0,0.04,50.0,0.801980198019802,152.0,1.26,100.0,1,159.0,2,1.44,0.0,11.0,0.09,1,9.0,Clay,Regular,victorias,Regular,victorias,player1,True,False,False
4.7749,0.0,1602,55.0,-19.0,2,1600,81.0,0.01,10.0,10.0,0.04,50.0,0.801980198019802,152.0,1.26,100.0,1,159.0,2,1.44,0.0,11.0,0.09,1,9.0,Clay,Regular,victorias,Regular,victorias,player1,True,False,False
4.7749,0.0,1602,55.0,-19.0,2,1600,81.0,0.01,10.0,10.0,0.04,50.0,0.801980198019802,152.0,1.26,100.0,1,159.0,2,1.44,0.0,11.0,0.09,1,9.0,Clay,Regular,victorias,Regular,victorias,player1,True,False,False
0.0,0.0,1457,30.0,95.0,1,1487,176.0,0.0,6.0,14.0,0.01,30.0,2.1463414634146343,159.0,1.24,81.0,0,135.0,-30,1.24,0.0,6.0,0.0,1,14.0,Clay,Mala,victorias,Mala,victorias,player1,True,False,False
0.0,0.0,1457,30.0,95.0,1,1487,176.0,0.0,6.0,14.0,0.01,30.0,2.1463414634146343,159.0,1.24,81.0,0,135.0,-30,1.24,0.0,6.0,0.0,1,14.0,Clay,Mala,victorias,Mala,victorias,player1,True,False,False
0.0,0.0,1457,30.0,95.0,1,1487,176.0,0.0,6.0,14.0,0.01,30.0,2.1463414634146343,159.0,1.24,81.0,0,135.0,-30,1.24,0.0,6.0,0.0,1,14.0,Clay,Mala,victorias,Mala,victorias,player1,True,False,False
17.519,0.26,1593,50.0,35.0,2,1608,118.0,0.02,11.0,9.0,0.01,55.0,1.4047619047619047,158.0,0.98,83.0,7,146.0,-15,0.94,0.0,10.0,0.48,1,10.0,Clay,Regular,victorias,Regular,victorias,player1,True,False,False
17.519,0.26,1593,50.0,35.0,2,1608,118.0,0.02,11.0,9.0,0.01,55.0,1.4047619047619047,158.0,0.98,83.0,7,146.0,-15,0.94,0.0,10.0,0.48,1,10.0,Clay,Regular,victorias,Regular,victorias,player1,True,False,False
17.519,0.26,1593,50.0,35.0,2,1608,118.0,0.02,11.0,9.0,0.01,55.0,1.4047619047619047,158.0,0.98,83.0,7,146.0,-15,0.94,0.0,10.0,0.48,1,10.0,Clay,Regular,victorias,Regular,victorias,player1,True,False,False
27.5587,0.54,1644,60.0,-58.0,1,1637,118.0,0.03,10.0,10.0,0.03,50.0,0.6666666666666666,135.0,1.2,176.0,14,146.0,7,1.16,0.21,12.0,0.23,1,8.0,Clay,Buena,victorias,Regular,victorias,player1,True,False,False
27.5587,0.54,1644,60.0,-58.0,1,1637,118.0,0.03,10.0,10.0,0.03,50.0,0.6666666666666666,135.0,1.2,176.0,14,146.0,7,1.16,0.21,12.0,0.23,1,8.0,Clay,Buena,victorias,Regular,victorias,player1,True,False,False
27.5587,0.54,1644,60.0,-58.0,1,1637,118.0,0.03,10.0,10.0,0.03,50.0,0.6666666666666666,135.0,1.2,176.0,14,146.0,7,1.16,0.21,12.0,0.23,1,8.0,Clay,Buena,victorias,Regular,victorias,player1,True,False,False
8.511400000000002,0.36,1411,20.0,51.0,1,1749,59.0,0.01,15.0,5.0,0.1,75.0,6.555555555555555,319.0,0.77,8.0,3,171.0,-338,1.18,0.0,4.0,0.18,1,16.0,Clay,Mala,victorias,Excelente,victorias,player1,True,False,False
8.511400000000002,0.36,1411,20.0,51.0,1,1749,59.0,0.01,15.0,5.0,0.1,75.0,6.555555555555555,319.0,0.77,8.0,3,171.0,-338,1.18,0.0,4.0,0.18,1,16.0,Clay,Mala,victorias,Excelente,victorias,player1,True,False,False
8.511400000000002,0.36,1411,20.0,51.0,1,1749,59.0,0.01,15.0,5.0,0.1,75.0,6.555555555555555,319.0,0.77,8.0,3,171.0,-338,1.18,0.0,4.0,0.18,1,16.0,Clay,Mala,victorias,Excelente,victorias,player1,True,False,False
0.0,0.0,1578,55.0,-187.0,0,1578,8.0,0.01,10.0,10.0,0.02,50.0,0.04081632653061224,133.0,1.35,195.0,2,319.0,0,1.33,0.0,11.0,0.0,1,9.0,Hard,Regular,victorias,Regular,victorias,player1,False,False,True
0.0,0.0,1578,55.0,-187.0,0,1578,8.0,0.01,10.0,10.0,0.02,50.0,0.04081632653061224,133.0,1.35,195.0,2,319.0,0,1.33,0.0,11.0,0.0,1,9.0,Hard,Regular,victorias,Regular,victorias,player1,False,False,True
0.0,0.0,1578,55.0,-187.0,0,1578,8.0,0.01,10.0,10.0,0.02,50.0,0.04081632653061224,133.0,1.35,195.0,2,319.0,0,1.33,0.0,11.0,0.0,1,9.0,Hard,Regular,victorias,Regular,victorias,player1,False,False,True
0.0,0.08,1553,45.0,-68.0,1,1607,77.0,0.02,12.0,8.0,0.02,60.0,0.5273972602739726,140.0,1.32,145.0,1,161.0,-54,1.39,0.19,9.0,0.18,1,11.0,Hard,Regular,victorias,Buena,victorias,player1,False,False,True
0.0,0.08,1553,45.0,-68.0,1,1607,77.0,0.02,12.0,8.0,0.02,60.0,0.5273972602739726,140.0,1.32,145.0,1,161.0,-54,1.39,0.19,9.0,0.18,1,11.0,Hard,Regular,victorias,Buena,victorias,player1,False,False,True
0.0,0.08,1553,45.0,-68.0,1,1607,77.0,0.02,12.0,8.0,0.02,60.0,0.5273972602739726,140.0,1.32,145.0,1,161.0,-54,1.39,0.19,9.0,0.18,1,11.0,Hard,Regular,victorias,Buena,victorias,player1,False,False,True
0.0,0.0,1434,25.0,-59.0,1,1597,22.0,0.01,11.0,9.0,0.03,55.0,0.2682926829268293,159.0,1.18,81.0,1,223.0,-163,1.37,0.16,5.0,0.12,1,15.0,Hard,Mala,victorias,Regular,victorias,player2,False,False,True
0.0,0.0,1434,25.0,-59.0,1,1597,22.0,0.01,11.0,9.0,0.03,55.0,0.2682926829268293,159.0,1.18,81.0,1,223.0,-163,1.37,0.16,5.0,0.12,1,15.0,Hard,Mala,victorias,Regular,victorias,player2,False,False,True
0.0,0.0,1434,25.0,-59.0,1,1597,22.0,0.01,11.0,9.0,0.03,55.0,0.2682926829268293,159.0,1.18,81.0,1,223.0,-163,1.37,0.16,5.0,0.12,1,15.0,Hard,Mala,victorias,Regular,victorias,player2,False,False,True
6.5332,0.47,1553,45.0,57.0,1,1539,98.0,0.01,9.0,11.0,0.01,45.0,2.3333333333333335,187.0,1.18,41.0,4,152.0,14,1.38,0.09,9.0,0.0,1,11.0,Clay,Regular,victorias,Regular,victorias,player1,True,False,False
6.5332,0.47,1553,45.0,57.0,1,1539,98.0,0.01,9.0,11.0,0.01,45.0,2.3333333333333335,187.0,1.18,41.0,4,152.0,14,1.38,0.09,9.0,0.0,1,11.0,Clay,Regular,victorias,Regular,victorias,player1,True,False,False
6.5332,0.47,1553,45.0,57.0,1,1539,98.0,0.01,9.0,11.0,0.01,45.0,2.3333333333333335,187.0,1.18,41.0,4,152.0,14,1.38,0.09,9.0,0.0,1,11.0,Clay,Regular,victorias,Regular,victorias,player1,True,False,False
6.0245,0.48,1585,50.0,80.0,1,1623,98.0,0.01,12.0,8.0,0.01,60.0,5.157894736842105,238.0,1.26,18.0,7,152.0,-38,1.3,0.0,10.0,0.0,1,10.0,Clay,Regular,victorias,Buena,victorias,player1,True,False,False
6.0245,0.48,1585,50.0,80.0,1,1623,98.0,0.01,12.0,8.0,0.01,60.0,5.157894736842105,238.0,1.26,18.0,7,152.0,-38,1.3,0.0,10.0,0.0,1,10.0,Clay,Regular,victorias,Buena,victorias,player1,True,False,False
6.0245,0.48,1585,50.0,80.0,1,1623,98.0,0.01,12.0,8.0,0.01,60.0,5.157894736842105,238.0,1.26,18.0,7,152.0,-38,1.3,0.0,10.0,0.0,1,10.0,Clay,Regular,victorias,Buena,victorias,player1,True,False,False
4.7793,0.0,1768,75.0,0.0,3,1507,167.0,0.1,9.0,11.0,0.01,45.0,0.9940476190476191,137.0,1.17,167.0,4,137.0,261,0.81,0.09,15.0,0.12,6,5.0,Clay,Excelente,victorias,Regular,victorias,player1,True,False,False
4.7793,0.0,1768,75.0,0.0,3,1507,167.0,0.1,9.0,11.0,0.01,45.0,0.9940476190476191,137.0,1.17,167.0,4,137.0,261,0.81,0.09,15.0,0.12,6,5.0,Clay,Excelente,victorias,Regular,victorias,player1,True,False,False
4.7793,0.0,1768,75.0,0.0,3,1507,167.0,0.1,9.0,11.0,0.01,45.0,0.9940476190476191,137.0,1.17,167.0,4,137.0,261,0.81,0.09,15.0,0.12,6,5.0,Clay,Excelente,victorias,Regular,victorias,player1,True,False,False
0.0,0.1,1563,45.0,-104.0,0,1569,77.0,0.01,8.0,12.0,0.02,40.0,0.4230769230769231,135.0,1.3,181.0,2,161.0,-6,1.28,0.0,9.0,0.0,1,11.0,Hard,Regular,victorias,Regular,victorias,player1,False,False,True
0.0,0.1,1563,45.0,-104.0,0,1569,77.0,0.01,8.0,12.0,0.02,40.0,0.4230769230769231,135.0,1.3,181.0,2,161.0,-6,1.28,0.0,9.0,0.0,1,11.0,Hard,Regular,victorias,Regular,victorias,player1,False,False,True
0.0,0.1,1563,45.0,-104.0,0,1569,77.0,0.01,8.0,12.0,0.02,40.0,0.4230769230769231,135.0,1.3,181.0,2,161.0,-6,1.28,0.0,9.0,0.0,1,11.0,Hard,Regular,victorias,Regular,victorias,player1,False,False,True
0.0,0.0,1587,45.0,123.0,0,1485,200.0,0.02,6.0,11.0,0.01,35.3,2.5641025641025643,161.0,1.32,77.0,1,132.0,102,1.26,0.0,9.0,0.14,1,11.0,Hard,Regular,victorias,Mala,victorias,player2,False,False,True
0.0,0.0,1587,45.0,123.0,0,1485,200.0,0.02,6.0,11.0,0.01,35.3,2.5641025641025643,161.0,1.32,77.0,1,132.0,102,1.26,0.0,9.0,0.14,1,11.0,Hard,Regular,victorias,Mala,victorias,player2,False,False,True
0.0,0.0,1587,45.0,123.0,0,1485,200.0,0.02,6.0,11.0,0.01,35.3,2.5641025641025643,161.0,1.32,77.0,1,132.0,102,1.26,0.0,9.0,0.14,1,11.0,Hard,Regular,victorias,Mala,victorias,player2,False,False,True
0.0,0.13,1449,30.0,24.0,2,1684,200.0,0.01,12.0,8.0,0.03,60.0,1.1299435028248588,135.0,1.21,176.0,2,132.0,-235,1.37,0.12,6.0,0.15,1,14.0,Hard,Mala,victorias,Buena,victorias,player2,False,False,True
0.0,0.13,1449,30.0,24.0,2,1684,200.0,0.01,12.0,8.0,0.03,60.0,1.1299435028248588,135.0,1.21,176.0,2,132.0,-235,1.37,0.12,6.0,0.15,1,14.0,Hard,Mala,victorias,Buena,victorias,player2,False,False,True
0.0,0.13,1449,30.0,24.0,2,1684,200.0,0.01,12.0,8.0,0.03,60.0,1.1299435028248588,135.0,1.21,176.0,2,132.0,-235,1.37,0.12,6.0,0.15,1,14.0,Hard,Mala,victorias,Buena,victorias,player2,False,False,True
4.199999999999999,0.35,1661,60.0,-91.0,1,1599,81.0,0.02,10.0,10.0,0.03,50.0,0.4682080924855491,136.0,1.41,172.0,8,159.0,62,1.17,0.0,12.0,0.0,1,8.0,Clay,Buena,victorias,Regular,victorias,player2,True,False,False
4.199999999999999,0.35,1661,60.0,-91.0,1,1599,81.0,0.02,10.0,10.0,0.03,50.0,0.4682080924855491,136.0,1.41,172.0,8,159.0,62,1.17,0.0,12.0,0.0,1,8.0,Clay,Buena,victorias,Regular,victorias,player2,True,False,False
4.199999999999999,0.35,1661,60.0,-91.0,1,1599,81.0,0.02,10.0,10.0,0.03,50.0,0.4682080924855491,136.0,1.41,172.0,8,159.0,62,1.17,0.0,12.0,0.0,1,8.0,Clay,Buena,victorias,Regular,victorias,player2,True,False,False
0.5999999999999999,0.23,1598,45.0,50.0,2,1668,195.0,0.01,13.0,7.0,0.03,65.0,1.3356164383561644,140.0,1.31,145.0,2,133.0,-70,1.4,0.0,9.0,0.0,1,11.0,Clay,Regular,victorias,Buena,victorias,player2,True,False,False
0.5999999999999999,0.23,1598,45.0,50.0,2,1668,195.0,0.01,13.0,7.0,0.03,65.0,1.3356164383561644,140.0,1.31,145.0,2,133.0,-70,1.4,0.0,9.0,0.0,1,11.0,Clay,Regular,victorias,Buena,victorias,player2,True,False,False
0.5999999999999999,0.23,1598,45.0,50.0,2,1668,195.0,0.01,13.0,7.0,0.03,65.0,1.3356164383561644,140.0,1.31,145.0,2,133.0,-70,1.4,0.0,9.0,0.0,1,11.0,Clay,Regular,victorias,Buena,victorias,player2,True,False,False
0.0,0.0,1572,55.0,-64.0,1,1445,81.0,0.01,7.0,13.0,0.0,35.0,0.5547945205479452,140.0,1.36,145.0,2,159.0,127,1.25,0.0,11.0,0.18,1,9.0,Clay,Regular,victorias,Mala,victorias,player1,True,False,False
0.0,0.0,1572,55.0,-64.0,1,1445,81.0,0.01,7.0,13.0,0.0,35.0,0.5547945205479452,140.0,1.36,145.0,2,159.0,127,1.25,0.0,11.0,0.18,1,9.0,Clay,Regular,victorias,Mala,victorias,player1,True,False,False
0.0,0.0,1572,55.0,-64.0,1,1445,81.0,0.01,7.0,13.0,0.0,35.0,0.5547945205479452,140.0,1.36,145.0,2,159.0,127,1.25,0.0,11.0,0.18,1,9.0,Clay,Regular,victorias,Mala,victorias,player1,True,False,False
0.0,0.0,1610,60.0,0.0,3,1500,154.0,0.01,6.0,14.000000000000002,0.0,30.000000000000004,0.9935483870967742,139.0,1.41,154.0,0,139.0,110,0.0,0.0,12.0,0.0,1,8.0,Clay,Buena,victorias,,,player1,True,False,False
0.0,0.0,1610,60.0,0.0,3,1500,154.0,0.01,6.0,14.000000000000002,0.0,30.000000000000004,0.9935483870967742,139.0,1.41,154.0,0,139.0,110,0.0,0.0,12.0,0.0,1,8.0,Clay,Buena,victorias,,,player1,True,False,False
0.0,0.0,1610,60.0,0.0,3,1500,154.0,0.01,6.0,14.000000000000002,0.0,30.000000000000004,0.9935483870967742,139.0,1.41,154.0,0,139.0,110,0.0,0.0,12.0,0.0,1,8.0,Clay,Buena,victorias,,,player1,True,False,False
18.4616,0.24,1583,50.0,0.0,3,1539,98.0,0.03,8.0,12.0,0.01,40.0,0.98989898989899,152.0,1.15,98.0,14,152.0,44,1.11,0.09,10.0,0.09,1,10.0,Clay,Regular,victorias,Regular,victorias,player1,True,False,False
18.4616,0.24,1583,50.0,0.0,3,1539,98.0,0.03,8.0,12.0,0.01,40.0,0.98989898989899,152.0,1.15,98.0,14,152.0,44,1.11,0.09,10.0,0.09,1,10.0,Clay,Regular,victorias,Regular,victorias,player1,True,False,False
18.4616,0.24,1583,50.0,0.0,3,1539,98.0,0.03,8.0,12.0,0.01,40.0,0.98989898989899,152.0,1.15,98.0,14,152.0,44,1.11,0.09,10.0,0.09,1,10.0,Clay,Regular,victorias,Regular,victorias,player1,True,False,False
20.566799999999997,0.3,1677,60.0,-36.0,2,1763,62.0,0.05,16.0,4.0,0.05,80.0,0.6262626262626263,152.0,0.84,98.0,10,169.0,-86,1.05,0.0,12.0,0.13,1,8.0,Clay,Buena,victorias,Excelente,victorias,player2,True,False,False
20.566799999999997,0.3,1677,60.0,-36.0,2,1763,62.0,0.05,16.0,4.0,0.05,80.0,0.6262626262626263,152.0,0.84,98.0,10,169.0,-86,1.05,0.0,12.0,0.13,1,8.0,Clay,Buena,victorias,Excelente,victorias,player2,True,False,False
20.566799999999997,0.3,1677,60.0,-36.0,2,1763,62.0,0.05,16.0,4.0,0.05,80.0,0.6262626262626263,152.0,0.84,98.0,10,169.0,-86,1.05,0.0,12.0,0.13,1,8.0,Clay,Buena,victorias,Excelente,victorias,player2,True,False,False
7.7637,0.0,1635,60.0,0.0,3,1459,98.0,0.02,6.0,14.0,0.01,30.0,0.98989898989899,152.0,1.11,98.0,4,152.0,176,0.93,0.18,12.0,0.4,1,8.0,Clay,Buena,victorias,Mala,victorias,player1,True,False,False
7.7637,0.0,1635,60.0,0.0,3,1459,98.0,0.02,6.0,14.0,0.01,30.0,0.98989898989899,152.0,1.11,98.0,4,152.0,176,0.93,0.18,12.0,0.4,1,8.0,Clay,Buena,victorias,Mala,victorias,player1,True,False,False
7.7637,0.0,1635,60.0,0.0,3,1459,98.0,0.02,6.0,14.0,0.01,30.0,0.98989898989899,152.0,1.11,98.0,4,152.0,176,0.93,0.18,12.0,0.4,1,8.0,Clay,Buena,victorias,Mala,victorias,player1,True,False,False
19.3956,0.59,1613,45.0,-118.0,0,1711,77.0,0.04,13.0,7.0,0.05,65.0,0.39285714285714285,133.0,1.02,195.0,18,161.0,-98,1.27,0.23,9.0,0.27,1,11.0,Clay,Regular,victorias,Buena,victorias,player2,True,False,False
19.3956,0.59,1613,45.0,-118.0,0,1711,77.0,0.04,13.0,7.0,0.05,65.0,0.39285714285714285,133.0,1.02,195.0,18,161.0,-98,1.27,0.23,9.0,0.27,1,11.0,Clay,Regular,victorias,Buena,victorias,player2,True,False,False
19.3956,0.59,1613,45.0,-118.0,0,1711,77.0,0.04,13.0,7.0,0.05,65.0,0.39285714285714285,133.0,1.02,195.0,18,161.0,-98,1.27,0.23,9.0,0.27,1,11.0,Clay,Regular,victorias,Buena,victorias,player2,True,False,False
7.7699,0.09,1639,55.0,119.0,0,1562,200.0,0.03,7.0,13.0,0.02,35.0,2.4390243902439024,159.0,1.28,81.0,7,132.0,77,1.18,0.25,11.0,0.22,1,9.0,Clay,Regular,victorias,Mala,victorias,player2,True,False,False
7.7699,0.09,1639,55.0,119.0,0,1562,200.0,0.03,7.0,13.0,0.02,35.0,2.4390243902439024,159.0,1.28,81.0,7,132.0,77,1.18,0.25,11.0,0.22,1,9.0,Clay,Regular,victorias,Mala,victorias,player2,True,False,False
7.7699,0.09,1639,55.0,119.0,0,1562,200.0,0.03,7.0,13.0,0.02,35.0,2.4390243902439024,159.0,1.28,81.0,7,132.0,77,1.18,0.25,11.0,0.22,1,9.0,Clay,Regular,victorias,Mala,victorias,player2,True,False,False
6.5097,0.53,1607,50.0,92.0,1,1565,154.0,0.02,6.0,14.0,0.04,30.0,2.4444444444444446,169.0,1.26,62.0,7,139.0,42,1.15,0.25,10.0,0.19,1,10.0,Clay,Regular,victorias,Mala,victorias,player1,True,False,False
6.5097,0.53,1607,50.0,92.0,1,1565,154.0,0.02,6.0,14.0,0.04,30.0,2.4444444444444446,169.0,1.26,62.0,7,139.0,42,1.15,0.25,10.0,0.19,1,10.0,Clay,Regular,victorias,Mala,victorias,player1,True,False,False
6.5097,0.53,1607,50.0,92.0,1,1565,154.0,0.02,6.0,14.0,0.04,30.0,2.4444444444444446,169.0,1.26,62.0,7,139.0,42,1.15,0.25,10.0,0.19,1,10.0,Clay,Regular,victorias,Mala,victorias,player1,True,False,False
11.8863,0.29,1724,65.0,36.0,2,1583,98.0,0.03,9.0,11.0,0.02,45.0,1.5555555555555556,169.0,1.31,62.0,8,152.0,141,1.23,0.22,13.0,0.17,1,7.0,Clay,Buena,victorias,Regular,victorias,player1,True,False,False
11.8863,0.29,1724,65.0,36.0,2,1583,98.0,0.03,9.0,11.0,0.02,45.0,1.5555555555555556,169.0,1.31,62.0,8,152.0,141,1.23,0.22,13.0,0.17,1,7.0,Clay,Buena,victorias,Regular,victorias,player1,True,False,False
11.8863,0.29,1724,65.0,36.0,2,1583,98.0,0.03,9.0,11.0,0.02,45.0,1.5555555555555556,169.0,1.31,62.0,8,152.0,141,1.23,0.22,13.0,0.17,1,7.0,Clay,Buena,victorias,Regular,victorias,player1,True,False,False
11.2738,0.21,1680,55.0,-53.0,1,1831,81.0,0.04,16.0,4.0,0.04,80.0,0.6,143.0,1.27,134.0,8,159.0,-151,1.5,0.0,11.0,0.16,1,9.0,Clay,Regular,victorias,Excelente,victorias,player2,True,False,False
11.2738,0.21,1680,55.0,-53.0,1,1831,81.0,0.04,16.0,4.0,0.04,80.0,0.6,143.0,1.27,134.0,8,159.0,-151,1.5,0.0,11.0,0.16,1,9.0,Clay,Regular,victorias,Excelente,victorias,player2,True,False,False
11.2738,0.21,1680,55.0,-53.0,1,1831,81.0,0.04,16.0,4.0,0.04,80.0,0.6,143.0,1.27,134.0,8,159.0,-151,1.5,0.0,11.0,0.16,1,9.0,Clay,Regular,victorias,Excelente,victorias,player2,True,False,False
16.0195,0.3,1632,45.0,57.0,1,1814,134.0,0.06,12.0,8.0,0.18,60.0,1.7179487179487178,161.0,0.84,77.0,6,143.0,-182,1.11,0.17,9.0,0.17,1,11.0,Clay,Regular,victorias,Buena,victorias,player2,True,False,False
16.0195,0.3,1632,45.0,57.0,1,1814,134.0,0.06,12.0,8.0,0.18,60.0,1.7179487179487178,161.0,0.84,77.0,6,143.0,-182,1.11,0.17,9.0,0.17,1,11.0,Clay,Regular,victorias,Buena,victorias,player2,True,False,False
16.0195,0.3,1632,45.0,57.0,1,1814,134.0,0.06,12.0,8.0,0.18,60.0,1.7179487179487178,161.0,0.84,77.0,6,143.0,-182,1.11,0.17,9.0,0.17,1,11.0,Clay,Regular,victorias,Buena,victorias,player2,True,False,False
21.3169,0.15,1727,65.0,0.0,3,1546,98.0,0.07,8.0,12.0,0.02,40.0,0.98989898989899,152.0,1.03,98.0,12,152.0,181,0.76,0.0,13.0,0.14,6,7.0,Clay,Buena,victorias,Regular,victorias,player2,True,False,False
21.3169,0.15,1727,65.0,0.0,3,1546,98.0,0.07,8.0,12.0,0.02,40.0,0.98989898989899,152.0,1.03,98.0,12,152.0,181,0.76,0.0,13.0,0.14,6,7.0,Clay,Buena,victorias,Regular,victorias,player2,True,False,False
21.3169,0.15,1727,65.0,0.0,3,1546,98.0,0.07,8.0,12.0,0.02,40.0,0.98989898989899,152.0,1.03,98.0,12,152.0,181,0.76,0.0,13.0,0.14,6,7.0,Clay,Buena,victorias,Regular,victorias,player2,True,False,False
3.0273,0.46,1665,55.0,-48.0,2,1730,134.0,0.02,14.0,6.0,0.03,70.0,0.73224043715847,134.0,1.3,182.0,6,143.0,-65,1.36,0.09,11.0,0.18,1,9.0,Clay,Regular,victorias,Buena,victorias,player1,True,False,False
3.0273,0.46,1665,55.0,-48.0,2,1730,134.0,0.02,14.0,6.0,0.03,70.0,0.73224043715847,134.0,1.3,182.0,6,143.0,-65,1.36,0.09,11.0,0.18,1,9.0,Clay,Regular,victorias,Buena,victorias,player1,True,False,False
3.0273,0.46,1665,55.0,-48.0,2,1730,134.0,0.02,14.0,6.0,0.03,70.0,0.73224043715847,134.0,1.3,182.0,6,143.0,-65,1.36,0.09,11.0,0.18,1,9.0,Clay,Regular,victorias,Buena,victorias,player1,True,False,False
56.456599999999995,0.35,1760,60.0,-29.0,2,1895,81.0,0.15,12.0,8.0,0.13,60.0,0.7297297297297297,149.0,1.46,110.0,43,159.0,-135,1.25,0.27,12.0,0.27,2,8.0,Grass,Buena,victorias,Buena,victorias,player1,False,True,False
56.456599999999995,0.35,1760,60.0,-29.0,2,1895,81.0,0.15,12.0,8.0,0.13,60.0,0.7297297297297297,149.0,1.46,110.0,43,159.0,-135,1.25,0.27,12.0,0.27,2,8.0,Grass,Buena,victorias,Buena,victorias,player1,False,True,False
56.456599999999995,0.35,1760,60.0,-29.0,2,1895,81.0,0.15,12.0,8.0,0.13,60.0,0.7297297297297297,149.0,1.46,110.0,43,159.0,-135,1.25,0.27,12.0,0.27,2,8.0,Grass,Buena,victorias,Buena,victorias,player1,False,True,False
4.7614,0.22,1806,65.0,-141.0,0,2004,59.0,0.04,15.0,5.0,0.17,75.0,0.2935323383084577,132.0,1.32,200.0,18,171.0,-198,1.6,0.27,13.0,0.27,2,7.0,Grass,Buena,victorias,Excelente,victorias,player2,False,True,False
4.7614,0.22,1806,65.0,-141.0,0,2004,59.0,0.04,15.0,5.0,0.17,75.0,0.2935323383084577,132.0,1.32,200.0,18,171.0,-198,1.6,0.27,13.0,0.27,2,7.0,Grass,Buena,victorias,Excelente,victorias,player2,False,True,False
4.7614,0.22,1806,65.0,-141.0,0,2004,59.0,0.04,15.0,5.0,0.17,75.0,0.2935323383084577,132.0,1.32,200.0,18,171.0,-198,1.6,0.27,13.0,0.27,2,7.0,Grass,Buena,victorias,Excelente,victorias,player2,False,True,False
9.5287,0.0,1696,65.0,55.0,1,1697,63.0,0.06,14.0,6.0,0.03,70.0,7.0,319.0,1.34,8.0,5,168.0,-1,1.33,0.09,13.0,0.15,1,7.0,Hard,Buena,victorias,Buena,derrotas,player1,False,False,True
9.5287,0.0,1696,65.0,55.0,1,1697,63.0,0.06,14.0,6.0,0.03,70.0,7.0,319.0,1.34,8.0,5,168.0,-1,1.33,0.09,13.0,0.15,1,7.0,Hard,Buena,victorias,Buena,derrotas,player1,False,False,True
9.5287,0.0,1696,65.0,55.0,1,1697,63.0,0.06,14.0,6.0,0.03,70.0,7.0,319.0,1.34,8.0,5,168.0,-1,1.33,0.09,13.0,0.15,1,7.0,Hard,Buena,victorias,Buena,derrotas,player1,False,False,True
2.3824,0.03,1687,60.0,-97.0,1,1555,58.0,0.04,9.0,11.0,0.01,45.0,0.3717948717948718,139.0,1.34,155.0,4,172.0,132,1.27,0.16,12.0,0.14,1,8.0,Hard,Buena,victorias,Regular,victorias,player2,False,False,True
2.3824,0.03,1687,60.0,-97.0,1,1555,58.0,0.04,9.0,11.0,0.01,45.0,0.3717948717948718,139.0,1.34,155.0,4,172.0,132,1.27,0.16,12.0,0.14,1,8.0,Hard,Buena,victorias,Regular,victorias,player2,False,False,True
2.3824,0.03,1687,60.0,-97.0,1,1555,58.0,0.04,9.0,11.0,0.01,45.0,0.3717948717948718,139.0,1.34,155.0,4,172.0,132,1.27,0.16,12.0,0.14,1,8.0,Hard,Buena,victorias,Regular,victorias,player2,False,False,True
0.0,0.0,1655,55.0,-273.0,0,1500,197.0,0.02,3.3464115963744008,12.495095651359598,0.0,19.476663198367564,0.4182590233545648,97.0,1.41,470.0,0,132.0,155,0.0,0.0,11.0,0.12,2,9.0,Hard,Regular,victorias,,,player1,False,False,True
0.0,0.0,1655,55.0,-273.0,0,1500,197.0,0.02,3.3464115963744008,12.495095651359598,0.0,19.476663198367564,0.4182590233545648,97.0,1.41,470.0,0,132.0,155,0.0,0.0,11.0,0.12,2,9.0,Hard,Regular,victorias,,,player1,False,False,True
0.0,0.0,1655,55.0,-273.0,0,1500,197.0,0.02,3.3464115963744008,12.495095651359598,0.0,19.476663198367564,0.4182590233545648,97.0,1.41,470.0,0,132.0,155,0.0,0.0,11.0,0.12,2,9.0,Hard,Regular,victorias,,,player1,False,False,True
0.0,0.0,1655,55.0,-273.0,0,1500,197.0,0.02,3.3464115963744008,12.495095651359598,0.0,19.476663198367564,0.4182590233545648,97.0,1.41,470.0,0,132.0,155,0.0,0.0,11.0,0.12,2,9.0,Hard,Regular,victorias,,,player1,False,False,True
0.0,0.0,1500,35.77479942123583,-179.0,0,1632,22.0,0.0,10.0,10.0,0.04,50.0,0.10891089108910891,132.0,0.0,201.0,0,223.0,-132,1.19,0.12,7.154959884247165,0.0,0,12.845040115752838,Clay,,,Regular,derrotas,player2,True,False,False
0.0,0.0,1500,35.77479942123583,-179.0,0,1632,22.0,0.0,10.0,10.0,0.04,50.0,0.10891089108910891,132.0,0.0,201.0,0,223.0,-132,1.19,0.12,7.154959884247165,0.0,0,12.845040115752838,Clay,,,Regular,derrotas,player2,True,False,False
0.0,0.0,1500,35.77479942123583,-179.0,0,1632,22.0,0.0,10.0,10.0,0.04,50.0,0.10891089108910891,132.0,0.0,201.0,0,223.0,-132,1.19,0.12,7.154959884247165,0.0,0,12.845040115752838,Clay,,,Regular,derrotas,player2,True,False,False
42.06850000000001,0.5,1613,40.0,-64.0,1,1719,93.0,0.04,14.0,6.0,0.05,70.0,0.5886075949367089,138.0,0.97,157.0,15,154.0,-106,1.06,0.34,8.0,0.48,2,12.0,Clay,Regular,victorias,Buena,victorias,player1,True,False,False
42.06850000000001,0.5,1613,40.0,-64.0,1,1719,93.0,0.04,14.0,6.0,0.05,70.0,0.5886075949367089,138.0,0.97,157.0,15,154.0,-106,1.06,0.34,8.0,0.48,2,12.0,Clay,Regular,victorias,Buena,victorias,player1,True,False,False
42.06850000000001,0.5,1613,40.0,-64.0,1,1719,93.0,0.04,14.0,6.0,0.05,70.0,0.5886075949367089,138.0,0.97,157.0,15,154.0,-106,1.06,0.34,8.0,0.48,2,12.0,Clay,Regular,victorias,Buena,victorias,player1,True,False,False
0.0,0.0,1671,65.0,-107.0,0,1500,93.0,0.02,8.0,11.999999999999998,0.0,40.0,0.4626865671641791,132.0,1.53,200.0,0,154.0,171,0.0,0.0,13.0,0.24,1,7.0,Hard,Buena,victorias,,,player1,False,False,True
0.0,0.0,1671,65.0,-107.0,0,1500,93.0,0.02,8.0,11.999999999999998,0.0,40.0,0.4626865671641791,132.0,1.53,200.0,0,154.0,171,0.0,0.0,13.0,0.24,1,7.0,Hard,Buena,victorias,,,player1,False,False,True
0.0,0.0,1671,65.0,-107.0,0,1500,93.0,0.02,8.0,11.999999999999998,0.0,40.0,0.4626865671641791,132.0,1.53,200.0,0,154.0,171,0.0,0.0,13.0,0.24,1,7.0,Hard,Buena,victorias,,,player1,False,False,True
0.0,0.0,1765,75.0,0.0,3,1500,200.0,0.03,9.0,11.0,0.0,45.0,0.9950248756218906,132.0,1.59,200.0,0,132.0,265,0.0,0.0,15.0,0.26,-1,5.0,Hard,Excelente,derrotas,,,player2,False,False,True
0.0,0.0,1765,75.0,0.0,3,1500,200.0,0.03,9.0,11.0,0.0,45.0,0.9950248756218906,132.0,1.59,200.0,0,132.0,265,0.0,0.0,15.0,0.26,-1,5.0,Hard,Excelente,derrotas,,,player2,False,False,True
0.0,0.0,1765,75.0,0.0,3,1500,200.0,0.03,9.0,11.0,0.0,45.0,0.9950248756218906,132.0,1.59,200.0,0,132.0,265,0.0,0.0,15.0,0.26,-1,5.0,Hard,Excelente,derrotas,,,player2,False,False,True
0.0,0.0,1646,60.0,-100.0,1,1500,100.0,0.03,5.653637243588259,8.871516324784345,0.0,37.3798949220069,0.4975124378109453,132.0,1.4,200.0,0,152.0,146,0.0,0.0,12.0,0.23,1,8.0,Hard,Buena,victorias,,,player2,False,False,True
0.0,0.0,1646,60.0,-100.0,1,1500,100.0,0.03,5.653637243588259,8.871516324784345,0.0,37.3798949220069,0.4975124378109453,132.0,1.4,200.0,0,152.0,146,0.0,0.0,12.0,0.23,1,8.0,Hard,Buena,victorias,,,player2,False,False,True
0.0,0.0,1646,60.0,-100.0,1,1500,100.0,0.03,5.653637243588259,8.871516324784345,0.0,37.3798949220069,0.4975124378109453,132.0,1.4,200.0,0,152.0,146,0.0,0.0,12.0,0.23,1,8.0,Hard,Buena,victorias,,,player2,False,False,True
0.0,0.0,1635,65.0,-153.0,0,1500,47.0,0.03,2.7308428268710077,6.192528480613024,0.0,37.65332116832015,0.23383084577114427,132.0,1.39,200.0,0,181.0,135,0.0,0.0,13.0,0.22,-1,7.0,Hard,Buena,derrotas,,,player2,False,False,True
0.0,0.0,1635,65.0,-153.0,0,1500,47.0,0.03,2.7308428268710077,6.192528480613024,0.0,37.65332116832015,0.23383084577114427,132.0,1.39,200.0,0,181.0,135,0.0,0.0,13.0,0.22,-1,7.0,Hard,Buena,derrotas,,,player2,False,False,True
0.0,0.0,1635,65.0,-153.0,0,1500,47.0,0.03,2.7308428268710077,6.192528480613024,0.0,37.65332116832015,0.23383084577114427,132.0,1.39,200.0,0,181.0,135,0.0,0.0,13.0,0.22,-1,7.0,Hard,Buena,derrotas,,,player2,False,False,True
0.0,-0.0,1795,50.0,-165.0,0,1500,32.0,0.05,2.4269223652647307,6.177254988172873,0.0,30.004389991139373,0.16161616161616163,132.0,1.61,197.0,0,200.0,295,0.0,0.0,10.0,0.27,2,10.0,Grass,Regular,victorias,,,player1,False,True,False
0.0,-0.0,1795,50.0,-165.0,0,1500,32.0,0.05,2.4269223652647307,6.177254988172873,0.0,30.004389991139373,0.16161616161616163,132.0,1.61,197.0,0,200.0,295,0.0,0.0,10.0,0.27,2,10.0,Grass,Regular,victorias,,,player1,False,True,False
0.0,-0.0,1795,50.0,-165.0,0,1500,32.0,0.05,2.4269223652647307,6.177254988172873,0.0,30.004389991139373,0.16161616161616163,132.0,1.61,197.0,0,200.0,295,0.0,0.0,10.0,0.27,2,10.0,Grass,Regular,victorias,,,player1,False,True,False
0.0,-0.0,1948,60.0,120.0,0,1500,197.0,0.12,6.321601301530346,13.678398698469655,0.0,31.608006507651726,2.5256410256410255,161.0,1.62,77.0,0,132.0,448,0.0,0.0,12.0,0.27,1,8.0,Grass,Buena,victorias,,,player2,False,True,False
0.0,-0.0,1948,60.0,120.0,0,1500,197.0,0.12,6.321601301530346,13.678398698469655,0.0,31.608006507651726,2.5256410256410255,161.0,1.62,77.0,0,132.0,448,0.0,0.0,12.0,0.27,1,8.0,Grass,Buena,victorias,,,player2,False,True,False
0.0,-0.0,1948,60.0,120.0,0,1500,197.0,0.12,6.321601301530346,13.678398698469655,0.0,31.608006507651726,2.5256410256410255,161.0,1.62,77.0,0,132.0,448,0.0,0.0,12.0,0.27,1,8.0,Grass,Buena,victorias,,,player2,False,True,False
0.0,0.0,1645,45.0,-25.0,2,1500,52.0,0.04,8.367640038439339,11.632359961560663,0.0,41.838200192196695,0.6666666666666666,161.0,1.33,77.0,0,176.0,145,0.0,0.0,9.0,0.25,1,11.0,Hard,Regular,victorias,,,player1,False,False,True
0.0,0.0,1645,45.0,-25.0,2,1500,52.0,0.04,8.367640038439339,11.632359961560663,0.0,41.838200192196695,0.6666666666666666,161.0,1.33,77.0,0,176.0,145,0.0,0.0,9.0,0.25,1,11.0,Hard,Regular,victorias,,,player2,False,False,True
0.0,0.0,1645,45.0,-25.0,2,1500,52.0,0.04,8.367640038439339,11.632359961560663,0.0,41.838200192196695,0.6666666666666666,161.0,1.33,77.0,0,176.0,145,0.0,0.0,9.0,0.25,1,11.0,Hard,Regular,victorias,,,player2,False,False,True
0.0,0.0,1645,45.0,-25.0,2,1500,52.0,0.04,8.367640038439339,11.632359961560663,0.0,41.838200192196695,0.6666666666666666,161.0,1.33,77.0,0,176.0,145,0.0,0.0,9.0,0.25,1,11.0,Hard,Regular,victorias,,,player2,False,False,True
0.0,0.0,1570,45.0,-176.0,0,1500,24.0,0.03,8.0,12.000000000000002,0.0,40.0,0.11940298507462686,132.0,1.33,200.0,0,217.0,70,0.0,0.0,9.0,0.24,1,11.0,Hard,Regular,victorias,,,player1,False,False,True
0.0,0.0,1570,45.0,-176.0,0,1500,24.0,0.03,8.0,12.000000000000002,0.0,40.0,0.11940298507462686,132.0,1.33,200.0,0,217.0,70,0.0,0.0,9.0,0.24,1,11.0,Hard,Regular,victorias,,,player1,False,False,True
0.0,0.0,1570,45.0,-176.0,0,1500,24.0,0.03,8.0,12.000000000000002,0.0,40.0,0.11940298507462686,132.0,1.33,200.0,0,217.0,70,0.0,0.0,9.0,0.24,1,11.0,Hard,Regular,victorias,,,player1,False,False,True
0.0,0.0,1570,45.0,-176.0,0,1500,24.0,0.03,8.0,12.000000000000002,0.0,40.0,0.11940298507462686,132.0,1.33,200.0,0,217.0,70,0.0,0.0,9.0,0.24,1,11.0,Hard,Regular,victorias,,,player1,False,False,True
0.0,0.0,1710,60.0,183.0,0,1500,191.0,0.03,7.0,12.999999999999998,0.0,35.0,21.22222222222222,319.0,1.47,8.0,0,133.0,210,0.0,0.0,12.0,0.27,-1,8.0,Hard,Buena,derrotas,,,player1,False,False,True
0.0,0.0,1710,60.0,183.0,0,1500,191.0,0.03,7.0,12.999999999999998,0.0,35.0,21.22222222222222,319.0,1.47,8.0,0,133.0,210,0.0,0.0,12.0,0.27,-1,8.0,Hard,Buena,derrotas,,,player1,False,False,True
0.0,0.0,1710,60.0,183.0,0,1500,191.0,0.03,7.0,12.999999999999998,0.0,35.0,21.22222222222222,319.0,1.47,8.0,0,133.0,210,0.0,0.0,12.0,0.27,-1,8.0,Hard,Buena,derrotas,,,player1,False,False,True
0.0,0.0,1739,70.0,87.0,1,1500,139.0,0.03,7.4907594238184885,12.000000000000004,0.0,38.29404406979193,2.6226415094339623,176.0,1.55,52.0,0,142.0,239,0.0,0.0,14.0,0.24,1,6.0,Hard,Buena,victorias,,,player1,False,False,True
0.0,0.0,1739,70.0,87.0,1,1500,139.0,0.03,7.4907594238184885,12.000000000000004,0.0,38.29404406979193,2.6226415094339623,176.0,1.55,52.0,0,142.0,239,0.0,0.0,14.0,0.24,1,6.0,Hard,Buena,victorias,,,player1,False,False,True
0.0,0.0,1739,70.0,87.0,1,1500,139.0,0.03,7.4907594238184885,12.000000000000004,0.0,38.29404406979193,2.6226415094339623,176.0,1.55,52.0,0,142.0,239,0.0,0.0,14.0,0.24,1,6.0,Hard,Buena,victorias,,,player1,False,False,True
0.0,0.0,1739,70.0,87.0,1,1500,139.0,0.03,7.4907594238184885,12.000000000000004,0.0,38.29404406979193,2.6226415094339623,176.0,1.55,52.0,0,142.0,239,0.0,0.0,14.0,0.24,1,6.0,Hard,Buena,victorias,,,player1,False,False,True
0.0,0.0,1507,30.0,0.0,3,1500,200.0,0.01,0.8751121035424563,2.750224207084912,0.0,21.877802588561405,0.9950248756218906,132.0,1.17,200.0,0,132.0,7,0.0,0.0,6.0,0.15,-1,14.0,Hard,Mala,derrotas,,,player1,False,False,True
0.0,0.0,1507,30.0,0.0,3,1500,200.0,0.01,0.8751121035424563,2.750224207084912,0.0,21.877802588561405,0.9950248756218906,132.0,1.17,200.0,0,132.0,7,0.0,0.0,6.0,0.15,-1,14.0,Hard,Mala,derrotas,,,player1,False,False,True
0.0,0.0,1507,30.0,0.0,3,1500,200.0,0.01,0.8751121035424563,2.750224207084912,0.0,21.877802588561405,0.9950248756218906,132.0,1.17,200.0,0,132.0,7,0.0,0.0,6.0,0.15,-1,14.0,Hard,Mala,derrotas,,,player1,False,False,True
0.0,0.0,1507,30.0,0.0,3,1500,200.0,0.01,0.8751121035424563,2.750224207084912,0.0,21.877802588561405,0.9950248756218906,132.0,1.17,200.0,0,132.0,7,0.0,0.0,6.0,0.15,-1,14.0,Hard,Mala,derrotas,,,player1,False,False,True
0.0,0.0,1717,70.0,0.0,3,1500,200.0,0.03,8.734835922210184,11.265164077789816,0.0,43.67417961105091,0.9950248756218906,132.0,1.6,200.0,0,132.0,217,0.0,0.0,14.0,0.22,1,6.0,Hard,Buena,victorias,,,player1,False,False,True
0.0,0.0,1717,70.0,0.0,3,1500,200.0,0.03,8.734835922210184,11.265164077789816,0.0,43.67417961105091,0.9950248756218906,132.0,1.6,200.0,0,132.0,217,0.0,0.0,14.0,0.22,1,6.0,Hard,Buena,victorias,,,player2,False,False,True
0.0,0.0,1717,70.0,0.0,3,1500,200.0,0.03,8.734835922210184,11.265164077789816,0.0,43.67417961105091,0.9950248756218906,132.0,1.6,200.0,0,132.0,217,0.0,0.0,14.0,0.22,1,6.0,Hard,Buena,victorias,,,player2,False,False,True
0.0,0.0,1717,70.0,0.0,3,1500,200.0,0.03,8.734835922210184,11.265164077789816,0.0,43.67417961105091,0.9950248756218906,132.0,1.6,200.0,0,132.0,217,0.0,0.0,14.0,0.22,1,6.0,Hard,Buena,victorias,,,player2,False,False,True
0.0017,0.44,1545,50.0,0.0,3,1630,157.0,0.01,13.0,7.0,0.02,65.0,0.9936708860759493,138.0,1.31,157.0,4,138.0,-85,1.37,0.19,10.0,0.18,1,10.0,Clay,Regular,victorias,Buena,victorias,player2,True,False,False
0.0017,0.44,1545,50.0,0.0,3,1630,157.0,0.01,13.0,7.0,0.02,65.0,0.9936708860759493,138.0,1.31,157.0,4,138.0,-85,1.37,0.19,10.0,0.18,1,10.0,Clay,Regular,victorias,Buena,victorias,player2,True,False,False
0.0017,0.44,1545,50.0,0.0,3,1630,157.0,0.01,13.0,7.0,0.02,65.0,0.9936708860759493,138.0,1.31,157.0,4,138.0,-85,1.37,0.19,10.0,0.18,1,10.0,Clay,Regular,victorias,Buena,victorias,player2,True,False,False
0.0,0.09,1534,40.0,-59.0,1,1529,98.0,0.0,8.0,12.0,0.01,40.0,0.620253164556962,138.0,1.27,157.0,3,152.0,5,1.27,0.0,8.0,0.0,1,12.0,Clay,Regular,victorias,Regular,victorias,player2,True,False,False
0.0,0.09,1534,40.0,-59.0,1,1529,98.0,0.0,8.0,12.0,0.01,40.0,0.620253164556962,138.0,1.27,157.0,3,152.0,5,1.27,0.0,8.0,0.0,1,12.0,Clay,Regular,victorias,Regular,victorias,player2,True,False,False
0.0,0.09,1534,40.0,-59.0,1,1529,98.0,0.0,8.0,12.0,0.01,40.0,0.620253164556962,138.0,1.27,157.0,3,152.0,5,1.27,0.0,8.0,0.0,1,12.0,Clay,Regular,victorias,Regular,victorias,player2,True,False,False
0.0,0.19,1601,60.0,-40.0,2,1598,157.0,0.01,11.0,9.0,0.02,55.0,0.7929292929292929,132.0,1.5,197.0,1,138.0,3,1.27,0.14,12.0,0.13,1,8.0,Clay,Buena,victorias,Regular,victorias,player1,True,False,False
0.0,0.19,1601,60.0,-40.0,2,1598,157.0,0.01,11.0,9.0,0.02,55.0,0.7929292929292929,132.0,1.5,197.0,1,138.0,3,1.27,0.14,12.0,0.13,1,8.0,Clay,Buena,victorias,Regular,victorias,player1,True,False,False
0.0,0.19,1601,60.0,-40.0,2,1598,157.0,0.01,11.0,9.0,0.02,55.0,0.7929292929292929,132.0,1.5,197.0,1,138.0,3,1.27,0.14,12.0,0.13,1,8.0,Clay,Buena,victorias,Regular,victorias,player1,True,False,False
2.6428,0.0,1595,60.0,19.0,2,1582,81.0,0.01,9.0,11.0,0.02,45.0,1.2857142857142858,169.0,1.34,62.0,4,159.0,13,1.27,0.09,12.0,0.14,1,8.0,Clay,Buena,victorias,Regular,victorias,player1,True,False,False
2.6428,0.0,1595,60.0,19.0,2,1582,81.0,0.01,9.0,11.0,0.02,45.0,1.2857142857142858,169.0,1.34,62.0,4,159.0,13,1.27,0.09,12.0,0.14,1,8.0,Clay,Buena,victorias,Regular,victorias,player1,True,False,False
2.6428,0.0,1595,60.0,19.0,2,1582,81.0,0.01,9.0,11.0,0.02,45.0,1.2857142857142858,169.0,1.34,62.0,4,159.0,13,1.27,0.09,12.0,0.14,1,8.0,Clay,Buena,victorias,Regular,victorias,player1,True,False,False
0.9499999999999997,0.0,1691,65.0,114.0,0,1592,195.0,0.06,10.0,10.0,0.03,50.0,2.3780487804878048,159.0,1.19,81.0,3,133.0,99,0.92,0.0,13.0,0.16,6,7.0,Clay,Buena,victorias,Regular,victorias,player1,True,False,False
0.9499999999999997,0.0,1691,65.0,114.0,0,1592,195.0,0.06,10.0,10.0,0.03,50.0,2.3780487804878048,159.0,1.19,81.0,3,133.0,99,0.92,0.0,13.0,0.16,6,7.0,Clay,Buena,victorias,Regular,victorias,player1,True,False,False
0.9499999999999997,0.0,1691,65.0,114.0,0,1592,195.0,0.06,10.0,10.0,0.03,50.0,2.3780487804878048,159.0,1.19,81.0,3,133.0,99,0.92,0.0,13.0,0.16,6,7.0,Clay,Buena,victorias,Regular,victorias,player1,True,False,False
0.0,0.26,1506,35.0,-119.0,0,1605,81.0,0.01,11.0,9.0,0.02,55.0,0.40298507462686567,132.0,1.26,200.0,1,159.0,-99,1.37,0.09,7.0,0.16,1,13.0,Clay,Mala,victorias,Regular,victorias,player1,True,False,False
0.0,0.26,1506,35.0,-119.0,0,1605,81.0,0.01,11.0,9.0,0.02,55.0,0.40298507462686567,132.0,1.26,200.0,1,159.0,-99,1.37,0.09,7.0,0.16,1,13.0,Clay,Mala,victorias,Regular,victorias,player1,True,False,False
0.0,0.26,1506,35.0,-119.0,0,1605,81.0,0.01,11.0,9.0,0.02,55.0,0.40298507462686567,132.0,1.26,200.0,1,159.0,-99,1.37,0.09,7.0,0.16,1,13.0,Clay,Mala,victorias,Regular,victorias,player1,True,False,False
0.0,0.4,1619,55.0,114.0,0,1748,195.0,0.01,15.0,5.0,0.04,75.0,2.3780487804878048,159.0,1.34,81.0,4,133.0,-129,1.41,0.09,11.0,0.09,1,9.0,Clay,Regular,victorias,Excelente,victorias,player2,True,False,False
0.0,0.4,1619,55.0,114.0,0,1748,195.0,0.01,15.0,5.0,0.04,75.0,2.3780487804878048,159.0,1.34,81.0,4,133.0,-129,1.41,0.09,11.0,0.09,1,9.0,Clay,Regular,victorias,Excelente,victorias,player2,True,False,False
0.0,0.4,1619,55.0,114.0,0,1748,195.0,0.01,15.0,5.0,0.04,75.0,2.3780487804878048,159.0,1.34,81.0,4,133.0,-129,1.41,0.09,11.0,0.09,1,9.0,Clay,Regular,victorias,Excelente,victorias,player2,True,False,False
7.7444,0.27,1698,75.0,59.0,1,1664,140.0,0.02,13.0,7.0,0.01,65.0,1.7073170731707317,159.0,1.39,81.0,5,141.0,34,1.36,0.15,15.0,0.18,1,5.0,Clay,Excelente,victorias,Buena,victorias,player1,True,False,False
7.7444,0.27,1698,75.0,59.0,1,1664,140.0,0.02,13.0,7.0,0.01,65.0,1.7073170731707317,159.0,1.39,81.0,5,141.0,34,1.36,0.15,15.0,0.18,1,5.0,Clay,Excelente,victorias,Buena,victorias,player1,True,False,False
7.7444,0.27,1698,75.0,59.0,1,1664,140.0,0.02,13.0,7.0,0.01,65.0,1.7073170731707317,159.0,1.39,81.0,5,141.0,34,1.36,0.15,15.0,0.18,1,5.0,Clay,Excelente,victorias,Buena,victorias,player1,True,False,False
4.7753,0.27,1687,60.0,0.0,3,1580,81.0,0.04,10.0,10.0,0.02,50.0,0.9878048780487805,159.0,1.34,81.0,5,159.0,107,1.29,0.0,12.0,0.15,1,8.0,Clay,Buena,victorias,Regular,victorias,player1,True,False,False
4.7753,0.27,1687,60.0,0.0,3,1580,81.0,0.04,10.0,10.0,0.02,50.0,0.9878048780487805,159.0,1.34,81.0,5,159.0,107,1.29,0.0,12.0,0.15,1,8.0,Clay,Buena,victorias,Regular,victorias,player1,True,False,False
4.7753,0.27,1687,60.0,0.0,3,1580,81.0,0.04,10.0,10.0,0.02,50.0,0.9878048780487805,159.0,1.34,81.0,5,159.0,107,1.29,0.0,12.0,0.15,1,8.0,Clay,Buena,victorias,Regular,victorias,player1,True,False,False
0.0,0.0,1676,55.0,-17.0,2,1500,81.0,0.03,6.604565209907285,13.395434790092715,0.0,33.02282604953643,0.8181818181818182,152.0,1.39,98.0,0,159.0,176,0.0,0.0,11.0,0.22,1,9.0,Clay,Regular,victorias,,,player1,True,False,False
0.0,0.0,1676,55.0,-17.0,2,1500,81.0,0.03,6.604565209907285,13.395434790092715,0.0,33.02282604953643,0.8181818181818182,152.0,1.39,98.0,0,159.0,176,0.0,0.0,11.0,0.22,1,9.0,Clay,Regular,victorias,,,player1,True,False,False
0.0,0.0,1676,55.0,-17.0,2,1500,81.0,0.03,6.604565209907285,13.395434790092715,0.0,33.02282604953643,0.8181818181818182,152.0,1.39,98.0,0,159.0,176,0.0,0.0,11.0,0.22,1,9.0,Clay,Regular,victorias,,,player1,True,False,False
0.0,0.0,1676,55.0,-17.0,2,1500,81.0,0.03,6.604565209907285,13.395434790092715,0.0,33.02282604953643,0.8181818181818182,152.0,1.39,98.0,0,159.0,176,0.0,0.0,11.0,0.22,1,9.0,Clay,Regular,victorias,,,player1,True,False,False
0.0,0.11,1629,50.0,123.0,0,1616,200.0,0.02,10.0,10.0,0.01,50.0,2.5641025641025643,161.0,1.35,77.0,1,132.0,13,1.35,0.18,10.0,0.0,1,10.0,Clay,Regular,victorias,Regular,victorias,player2,True,False,False
0.0,0.11,1629,50.0,123.0,0,1616,200.0,0.02,10.0,10.0,0.01,50.0,2.5641025641025643,161.0,1.35,77.0,1,132.0,13,1.35,0.18,10.0,0.0,1,10.0,Clay,Regular,victorias,Regular,victorias,player2,True,False,False
0.0,0.11,1629,50.0,123.0,0,1616,200.0,0.02,10.0,10.0,0.01,50.0,2.5641025641025643,161.0,1.35,77.0,1,132.0,13,1.35,0.18,10.0,0.0,1,10.0,Clay,Regular,victorias,Regular,victorias,player2,True,False,False
6.5197,0.43,1688,65.0,159.0,0,1721,167.0,0.07,14.0,6.0,0.08,70.0,18.555555555555557,319.0,0.88,8.0,9,137.0,-33,1.08,0.21,13.0,0.22,1,7.0,Clay,Buena,victorias,Buena,victorias,player2,True,False,False
6.5197,0.43,1688,65.0,159.0,0,1721,167.0,0.07,14.0,6.0,0.08,70.0,18.555555555555557,319.0,0.88,8.0,9,137.0,-33,1.08,0.21,13.0,0.22,1,7.0,Clay,Buena,victorias,Buena,victorias,player2,True,False,False
6.5197,0.43,1688,65.0,159.0,0,1721,167.0,0.07,14.0,6.0,0.08,70.0,18.555555555555557,319.0,0.88,8.0,9,137.0,-33,1.08,0.21,13.0,0.22,1,7.0,Clay,Buena,victorias,Buena,victorias,player2,True,False,False
6.5314,0.26,1633,60.0,-115.0,0,1531,52.0,0.02,9.0,11.0,0.01,45.0,0.30952380952380953,137.0,1.37,167.0,2,176.0,102,1.3,0.12,12.0,0.12,1,8.0,Clay,Buena,victorias,Regular,victorias,player2,True,False,False
6.5314,0.26,1633,60.0,-115.0,0,1531,52.0,0.02,9.0,11.0,0.01,45.0,0.30952380952380953,137.0,1.37,167.0,2,176.0,102,1.3,0.12,12.0,0.12,1,8.0,Clay,Buena,victorias,Regular,victorias,player2,True,False,False
6.5314,0.26,1633,60.0,-115.0,0,1531,52.0,0.02,9.0,11.0,0.01,45.0,0.30952380952380953,137.0,1.37,167.0,2,176.0,102,1.3,0.12,12.0,0.12,1,8.0,Clay,Buena,victorias,Regular,victorias,player2,True,False,False
4.7719,0.18,1594,40.0,0.0,3,1731,32.0,0.06,15.0,5.0,0.05,75.0,0.9696969696969697,200.0,0.87,32.0,3,200.0,-137,1.14,0.2,8.0,0.2,1,12.0,Clay,Regular,victorias,Excelente,victorias,player2,True,False,False
4.7719,0.18,1594,40.0,0.0,3,1731,32.0,0.06,15.0,5.0,0.05,75.0,0.9696969696969697,200.0,0.87,32.0,3,200.0,-137,1.14,0.2,8.0,0.2,1,12.0,Clay,Regular,victorias,Excelente,victorias,player2,True,False,False
4.7719,0.18,1594,40.0,0.0,3,1731,32.0,0.06,15.0,5.0,0.05,75.0,0.9696969696969697,200.0,0.87,32.0,3,200.0,-137,1.14,0.2,8.0,0.2,1,12.0,Clay,Regular,victorias,Excelente,victorias,player2,True,False,False
0.0,0.0,1471,25.0,62.0,1,1702,139.0,0.01,14.0,6.0,0.01,70.0,1.7820512820512822,161.0,0.85,77.0,2,142.0,-231,1.18,0.38,5.0,0.58,1,15.0,Clay,Mala,victorias,Buena,victorias,player1,True,False,False
0.0,0.0,1471,25.0,62.0,1,1702,139.0,0.01,14.0,6.0,0.01,70.0,1.7820512820512822,161.0,0.85,77.0,2,142.0,-231,1.18,0.38,5.0,0.58,1,15.0,Clay,Mala,victorias,Buena,victorias,player1,True,False,False
0.0,0.0,1471,25.0,62.0,1,1702,139.0,0.01,14.0,6.0,0.01,70.0,1.7820512820512822,161.0,0.85,77.0,2,142.0,-231,1.18,0.38,5.0,0.58,1,15.0,Clay,Mala,victorias,Buena,victorias,player1,True,False,False
0.0,0.0,1521,44.4,-62.0,1,1565,77.0,0.01,10.0,10.0,0.01,50.0,0.55,142.0,1.42,139.0,1,161.0,-44,1.25,0.18,4.0,0.12,1,5.0,Clay,Regular,victorias,Regular,victorias,player1,True,False,False
0.0,0.0,1521,44.4,-62.0,1,1565,77.0,0.01,10.0,10.0,0.01,50.0,0.55,142.0,1.42,139.0,1,161.0,-44,1.25,0.18,4.0,0.12,1,5.0,Clay,Regular,victorias,Regular,victorias,player1,True,False,False
0.0,0.0,1521,44.4,-62.0,1,1565,77.0,0.01,10.0,10.0,0.01,50.0,0.55,142.0,1.42,139.0,1,161.0,-44,1.25,0.18,4.0,0.12,1,5.0,Clay,Regular,victorias,Regular,victorias,player1,True,False,False
10.769,0.58,1699,70.0,32.0,2,1599,171.0,0.02,10.0,10.0,0.02,50.0,1.2214285714285715,142.0,1.27,139.0,11,136.0,100,1.2,0.24,14.0,0.18,1,6.0,Clay,Buena,victorias,Regular,victorias,player2,True,False,False
10.769,0.58,1699,70.0,32.0,2,1599,171.0,0.02,10.0,10.0,0.02,50.0,1.2214285714285715,142.0,1.27,139.0,11,136.0,100,1.2,0.24,14.0,0.18,1,6.0,Clay,Buena,victorias,Regular,victorias,player2,True,False,False
10.769,0.58,1699,70.0,32.0,2,1599,171.0,0.02,10.0,10.0,0.02,50.0,1.2214285714285715,142.0,1.27,139.0,11,136.0,100,1.2,0.24,14.0,0.18,1,6.0,Clay,Buena,victorias,Regular,victorias,player2,True,False,False
0.0,0.13,1563,50.0,-122.0,0,1662,69.0,0.01,14.0,6.0,0.03,70.0,0.359375,133.0,1.32,191.0,3,165.0,-99,1.4,0.09,10.0,0.09,1,10.0,Hard,Regular,victorias,Buena,victorias,player1,False,False,True
0.0,0.13,1563,50.0,-122.0,0,1662,69.0,0.01,14.0,6.0,0.03,70.0,0.359375,133.0,1.32,191.0,3,165.0,-99,1.4,0.09,10.0,0.09,1,10.0,Hard,Regular,victorias,Buena,victorias,player1,False,False,True
0.0,0.13,1563,50.0,-122.0,0,1662,69.0,0.01,14.0,6.0,0.03,70.0,0.359375,133.0,1.32,191.0,3,165.0,-99,1.4,0.09,10.0,0.09,1,10.0,Hard,Regular,victorias,Buena,victorias,player1,False,False,True
0.0,0.15,1694,70.0,-167.0,0,1709,24.0,0.07,13.0,7.0,0.11,65.0,0.125,133.0,0.96,191.0,4,217.0,-15,1.17,0.21,14.0,0.19,1,6.0,Hard,Buena,victorias,Buena,victorias,player1,False,False,True
0.0,0.15,1694,70.0,-167.0,0,1709,24.0,0.07,13.0,7.0,0.11,65.0,0.125,133.0,0.96,191.0,4,217.0,-15,1.17,0.21,14.0,0.19,1,6.0,Hard,Buena,victorias,Buena,victorias,player1,False,False,True
0.0,0.15,1694,70.0,-167.0,0,1709,24.0,0.07,13.0,7.0,0.11,65.0,0.125,133.0,0.96,191.0,4,217.0,-15,1.17,0.21,14.0,0.19,1,6.0,Hard,Buena,victorias,Buena,victorias,player1,False,False,True
9.7555,0.1,1560,45.0,4.0,3,1496,195.0,0.02,8.0,12.0,0.01,40.0,1.015625,133.0,1.26,191.0,5,133.0,64,1.23,0.17,9.0,0.23,1,11.0,Hard,Regular,victorias,Regular,victorias,player1,False,False,True
9.7555,0.1,1560,45.0,4.0,3,1496,195.0,0.02,8.0,12.0,0.01,40.0,1.015625,133.0,1.26,191.0,5,133.0,64,1.23,0.17,9.0,0.23,1,11.0,Hard,Regular,victorias,Regular,victorias,player1,False,False,True
9.7555,0.1,1560,45.0,4.0,3,1496,195.0,0.02,8.0,12.0,0.01,40.0,1.015625,133.0,1.26,191.0,5,133.0,64,1.23,0.17,9.0,0.23,1,11.0,Hard,Regular,victorias,Regular,victorias,player1,False,False,True
0.0,0.13,1655,65.0,139.0,0,1790,191.0,0.07,16.0,4.0,0.11,80.0,3.6037735849056602,176.0,0.76,52.0,2,133.0,-135,0.92,0.4,13.0,0.42,1,7.0,Hard,Buena,victorias,Excelente,victorias,player1,False,False,True
0.0,0.13,1655,65.0,139.0,0,1790,191.0,0.07,16.0,4.0,0.11,80.0,3.6037735849056602,176.0,0.76,52.0,2,133.0,-135,0.92,0.4,13.0,0.42,1,7.0,Hard,Buena,victorias,Excelente,victorias,player1,False,False,True
0.0,0.13,1655,65.0,139.0,0,1790,191.0,0.07,16.0,4.0,0.11,80.0,3.6037735849056602,176.0,0.76,52.0,2,133.0,-135,0.92,0.4,13.0,0.42,1,7.0,Hard,Buena,victorias,Excelente,victorias,player1,False,False,True
0.0,0.0,1515,50.0,123.0,0,1494,200.0,0.0,8.0,12.0,0.01,40.0,2.5641025641025643,161.0,1.46,77.0,0,132.0,21,1.2,0.0,1.0,0.0,1,1.0,Hard,Regular,victorias,Regular,victorias,player2,False,False,True
0.0,0.0,1515,50.0,123.0,0,1494,200.0,0.0,8.0,12.0,0.01,40.0,2.5641025641025643,161.0,1.46,77.0,0,132.0,21,1.2,0.0,1.0,0.0,1,1.0,Hard,Regular,victorias,Regular,victorias,player2,False,False,True
0.0,0.0,1515,50.0,123.0,0,1494,200.0,0.0,8.0,12.0,0.01,40.0,2.5641025641025643,161.0,1.46,77.0,0,132.0,21,1.2,0.0,1.0,0.0,1,1.0,Hard,Regular,victorias,Regular,victorias,player2,False,False,True
8.480400000000001,0.12,1628,50.0,-117.0,0,1653,83.0,0.03,12.0,8.0,0.02,60.0,0.4129353233830846,132.0,1.08,200.0,3,158.0,-25,1.01,0.12,10.0,0.09,6,10.0,Hard,Regular,victorias,Buena,victorias,player2,False,False,True
8.480400000000001,0.12,1628,50.0,-117.0,0,1653,83.0,0.03,12.0,8.0,0.02,60.0,0.4129353233830846,132.0,1.08,200.0,3,158.0,-25,1.01,0.12,10.0,0.09,6,10.0,Hard,Regular,victorias,Buena,victorias,player2,False,False,True
8.480400000000001,0.12,1628,50.0,-117.0,0,1653,83.0,0.03,12.0,8.0,0.02,60.0,0.4129353233830846,132.0,1.08,200.0,3,158.0,-25,1.01,0.12,10.0,0.09,6,10.0,Hard,Regular,victorias,Buena,victorias,player2,False,False,True
0.0,0.11,1446,30.0,98.0,1,1540,191.0,0.0,8.0,12.0,0.02,40.0,2.0319148936170213,154.0,1.21,93.0,2,133.0,-94,1.28,0.0,6.0,0.0,1,14.0,Hard,Mala,victorias,Regular,victorias,player2,False,False,True
0.0,0.11,1446,30.0,98.0,1,1540,191.0,0.0,8.0,12.0,0.02,40.0,2.0319148936170213,154.0,1.21,93.0,2,133.0,-94,1.28,0.0,6.0,0.0,1,14.0,Hard,Mala,victorias,Regular,victorias,player2,False,False,True
0.0,0.11,1446,30.0,98.0,1,1540,191.0,0.0,8.0,12.0,0.02,40.0,2.0319148936170213,154.0,1.21,93.0,2,133.0,-94,1.28,0.0,6.0,0.0,1,14.0,Hard,Mala,victorias,Regular,victorias,player2,False,False,True
0.0,0.25,1474,30.0,0.0,3,1636,139.0,0.0,11.0,9.0,0.02,55.0,0.9928571428571429,142.0,1.2,139.0,4,142.0,-162,1.34,0.17,6.0,0.14,1,14.0,Clay,Mala,victorias,Regular,victorias,player1,True,False,False
0.0,0.25,1474,30.0,0.0,3,1636,139.0,0.0,11.0,9.0,0.02,55.0,0.9928571428571429,142.0,1.2,139.0,4,142.0,-162,1.34,0.17,6.0,0.14,1,14.0,Clay,Mala,victorias,Regular,victorias,player1,True,False,False
0.0,0.25,1474,30.0,0.0,3,1636,139.0,0.0,11.0,9.0,0.02,55.0,0.9928571428571429,142.0,1.2,139.0,4,142.0,-162,1.34,0.17,6.0,0.14,1,14.0,Clay,Mala,victorias,Regular,victorias,player1,True,False,False
0.0,0.28,1598,55.0,0.0,3,1648,139.0,0.01,11.0,9.0,0.02,55.0,0.9928571428571429,142.0,1.35,139.0,3,142.0,-50,1.35,0.0,11.0,0.0,1,9.0,Clay,Regular,victorias,Regular,victorias,player2,True,False,False
0.0,0.28,1598,55.0,0.0,3,1648,139.0,0.01,11.0,9.0,0.02,55.0,0.9928571428571429,142.0,1.35,139.0,3,142.0,-50,1.35,0.0,11.0,0.0,1,9.0,Clay,Regular,victorias,Regular,victorias,player2,True,False,False
0.0,0.28,1598,55.0,0.0,3,1648,139.0,0.01,11.0,9.0,0.02,55.0,0.9928571428571429,142.0,1.35,139.0,3,142.0,-50,1.35,0.0,11.0,0.0,1,9.0,Clay,Regular,victorias,Regular,victorias,player2,True,False,False
4.7749,0.0,1602,55.0,-19.0,2,1600,81.0,0.01,10.0,10.0,0.04,50.0,0.801980198019802,152.0,1.26,100.0,1,159.0,2,1.44,0.0,11.0,0.09,1,9.0,Clay,Regular,victorias,Regular,victorias,player1,True,False,False
4.7749,0.0,1602,55.0,-19.0,2,1600,81.0,0.01,10.0,10.0,0.04,50.0,0.801980198019802,152.0,1.26,100.0,1,159.0,2,1.44,0.0,11.0,0.09,1,9.0,Clay,Regular,victorias,Regular,victorias,player1,True,False,False
4.7749,0.0,1602,55.0,-19.0,2,1600,81.0,0.01,10.0,10.0,0.04,50.0,0.801980198019802,152.0,1.26,100.0,1,159.0,2,1.44,0.0,11.0,0.09,1,9.0,Clay,Regular,victorias,Regular,victorias,player1,True,False,False
0.0,0.0,1457,30.0,95.0,1,1487,176.0,0.0,6.0,14.0,0.01,30.0,2.1463414634146343,159.0,1.24,81.0,0,135.0,-30,1.24,0.0,6.0,0.0,1,14.0,Clay,Mala,victorias,Mala,victorias,player1,True,False,False
0.0,0.0,1457,30.0,95.0,1,1487,176.0,0.0,6.0,14.0,0.01,30.0,2.1463414634146343,159.0,1.24,81.0,0,135.0,-30,1.24,0.0,6.0,0.0,1,14.0,Clay,Mala,victorias,Mala,victorias,player1,True,False,False
0.0,0.0,1457,30.0,95.0,1,1487,176.0,0.0,6.0,14.0,0.01,30.0,2.1463414634146343,159.0,1.24,81.0,0,135.0,-30,1.24,0.0,6.0,0.0,1,14.0,Clay,Mala,victorias,Mala,victorias,player1,True,False,False
17.519,0.26,1593,50.0,35.0,2,1608,118.0,0.02,11.0,9.0,0.01,55.0,1.4047619047619047,158.0,0.98,83.0,7,146.0,-15,0.94,0.0,10.0,0.48,1,10.0,Clay,Regular,victorias,Regular,victorias,player1,True,False,False
17.519,0.26,1593,50.0,35.0,2,1608,118.0,0.02,11.0,9.0,0.01,55.0,1.4047619047619047,158.0,0.98,83.0,7,146.0,-15,0.94,0.0,10.0,0.48,1,10.0,Clay,Regular,victorias,Regular,victorias,player1,True,False,False
17.519,0.26,1593,50.0,35.0,2,1608,118.0,0.02,11.0,9.0,0.01,55.0,1.4047619047619047,158.0,0.98,83.0,7,146.0,-15,0.94,0.0,10.0,0.48,1,10.0,Clay,Regular,victorias,Regular,victorias,player1,True,False,False
27.5587,0.54,1644,60.0,-58.0,1,1637,118.0,0.03,10.0,10.0,0.03,50.0,0.6666666666666666,135.0,1.2,176.0,14,146.0,7,1.16,0.21,12.0,0.23,1,8.0,Clay,Buena,victorias,Regular,victorias,player1,True,False,False
27.5587,0.54,1644,60.0,-58.0,1,1637,118.0,0.03,10.0,10.0,0.03,50.0,0.6666666666666666,135.0,1.2,176.0,14,146.0,7,1.16,0.21,12.0,0.23,1,8.0,Clay,Buena,victorias,Regular,victorias,player1,True,False,False
27.5587,0.54,1644,60.0,-58.0,1,1637,118.0,0.03,10.0,10.0,0.03,50.0,0.6666666666666666,135.0,1.2,176.0,14,146.0,7,1.16,0.21,12.0,0.23,1,8.0,Clay,Buena,victorias,Regular,victorias,player1,True,False,False
8.511400000000002,0.36,1411,20.0,51.0,1,1749,59.0,0.01,15.0,5.0,0.1,75.0,6.555555555555555,319.0,0.77,8.0,3,171.0,-338,1.18,0.0,4.0,0.18,1,16.0,Clay,Mala,victorias,Excelente,victorias,player1,True,False,False
8.511400000000002,0.36,1411,20.0,51.0,1,1749,59.0,0.01,15.0,5.0,0.1,75.0,6.555555555555555,319.0,0.77,8.0,3,171.0,-338,1.18,0.0,4.0,0.18,1,16.0,Clay,Mala,victorias,Excelente,victorias,player1,True,False,False
8.511400000000002,0.36,1411,20.0,51.0,1,1749,59.0,0.01,15.0,5.0,0.1,75.0,6.555555555555555,319.0,0.77,8.0,3,171.0,-338,1.18,0.0,4.0,0.18,1,16.0,Clay,Mala,victorias,Excelente,victorias,player1,True,False,False
0.0,0.0,1578,55.0,-187.0,0,1578,8.0,0.01,10.0,10.0,0.02,50.0,0.04081632653061224,133.0,1.35,195.0,2,319.0,0,1.33,0.0,11.0,0.0,1,9.0,Hard,Regular,victorias,Regular,victorias,player1,False,False,True
0.0,0.0,1578,55.0,-187.0,0,1578,8.0,0.01,10.0,10.0,0.02,50.0,0.04081632653061224,133.0,1.35,195.0,2,319.0,0,1.33,0.0,11.0,0.0,1,9.0,Hard,Regular,victorias,Regular,victorias,player1,False,False,True
0.0,0.0,1578,55.0,-187.0,0,1578,8.0,0.01,10.0,10.0,0.02,50.0,0.04081632653061224,133.0,1.35,195.0,2,319.0,0,1.33,0.0,11.0,0.0,1,9.0,Hard,Regular,victorias,Regular,victorias,player1,False,False,True
0.0,0.08,1553,45.0,-68.0,1,1607,77.0,0.02,12.0,8.0,0.02,60.0,0.5273972602739726,140.0,1.32,145.0,1,161.0,-54,1.39,0.19,9.0,0.18,1,11.0,Hard,Regular,victorias,Buena,victorias,player1,False,False,True
0.0,0.08,1553,45.0,-68.0,1,1607,77.0,0.02,12.0,8.0,0.02,60.0,0.5273972602739726,140.0,1.32,145.0,1,161.0,-54,1.39,0.19,9.0,0.18,1,11.0,Hard,Regular,victorias,Buena,victorias,player1,False,False,True
0.0,0.08,1553,45.0,-68.0,1,1607,77.0,0.02,12.0,8.0,0.02,60.0,0.5273972602739726,140.0,1.32,145.0,1,161.0,-54,1.39,0.19,9.0,0.18,1,11.0,Hard,Regular,victorias,Buena,victorias,player1,False,False,True
0.0,0.0,1434,25.0,-59.0,1,1597,22.0,0.01,11.0,9.0,0.03,55.0,0.2682926829268293,159.0,1.18,81.0,1,223.0,-163,1.37,0.16,5.0,0.12,1,15.0,Hard,Mala,victorias,Regular,victorias,player2,False,False,True
0.0,0.0,1434,25.0,-59.0,1,1597,22.0,0.01,11.0,9.0,0.03,55.0,0.2682926829268293,159.0,1.18,81.0,1,223.0,-163,1.37,0.16,5.0,0.12,1,15.0,Hard,Mala,victorias,Regular,victorias,player2,False,False,True
0.0,0.0,1434,25.0,-59.0,1,1597,22.0,0.01,11.0,9.0,0.03,55.0,0.2682926829268293,159.0,1.18,81.0,1,223.0,-163,1.37,0.16,5.0,0.12,1,15.0,Hard,Mala,victorias,Regular,victorias,player2,False,False,True
6.5332,0.47,1553,45.0,57.0,1,1539,98.0,0.01,9.0,11.0,0.01,45.0,2.3333333333333335,187.0,1.18,41.0,4,152.0,14,1.38,0.09,9.0,0.0,1,11.0,Clay,Regular,victorias,Regular,victorias,player1,True,False,False
6.5332,0.47,1553,45.0,57.0,1,1539,98.0,0.01,9.0,11.0,0.01,45.0,2.3333333333333335,187.0,1.18,41.0,4,152.0,14,1.38,0.09,9.0,0.0,1,11.0,Clay,Regular,victorias,Regular,victorias,player1,True,False,False
6.5332,0.47,1553,45.0,57.0,1,1539,98.0,0.01,9.0,11.0,0.01,45.0,2.3333333333333335,187.0,1.18,41.0,4,152.0,14,1.38,0.09,9.0,0.0,1,11.0,Clay,Regular,victorias,Regular,victorias,player1,True,False,False
6.0245,0.48,1585,50.0,80.0,1,1623,98.0,0.01,12.0,8.0,0.01,60.0,5.157894736842105,238.0,1.26,18.0,7,152.0,-38,1.3,0.0,10.0,0.0,1,10.0,Clay,Regular,victorias,Buena,victorias,player1,True,False,False
6.0245,0.48,1585,50.0,80.0,1,1623,98.0,0.01,12.0,8.0,0.01,60.0,5.157894736842105,238.0,1.26,18.0,7,152.0,-38,1.3,0.0,10.0,0.0,1,10.0,Clay,Regular,victorias,Buena,victorias,player1,True,False,False
6.0245,0.48,1585,50.0,80.0,1,1623,98.0,0.01,12.0,8.0,0.01,60.0,5.157894736842105,238.0,1.26,18.0,7,152.0,-38,1.3,0.0,10.0,0.0,1,10.0,Clay,Regular,victorias,Buena,victorias,player1,True,False,False
4.7793,0.0,1768,75.0,0.0,3,1507,167.0,0.1,9.0,11.0,0.01,45.0,0.9940476190476191,137.0,1.17,167.0,4,137.0,261,0.81,0.09,15.0,0.12,6,5.0,Clay,Excelente,victorias,Regular,victorias,player1,True,False,False
4.7793,0.0,1768,75.0,0.0,3,1507,167.0,0.1,9.0,11.0,0.01,45.0,0.9940476190476191,137.0,1.17,167.0,4,137.0,261,0.81,0.09,15.0,0.12,6,5.0,Clay,Excelente,victorias,Regular,victorias,player1,True,False,False
4.7793,0.0,1768,75.0,0.0,3,1507,167.0,0.1,9.0,11.0,0.01,45.0,0.9940476190476191,137.0,1.17,167.0,4,137.0,261,0.81,0.09,15.0,0.12,6,5.0,Clay,Excelente,victorias,Regular,victorias,player1,True,False,False
0.0,0.1,1563,45.0,-104.0,0,1569,77.0,0.01,8.0,12.0,0.02,40.0,0.4230769230769231,135.0,1.3,181.0,2,161.0,-6,1.28,0.0,9.0,0.0,1,11.0,Hard,Regular,victorias,Regular,victorias,player1,False,False,True
0.0,0.1,1563,45.0,-104.0,0,1569,77.0,0.01,8.0,12.0,0.02,40.0,0.4230769230769231,135.0,1.3,181.0,2,161.0,-6,1.28,0.0,9.0,0.0,1,11.0,Hard,Regular,victorias,Regular,victorias,player1,False,False,True
0.0,0.1,1563,45.0,-104.0,0,1569,77.0,0.01,8.0,12.0,0.02,40.0,0.4230769230769231,135.0,1.3,181.0,2,161.0,-6,1.28,0.0,9.0,0.0,1,11.0,Hard,Regular,victorias,Regular,victorias,player1,False,False,True
0.0,0.0,1587,45.0,123.0,0,1485,200.0,0.02,6.0,11.0,0.01,35.3,2.5641025641025643,161.0,1.32,77.0,1,132.0,102,1.26,0.0,9.0,0.14,1,11.0,Hard,Regular,victorias,Mala,victorias,player2,False,False,True
0.0,0.0,1587,45.0,123.0,0,1485,200.0,0.02,6.0,11.0,0.01,35.3,2.5641025641025643,161.0,1.32,77.0,1,132.0,102,1.26,0.0,9.0,0.14,1,11.0,Hard,Regular,victorias,Mala,victorias,player2,False,False,True
0.0,0.0,1587,45.0,123.0,0,1485,200.0,0.02,6.0,11.0,0.01,35.3,2.5641025641025643,161.0,1.32,77.0,1,132.0,102,1.26,0.0,9.0,0.14,1,11.0,Hard,Regular,victorias,Mala,victorias,player2,False,False,True
0.0,0.13,1449,30.0,24.0,2,1684,200.0,0.01,12.0,8.0,0.03,60.0,1.1299435028248588,135.0,1.21,176.0,2,132.0,-235,1.37,0.12,6.0,0.15,1,14.0,Hard,Mala,victorias,Buena,victorias,player2,False,False,True
0.0,0.13,1449,30.0,24.0,2,1684,200.0,0.01,12.0,8.0,0.03,60.0,1.1299435028248588,135.0,1.21,176.0,2,132.0,-235,1.37,0.12,6.0,0.15,1,14.0,Hard,Mala,victorias,Buena,victorias,player2,False,False,True
0.0,0.13,1449,30.0,24.0,2,1684,200.0,0.01,12.0,8.0,0.03,60.0,1.1299435028248588,135.0,1.21,176.0,2,132.0,-235,1.37,0.12,6.0,0.15,1,14.0,Hard,Mala,victorias,Buena,victorias,player2,False,False,True
4.199999999999999,0.35,1661,60.0,-91.0,1,1599,81.0,0.02,10.0,10.0,0.03,50.0,0.4682080924855491,136.0,1.41,172.0,8,159.0,62,1.17,0.0,12.0,0.0,1,8.0,Clay,Buena,victorias,Regular,victorias,player2,True,False,False
4.199999999999999,0.35,1661,60.0,-91.0,1,1599,81.0,0.02,10.0,10.0,0.03,50.0,0.4682080924855491,136.0,1.41,172.0,8,159.0,62,1.17,0.0,12.0,0.0,1,8.0,Clay,Buena,victorias,Regular,victorias,player2,True,False,False
4.199999999999999,0.35,1661,60.0,-91.0,1,1599,81.0,0.02,10.0,10.0,0.03,50.0,0.4682080924855491,136.0,1.41,172.0,8,159.0,62,1.17,0.0,12.0,0.0,1,8.0,Clay,Buena,victorias,Regular,victorias,player2,True,False,False
0.5999999999999999,0.23,1598,45.0,50.0,2,1668,195.0,0.01,13.0,7.0,0.03,65.0,1.3356164383561644,140.0,1.31,145.0,2,133.0,-70,1.4,0.0,9.0,0.0,1,11.0,Clay,Regular,victorias,Buena,victorias,player2,True,False,False
0.5999999999999999,0.23,1598,45.0,50.0,2,1668,195.0,0.01,13.0,7.0,0.03,65.0,1.3356164383561644,140.0,1.31,145.0,2,133.0,-70,1.4,0.0,9.0,0.0,1,11.0,Clay,Regular,victorias,Buena,victorias,player2,True,False,False
0.5999999999999999,0.23,1598,45.0,50.0,2,1668,195.0,0.01,13.0,7.0,0.03,65.0,1.3356164383561644,140.0,1.31,145.0,2,133.0,-70,1.4,0.0,9.0,0.0,1,11.0,Clay,Regular,victorias,Buena,victorias,player2,True,False,False
0.0,0.0,1572,55.0,-64.0,1,1445,81.0,0.01,7.0,13.0,0.0,35.0,0.5547945205479452,140.0,1.36,145.0,2,159.0,127,1.25,0.0,11.0,0.18,1,9.0,Clay,Regular,victorias,Mala,victorias,player1,True,False,False
0.0,0.0,1572,55.0,-64.0,1,1445,81.0,0.01,7.0,13.0,0.0,35.0,0.5547945205479452,140.0,1.36,145.0,2,159.0,127,1.25,0.0,11.0,0.18,1,9.0,Clay,Regular,victorias,Mala,victorias,player1,True,False,False
0.0,0.0,1572,55.0,-64.0,1,1445,81.0,0.01,7.0,13.0,0.0,35.0,0.5547945205479452,140.0,1.36,145.0,2,159.0,127,1.25,0.0,11.0,0.18,1,9.0,Clay,Regular,victorias,Mala,victorias,player1,True,False,False
0.0,0.0,1610,60.0,0.0,3,1500,154.0,0.01,6.0,14.000000000000002,0.0,30.000000000000004,0.9935483870967742,139.0,1.41,154.0,0,139.0,110,0.0,0.0,12.0,0.0,1,8.0,Clay,Buena,victorias,,,player1,True,False,False
0.0,0.0,1610,60.0,0.0,3,1500,154.0,0.01,6.0,14.000000000000002,0.0,30.000000000000004,0.9935483870967742,139.0,1.41,154.0,0,139.0,110,0.0,0.0,12.0,0.0,1,8.0,Clay,Buena,victorias,,,player1,True,False,False
0.0,0.0,1610,60.0,0.0,3,1500,154.0,0.01,6.0,14.000000000000002,0.0,30.000000000000004,0.9935483870967742,139.0,1.41,154.0,0,139.0,110,0.0,0.0,12.0,0.0,1,8.0,Clay,Buena,victorias,,,player1,True,False,False
18.4616,0.24,1583,50.0,0.0,3,1539,98.0,0.03,8.0,12.0,0.01,40.0,0.98989898989899,152.0,1.15,98.0,14,152.0,44,1.11,0.09,10.0,0.09,1,10.0,Clay,Regular,victorias,Regular,victorias,player1,True,False,False
18.4616,0.24,1583,50.0,0.0,3,1539,98.0,0.03,8.0,12.0,0.01,40.0,0.98989898989899,152.0,1.15,98.0,14,152.0,44,1.11,0.09,10.0,0.09,1,10.0,Clay,Regular,victorias,Regular,victorias,player1,True,False,False
18.4616,0.24,1583,50.0,0.0,3,1539,98.0,0.03,8.0,12.0,0.01,40.0,0.98989898989899,152.0,1.15,98.0,14,152.0,44,1.11,0.09,10.0,0.09,1,10.0,Clay,Regular,victorias,Regular,victorias,player1,True,False,False
20.5668,0.3,1677,60.0,-36.0,2,1763,62.0,0.05,16.0,4.0,0.05,80.0,0.6262626262626263,152.0,0.84,98.0,10,169.0,-86,1.05,0.0,12.0,0.13,1,8.0,Clay,Buena,victorias,Excelente,victorias,player2,True,False,False
20.5668,0.3,1677,60.0,-36.0,2,1763,62.0,0.05,16.0,4.0,0.05,80.0,0.6262626262626263,152.0,0.84,98.0,10,169.0,-86,1.05,0.0,12.0,0.13,1,8.0,Clay,Buena,victorias,Excelente,victorias,player2,True,False,False
20.5668,0.3,1677,60.0,-36.0,2,1763,62.0,0.05,16.0,4.0,0.05,80.0,0.6262626262626263,152.0,0.84,98.0,10,169.0,-86,1.05,0.0,12.0,0.13,1,8.0,Clay,Buena,victorias,Excelente,victorias,player2,True,False,False
7.7637,0.0,1635,60.0,0.0,3,1459,98.0,0.02,6.0,14.0,0.01,30.0,0.98989898989899,152.0,1.11,98.0,4,152.0,176,0.93,0.18,12.0,0.4,1,8.0,Clay,Buena,victorias,Mala,victorias,player1,True,False,False
7.7637,0.0,1635,60.0,0.0,3,1459,98.0,0.02,6.0,14.0,0.01,30.0,0.98989898989899,152.0,1.11,98.0,4,152.0,176,0.93,0.18,12.0,0.4,1,8.0,Clay,Buena,victorias,Mala,victorias,player1,True,False,False
7.7637,0.0,1635,60.0,0.0,3,1459,98.0,0.02,6.0,14.0,0.01,30.0,0.98989898989899,152.0,1.11,98.0,4,152.0,176,0.93,0.18,12.0,0.4,1,8.0,Clay,Buena,victorias,Mala,victorias,player1,True,False,False
19.3956,0.59,1613,45.0,-118.0,0,1711,77.0,0.04,13.0,7.0,0.05,65.0,0.39285714285714285,133.0,1.02,195.0,18,161.0,-98,1.27,0.23,9.0,0.27,1,11.0,Clay,Regular,victorias,Buena,victorias,player2,True,False,False
19.3956,0.59,1613,45.0,-118.0,0,1711,77.0,0.04,13.0,7.0,0.05,65.0,0.39285714285714285,133.0,1.02,195.0,18,161.0,-98,1.27,0.23,9.0,0.27,1,11.0,Clay,Regular,victorias,Buena,victorias,player2,True,False,False
19.3956,0.59,1613,45.0,-118.0,0,1711,77.0,0.04,13.0,7.0,0.05,65.0,0.39285714285714285,133.0,1.02,195.0,18,161.0,-98,1.27,0.23,9.0,0.27,1,11.0,Clay,Regular,victorias,Buena,victorias,player2,True,False,False
7.7699,0.09,1639,55.0,119.0,0,1562,200.0,0.03,7.0,13.0,0.02,35.0,2.4390243902439024,159.0,1.28,81.0,7,132.0,77,1.18,0.25,11.0,0.22,1,9.0,Clay,Regular,victorias,Mala,victorias,player2,True,False,False
7.7699,0.09,1639,55.0,119.0,0,1562,200.0,0.03,7.0,13.0,0.02,35.0,2.4390243902439024,159.0,1.28,81.0,7,132.0,77,1.18,0.25,11.0,0.22,1,9.0,Clay,Regular,victorias,Mala,victorias,player2,True,False,False
7.7699,0.09,1639,55.0,119.0,0,1562,200.0,0.03,7.0,13.0,0.02,35.0,2.4390243902439024,159.0,1.28,81.0,7,132.0,77,1.18,0.25,11.0,0.22,1,9.0,Clay,Regular,victorias,Mala,victorias,player2,True,False,False
6.5097,0.53,1607,50.0,92.0,1,1565,154.0,0.02,6.0,14.0,0.04,30.0,2.4444444444444446,169.0,1.26,62.0,7,139.0,42,1.15,0.25,10.0,0.19,1,10.0,Clay,Regular,victorias,Mala,victorias,player1,True,False,False
6.5097,0.53,1607,50.0,92.0,1,1565,154.0,0.02,6.0,14.0,0.04,30.0,2.4444444444444446,169.0,1.26,62.0,7,139.0,42,1.15,0.25,10.0,0.19,1,10.0,Clay,Regular,victorias,Mala,victorias,player1,True,False,False
6.5097,0.53,1607,50.0,92.0,1,1565,154.0,0.02,6.0,14.0,0.04,30.0,2.4444444444444446,169.0,1.26,62.0,7,139.0,42,1.15,0.25,10.0,0.19,1,10.0,Clay,Regular,victorias,Mala,victorias,player1,True,False,False
11.8863,0.29,1724,65.0,36.0,2,1583,98.0,0.03,9.0,11.0,0.02,45.0,1.5555555555555556,169.0,1.31,62.0,8,152.0,141,1.23,0.22,13.0,0.17,1,7.0,Clay,Buena,victorias,Regular,victorias,player1,True,False,False
11.8863,0.29,1724,65.0,36.0,2,1583,98.0,0.03,9.0,11.0,0.02,45.0,1.5555555555555556,169.0,1.31,62.0,8,152.0,141,1.23,0.22,13.0,0.17,1,7.0,Clay,Buena,victorias,Regular,victorias,player1,True,False,False
11.8863,0.29,1724,65.0,36.0,2,1583,98.0,0.03,9.0,11.0,0.02,45.0,1.5555555555555556,169.0,1.31,62.0,8,152.0,141,1.23,0.22,13.0,0.17,1,7.0,Clay,Buena,victorias,Regular,victorias,player1,True,False,False
11.2738,0.21,1680,55.0,-53.0,1,1831,81.0,0.04,16.0,4.0,0.04,80.0,0.6,143.0,1.27,134.0,8,159.0,-151,1.5,0.0,11.0,0.16,1,9.0,Clay,Regular,victorias,Excelente,victorias,player2,True,False,False
11.2738,0.21,1680,55.0,-53.0,1,1831,81.0,0.04,16.0,4.0,0.04,80.0,0.6,143.0,1.27,134.0,8,159.0,-151,1.5,0.0,11.0,0.16,1,9.0,Clay,Regular,victorias,Excelente,victorias,player2,True,False,False
11.2738,0.21,1680,55.0,-53.0,1,1831,81.0,0.04,16.0,4.0,0.04,80.0,0.6,143.0,1.27,134.0,8,159.0,-151,1.5,0.0,11.0,0.16,1,9.0,Clay,Regular,victorias,Excelente,victorias,player2,True,False,False
16.0195,0.3,1632,45.0,57.0,1,1814,134.0,0.06,12.0,8.0,0.18,60.0,1.7179487179487178,161.0,0.84,77.0,6,143.0,-182,1.11,0.17,9.0,0.17,1,11.0,Clay,Regular,victorias,Buena,victorias,player2,True,False,False
16.0195,0.3,1632,45.0,57.0,1,1814,134.0,0.06,12.0,8.0,0.18,60.0,1.7179487179487178,161.0,0.84,77.0,6,143.0,-182,1.11,0.17,9.0,0.17,1,11.0,Clay,Regular,victorias,Buena,victorias,player2,True,False,False
16.0195,0.3,1632,45.0,57.0,1,1814,134.0,0.06,12.0,8.0,0.18,60.0,1.7179487179487178,161.0,0.84,77.0,6,143.0,-182,1.11,0.17,9.0,0.17,1,11.0,Clay,Regular,victorias,Buena,victorias,player2,True,False,False
21.3169,0.15,1727,65.0,0.0,3,1546,98.0,0.07,8.0,12.0,0.02,40.0,0.98989898989899,152.0,1.03,98.0,12,152.0,181,0.76,0.0,13.0,0.14,6,7.0,Clay,Buena,victorias,Regular,victorias,player2,True,False,False
21.3169,0.15,1727,65.0,0.0,3,1546,98.0,0.07,8.0,12.0,0.02,40.0,0.98989898989899,152.0,1.03,98.0,12,152.0,181,0.76,0.0,13.0,0.14,6,7.0,Clay,Buena,victorias,Regular,victorias,player2,True,False,False
21.3169,0.15,1727,65.0,0.0,3,1546,98.0,0.07,8.0,12.0,0.02,40.0,0.98989898989899,152.0,1.03,98.0,12,152.0,181,0.76,0.0,13.0,0.14,6,7.0,Clay,Buena,victorias,Regular,victorias,player2,True,False,False
3.0273,0.46,1665,55.0,-48.0,2,1730,134.0,0.02,14.0,6.0,0.03,70.0,0.73224043715847,134.0,1.3,182.0,6,143.0,-65,1.36,0.09,11.0,0.18,1,9.0,Clay,Regular,victorias,Buena,victorias,player1,True,False,False
3.0273,0.46,1665,55.0,-48.0,2,1730,134.0,0.02,14.0,6.0,0.03,70.0,0.73224043715847,134.0,1.3,182.0,6,143.0,-65,1.36,0.09,11.0,0.18,1,9.0,Clay,Regular,victorias,Buena,victorias,player1,True,False,False
3.0273,0.46,1665,55.0,-48.0,2,1730,134.0,0.02,14.0,6.0,0.03,70.0,0.73224043715847,134.0,1.3,182.0,6,143.0,-65,1.36,0.09,11.0,0.18,1,9.0,Clay,Regular,victorias,Buena,victorias,player1,True,False,False
56.4566,0.35,1760,60.0,-29.0,2,1895,81.0,0.15,12.0,8.0,0.13,60.0,0.7297297297297297,149.0,1.46,110.0,43,159.0,-135,1.25,0.27,12.0,0.27,2,8.0,Grass,Buena,victorias,Buena,victorias,player1,False,True,False
56.4566,0.35,1760,60.0,-29.0,2,1895,81.0,0.15,12.0,8.0,0.13,60.0,0.7297297297297297,149.0,1.46,110.0,43,159.0,-135,1.25,0.27,12.0,0.27,2,8.0,Grass,Buena,victorias,Buena,victorias,player1,False,True,False
56.4566,0.35,1760,60.0,-29.0,2,1895,81.0,0.15,12.0,8.0,0.13,60.0,0.7297297297297297,149.0,1.46,110.0,43,159.0,-135,1.25,0.27,12.0,0.27,2,8.0,Grass,Buena,victorias,Buena,victorias,player1,False,True,False
4.7614,0.22,1806,65.0,-141.0,0,2004,59.0,0.04,15.0,5.0,0.17,75.0,0.2935323383084577,132.0,1.32,200.0,18,171.0,-198,1.6,0.27,13.0,0.27,2,7.0,Grass,Buena,victorias,Excelente,victorias,player2,False,True,False
4.7614,0.22,1806,65.0,-141.0,0,2004,59.0,0.04,15.0,5.0,0.17,75.0,0.2935323383084577,132.0,1.32,200.0,18,171.0,-198,1.6,0.27,13.0,0.27,2,7.0,Grass,Buena,victorias,Excelente,victorias,player2,False,True,False
4.7614,0.22,1806,65.0,-141.0,0,2004,59.0,0.04,15.0,5.0,0.17,75.0,0.2935323383084577,132.0,1.32,200.0,18,171.0,-198,1.6,0.27,13.0,0.27,2,7.0,Grass,Buena,victorias,Excelente,victorias,player2,False,True,False
9.5287,0.0,1696,65.0,55.0,1,1709,63.0,0.06,14.0,6.0,0.03,70.0,7.0,319.0,1.24,8.0,5,168.0,-13,1.51,0.09,13.0,0.15,1,7.0,Hard,Buena,victorias,Buena,victorias,player1,False,False,True
9.5287,0.0,1696,65.0,55.0,1,1709,63.0,0.06,14.0,6.0,0.03,70.0,7.0,319.0,1.24,8.0,5,168.0,-13,1.51,0.09,13.0,0.15,1,7.0,Hard,Buena,victorias,Buena,victorias,player1,False,False,True
9.5287,0.0,1696,65.0,55.0,1,1709,63.0,0.06,14.0,6.0,0.03,70.0,7.0,319.0,1.24,8.0,5,168.0,-13,1.51,0.09,13.0,0.15,1,7.0,Hard,Buena,victorias,Buena,victorias,player1,False,False,True
2.3824,0.03,1687,60.0,-97.0,1,1555,58.0,0.04,9.0,11.0,0.01,45.0,0.3717948717948718,139.0,1.34,155.0,4,172.0,132,1.27,0.16,12.0,0.14,1,8.0,Hard,Buena,victorias,Regular,victorias,player2,False,False,True
2.3824,0.03,1687,60.0,-97.0,1,1555,58.0,0.04,9.0,11.0,0.01,45.0,0.3717948717948718,139.0,1.34,155.0,4,172.0,132,1.27,0.16,12.0,0.14,1,8.0,Hard,Buena,victorias,Regular,victorias,player2,False,False,True
2.3824,0.03,1687,60.0,-97.0,1,1555,58.0,0.04,9.0,11.0,0.01,45.0,0.3717948717948718,139.0,1.34,155.0,4,172.0,132,1.27,0.16,12.0,0.14,1,8.0,Hard,Buena,victorias,Regular,victorias,player2,False,False,True
0.0,0.0,1655,55.0,-273.0,0,1500,197.0,0.02,3.3464115963744008,12.495095651359598,0.0,19.476663198367564,0.4182590233545648,97.0,1.41,470.0,0,132.0,155,0.0,0.0,11.0,0.12,2,9.0,Hard,Regular,victorias,,,player1,False,False,True
0.0,0.0,1655,55.0,-273.0,0,1500,197.0,0.02,3.3464115963744008,12.495095651359598,0.0,19.476663198367564,0.4182590233545648,97.0,1.41,470.0,0,132.0,155,0.0,0.0,11.0,0.12,2,9.0,Hard,Regular,victorias,,,player1,False,False,True
0.0,0.0,1655,55.0,-273.0,0,1500,197.0,0.02,3.3464115963744008,12.495095651359598,0.0,19.476663198367564,0.4182590233545648,97.0,1.41,470.0,0,132.0,155,0.0,0.0,11.0,0.12,2,9.0,Hard,Regular,victorias,,,player1,False,False,True
0.0,0.0,1655,55.0,-273.0,0,1500,197.0,0.02,3.3464115963744008,12.495095651359598,0.0,19.476663198367564,0.4182590233545648,97.0,1.41,470.0,0,132.0,155,0.0,0.0,11.0,0.12,2,9.0,Hard,Regular,victorias,,,player1,False,False,True
0.0,0.0,1500,35.77479942123583,-179.0,0,1632,22.0,0.0,10.0,10.0,0.04,50.0,0.10891089108910891,132.0,0.0,201.0,0,223.0,-132,1.19,0.12,7.154959884247165,0.0,0,12.845040115752838,Clay,,,Regular,derrotas,player2,True,False,False
0.0,0.0,1500,35.77479942123583,-179.0,0,1632,22.0,0.0,10.0,10.0,0.04,50.0,0.10891089108910891,132.0,0.0,201.0,0,223.0,-132,1.19,0.12,7.154959884247165,0.0,0,12.845040115752838,Clay,,,Regular,derrotas,player2,True,False,False
0.0,0.0,1500,35.77479942123583,-179.0,0,1632,22.0,0.0,10.0,10.0,0.04,50.0,0.10891089108910891,132.0,0.0,201.0,0,223.0,-132,1.19,0.12,7.154959884247165,0.0,0,12.845040115752838,Clay,,,Regular,derrotas,player2,True,False,False
42.06850000000001,0.5,1613,40.0,-64.0,1,1719,93.0,0.04,14.0,6.0,0.05,70.0,0.5886075949367089,138.0,0.97,157.0,15,154.0,-106,1.06,0.34,8.0,0.48,2,12.0,Clay,Regular,victorias,Buena,victorias,player1,True,False,False
42.06850000000001,0.5,1613,40.0,-64.0,1,1719,93.0,0.04,14.0,6.0,0.05,70.0,0.5886075949367089,138.0,0.97,157.0,15,154.0,-106,1.06,0.34,8.0,0.48,2,12.0,Clay,Regular,victorias,Buena,victorias,player1,True,False,False
42.06850000000001,0.5,1613,40.0,-64.0,1,1719,93.0,0.04,14.0,6.0,0.05,70.0,0.5886075949367089,138.0,0.97,157.0,15,154.0,-106,1.06,0.34,8.0,0.48,2,12.0,Clay,Regular,victorias,Buena,victorias,player1,True,False,False
0.0,0.0,1671,65.0,-107.0,0,1500,93.0,0.02,8.0,11.999999999999998,0.0,40.0,0.4626865671641791,132.0,1.53,200.0,0,154.0,171,0.0,0.0,13.0,0.24,1,7.0,Hard,Buena,victorias,,,player1,False,False,True
0.0,0.0,1671,65.0,-107.0,0,1500,93.0,0.02,8.0,11.999999999999998,0.0,40.0,0.4626865671641791,132.0,1.53,200.0,0,154.0,171,0.0,0.0,13.0,0.24,1,7.0,Hard,Buena,victorias,,,player1,False,False,True
0.0,0.0,1671,65.0,-107.0,0,1500,93.0,0.02,8.0,11.999999999999998,0.0,40.0,0.4626865671641791,132.0,1.53,200.0,0,154.0,171,0.0,0.0,13.0,0.24,1,7.0,Hard,Buena,victorias,,,player1,False,False,True
0.0,0.0,1765,75.0,0.0,3,1500,200.0,0.03,9.0,11.0,0.0,45.0,0.9950248756218906,132.0,1.59,200.0,0,132.0,265,0.0,0.0,15.0,0.26,-1,5.0,Hard,Excelente,derrotas,,,player2,False,False,True
0.0,0.0,1765,75.0,0.0,3,1500,200.0,0.03,9.0,11.0,0.0,45.0,0.9950248756218906,132.0,1.59,200.0,0,132.0,265,0.0,0.0,15.0,0.26,-1,5.0,Hard,Excelente,derrotas,,,player2,False,False,True
0.0,0.0,1765,75.0,0.0,3,1500,200.0,0.03,9.0,11.0,0.0,45.0,0.9950248756218906,132.0,1.59,200.0,0,132.0,265,0.0,0.0,15.0,0.26,-1,5.0,Hard,Excelente,derrotas,,,player2,False,False,True
0.0,0.0,1646,60.0,-100.0,1,1500,100.0,0.03,5.653637243588259,8.871516324784345,0.0,37.3798949220069,0.4975124378109453,132.0,1.4,200.0,0,152.0,146,0.0,0.0,12.0,0.23,1,8.0,Hard,Buena,victorias,,,player2,False,False,True
0.0,0.0,1646,60.0,-100.0,1,1500,100.0,0.03,5.653637243588259,8.871516324784345,0.0,37.3798949220069,0.4975124378109453,132.0,1.4,200.0,0,152.0,146,0.0,0.0,12.0,0.23,1,8.0,Hard,Buena,victorias,,,player2,False,False,True
0.0,0.0,1646,60.0,-100.0,1,1500,100.0,0.03,5.653637243588259,8.871516324784345,0.0,37.3798949220069,0.4975124378109453,132.0,1.4,200.0,0,152.0,146,0.0,0.0,12.0,0.23,1,8.0,Hard,Buena,victorias,,,player2,False,False,True
0.0,0.0,1635,65.0,-153.0,0,1500,47.0,0.03,2.7308428268710077,6.192528480613024,0.0,37.65332116832015,0.23383084577114427,132.0,1.39,200.0,0,181.0,135,0.0,0.0,13.0,0.22,-1,7.0,Hard,Buena,derrotas,,,player2,False,False,True
0.0,0.0,1635,65.0,-153.0,0,1500,47.0,0.03,2.7308428268710077,6.192528480613024,0.0,37.65332116832015,0.23383084577114427,132.0,1.39,200.0,0,181.0,135,0.0,0.0,13.0,0.22,-1,7.0,Hard,Buena,derrotas,,,player2,False,False,True
0.0,0.0,1635,65.0,-153.0,0,1500,47.0,0.03,2.7308428268710077,6.192528480613024,0.0,37.65332116832015,0.23383084577114427,132.0,1.39,200.0,0,181.0,135,0.0,0.0,13.0,0.22,-1,7.0,Hard,Buena,derrotas,,,player2,False,False,True
0.0,-0.0,1795,50.0,-165.0,0,1500,32.0,0.05,2.4269223652647307,6.177254988172873,0.0,30.004389991139373,0.16161616161616163,132.0,1.61,197.0,0,200.0,295,0.0,0.0,10.0,0.27,2,10.0,Grass,Regular,victorias,,,player1,False,True,False
0.0,-0.0,1795,50.0,-165.0,0,1500,32.0,0.05,2.4269223652647307,6.177254988172873,0.0,30.004389991139373,0.16161616161616163,132.0,1.61,197.0,0,200.0,295,0.0,0.0,10.0,0.27,2,10.0,Grass,Regular,victorias,,,player1,False,True,False
0.0,-0.0,1795,50.0,-165.0,0,1500,32.0,0.05,2.4269223652647307,6.177254988172873,0.0,30.004389991139373,0.16161616161616163,132.0,1.61,197.0,0,200.0,295,0.0,0.0,10.0,0.27,2,10.0,Grass,Regular,victorias,,,player1,False,True,False
0.0,-0.0,1948,60.0,120.0,0,1500,197.0,0.12,6.321601301530346,13.678398698469655,0.0,31.608006507651726,2.5256410256410255,161.0,1.62,77.0,0,132.0,448,0.0,0.0,12.0,0.27,1,8.0,Grass,Buena,victorias,,,player2,False,True,False
0.0,-0.0,1948,60.0,120.0,0,1500,197.0,0.12,6.321601301530346,13.678398698469655,0.0,31.608006507651726,2.5256410256410255,161.0,1.62,77.0,0,132.0,448,0.0,0.0,12.0,0.27,1,8.0,Grass,Buena,victorias,,,player2,False,True,False
0.0,-0.0,1948,60.0,120.0,0,1500,197.0,0.12,6.321601301530346,13.678398698469655,0.0,31.608006507651726,2.5256410256410255,161.0,1.62,77.0,0,132.0,448,0.0,0.0,12.0,0.27,1,8.0,Grass,Buena,victorias,,,player2,False,True,False
0.0,0.0,1645,45.0,-25.0,2,1500,52.0,0.04,8.367640038439339,11.632359961560663,0.0,41.838200192196695,0.6666666666666666,161.0,1.33,77.0,0,176.0,145,0.0,0.0,9.0,0.25,1,11.0,Hard,Regular,victorias,,,player1,False,False,True
0.0,0.0,1645,45.0,-25.0,2,1500,52.0,0.04,8.367640038439339,11.632359961560663,0.0,41.838200192196695,0.6666666666666666,161.0,1.33,77.0,0,176.0,145,0.0,0.0,9.0,0.25,1,11.0,Hard,Regular,victorias,,,player2,False,False,True
0.0,0.0,1645,45.0,-25.0,2,1500,52.0,0.04,8.367640038439339,11.632359961560663,0.0,41.838200192196695,0.6666666666666666,161.0,1.33,77.0,0,176.0,145,0.0,0.0,9.0,0.25,1,11.0,Hard,Regular,victorias,,,player2,False,False,True
0.0,0.0,1645,45.0,-25.0,2,1500,52.0,0.04,8.367640038439339,11.632359961560663,0.0,41.838200192196695,0.6666666666666666,161.0,1.33,77.0,0,176.0,145,0.0,0.0,9.0,0.25,1,11.0,Hard,Regular,victorias,,,player2,False,False,True
0.0,0.0,1570,45.0,-176.0,0,1500,24.0,0.03,8.0,12.000000000000002,0.0,40.0,0.11940298507462686,132.0,1.33,200.0,0,217.0,70,0.0,0.0,9.0,0.24,1,11.0,Hard,Regular,victorias,,,player1,False,False,True
0.0,0.0,1570,45.0,-176.0,0,1500,24.0,0.03,8.0,12.000000000000002,0.0,40.0,0.11940298507462686,132.0,1.33,200.0,0,217.0,70,0.0,0.0,9.0,0.24,1,11.0,Hard,Regular,victorias,,,player1,False,False,True
0.0,0.0,1570,45.0,-176.0,0,1500,24.0,0.03,8.0,12.000000000000002,0.0,40.0,0.11940298507462686,132.0,1.33,200.0,0,217.0,70,0.0,0.0,9.0,0.24,1,11.0,Hard,Regular,victorias,,,player1,False,False,True
0.0,0.0,1570,45.0,-176.0,0,1500,24.0,0.03,8.0,12.000000000000002,0.0,40.0,0.11940298507462686,132.0,1.33,200.0,0,217.0,70,0.0,0.0,9.0,0.24,1,11.0,Hard,Regular,victorias,,,player1,False,False,True
0.0,0.0,1710,60.0,183.0,0,1500,191.0,0.03,7.0,12.999999999999998,0.0,35.0,21.22222222222222,319.0,1.47,8.0,0,133.0,210,0.0,0.0,12.0,0.27,-1,8.0,Hard,Buena,derrotas,,,player1,False,False,True
0.0,0.0,1710,60.0,183.0,0,1500,191.0,0.03,7.0,12.999999999999998,0.0,35.0,21.22222222222222,319.0,1.47,8.0,0,133.0,210,0.0,0.0,12.0,0.27,-1,8.0,Hard,Buena,derrotas,,,player1,False,False,True
0.0,0.0,1710,60.0,183.0,0,1500,191.0,0.03,7.0,12.999999999999998,0.0,35.0,21.22222222222222,319.0,1.47,8.0,0,133.0,210,0.0,0.0,12.0,0.27,-1,8.0,Hard,Buena,derrotas,,,player1,False,False,True
0.0,0.0,1739,70.0,87.0,1,1500,139.0,0.03,7.4907594238184885,12.000000000000004,0.0,38.29404406979193,2.6226415094339623,176.0,1.55,52.0,0,142.0,239,0.0,0.0,14.0,0.24,1,6.0,Hard,Buena,victorias,,,player1,False,False,True
0.0,0.0,1739,70.0,87.0,1,1500,139.0,0.03,7.4907594238184885,12.000000000000004,0.0,38.29404406979193,2.6226415094339623,176.0,1.55,52.0,0,142.0,239,0.0,0.0,14.0,0.24,1,6.0,Hard,Buena,victorias,,,player1,False,False,True
0.0,0.0,1739,70.0,87.0,1,1500,139.0,0.03,7.4907594238184885,12.000000000000004,0.0,38.29404406979193,2.6226415094339623,176.0,1.55,52.0,0,142.0,239,0.0,0.0,14.0,0.24,1,6.0,Hard,Buena,victorias,,,player1,False,False,True
0.0,0.0,1739,70.0,87.0,1,1500,139.0,0.03,7.4907594238184885,12.000000000000004,0.0,38.29404406979193,2.6226415094339623,176.0,1.55,52.0,0,142.0,239,0.0,0.0,14.0,0.24,1,6.0,Hard,Buena,victorias,,,player1,False,False,True
0.0,0.0,1507,30.0,0.0,3,1500,200.0,0.01,0.8751121035424563,2.750224207084912,0.0,21.877802588561405,0.9950248756218906,132.0,1.17,200.0,0,132.0,7,0.0,0.0,6.0,0.15,-1,14.0,Hard,Mala,derrotas,,,player1,False,False,True
0.0,0.0,1507,30.0,0.0,3,1500,200.0,0.01,0.8751121035424563,2.750224207084912,0.0,21.877802588561405,0.9950248756218906,132.0,1.17,200.0,0,132.0,7,0.0,0.0,6.0,0.15,-1,14.0,Hard,Mala,derrotas,,,player1,False,False,True
0.0,0.0,1507,30.0,0.0,3,1500,200.0,0.01,0.8751121035424563,2.750224207084912,0.0,21.877802588561405,0.9950248756218906,132.0,1.17,200.0,0,132.0,7,0.0,0.0,6.0,0.15,-1,14.0,Hard,Mala,derrotas,,,player1,False,False,True
0.0,0.0,1507,30.0,0.0,3,1500,200.0,0.01,0.8751121035424563,2.750224207084912,0.0,21.877802588561405,0.9950248756218906,132.0,1.17,200.0,0,132.0,7,0.0,0.0,6.0,0.15,-1,14.0,Hard,Mala,derrotas,,,player1,False,False,True
0.0,0.0,1717,70.0,0.0,3,1500,200.0,0.03,8.734835922210184,11.265164077789816,0.0,43.67417961105091,0.9950248756218906,132.0,1.6,200.0,0,132.0,217,0.0,0.0,14.0,0.22,1,6.0,Hard,Buena,victorias,,,player1,False,False,True
0.0,0.0,1717,70.0,0.0,3,1500,200.0,0.03,8.734835922210184,11.265164077789816,0.0,43.67417961105091,0.9950248756218906,132.0,1.6,200.0,0,132.0,217,0.0,0.0,14.0,0.22,1,6.0,Hard,Buena,victorias,,,player2,False,False,True
0.0,0.0,1717,70.0,0.0,3,1500,200.0,0.03,8.734835922210184,11.265164077789816,0.0,43.67417961105091,0.9950248756218906,132.0,1.6,200.0,0,132.0,217,0.0,0.0,14.0,0.22,1,6.0,Hard,Buena,victorias,,,player2,False,False,True
0.0,0.0,1717,70.0,0.0,3,1500,200.0,0.03,8.734835922210184,11.265164077789816,0.0,43.67417961105091,0.9950248756218906,132.0,1.6,200.0,0,132.0,217,0.0,0.0,14.0,0.22,1,6.0,Hard,Buena,victorias,,,player2,False,False,True
0.0017,0.44,1545,50.0,0.0,3,1630,157.0,0.01,13.0,7.0,0.02,65.0,0.9936708860759493,138.0,1.31,157.0,4,138.0,-85,1.37,0.19,10.0,0.18,1,10.0,Clay,Regular,victorias,Buena,victorias,player2,True,False,False
0.0017,0.44,1545,50.0,0.0,3,1630,157.0,0.01,13.0,7.0,0.02,65.0,0.9936708860759493,138.0,1.31,157.0,4,138.0,-85,1.37,0.19,10.0,0.18,1,10.0,Clay,Regular,victorias,Buena,victorias,player2,True,False,False
0.0017,0.44,1545,50.0,0.0,3,1630,157.0,0.01,13.0,7.0,0.02,65.0,0.9936708860759493,138.0,1.31,157.0,4,138.0,-85,1.37,0.19,10.0,0.18,1,10.0,Clay,Regular,victorias,Buena,victorias,player2,True,False,False
0.0,0.09,1534,40.0,-59.0,1,1529,98.0,0.0,8.0,12.0,0.01,40.0,0.620253164556962,138.0,1.27,157.0,3,152.0,5,1.27,0.0,8.0,0.0,1,12.0,Clay,Regular,victorias,Regular,victorias,player2,True,False,False
0.0,0.09,1534,40.0,-59.0,1,1529,98.0,0.0,8.0,12.0,0.01,40.0,0.620253164556962,138.0,1.27,157.0,3,152.0,5,1.27,0.0,8.0,0.0,1,12.0,Clay,Regular,victorias,Regular,victorias,player2,True,False,False
0.0,0.09,1534,40.0,-59.0,1,1529,98.0,0.0,8.0,12.0,0.01,40.0,0.620253164556962,138.0,1.27,157.0,3,152.0,5,1.27,0.0,8.0,0.0,1,12.0,Clay,Regular,victorias,Regular,victorias,player2,True,False,False
0.0,0.19,1601,60.0,-40.0,2,1596,157.0,0.01,11.0,9.0,0.02,55.0,0.7929292929292929,132.0,1.5,197.0,1,138.0,5,1.27,0.09,12.0,0.13,1,8.0,Clay,Buena,victorias,Regular,victorias,player1,True,False,False
0.0,0.19,1601,60.0,-40.0,2,1596,157.0,0.01,11.0,9.0,0.02,55.0,0.7929292929292929,132.0,1.5,197.0,1,138.0,5,1.27,0.09,12.0,0.13,1,8.0,Clay,Buena,victorias,Regular,victorias,player1,True,False,False
0.0,0.19,1601,60.0,-40.0,2,1596,157.0,0.01,11.0,9.0,0.02,55.0,0.7929292929292929,132.0,1.5,197.0,1,138.0,5,1.27,0.09,12.0,0.13,1,8.0,Clay,Buena,victorias,Regular,victorias,player1,True,False,False
2.6428,0.0,1595,60.0,19.0,2,1582,81.0,0.01,9.0,11.0,0.02,45.0,1.2857142857142858,169.0,1.34,62.0,4,159.0,13,1.27,0.09,12.0,0.14,1,8.0,Clay,Buena,victorias,Regular,victorias,player1,True,False,False
2.6428,0.0,1595,60.0,19.0,2,1582,81.0,0.01,9.0,11.0,0.02,45.0,1.2857142857142858,169.0,1.34,62.0,4,159.0,13,1.27,0.09,12.0,0.14,1,8.0,Clay,Buena,victorias,Regular,victorias,player1,True,False,False
2.6428,0.0,1595,60.0,19.0,2,1582,81.0,0.01,9.0,11.0,0.02,45.0,1.2857142857142858,169.0,1.34,62.0,4,159.0,13,1.27,0.09,12.0,0.14,1,8.0,Clay,Buena,victorias,Regular,victorias,player1,True,False,False
0.9499999999999997,0.0,1691,65.0,114.0,0,1592,195.0,0.06,10.0,10.0,0.03,50.0,2.3780487804878048,159.0,1.19,81.0,3,133.0,99,0.92,0.0,13.0,0.16,6,7.0,Clay,Buena,victorias,Regular,victorias,player1,True,False,False
0.9499999999999997,0.0,1691,65.0,114.0,0,1592,195.0,0.06,10.0,10.0,0.03,50.0,2.3780487804878048,159.0,1.19,81.0,3,133.0,99,0.92,0.0,13.0,0.16,6,7.0,Clay,Buena,victorias,Regular,victorias,player1,True,False,False
0.9499999999999997,0.0,1691,65.0,114.0,0,1592,195.0,0.06,10.0,10.0,0.03,50.0,2.3780487804878048,159.0,1.19,81.0,3,133.0,99,0.92,0.0,13.0,0.16,6,7.0,Clay,Buena,victorias,Regular,victorias,player1,True,False,False
0.0,0.26,1506,35.0,-119.0,0,1605,81.0,0.01,11.0,9.0,0.02,55.0,0.40298507462686567,132.0,1.26,200.0,1,159.0,-99,1.37,0.09,7.0,0.16,1,13.0,Clay,Mala,victorias,Regular,victorias,player1,True,False,False
0.0,0.26,1506,35.0,-119.0,0,1605,81.0,0.01,11.0,9.0,0.02,55.0,0.40298507462686567,132.0,1.26,200.0,1,159.0,-99,1.37,0.09,7.0,0.16,1,13.0,Clay,Mala,victorias,Regular,victorias,player1,True,False,False
0.0,0.26,1506,35.0,-119.0,0,1605,81.0,0.01,11.0,9.0,0.02,55.0,0.40298507462686567,132.0,1.26,200.0,1,159.0,-99,1.37,0.09,7.0,0.16,1,13.0,Clay,Mala,victorias,Regular,victorias,player1,True,False,False
0.0,0.4,1619,55.0,114.0,0,1748,195.0,0.01,15.0,5.0,0.04,75.0,2.3780487804878048,159.0,1.34,81.0,4,133.0,-129,1.41,0.09,11.0,0.09,1,9.0,Clay,Regular,victorias,Excelente,victorias,player2,True,False,False
0.0,0.4,1619,55.0,114.0,0,1748,195.0,0.01,15.0,5.0,0.04,75.0,2.3780487804878048,159.0,1.34,81.0,4,133.0,-129,1.41,0.09,11.0,0.09,1,9.0,Clay,Regular,victorias,Excelente,victorias,player2,True,False,False
0.0,0.4,1619,55.0,114.0,0,1748,195.0,0.01,15.0,5.0,0.04,75.0,2.3780487804878048,159.0,1.34,81.0,4,133.0,-129,1.41,0.09,11.0,0.09,1,9.0,Clay,Regular,victorias,Excelente,victorias,player2,True,False,False
7.7444,0.27,1698,75.0,59.0,1,1664,140.0,0.02,13.0,7.0,0.01,65.0,1.7073170731707317,159.0,1.39,81.0,5,141.0,34,1.36,0.15,15.0,0.18,1,5.0,Clay,Excelente,victorias,Buena,victorias,player1,True,False,False
7.7444,0.27,1698,75.0,59.0,1,1664,140.0,0.02,13.0,7.0,0.01,65.0,1.7073170731707317,159.0,1.39,81.0,5,141.0,34,1.36,0.15,15.0,0.18,1,5.0,Clay,Excelente,victorias,Buena,victorias,player1,True,False,False
7.7444,0.27,1698,75.0,59.0,1,1664,140.0,0.02,13.0,7.0,0.01,65.0,1.7073170731707317,159.0,1.39,81.0,5,141.0,34,1.36,0.15,15.0,0.18,1,5.0,Clay,Excelente,victorias,Buena,victorias,player1,True,False,False
4.7753,0.27,1687,60.0,0.0,3,1580,81.0,0.04,10.0,10.0,0.02,50.0,0.9878048780487805,159.0,1.34,81.0,5,159.0,107,1.29,0.0,12.0,0.15,1,8.0,Clay,Buena,victorias,Regular,victorias,player1,True,False,False
4.7753,0.27,1687,60.0,0.0,3,1580,81.0,0.04,10.0,10.0,0.02,50.0,0.9878048780487805,159.0,1.34,81.0,5,159.0,107,1.29,0.0,12.0,0.15,1,8.0,Clay,Buena,victorias,Regular,victorias,player1,True,False,False
4.7753,0.27,1687,60.0,0.0,3,1580,81.0,0.04,10.0,10.0,0.02,50.0,0.9878048780487805,159.0,1.34,81.0,5,159.0,107,1.29,0.0,12.0,0.15,1,8.0,Clay,Buena,victorias,Regular,victorias,player1,True,False,False
0.0,0.0,1676,55.0,-17.0,2,1500,81.0,0.03,6.604565209907285,13.395434790092715,0.0,33.02282604953643,0.8181818181818182,152.0,1.39,98.0,0,159.0,176,0.0,0.0,11.0,0.22,1,9.0,Clay,Regular,victorias,,,player1,True,False,False
0.0,0.0,1676,55.0,-17.0,2,1500,81.0,0.03,6.604565209907285,13.395434790092715,0.0,33.02282604953643,0.8181818181818182,152.0,1.39,98.0,0,159.0,176,0.0,0.0,11.0,0.22,1,9.0,Clay,Regular,victorias,,,player1,True,False,False
0.0,0.0,1676,55.0,-17.0,2,1500,81.0,0.03,6.604565209907285,13.395434790092715,0.0,33.02282604953643,0.8181818181818182,152.0,1.39,98.0,0,159.0,176,0.0,0.0,11.0,0.22,1,9.0,Clay,Regular,victorias,,,player1,True,False,False
0.0,0.0,1676,55.0,-17.0,2,1500,81.0,0.03,6.604565209907285,13.395434790092715,0.0,33.02282604953643,0.8181818181818182,152.0,1.39,98.0,0,159.0,176,0.0,0.0,11.0,0.22,1,9.0,Clay,Regular,victorias,,,player1,True,False,False
0.0,0.11,1629,50.0,123.0,0,1616,200.0,0.02,10.0,10.0,0.01,50.0,2.5641025641025643,161.0,1.35,77.0,1,132.0,13,1.35,0.18,10.0,0.0,1,10.0,Clay,Regular,victorias,Regular,victorias,player2,True,False,False
0.0,0.11,1629,50.0,123.0,0,1616,200.0,0.02,10.0,10.0,0.01,50.0,2.5641025641025643,161.0,1.35,77.0,1,132.0,13,1.35,0.18,10.0,0.0,1,10.0,Clay,Regular,victorias,Regular,victorias,player2,True,False,False
0.0,0.11,1629,50.0,123.0,0,1616,200.0,0.02,10.0,10.0,0.01,50.0,2.5641025641025643,161.0,1.35,77.0,1,132.0,13,1.35,0.18,10.0,0.0,1,10.0,Clay,Regular,victorias,Regular,victorias,player2,True,False,False
6.5197,0.43,1688,65.0,159.0,0,1721,167.0,0.07,14.0,6.0,0.08,70.0,18.555555555555557,319.0,0.88,8.0,9,137.0,-33,1.08,0.21,13.0,0.22,1,7.0,Clay,Buena,victorias,Buena,victorias,player2,True,False,False
6.5197,0.43,1688,65.0,159.0,0,1721,167.0,0.07,14.0,6.0,0.08,70.0,18.555555555555557,319.0,0.88,8.0,9,137.0,-33,1.08,0.21,13.0,0.22,1,7.0,Clay,Buena,victorias,Buena,victorias,player2,True,False,False
6.5197,0.43,1688,65.0,159.0,0,1721,167.0,0.07,14.0,6.0,0.08,70.0,18.555555555555557,319.0,0.88,8.0,9,137.0,-33,1.08,0.21,13.0,0.22,1,7.0,Clay,Buena,victorias,Buena,victorias,player2,True,False,False
6.5314,0.26,1633,60.0,-115.0,0,1531,52.0,0.02,9.0,11.0,0.01,45.0,0.30952380952380953,137.0,1.37,167.0,2,176.0,102,1.3,0.12,12.0,0.12,1,8.0,Clay,Buena,victorias,Regular,victorias,player2,True,False,False
6.5314,0.26,1633,60.0,-115.0,0,1531,52.0,0.02,9.0,11.0,0.01,45.0,0.30952380952380953,137.0,1.37,167.0,2,176.0,102,1.3,0.12,12.0,0.12,1,8.0,Clay,Buena,victorias,Regular,victorias,player2,True,False,False
6.5314,0.26,1633,60.0,-115.0,0,1531,52.0,0.02,9.0,11.0,0.01,45.0,0.30952380952380953,137.0,1.37,167.0,2,176.0,102,1.3,0.12,12.0,0.12,1,8.0,Clay,Buena,victorias,Regular,victorias,player2,True,False,False
4.7719,0.18,1594,40.0,0.0,3,1731,32.0,0.06,15.0,5.0,0.05,75.0,0.9696969696969697,200.0,0.87,32.0,3,200.0,-137,1.14,0.2,8.0,0.2,1,12.0,Clay,Regular,victorias,Excelente,victorias,player2,True,False,False
4.7719,0.18,1594,40.0,0.0,3,1731,32.0,0.06,15.0,5.0,0.05,75.0,0.9696969696969697,200.0,0.87,32.0,3,200.0,-137,1.14,0.2,8.0,0.2,1,12.0,Clay,Regular,victorias,Excelente,victorias,player2,True,False,False
4.7719,0.18,1594,40.0,0.0,3,1731,32.0,0.06,15.0,5.0,0.05,75.0,0.9696969696969697,200.0,0.87,32.0,3,200.0,-137,1.14,0.2,8.0,0.2,1,12.0,Clay,Regular,victorias,Excelente,victorias,player2,True,False,False
0.0,0.0,1471,25.0,62.0,1,1702,139.0,0.01,14.0,6.0,0.01,70.0,1.7820512820512822,161.0,0.85,77.0,2,142.0,-231,1.18,0.38,5.0,0.58,1,15.0,Clay,Mala,victorias,Buena,victorias,player1,True,False,False
0.0,0.0,1471,25.0,62.0,1,1702,139.0,0.01,14.0,6.0,0.01,70.0,1.7820512820512822,161.0,0.85,77.0,2,142.0,-231,1.18,0.38,5.0,0.58,1,15.0,Clay,Mala,victorias,Buena,victorias,player1,True,False,False
0.0,0.0,1471,25.0,62.0,1,1702,139.0,0.01,14.0,6.0,0.01,70.0,1.7820512820512822,161.0,0.85,77.0,2,142.0,-231,1.18,0.38,5.0,0.58,1,15.0,Clay,Mala,victorias,Buena,victorias,player1,True,False,False
0.0,0.0,1521,44.4,-62.0,1,1565,77.0,0.01,10.0,10.0,0.01,50.0,0.55,142.0,1.42,139.0,1,161.0,-44,1.25,0.18,4.0,0.12,1,5.0,Clay,Regular,victorias,Regular,victorias,player1,True,False,False
0.0,0.0,1521,44.4,-62.0,1,1565,77.0,0.01,10.0,10.0,0.01,50.0,0.55,142.0,1.42,139.0,1,161.0,-44,1.25,0.18,4.0,0.12,1,5.0,Clay,Regular,victorias,Regular,victorias,player1,True,False,False
0.0,0.0,1521,44.4,-62.0,1,1565,77.0,0.01,10.0,10.0,0.01,50.0,0.55,142.0,1.42,139.0,1,161.0,-44,1.25,0.18,4.0,0.12,1,5.0,Clay,Regular,victorias,Regular,victorias,player1,True,False,False
10.769,0.58,1699,70.0,32.0,2,1599,171.0,0.02,10.0,10.0,0.02,50.0,1.2214285714285715,142.0,1.27,139.0,11,136.0,100,1.2,0.24,14.0,0.18,1,6.0,Clay,Buena,victorias,Regular,victorias,player2,True,False,False
10.769,0.58,1699,70.0,32.0,2,1599,171.0,0.02,10.0,10.0,0.02,50.0,1.2214285714285715,142.0,1.27,139.0,11,136.0,100,1.2,0.24,14.0,0.18,1,6.0,Clay,Buena,victorias,Regular,victorias,player2,True,False,False
10.769,0.58,1699,70.0,32.0,2,1599,171.0,0.02,10.0,10.0,0.02,50.0,1.2214285714285715,142.0,1.27,139.0,11,136.0,100,1.2,0.24,14.0,0.18,1,6.0,Clay,Buena,victorias,Regular,victorias,player2,True,False,False
0.0,0.13,1563,50.0,-122.0,0,1662,69.0,0.01,14.0,6.0,0.03,70.0,0.359375,133.0,1.32,191.0,3,165.0,-99,1.4,0.09,10.0,0.09,1,10.0,Hard,Regular,victorias,Buena,victorias,player1,False,False,True
0.0,0.13,1563,50.0,-122.0,0,1662,69.0,0.01,14.0,6.0,0.03,70.0,0.359375,133.0,1.32,191.0,3,165.0,-99,1.4,0.09,10.0,0.09,1,10.0,Hard,Regular,victorias,Buena,victorias,player1,False,False,True
0.0,0.13,1563,50.0,-122.0,0,1662,69.0,0.01,14.0,6.0,0.03,70.0,0.359375,133.0,1.32,191.0,3,165.0,-99,1.4,0.09,10.0,0.09,1,10.0,Hard,Regular,victorias,Buena,victorias,player1,False,False,True
0.0,0.15,1694,70.0,-167.0,0,1709,24.0,0.07,13.0,7.0,0.11,65.0,0.125,133.0,0.96,191.0,4,217.0,-15,1.17,0.21,14.0,0.19,1,6.0,Hard,Buena,victorias,Buena,victorias,player1,False,False,True
0.0,0.15,1694,70.0,-167.0,0,1709,24.0,0.07,13.0,7.0,0.11,65.0,0.125,133.0,0.96,191.0,4,217.0,-15,1.17,0.21,14.0,0.19,1,6.0,Hard,Buena,victorias,Buena,victorias,player1,False,False,True
0.0,0.15,1694,70.0,-167.0,0,1709,24.0,0.07,13.0,7.0,0.11,65.0,0.125,133.0,0.96,191.0,4,217.0,-15,1.17,0.21,14.0,0.19,1,6.0,Hard,Buena,victorias,Buena,victorias,player1,False,False,True
9.7555,0.1,1560,45.0,4.0,3,1496,195.0,0.02,8.0,12.0,0.01,40.0,1.015625,133.0,1.26,191.0,5,133.0,64,1.23,0.17,9.0,0.23,1,11.0,Hard,Regular,victorias,Regular,victorias,player1,False,False,True
9.7555,0.1,1560,45.0,4.0,3,1496,195.0,0.02,8.0,12.0,0.01,40.0,1.015625,133.0,1.26,191.0,5,133.0,64,1.23,0.17,9.0,0.23,1,11.0,Hard,Regular,victorias,Regular,victorias,player1,False,False,True
9.7555,0.1,1560,45.0,4.0,3,1496,195.0,0.02,8.0,12.0,0.01,40.0,1.015625,133.0,1.26,191.0,5,133.0,64,1.23,0.17,9.0,0.23,1,11.0,Hard,Regular,victorias,Regular,victorias,player1,False,False,True
0.0,0.13,1655,65.0,139.0,0,1790,191.0,0.07,16.0,4.0,0.11,80.0,3.6037735849056602,176.0,0.76,52.0,2,133.0,-135,0.92,0.4,13.0,0.42,1,7.0,Hard,Buena,victorias,Excelente,victorias,player1,False,False,True
0.0,0.13,1655,65.0,139.0,0,1790,191.0,0.07,16.0,4.0,0.11,80.0,3.6037735849056602,176.0,0.76,52.0,2,133.0,-135,0.92,0.4,13.0,0.42,1,7.0,Hard,Buena,victorias,Excelente,victorias,player1,False,False,True
0.0,0.13,1655,65.0,139.0,0,1790,191.0,0.07,16.0,4.0,0.11,80.0,3.6037735849056602,176.0,0.76,52.0,2,133.0,-135,0.92,0.4,13.0,0.42,1,7.0,Hard,Buena,victorias,Excelente,victorias,player1,False,False,True
0.0,0.0,1515,50.0,123.0,0,1494,200.0,0.0,8.0,12.0,0.01,40.0,2.5641025641025643,161.0,1.46,77.0,0,132.0,21,1.2,0.0,1.0,0.0,1,1.0,Hard,Regular,victorias,Regular,victorias,player2,False,False,True
0.0,0.0,1515,50.0,123.0,0,1494,200.0,0.0,8.0,12.0,0.01,40.0,2.5641025641025643,161.0,1.46,77.0,0,132.0,21,1.2,0.0,1.0,0.0,1,1.0,Hard,Regular,victorias,Regular,victorias,player2,False,False,True
0.0,0.0,1515,50.0,123.0,0,1494,200.0,0.0,8.0,12.0,0.01,40.0,2.5641025641025643,161.0,1.46,77.0,0,132.0,21,1.2,0.0,1.0,0.0,1,1.0,Hard,Regular,victorias,Regular,victorias,player2,False,False,True
8.480400000000001,0.12,1628,50.0,-117.0,0,1653,83.0,0.03,12.0,8.0,0.02,60.0,0.4129353233830846,132.0,1.08,200.0,3,158.0,-25,1.01,0.12,10.0,0.09,6,10.0,Hard,Regular,victorias,Buena,victorias,player2,False,False,True
8.480400000000001,0.12,1628,50.0,-117.0,0,1653,83.0,0.03,12.0,8.0,0.02,60.0,0.4129353233830846,132.0,1.08,200.0,3,158.0,-25,1.01,0.12,10.0,0.09,6,10.0,Hard,Regular,victorias,Buena,victorias,player2,False,False,True
8.480400000000001,0.12,1628,50.0,-117.0,0,1653,83.0,0.03,12.0,8.0,0.02,60.0,0.4129353233830846,132.0,1.08,200.0,3,158.0,-25,1.01,0.12,10.0,0.09,6,10.0,Hard,Regular,victorias,Buena,victorias,player2,False,False,True
0.0,0.11,1446,30.0,98.0,1,1540,191.0,0.0,8.0,12.0,0.02,40.0,2.0319148936170213,154.0,1.21,93.0,2,133.0,-94,1.28,0.0,6.0,0.0,1,14.0,Hard,Mala,victorias,Regular,victorias,player2,False,False,True
0.0,0.11,1446,30.0,98.0,1,1540,191.0,0.0,8.0,12.0,0.02,40.0,2.0319148936170213,154.0,1.21,93.0,2,133.0,-94,1.28,0.0,6.0,0.0,1,14.0,Hard,Mala,victorias,Regular,victorias,player2,False,False,True
0.0,0.11,1446,30.0,98.0,1,1540,191.0,0.0,8.0,12.0,0.02,40.0,2.0319148936170213,154.0,1.21,93.0,2,133.0,-94,1.28,0.0,6.0,0.0,1,14.0,Hard,Mala,victorias,Regular,victorias,player2,False,False,True
0.0,0.25,1474,30.0,0.0,3,1636,139.0,0.0,11.0,9.0,0.02,55.0,0.9928571428571429,142.0,1.2,139.0,4,142.0,-162,1.34,0.17,6.0,0.14,1,14.0,Clay,Mala,victorias,Regular,victorias,player1,True,False,False
0.0,0.25,1474,30.0,0.0,3,1636,139.0,0.0,11.0,9.0,0.02,55.0,0.9928571428571429,142.0,1.2,139.0,4,142.0,-162,1.34,0.17,6.0,0.14,1,14.0,Clay,Mala,victorias,Regular,victorias,player1,True,False,False
0.0,0.25,1474,30.0,0.0,3,1636,139.0,0.0,11.0,9.0,0.02,55.0,0.9928571428571429,142.0,1.2,139.0,4,142.0,-162,1.34,0.17,6.0,0.14,1,14.0,Clay,Mala,victorias,Regular,victorias,player1,True,False,False
0.0,0.28,1598,55.0,0.0,3,1648,139.0,0.01,11.0,9.0,0.02,55.0,0.9928571428571429,142.0,1.35,139.0,3,142.0,-50,1.35,0.0,11.0,0.0,1,9.0,Clay,Regular,victorias,Regular,victorias,player2,True,False,False
0.0,0.28,1598,55.0,0.0,3,1648,139.0,0.01,11.0,9.0,0.02,55.0,0.9928571428571429,142.0,1.35,139.0,3,142.0,-50,1.35,0.0,11.0,0.0,1,9.0,Clay,Regular,victorias,Regular,victorias,player2,True,False,False
0.0,0.28,1598,55.0,0.0,3,1648,139.0,0.01,11.0,9.0,0.02,55.0,0.9928571428571429,142.0,1.35,139.0,3,142.0,-50,1.35,0.0,11.0,0.0,1,9.0,Clay,Regular,victorias,Regular,victorias,player2,True,False,False
4.7749,0.0,1602,55.0,-19.0,2,1600,81.0,0.01,10.0,10.0,0.04,50.0,0.801980198019802,152.0,1.26,100.0,1,159.0,2,1.44,0.0,11.0,0.09,1,9.0,Clay,Regular,victorias,Regular,victorias,player1,True,False,False
4.7749,0.0,1602,55.0,-19.0,2,1600,81.0,0.01,10.0,10.0,0.04,50.0,0.801980198019802,152.0,1.26,100.0,1,159.0,2,1.44,0.0,11.0,0.09,1,9.0,Clay,Regular,victorias,Regular,victorias,player1,True,False,False
4.7749,0.0,1602,55.0,-19.0,2,1600,81.0,0.01,10.0,10.0,0.04,50.0,0.801980198019802,152.0,1.26,100.0,1,159.0,2,1.44,0.0,11.0,0.09,1,9.0,Clay,Regular,victorias,Regular,victorias,player1,True,False,False
0.0,0.0,1457,30.0,95.0,1,1487,176.0,0.0,6.0,14.0,0.01,30.0,2.1463414634146343,159.0,1.24,81.0,0,135.0,-30,1.24,0.0,6.0,0.0,1,14.0,Clay,Mala,victorias,Mala,victorias,player1,True,False,False
0.0,0.0,1457,30.0,95.0,1,1487,176.0,0.0,6.0,14.0,0.01,30.0,2.1463414634146343,159.0,1.24,81.0,0,135.0,-30,1.24,0.0,6.0,0.0,1,14.0,Clay,Mala,victorias,Mala,victorias,player1,True,False,False
0.0,0.0,1457,30.0,95.0,1,1487,176.0,0.0,6.0,14.0,0.01,30.0,2.1463414634146343,159.0,1.24,81.0,0,135.0,-30,1.24,0.0,6.0,0.0,1,14.0,Clay,Mala,victorias,Mala,victorias,player1,True,False,False
8.489,0.0,1705,65.0,-59.0,1,1463,22.0,0.03,3.0,9.0,0.02,25.0,0.2682926829268293,159.0,1.51,81.0,1,223.0,242,1.09,0.0,13.0,0.12,1,7.0,Clay,Buena,victorias,Mala,victorias,player1,True,False,False
8.489,0.0,1705,65.0,-59.0,1,1463,22.0,0.03,3.0,9.0,0.02,25.0,0.2682926829268293,159.0,1.51,81.0,1,223.0,242,1.09,0.0,13.0,0.12,1,7.0,Clay,Buena,victorias,Mala,victorias,player1,True,False,False
8.489,0.0,1705,65.0,-59.0,1,1463,22.0,0.03,3.0,9.0,0.02,25.0,0.2682926829268293,159.0,1.51,81.0,1,223.0,242,1.09,0.0,13.0,0.12,1,7.0,Clay,Buena,victorias,Mala,victorias,player1,True,False,False
4.199999999999999,0.35,1661,60.0,-91.0,1,1599,81.0,0.02,10.0,10.0,0.03,50.0,0.4682080924855491,136.0,1.41,172.0,8,159.0,62,1.17,0.0,12.0,0.0,1,8.0,Clay,Buena,victorias,Regular,victorias,player2,True,False,False
4.199999999999999,0.35,1661,60.0,-91.0,1,1599,81.0,0.02,10.0,10.0,0.03,50.0,0.4682080924855491,136.0,1.41,172.0,8,159.0,62,1.17,0.0,12.0,0.0,1,8.0,Clay,Buena,victorias,Regular,victorias,player2,True,False,False
4.199999999999999,0.35,1661,60.0,-91.0,1,1599,81.0,0.02,10.0,10.0,0.03,50.0,0.4682080924855491,136.0,1.41,172.0,8,159.0,62,1.17,0.0,12.0,0.0,1,8.0,Clay,Buena,victorias,Regular,victorias,player2,True,False,False
17.519,0.26,1593,50.0,35.0,2,1608,118.0,0.02,11.0,9.0,0.01,55.0,1.4047619047619047,158.0,0.98,83.0,7,146.0,-15,0.94,0.0,10.0,0.48,1,10.0,Clay,Regular,victorias,Regular,victorias,player1,True,False,False
17.519,0.26,1593,50.0,35.0,2,1608,118.0,0.02,11.0,9.0,0.01,55.0,1.4047619047619047,158.0,0.98,83.0,7,146.0,-15,0.94,0.0,10.0,0.48,1,10.0,Clay,Regular,victorias,Regular,victorias,player1,True,False,False
17.519,0.26,1593,50.0,35.0,2,1608,118.0,0.02,11.0,9.0,0.01,55.0,1.4047619047619047,158.0,0.98,83.0,7,146.0,-15,0.94,0.0,10.0,0.48,1,10.0,Clay,Regular,victorias,Regular,victorias,player1,True,False,False
27.5587,0.54,1644,60.0,-58.0,1,1637,118.0,0.03,10.0,10.0,0.03,50.0,0.6666666666666666,135.0,1.2,176.0,14,146.0,7,1.16,0.21,12.0,0.23,1,8.0,Clay,Buena,victorias,Regular,victorias,player1,True,False,False
27.5587,0.54,1644,60.0,-58.0,1,1637,118.0,0.03,10.0,10.0,0.03,50.0,0.6666666666666666,135.0,1.2,176.0,14,146.0,7,1.16,0.21,12.0,0.23,1,8.0,Clay,Buena,victorias,Regular,victorias,player1,True,False,False
27.5587,0.54,1644,60.0,-58.0,1,1637,118.0,0.03,10.0,10.0,0.03,50.0,0.6666666666666666,135.0,1.2,176.0,14,146.0,7,1.16,0.21,12.0,0.23,1,8.0,Clay,Buena,victorias,Regular,victorias,player1,True,False,False
8.511400000000002,0.36,1411,20.0,51.0,1,1749,59.0,0.01,15.0,5.0,0.1,75.0,6.555555555555555,319.0,0.77,8.0,3,171.0,-338,1.18,0.0,4.0,0.18,1,16.0,Clay,Mala,victorias,Excelente,victorias,player1,True,False,False
8.511400000000002,0.36,1411,20.0,51.0,1,1749,59.0,0.01,15.0,5.0,0.1,75.0,6.555555555555555,319.0,0.77,8.0,3,171.0,-338,1.18,0.0,4.0,0.18,1,16.0,Clay,Mala,victorias,Excelente,victorias,player1,True,False,False
8.511400000000002,0.36,1411,20.0,51.0,1,1749,59.0,0.01,15.0,5.0,0.1,75.0,6.555555555555555,319.0,0.77,8.0,3,171.0,-338,1.18,0.0,4.0,0.18,1,16.0,Clay,Mala,victorias,Excelente,victorias,player1,True,False,False
0.0,0.0,1578,55.0,-187.0,0,1578,8.0,0.01,10.0,10.0,0.02,50.0,0.04081632653061224,133.0,1.35,195.0,2,319.0,0,1.33,0.0,11.0,0.0,1,9.0,Hard,Regular,victorias,Regular,victorias,player1,False,False,True
0.0,0.0,1578,55.0,-187.0,0,1578,8.0,0.01,10.0,10.0,0.02,50.0,0.04081632653061224,133.0,1.35,195.0,2,319.0,0,1.33,0.0,11.0,0.0,1,9.0,Hard,Regular,victorias,Regular,victorias,player1,False,False,True
0.0,0.0,1578,55.0,-187.0,0,1578,8.0,0.01,10.0,10.0,0.02,50.0,0.04081632653061224,133.0,1.35,195.0,2,319.0,0,1.33,0.0,11.0,0.0,1,9.0,Hard,Regular,victorias,Regular,victorias,player1,False,False,True
0.0,0.08,1553,45.0,-68.0,1,1607,77.0,0.02,12.0,8.0,0.02,60.0,0.5273972602739726,140.0,1.32,145.0,1,161.0,-54,1.39,0.19,9.0,0.18,1,11.0,Hard,Regular,victorias,Buena,victorias,player1,False,False,True
0.0,0.08,1553,45.0,-68.0,1,1607,77.0,0.02,12.0,8.0,0.02,60.0,0.5273972602739726,140.0,1.32,145.0,1,161.0,-54,1.39,0.19,9.0,0.18,1,11.0,Hard,Regular,victorias,Buena,victorias,player1,False,False,True
0.0,0.08,1553,45.0,-68.0,1,1607,77.0,0.02,12.0,8.0,0.02,60.0,0.5273972602739726,140.0,1.32,145.0,1,161.0,-54,1.39,0.19,9.0,0.18,1,11.0,Hard,Regular,victorias,Buena,victorias,player1,False,False,True
0.0,0.0,1434,25.0,-59.0,1,1597,22.0,0.01,11.0,9.0,0.03,55.0,0.2682926829268293,159.0,1.18,81.0,1,223.0,-163,1.37,0.16,5.0,0.12,1,15.0,Hard,Mala,victorias,Regular,victorias,player2,False,False,True
0.0,0.0,1434,25.0,-59.0,1,1597,22.0,0.01,11.0,9.0,0.03,55.0,0.2682926829268293,159.0,1.18,81.0,1,223.0,-163,1.37,0.16,5.0,0.12,1,15.0,Hard,Mala,victorias,Regular,victorias,player2,False,False,True
0.0,0.0,1434,25.0,-59.0,1,1597,22.0,0.01,11.0,9.0,0.03,55.0,0.2682926829268293,159.0,1.18,81.0,1,223.0,-163,1.37,0.16,5.0,0.12,1,15.0,Hard,Mala,victorias,Regular,victorias,player2,False,False,True
6.5332,0.47,1553,45.0,57.0,1,1539,98.0,0.01,9.0,11.0,0.01,45.0,2.3333333333333335,187.0,1.18,41.0,4,152.0,14,1.38,0.09,9.0,0.0,1,11.0,Clay,Regular,victorias,Regular,victorias,player1,True,False,False
6.5332,0.47,1553,45.0,57.0,1,1539,98.0,0.01,9.0,11.0,0.01,45.0,2.3333333333333335,187.0,1.18,41.0,4,152.0,14,1.38,0.09,9.0,0.0,1,11.0,Clay,Regular,victorias,Regular,victorias,player1,True,False,False
6.5332,0.47,1553,45.0,57.0,1,1539,98.0,0.01,9.0,11.0,0.01,45.0,2.3333333333333335,187.0,1.18,41.0,4,152.0,14,1.38,0.09,9.0,0.0,1,11.0,Clay,Regular,victorias,Regular,victorias,player1,True,False,False
6.0245,0.48,1585,50.0,80.0,1,1623,98.0,0.01,12.0,8.0,0.01,60.0,5.157894736842105,238.0,1.26,18.0,7,152.0,-38,1.3,0.0,10.0,0.0,1,10.0,Clay,Regular,victorias,Buena,victorias,player1,True,False,False
6.0245,0.48,1585,50.0,80.0,1,1623,98.0,0.01,12.0,8.0,0.01,60.0,5.157894736842105,238.0,1.26,18.0,7,152.0,-38,1.3,0.0,10.0,0.0,1,10.0,Clay,Regular,victorias,Buena,victorias,player1,True,False,False
6.0245,0.48,1585,50.0,80.0,1,1623,98.0,0.01,12.0,8.0,0.01,60.0,5.157894736842105,238.0,1.26,18.0,7,152.0,-38,1.3,0.0,10.0,0.0,1,10.0,Clay,Regular,victorias,Buena,victorias,player1,True,False,False
4.7793,0.0,1768,75.0,0.0,3,1507,167.0,0.1,9.0,11.0,0.01,45.0,0.9940476190476191,137.0,1.17,167.0,4,137.0,261,0.81,0.09,15.0,0.12,6,5.0,Clay,Excelente,victorias,Regular,victorias,player1,True,False,False
4.7793,0.0,1768,75.0,0.0,3,1507,167.0,0.1,9.0,11.0,0.01,45.0,0.9940476190476191,137.0,1.17,167.0,4,137.0,261,0.81,0.09,15.0,0.12,6,5.0,Clay,Excelente,victorias,Regular,victorias,player1,True,False,False
4.7793,0.0,1768,75.0,0.0,3,1507,167.0,0.1,9.0,11.0,0.01,45.0,0.9940476190476191,137.0,1.17,167.0,4,137.0,261,0.81,0.09,15.0,0.12,6,5.0,Clay,Excelente,victorias,Regular,victorias,player1,True,False,False
0.0,0.1,1563,45.0,-104.0,0,1569,77.0,0.01,8.0,12.0,0.02,40.0,0.4230769230769231,135.0,1.3,181.0,2,161.0,-6,1.28,0.0,9.0,0.0,1,11.0,Hard,Regular,victorias,Regular,victorias,player1,False,False,True
0.0,0.1,1563,45.0,-104.0,0,1569,77.0,0.01,8.0,12.0,0.02,40.0,0.4230769230769231,135.0,1.3,181.0,2,161.0,-6,1.28,0.0,9.0,0.0,1,11.0,Hard,Regular,victorias,Regular,victorias,player1,False,False,True
0.0,0.1,1563,45.0,-104.0,0,1569,77.0,0.01,8.0,12.0,0.02,40.0,0.4230769230769231,135.0,1.3,181.0,2,161.0,-6,1.28,0.0,9.0,0.0,1,11.0,Hard,Regular,victorias,Regular,victorias,player1,False,False,True
12.1127,0.0,1633,55.0,94.0,1,1565,171.0,0.04,9.0,11.0,0.03,45.0,2.1923076923076925,161.0,1.3,77.0,4,136.0,68,1.26,0.0,11.0,0.18,1,9.0,Hard,Regular,victorias,Regular,victorias,player1,False,False,True
12.1127,0.0,1633,55.0,94.0,1,1565,171.0,0.04,9.0,11.0,0.03,45.0,2.1923076923076925,161.0,1.3,77.0,4,136.0,68,1.26,0.0,11.0,0.18,1,9.0,Hard,Regular,victorias,Regular,victorias,player1,False,False,True
12.1127,0.0,1633,55.0,94.0,1,1565,171.0,0.04,9.0,11.0,0.03,45.0,2.1923076923076925,161.0,1.3,77.0,4,136.0,68,1.26,0.0,11.0,0.18,1,9.0,Hard,Regular,victorias,Regular,victorias,player1,False,False,True
0.0,0.0,1587,45.0,123.0,0,1485,200.0,0.02,6.0,11.0,0.01,35.3,2.5641025641025643,161.0,1.32,77.0,1,132.0,102,1.26,0.0,9.0,0.14,1,11.0,Hard,Regular,victorias,Mala,victorias,player2,False,False,True
0.0,0.0,1587,45.0,123.0,0,1485,200.0,0.02,6.0,11.0,0.01,35.3,2.5641025641025643,161.0,1.32,77.0,1,132.0,102,1.26,0.0,9.0,0.14,1,11.0,Hard,Regular,victorias,Mala,victorias,player2,False,False,True
0.0,0.0,1587,45.0,123.0,0,1485,200.0,0.02,6.0,11.0,0.01,35.3,2.5641025641025643,161.0,1.32,77.0,1,132.0,102,1.26,0.0,9.0,0.14,1,11.0,Hard,Regular,victorias,Mala,victorias,player2,False,False,True
0.0,0.13,1449,30.0,24.0,2,1684,200.0,0.01,12.0,8.0,0.03,60.0,1.1299435028248588,135.0,1.21,176.0,2,132.0,-235,1.37,0.12,6.0,0.15,1,14.0,Hard,Mala,victorias,Buena,victorias,player2,False,False,True
0.0,0.13,1449,30.0,24.0,2,1684,200.0,0.01,12.0,8.0,0.03,60.0,1.1299435028248588,135.0,1.21,176.0,2,132.0,-235,1.37,0.12,6.0,0.15,1,14.0,Hard,Mala,victorias,Buena,victorias,player2,False,False,True
0.0,0.13,1449,30.0,24.0,2,1684,200.0,0.01,12.0,8.0,0.03,60.0,1.1299435028248588,135.0,1.21,176.0,2,132.0,-235,1.37,0.12,6.0,0.15,1,14.0,Hard,Mala,victorias,Buena,victorias,player2,False,False,True
0.5999999999999999,0.23,1598,45.0,50.0,2,1668,195.0,0.01,13.0,7.0,0.03,65.0,1.3356164383561644,140.0,1.31,145.0,2,133.0,-70,1.4,0.0,9.0,0.0,1,11.0,Clay,Regular,victorias,Buena,victorias,player2,True,False,False
0.5999999999999999,0.23,1598,45.0,50.0,2,1668,195.0,0.01,13.0,7.0,0.03,65.0,1.3356164383561644,140.0,1.31,145.0,2,133.0,-70,1.4,0.0,9.0,0.0,1,11.0,Clay,Regular,victorias,Buena,victorias,player2,True,False,False
0.5999999999999999,0.23,1598,45.0,50.0,2,1668,195.0,0.01,13.0,7.0,0.03,65.0,1.3356164383561644,140.0,1.31,145.0,2,133.0,-70,1.4,0.0,9.0,0.0,1,11.0,Clay,Regular,victorias,Buena,victorias,player2,True,False,False
0.0,0.0,1572,55.0,-64.0,1,1445,81.0,0.01,7.0,13.0,0.0,35.0,0.5547945205479452,140.0,1.36,145.0,2,159.0,127,1.25,0.0,11.0,0.18,1,9.0,Clay,Regular,victorias,Mala,victorias,player1,True,False,False
0.0,0.0,1572,55.0,-64.0,1,1445,81.0,0.01,7.0,13.0,0.0,35.0,0.5547945205479452,140.0,1.36,145.0,2,159.0,127,1.25,0.0,11.0,0.18,1,9.0,Clay,Regular,victorias,Mala,victorias,player1,True,False,False
0.0,0.0,1572,55.0,-64.0,1,1445,81.0,0.01,7.0,13.0,0.0,35.0,0.5547945205479452,140.0,1.36,145.0,2,159.0,127,1.25,0.0,11.0,0.18,1,9.0,Clay,Regular,victorias,Mala,victorias,player1,True,False,False
0.0,0.0,1610,60.0,0.0,3,1500,154.0,0.01,6.0,14.000000000000002,0.0,30.000000000000004,0.9935483870967742,139.0,1.41,154.0,0,139.0,110,0.0,0.0,12.0,0.0,1,8.0,Clay,Buena,victorias,,,player1,True,False,False
0.0,0.0,1610,60.0,0.0,3,1500,154.0,0.01,6.0,14.000000000000002,0.0,30.000000000000004,0.9935483870967742,139.0,1.41,154.0,0,139.0,110,0.0,0.0,12.0,0.0,1,8.0,Clay,Buena,victorias,,,player1,True,False,False
0.0,0.0,1610,60.0,0.0,3,1500,154.0,0.01,6.0,14.000000000000002,0.0,30.000000000000004,0.9935483870967742,139.0,1.41,154.0,0,139.0,110,0.0,0.0,12.0,0.0,1,8.0,Clay,Buena,victorias,,,player1,True,False,False
18.4616,0.24,1583,50.0,0.0,3,1539,98.0,0.03,8.0,12.0,0.01,40.0,0.98989898989899,152.0,1.15,98.0,14,152.0,44,1.11,0.09,10.0,0.09,1,10.0,Clay,Regular,victorias,Regular,victorias,player1,True,False,False
18.4616,0.24,1583,50.0,0.0,3,1539,98.0,0.03,8.0,12.0,0.01,40.0,0.98989898989899,152.0,1.15,98.0,14,152.0,44,1.11,0.09,10.0,0.09,1,10.0,Clay,Regular,victorias,Regular,victorias,player1,True,False,False
18.4616,0.24,1583,50.0,0.0,3,1539,98.0,0.03,8.0,12.0,0.01,40.0,0.98989898989899,152.0,1.15,98.0,14,152.0,44,1.11,0.09,10.0,0.09,1,10.0,Clay,Regular,victorias,Regular,victorias,player1,True,False,False
20.566799999999997,0.3,1677,60.0,-36.0,2,1763,62.0,0.05,16.0,4.0,0.05,80.0,0.6262626262626263,152.0,0.84,98.0,10,169.0,-86,1.05,0.0,12.0,0.13,1,8.0,Clay,Buena,victorias,Excelente,victorias,player2,True,False,False
20.566799999999997,0.3,1677,60.0,-36.0,2,1763,62.0,0.05,16.0,4.0,0.05,80.0,0.6262626262626263,152.0,0.84,98.0,10,169.0,-86,1.05,0.0,12.0,0.13,1,8.0,Clay,Buena,victorias,Excelente,victorias,player2,True,False,False
20.566799999999997,0.3,1677,60.0,-36.0,2,1763,62.0,0.05,16.0,4.0,0.05,80.0,0.6262626262626263,152.0,0.84,98.0,10,169.0,-86,1.05,0.0,12.0,0.13,1,8.0,Clay,Buena,victorias,Excelente,victorias,player2,True,False,False
7.7637,0.0,1635,60.0,0.0,3,1459,98.0,0.02,6.0,14.0,0.01,30.0,0.98989898989899,152.0,1.11,98.0,4,152.0,176,0.93,0.18,12.0,0.4,1,8.0,Clay,Buena,victorias,Mala,victorias,player1,True,False,False
7.7637,0.0,1635,60.0,0.0,3,1459,98.0,0.02,6.0,14.0,0.01,30.0,0.98989898989899,152.0,1.11,98.0,4,152.0,176,0.93,0.18,12.0,0.4,1,8.0,Clay,Buena,victorias,Mala,victorias,player1,True,False,False
7.7637,0.0,1635,60.0,0.0,3,1459,98.0,0.02,6.0,14.0,0.01,30.0,0.98989898989899,152.0,1.11,98.0,4,152.0,176,0.93,0.18,12.0,0.4,1,8.0,Clay,Buena,victorias,Mala,victorias,player1,True,False,False
19.3956,0.59,1613,45.0,-118.0,0,1711,77.0,0.04,13.0,7.0,0.05,65.0,0.39285714285714285,133.0,1.02,195.0,18,161.0,-98,1.27,0.23,9.0,0.27,1,11.0,Clay,Regular,victorias,Buena,victorias,player2,True,False,False
19.3956,0.59,1613,45.0,-118.0,0,1711,77.0,0.04,13.0,7.0,0.05,65.0,0.39285714285714285,133.0,1.02,195.0,18,161.0,-98,1.27,0.23,9.0,0.27,1,11.0,Clay,Regular,victorias,Buena,victorias,player2,True,False,False
19.3956,0.59,1613,45.0,-118.0,0,1711,77.0,0.04,13.0,7.0,0.05,65.0,0.39285714285714285,133.0,1.02,195.0,18,161.0,-98,1.27,0.23,9.0,0.27,1,11.0,Clay,Regular,victorias,Buena,victorias,player2,True,False,False
7.7699,0.09,1639,55.0,119.0,0,1562,200.0,0.03,7.0,13.0,0.02,35.0,2.4390243902439024,159.0,1.28,81.0,7,132.0,77,1.18,0.25,11.0,0.22,1,9.0,Clay,Regular,victorias,Mala,victorias,player2,True,False,False
7.7699,0.09,1639,55.0,119.0,0,1562,200.0,0.03,7.0,13.0,0.02,35.0,2.4390243902439024,159.0,1.28,81.0,7,132.0,77,1.18,0.25,11.0,0.22,1,9.0,Clay,Regular,victorias,Mala,victorias,player2,True,False,False
7.7699,0.09,1639,55.0,119.0,0,1562,200.0,0.03,7.0,13.0,0.02,35.0,2.4390243902439024,159.0,1.28,81.0,7,132.0,77,1.18,0.25,11.0,0.22,1,9.0,Clay,Regular,victorias,Mala,victorias,player2,True,False,False
6.5097,0.53,1607,50.0,92.0,1,1565,154.0,0.02,6.0,14.0,0.04,30.0,2.4444444444444446,169.0,1.26,62.0,7,139.0,42,1.15,0.25,10.0,0.19,1,10.0,Clay,Regular,victorias,Mala,victorias,player1,True,False,False
6.5097,0.53,1607,50.0,92.0,1,1565,154.0,0.02,6.0,14.0,0.04,30.0,2.4444444444444446,169.0,1.26,62.0,7,139.0,42,1.15,0.25,10.0,0.19,1,10.0,Clay,Regular,victorias,Mala,victorias,player1,True,False,False
6.5097,0.53,1607,50.0,92.0,1,1565,154.0,0.02,6.0,14.0,0.04,30.0,2.4444444444444446,169.0,1.26,62.0,7,139.0,42,1.15,0.25,10.0,0.19,1,10.0,Clay,Regular,victorias,Mala,victorias,player1,True,False,False
11.8863,0.29,1724,65.0,36.0,2,1583,98.0,0.03,9.0,11.0,0.02,45.0,1.5555555555555556,169.0,1.31,62.0,8,152.0,141,1.23,0.22,13.0,0.17,1,7.0,Clay,Buena,victorias,Regular,victorias,player1,True,False,False
11.8863,0.29,1724,65.0,36.0,2,1583,98.0,0.03,9.0,11.0,0.02,45.0,1.5555555555555556,169.0,1.31,62.0,8,152.0,141,1.23,0.22,13.0,0.17,1,7.0,Clay,Buena,victorias,Regular,victorias,player1,True,False,False
11.8863,0.29,1724,65.0,36.0,2,1583,98.0,0.03,9.0,11.0,0.02,45.0,1.5555555555555556,169.0,1.31,62.0,8,152.0,141,1.23,0.22,13.0,0.17,1,7.0,Clay,Buena,victorias,Regular,victorias,player1,True,False,False
11.2738,0.21,1680,55.0,-53.0,1,1831,81.0,0.04,16.0,4.0,0.04,80.0,0.6,143.0,1.27,134.0,8,159.0,-151,1.5,0.0,11.0,0.16,1,9.0,Clay,Regular,victorias,Excelente,victorias,player2,True,False,False
11.2738,0.21,1680,55.0,-53.0,1,1831,81.0,0.04,16.0,4.0,0.04,80.0,0.6,143.0,1.27,134.0,8,159.0,-151,1.5,0.0,11.0,0.16,1,9.0,Clay,Regular,victorias,Excelente,victorias,player2,True,False,False
11.2738,0.21,1680,55.0,-53.0,1,1831,81.0,0.04,16.0,4.0,0.04,80.0,0.6,143.0,1.27,134.0,8,159.0,-151,1.5,0.0,11.0,0.16,1,9.0,Clay,Regular,victorias,Excelente,victorias,player2,True,False,False
16.0195,0.3,1632,45.0,57.0,1,1814,134.0,0.06,12.0,8.0,0.18,60.0,1.7179487179487178,161.0,0.84,77.0,6,143.0,-182,1.11,0.17,9.0,0.17,1,11.0,Clay,Regular,victorias,Buena,victorias,player2,True,False,False
16.0195,0.3,1632,45.0,57.0,1,1814,134.0,0.06,12.0,8.0,0.18,60.0,1.7179487179487178,161.0,0.84,77.0,6,143.0,-182,1.11,0.17,9.0,0.17,1,11.0,Clay,Regular,victorias,Buena,victorias,player2,True,False,False
16.0195,0.3,1632,45.0,57.0,1,1814,134.0,0.06,12.0,8.0,0.18,60.0,1.7179487179487178,161.0,0.84,77.0,6,143.0,-182,1.11,0.17,9.0,0.17,1,11.0,Clay,Regular,victorias,Buena,victorias,player2,True,False,False
21.3169,0.15,1727,65.0,0.0,3,1546,98.0,0.07,8.0,12.0,0.02,40.0,0.98989898989899,152.0,1.03,98.0,12,152.0,181,0.76,0.0,13.0,0.14,6,7.0,Clay,Buena,victorias,Regular,victorias,player2,True,False,False
21.3169,0.15,1727,65.0,0.0,3,1546,98.0,0.07,8.0,12.0,0.02,40.0,0.98989898989899,152.0,1.03,98.0,12,152.0,181,0.76,0.0,13.0,0.14,6,7.0,Clay,Buena,victorias,Regular,victorias,player2,True,False,False
21.3169,0.15,1727,65.0,0.0,3,1546,98.0,0.07,8.0,12.0,0.02,40.0,0.98989898989899,152.0,1.03,98.0,12,152.0,181,0.76,0.0,13.0,0.14,6,7.0,Clay,Buena,victorias,Regular,victorias,player2,True,False,False
3.0273,0.46,1665,55.0,-48.0,2,1730,134.0,0.02,14.0,6.0,0.03,70.0,0.73224043715847,134.0,1.3,182.0,6,143.0,-65,1.36,0.09,11.0,0.18,1,9.0,Clay,Regular,victorias,Buena,victorias,player1,True,False,False
3.0273,0.46,1665,55.0,-48.0,2,1730,134.0,0.02,14.0,6.0,0.03,70.0,0.73224043715847,134.0,1.3,182.0,6,143.0,-65,1.36,0.09,11.0,0.18,1,9.0,Clay,Regular,victorias,Buena,victorias,player1,True,False,False
3.0273,0.46,1665,55.0,-48.0,2,1730,134.0,0.02,14.0,6.0,0.03,70.0,0.73224043715847,134.0,1.3,182.0,6,143.0,-65,1.36,0.09,11.0,0.18,1,9.0,Clay,Regular,victorias,Buena,victorias,player1,True,False,False
56.456599999999995,0.35,1760,60.0,-29.0,2,1895,81.0,0.15,12.0,8.0,0.13,60.0,0.7297297297297297,149.0,1.46,110.0,43,159.0,-135,1.25,0.27,12.0,0.27,2,8.0,Grass,Buena,victorias,Buena,victorias,player1,False,True,False
56.456599999999995,0.35,1760,60.0,-29.0,2,1895,81.0,0.15,12.0,8.0,0.13,60.0,0.7297297297297297,149.0,1.46,110.0,43,159.0,-135,1.25,0.27,12.0,0.27,2,8.0,Grass,Buena,victorias,Buena,victorias,player1,False,True,False
56.456599999999995,0.35,1760,60.0,-29.0,2,1895,81.0,0.15,12.0,8.0,0.13,60.0,0.7297297297297297,149.0,1.46,110.0,43,159.0,-135,1.25,0.27,12.0,0.27,2,8.0,Grass,Buena,victorias,Buena,victorias,player1,False,True,False
4.7614,0.22,1806,65.0,-141.0,0,2004,59.0,0.04,15.0,5.0,0.17,75.0,0.2935323383084577,132.0,1.32,200.0,18,171.0,-198,1.6,0.27,13.0,0.27,2,7.0,Grass,Buena,victorias,Excelente,victorias,player2,False,True,False
4.7614,0.22,1806,65.0,-141.0,0,2004,59.0,0.04,15.0,5.0,0.17,75.0,0.2935323383084577,132.0,1.32,200.0,18,171.0,-198,1.6,0.27,13.0,0.27,2,7.0,Grass,Buena,victorias,Excelente,victorias,player2,False,True,False
4.7614,0.22,1806,65.0,-141.0,0,2004,59.0,0.04,15.0,5.0,0.17,75.0,0.2935323383084577,132.0,1.32,200.0,18,171.0,-198,1.6,0.27,13.0,0.27,2,7.0,Grass,Buena,victorias,Excelente,victorias,player2,False,True,False
0.0,0.13,1726,70.0,-42.0,2,1728,155.0,0.03,13.0,7.0,0.05,65.0,0.7828282828282829,132.0,1.5,197.0,3,139.0,-2,1.28,0.09,14.0,0.19,1,6.0,Hard,Buena,victorias,Buena,victorias,player1,False,False,True
0.0,0.13,1726,70.0,-42.0,2,1728,155.0,0.03,13.0,7.0,0.05,65.0,0.7828282828282829,132.0,1.5,197.0,3,139.0,-2,1.28,0.09,14.0,0.19,1,6.0,Hard,Buena,victorias,Buena,victorias,player1,False,False,True
0.0,0.13,1726,70.0,-42.0,2,1728,155.0,0.03,13.0,7.0,0.05,65.0,0.7828282828282829,132.0,1.5,197.0,3,139.0,-2,1.28,0.09,14.0,0.19,1,6.0,Hard,Buena,victorias,Buena,victorias,player1,False,False,True
9.5287,0.0,1696,65.0,55.0,1,1709,63.0,0.06,14.0,6.0,0.03,70.0,7.0,319.0,1.24,8.0,5,168.0,-13,1.51,0.09,13.0,0.15,1,7.0,Hard,Buena,victorias,Buena,victorias,player1,False,False,True
9.5287,0.0,1696,65.0,55.0,1,1709,63.0,0.06,14.0,6.0,0.03,70.0,7.0,319.0,1.24,8.0,5,168.0,-13,1.51,0.09,13.0,0.15,1,7.0,Hard,Buena,victorias,Buena,victorias,player1,False,False,True
9.5287,0.0,1696,65.0,55.0,1,1709,63.0,0.06,14.0,6.0,0.03,70.0,7.0,319.0,1.24,8.0,5,168.0,-13,1.51,0.09,13.0,0.15,1,7.0,Hard,Buena,victorias,Buena,victorias,player1,False,False,True
2.3824,0.03,1687,60.0,-97.0,1,1555,58.0,0.04,9.0,11.0,0.01,45.0,0.3717948717948718,139.0,1.34,155.0,4,172.0,132,1.27,0.16,12.0,0.14,1,8.0,Hard,Buena,victorias,Regular,victorias,player2,False,False,True
2.3824,0.03,1687,60.0,-97.0,1,1555,58.0,0.04,9.0,11.0,0.01,45.0,0.3717948717948718,139.0,1.34,155.0,4,172.0,132,1.27,0.16,12.0,0.14,1,8.0,Hard,Buena,victorias,Regular,victorias,player2,False,False,True
2.3824,0.03,1687,60.0,-97.0,1,1555,58.0,0.04,9.0,11.0,0.01,45.0,0.3717948717948718,139.0,1.34,155.0,4,172.0,132,1.27,0.16,12.0,0.14,1,8.0,Hard,Buena,victorias,Regular,victorias,player2,False,False,True
0.0,0.0,1655,55.0,-273.0,0,1500,197.0,0.02,3.3464115963744008,12.495095651359598,0.0,19.476663198367564,0.4182590233545648,97.0,1.41,470.0,0,132.0,155,0.0,0.0,11.0,0.12,2,9.0,Hard,Regular,victorias,,,player1,False,False,True
0.0,0.0,1655,55.0,-273.0,0,1500,197.0,0.02,3.3464115963744008,12.495095651359598,0.0,19.476663198367564,0.4182590233545648,97.0,1.41,470.0,0,132.0,155,0.0,0.0,11.0,0.12,2,9.0,Hard,Regular,victorias,,,player1,False,False,True
0.0,0.0,1655,55.0,-273.0,0,1500,197.0,0.02,3.3464115963744008,12.495095651359598,0.0,19.476663198367564,0.4182590233545648,97.0,1.41,470.0,0,132.0,155,0.0,0.0,11.0,0.12,2,9.0,Hard,Regular,victorias,,,player1,False,False,True
0.0,0.0,1655,55.0,-273.0,0,1500,197.0,0.02,3.3464115963744008,12.495095651359598,0.0,19.476663198367564,0.4182590233545648,97.0,1.41,470.0,0,132.0,155,0.0,0.0,11.0,0.12,2,9.0,Hard,Regular,victorias,,,player1,False,False,True
0.0,0.0,1500,35.77479942123583,-179.0,0,1632,22.0,0.0,10.0,10.0,0.04,50.0,0.10891089108910891,132.0,0.0,201.0,0,223.0,-132,1.19,0.12,7.154959884247165,0.0,0,12.845040115752838,Clay,,,Regular,derrotas,player2,True,False,False
0.0,0.0,1500,35.77479942123583,-179.0,0,1632,22.0,0.0,10.0,10.0,0.04,50.0,0.10891089108910891,132.0,0.0,201.0,0,223.0,-132,1.19,0.12,7.154959884247165,0.0,0,12.845040115752838,Clay,,,Regular,derrotas,player2,True,False,False
0.0,0.0,1500,35.77479942123583,-179.0,0,1632,22.0,0.0,10.0,10.0,0.04,50.0,0.10891089108910891,132.0,0.0,201.0,0,223.0,-132,1.19,0.12,7.154959884247165,0.0,0,12.845040115752838,Clay,,,Regular,derrotas,player2,True,False,False
0.0,0.0,1600,50.0,-17.0,2,1500,22.0,0.03,1.3096403037708109,2.4551558930786785,0.0,6.5482015188540545,0.55,190.0,1.29,39.0,0,223.0,100,0.0,0.0,10.0,0.21,-1,10.0,Clay,Regular,derrotas,,,player1,True,False,False
0.0,0.0,1600,50.0,-17.0,2,1500,22.0,0.03,1.3096403037708109,2.4551558930786785,0.0,6.5482015188540545,0.55,190.0,1.29,39.0,0,223.0,100,0.0,0.0,10.0,0.21,-1,10.0,Clay,Regular,derrotas,,,player1,True,False,False
0.0,0.0,1600,50.0,-17.0,2,1500,22.0,0.03,1.3096403037708109,2.4551558930786785,0.0,6.5482015188540545,0.55,190.0,1.29,39.0,0,223.0,100,0.0,0.0,10.0,0.21,-1,10.0,Clay,Regular,derrotas,,,player1,True,False,False
0.0,0.0,1600,50.0,-17.0,2,1500,22.0,0.03,1.3096403037708109,2.4551558930786785,0.0,6.5482015188540545,0.55,190.0,1.29,39.0,0,223.0,100,0.0,0.0,10.0,0.21,-1,10.0,Clay,Regular,derrotas,,,player1,True,False,False
0.0,0.0,1697,73.7,-113.0,0,1500,39.0,0.16,3.2067984542328993,6.407931529938383,0.0,30.892917063042514,0.2549019607843137,139.0,1.59,152.0,0,190.0,197,0.0,0.0,14.0,0.0,2,5.0,Clay,Buena,victorias,,,player2,True,False,False
0.0,0.0,1697,73.7,-113.0,0,1500,39.0,0.16,3.2067984542328993,6.407931529938383,0.0,30.892917063042514,0.2549019607843137,139.0,1.59,152.0,0,190.0,197,0.0,0.0,14.0,0.0,2,5.0,Clay,Buena,victorias,,,player2,True,False,False
0.0,0.0,1697,73.7,-113.0,0,1500,39.0,0.16,3.2067984542328993,6.407931529938383,0.0,30.892917063042514,0.2549019607843137,139.0,1.59,152.0,0,190.0,197,0.0,0.0,14.0,0.0,2,5.0,Clay,Buena,victorias,,,player2,True,False,False
42.0685,0.5,1613,40.0,-64.0,1,1719,93.0,0.04,14.0,6.0,0.05,70.0,0.5886075949367089,138.0,0.97,157.0,15,154.0,-106,1.06,0.34,8.0,0.48,2,12.0,Clay,Regular,victorias,Buena,victorias,player1,True,False,False
42.0685,0.5,1613,40.0,-64.0,1,1719,93.0,0.04,14.0,6.0,0.05,70.0,0.5886075949367089,138.0,0.97,157.0,15,154.0,-106,1.06,0.34,8.0,0.48,2,12.0,Clay,Regular,victorias,Buena,victorias,player1,True,False,False
42.0685,0.5,1613,40.0,-64.0,1,1719,93.0,0.04,14.0,6.0,0.05,70.0,0.5886075949367089,138.0,0.97,157.0,15,154.0,-106,1.06,0.34,8.0,0.48,2,12.0,Clay,Regular,victorias,Buena,victorias,player1,True,False,False
0.0,0.0,1671,65.0,-107.0,0,1500,93.0,0.02,8.0,11.999999999999998,0.0,40.0,0.4626865671641791,132.0,1.53,200.0,0,154.0,171,0.0,0.0,13.0,0.24,1,7.0,Hard,Buena,victorias,,,player1,False,False,True
0.0,0.0,1671,65.0,-107.0,0,1500,93.0,0.02,8.0,11.999999999999998,0.0,40.0,0.4626865671641791,132.0,1.53,200.0,0,154.0,171,0.0,0.0,13.0,0.24,1,7.0,Hard,Buena,victorias,,,player1,False,False,True
0.0,0.0,1671,65.0,-107.0,0,1500,93.0,0.02,8.0,11.999999999999998,0.0,40.0,0.4626865671641791,132.0,1.53,200.0,0,154.0,171,0.0,0.0,13.0,0.24,1,7.0,Hard,Buena,victorias,,,player1,False,False,True
0.0,0.0,1765,75.0,0.0,3,1500,200.0,0.03,9.0,11.0,0.0,45.0,0.9950248756218906,132.0,1.59,200.0,0,132.0,265,0.0,0.0,15.0,0.26,-1,5.0,Hard,Excelente,derrotas,,,player2,False,False,True
0.0,0.0,1765,75.0,0.0,3,1500,200.0,0.03,9.0,11.0,0.0,45.0,0.9950248756218906,132.0,1.59,200.0,0,132.0,265,0.0,0.0,15.0,0.26,-1,5.0,Hard,Excelente,derrotas,,,player2,False,False,True
0.0,0.0,1765,75.0,0.0,3,1500,200.0,0.03,9.0,11.0,0.0,45.0,0.9950248756218906,132.0,1.59,200.0,0,132.0,265,0.0,0.0,15.0,0.26,-1,5.0,Hard,Excelente,derrotas,,,player2,False,False,True
0.0,0.0,1637,60.0,-100.0,1,1500,100.0,0.02,3.1145644403242305,5.486085920432307,0.0,34.54459695836206,0.4975124378109453,132.0,1.4,200.0,0,152.0,137,0.0,0.0,12.0,0.22,1,8.0,Hard,Buena,victorias,,,player2,False,False,True
0.0,0.0,1637,60.0,-100.0,1,1500,100.0,0.02,3.1145644403242305,5.486085920432307,0.0,34.54459695836206,0.4975124378109453,132.0,1.4,200.0,0,152.0,137,0.0,0.0,12.0,0.22,1,8.0,Hard,Buena,victorias,,,player2,False,False,True
0.0,0.0,1637,60.0,-100.0,1,1500,100.0,0.02,3.1145644403242305,5.486085920432307,0.0,34.54459695836206,0.4975124378109453,132.0,1.4,200.0,0,152.0,137,0.0,0.0,12.0,0.22,1,8.0,Hard,Buena,victorias,,,player2,False,False,True
0.0,0.0,1635,65.0,-153.0,0,1500,47.0,0.03,2.7308428268710077,6.192528480613024,0.0,37.65332116832015,0.23383084577114427,132.0,1.39,200.0,0,181.0,135,0.0,0.0,13.0,0.22,-1,7.0,Hard,Buena,derrotas,,,player2,False,False,True
0.0,0.0,1635,65.0,-153.0,0,1500,47.0,0.03,2.7308428268710077,6.192528480613024,0.0,37.65332116832015,0.23383084577114427,132.0,1.39,200.0,0,181.0,135,0.0,0.0,13.0,0.22,-1,7.0,Hard,Buena,derrotas,,,player2,False,False,True
0.0,0.0,1635,65.0,-153.0,0,1500,47.0,0.03,2.7308428268710077,6.192528480613024,0.0,37.65332116832015,0.23383084577114427,132.0,1.39,200.0,0,181.0,135,0.0,0.0,13.0,0.22,-1,7.0,Hard,Buena,derrotas,,,player2,False,False,True
0.0,-0.0,1795,50.0,-165.0,0,1500,32.0,0.05,2.426946004339137,6.177361725340193,0.0,30.00427246141207,0.16161616161616163,132.0,1.61,197.0,0,200.0,295,0.0,0.0,10.0,0.27,2,10.0,Grass,Regular,victorias,,,player1,False,True,False
0.0,-0.0,1795,50.0,-165.0,0,1500,32.0,0.05,2.426946004339137,6.177361725340193,0.0,30.00427246141207,0.16161616161616163,132.0,1.61,197.0,0,200.0,295,0.0,0.0,10.0,0.27,2,10.0,Grass,Regular,victorias,,,player1,False,True,False
0.0,-0.0,1795,50.0,-165.0,0,1500,32.0,0.05,2.426946004339137,6.177361725340193,0.0,30.00427246141207,0.16161616161616163,132.0,1.61,197.0,0,200.0,295,0.0,0.0,10.0,0.27,2,10.0,Grass,Regular,victorias,,,player1,False,True,False
0.0,-0.0,1948,60.0,120.0,0,1500,197.0,0.12,6.321601301530346,13.678398698469655,0.0,31.608006507651726,2.5256410256410255,161.0,1.62,77.0,0,132.0,448,0.0,0.0,12.0,0.27,1,8.0,Grass,Buena,victorias,,,player2,False,True,False
0.0,-0.0,1948,60.0,120.0,0,1500,197.0,0.12,6.321601301530346,13.678398698469655,0.0,31.608006507651726,2.5256410256410255,161.0,1.62,77.0,0,132.0,448,0.0,0.0,12.0,0.27,1,8.0,Grass,Buena,victorias,,,player2,False,True,False
0.0,-0.0,1948,60.0,120.0,0,1500,197.0,0.12,6.321601301530346,13.678398698469655,0.0,31.608006507651726,2.5256410256410255,161.0,1.62,77.0,0,132.0,448,0.0,0.0,12.0,0.27,1,8.0,Grass,Buena,victorias,,,player2,False,True,False
0.0,0.0,1773,70.0,-16.0,2,1500,25.0,0.12,2.9999999999999996,9.0,0.0,24.999999999999996,0.5952380952380952,187.0,1.19,41.0,0,215.0,273,0.0,0.0,14.0,0.2,7,6.0,Clay,Buena,victorias,,,player1,True,False,False
0.0,0.0,1773,70.0,-16.0,2,1500,25.0,0.12,2.9999999999999996,9.0,0.0,24.999999999999996,0.5952380952380952,187.0,1.19,41.0,0,215.0,273,0.0,0.0,14.0,0.2,7,6.0,Clay,Buena,victorias,,,player1,True,False,False
0.0,0.0,1773,70.0,-16.0,2,1500,25.0,0.12,2.9999999999999996,9.0,0.0,24.999999999999996,0.5952380952380952,187.0,1.19,41.0,0,215.0,273,0.0,0.0,14.0,0.2,7,6.0,Clay,Buena,victorias,,,player1,True,False,False
0.0,0.0,1645,45.0,-25.0,2,1500,52.0,0.03,8.36764004324678,11.63235995675322,0.0,41.83820021623389,0.6666666666666666,161.0,1.33,77.0,0,176.0,145,0.0,0.0,9.0,0.25,1,11.0,Hard,Regular,victorias,,,player1,False,False,True
0.0,0.0,1645,45.0,-25.0,2,1500,52.0,0.03,8.36764004324678,11.63235995675322,0.0,41.83820021623389,0.6666666666666666,161.0,1.33,77.0,0,176.0,145,0.0,0.0,9.0,0.25,1,11.0,Hard,Regular,victorias,,,player2,False,False,True
0.0,0.0,1645,45.0,-25.0,2,1500,52.0,0.03,8.36764004324678,11.63235995675322,0.0,41.83820021623389,0.6666666666666666,161.0,1.33,77.0,0,176.0,145,0.0,0.0,9.0,0.25,1,11.0,Hard,Regular,victorias,,,player2,False,False,True
0.0,0.0,1645,45.0,-25.0,2,1500,52.0,0.03,8.36764004324678,11.63235995675322,0.0,41.83820021623389,0.6666666666666666,161.0,1.33,77.0,0,176.0,145,0.0,0.0,9.0,0.25,1,11.0,Hard,Regular,victorias,,,player2,False,False,True
0.0,0.0,1570,45.0,-176.0,0,1500,24.0,0.03,8.0,12.000000000000002,0.0,40.0,0.11940298507462686,132.0,1.33,200.0,0,217.0,70,0.0,0.0,9.0,0.24,1,11.0,Hard,Regular,victorias,,,player1,False,False,True
0.0,0.0,1570,45.0,-176.0,0,1500,24.0,0.03,8.0,12.000000000000002,0.0,40.0,0.11940298507462686,132.0,1.33,200.0,0,217.0,70,0.0,0.0,9.0,0.24,1,11.0,Hard,Regular,victorias,,,player1,False,False,True
0.0,0.0,1570,45.0,-176.0,0,1500,24.0,0.03,8.0,12.000000000000002,0.0,40.0,0.11940298507462686,132.0,1.33,200.0,0,217.0,70,0.0,0.0,9.0,0.24,1,11.0,Hard,Regular,victorias,,,player1,False,False,True
0.0,0.0,1570,45.0,-176.0,0,1500,24.0,0.03,8.0,12.000000000000002,0.0,40.0,0.11940298507462686,132.0,1.33,200.0,0,217.0,70,0.0,0.0,9.0,0.24,1,11.0,Hard,Regular,victorias,,,player1,False,False,True
0.0,0.0,1710,60.0,183.0,0,1500,191.0,0.03,7.0,12.999999999999998,0.0,35.0,21.22222222222222,319.0,1.47,8.0,0,133.0,210,0.0,0.0,12.0,0.27,-1,8.0,Hard,Buena,derrotas,,,player1,False,False,True
0.0,0.0,1710,60.0,183.0,0,1500,191.0,0.03,7.0,12.999999999999998,0.0,35.0,21.22222222222222,319.0,1.47,8.0,0,133.0,210,0.0,0.0,12.0,0.27,-1,8.0,Hard,Buena,derrotas,,,player1,False,False,True
0.0,0.0,1710,60.0,183.0,0,1500,191.0,0.03,7.0,12.999999999999998,0.0,35.0,21.22222222222222,319.0,1.47,8.0,0,133.0,210,0.0,0.0,12.0,0.27,-1,8.0,Hard,Buena,derrotas,,,player1,False,False,True
0.0,0.0,1739,70.0,87.0,1,1500,139.0,0.03,7.4907594238184885,12.000000000000004,0.0,38.29404406979193,2.6226415094339623,176.0,1.55,52.0,0,142.0,239,0.0,0.0,14.0,0.24,1,6.0,Hard,Buena,victorias,,,player1,False,False,True
0.0,0.0,1739,70.0,87.0,1,1500,139.0,0.03,7.4907594238184885,12.000000000000004,0.0,38.29404406979193,2.6226415094339623,176.0,1.55,52.0,0,142.0,239,0.0,0.0,14.0,0.24,1,6.0,Hard,Buena,victorias,,,player1,False,False,True
0.0,0.0,1739,70.0,87.0,1,1500,139.0,0.03,7.4907594238184885,12.000000000000004,0.0,38.29404406979193,2.6226415094339623,176.0,1.55,52.0,0,142.0,239,0.0,0.0,14.0,0.24,1,6.0,Hard,Buena,victorias,,,player1,False,False,True
0.0,0.0,1739,70.0,87.0,1,1500,139.0,0.03,7.4907594238184885,12.000000000000004,0.0,38.29404406979193,2.6226415094339623,176.0,1.55,52.0,0,142.0,239,0.0,0.0,14.0,0.24,1,6.0,Hard,Buena,victorias,,,player1,False,False,True
0.0,0.0,1507,30.0,0.0,3,1500,200.0,0.01,0.8751121035424563,2.750224207084912,0.0,21.877802588561405,0.9950248756218906,132.0,1.17,200.0,0,132.0,7,0.0,0.0,6.0,0.15,-1,14.0,Hard,Mala,derrotas,,,player1,False,False,True
0.0,0.0,1507,30.0,0.0,3,1500,200.0,0.01,0.8751121035424563,2.750224207084912,0.0,21.877802588561405,0.9950248756218906,132.0,1.17,200.0,0,132.0,7,0.0,0.0,6.0,0.15,-1,14.0,Hard,Mala,derrotas,,,player1,False,False,True
0.0,0.0,1507,30.0,0.0,3,1500,200.0,0.01,0.8751121035424563,2.750224207084912,0.0,21.877802588561405,0.9950248756218906,132.0,1.17,200.0,0,132.0,7,0.0,0.0,6.0,0.15,-1,14.0,Hard,Mala,derrotas,,,player1,False,False,True
0.0,0.0,1507,30.0,0.0,3,1500,200.0,0.01,0.8751121035424563,2.750224207084912,0.0,21.877802588561405,0.9950248756218906,132.0,1.17,200.0,0,132.0,7,0.0,0.0,6.0,0.15,-1,14.0,Hard,Mala,derrotas,,,player1,False,False,True
0.0,0.0,1705,70.0,0.0,3,1500,200.0,0.03,7.205750387726171,9.552888314058594,0.0,36.028751938630855,0.9950248756218906,132.0,1.6,200.0,0,132.0,205,0.0,0.0,14.0,0.2,1,6.0,Hard,Buena,victorias,,,player1,False,False,True
0.0,0.0,1705,70.0,0.0,3,1500,200.0,0.03,7.205750387726171,9.552888314058594,0.0,36.028751938630855,0.9950248756218906,132.0,1.6,200.0,0,132.0,205,0.0,0.0,14.0,0.2,1,6.0,Hard,Buena,victorias,,,player2,False,False,True
0.0,0.0,1705,70.0,0.0,3,1500,200.0,0.03,7.205750387726171,9.552888314058594,0.0,36.028751938630855,0.9950248756218906,132.0,1.6,200.0,0,132.0,205,0.0,0.0,14.0,0.2,1,6.0,Hard,Buena,victorias,,,player2,False,False,True
0.0,0.0,1705,70.0,0.0,3,1500,200.0,0.03,7.205750387726171,9.552888314058594,0.0,36.028751938630855,0.9950248756218906,132.0,1.6,200.0,0,132.0,205,0.0,0.0,14.0,0.2,1,6.0,Hard,Buena,victorias,,,player2,False,False,True
0.0017,0.44,1545,50.0,0.0,3,1630,157.0,0.01,13.0,7.0,0.02,65.0,0.9936708860759493,138.0,1.31,157.0,4,138.0,-85,1.37,0.19,10.0,0.18,1,10.0,Clay,Regular,victorias,Buena,victorias,player2,True,False,False
0.0017,0.44,1545,50.0,0.0,3,1630,157.0,0.01,13.0,7.0,0.02,65.0,0.9936708860759493,138.0,1.31,157.0,4,138.0,-85,1.37,0.19,10.0,0.18,1,10.0,Clay,Regular,victorias,Buena,victorias,player2,True,False,False
0.0017,0.44,1545,50.0,0.0,3,1630,157.0,0.01,13.0,7.0,0.02,65.0,0.9936708860759493,138.0,1.31,157.0,4,138.0,-85,1.37,0.19,10.0,0.18,1,10.0,Clay,Regular,victorias,Buena,victorias,player2,True,False,False
0.0,0.09,1534,40.0,-59.0,1,1529,98.0,0.0,8.0,12.0,0.01,40.0,0.620253164556962,138.0,1.27,157.0,3,152.0,5,1.27,0.0,8.0,0.0,1,12.0,Clay,Regular,victorias,Regular,victorias,player2,True,False,False
0.0,0.09,1534,40.0,-59.0,1,1529,98.0,0.0,8.0,12.0,0.01,40.0,0.620253164556962,138.0,1.27,157.0,3,152.0,5,1.27,0.0,8.0,0.0,1,12.0,Clay,Regular,victorias,Regular,victorias,player2,True,False,False
0.0,0.09,1534,40.0,-59.0,1,1529,98.0,0.0,8.0,12.0,0.01,40.0,0.620253164556962,138.0,1.27,157.0,3,152.0,5,1.27,0.0,8.0,0.0,1,12.0,Clay,Regular,victorias,Regular,victorias,player2,True,False,False
0.0,0.19,1601,60.0,-40.0,2,1596,157.0,0.01,11.0,9.0,0.02,55.0,0.7929292929292929,132.0,1.5,197.0,1,138.0,5,1.27,0.09,12.0,0.13,1,8.0,Clay,Buena,victorias,Regular,victorias,player1,True,False,False
0.0,0.19,1601,60.0,-40.0,2,1596,157.0,0.01,11.0,9.0,0.02,55.0,0.7929292929292929,132.0,1.5,197.0,1,138.0,5,1.27,0.09,12.0,0.13,1,8.0,Clay,Buena,victorias,Regular,victorias,player1,True,False,False
0.0,0.19,1601,60.0,-40.0,2,1596,157.0,0.01,11.0,9.0,0.02,55.0,0.7929292929292929,132.0,1.5,197.0,1,138.0,5,1.27,0.09,12.0,0.13,1,8.0,Clay,Buena,victorias,Regular,victorias,player1,True,False,False
2.6428,0.0,1595,60.0,19.0,2,1582,81.0,0.01,9.0,11.0,0.02,45.0,1.2857142857142858,169.0,1.34,62.0,4,159.0,13,1.27,0.09,12.0,0.14,1,8.0,Clay,Buena,victorias,Regular,victorias,player1,True,False,False
2.6428,0.0,1595,60.0,19.0,2,1582,81.0,0.01,9.0,11.0,0.02,45.0,1.2857142857142858,169.0,1.34,62.0,4,159.0,13,1.27,0.09,12.0,0.14,1,8.0,Clay,Buena,victorias,Regular,victorias,player1,True,False,False
2.6428,0.0,1595,60.0,19.0,2,1582,81.0,0.01,9.0,11.0,0.02,45.0,1.2857142857142858,169.0,1.34,62.0,4,159.0,13,1.27,0.09,12.0,0.14,1,8.0,Clay,Buena,victorias,Regular,victorias,player1,True,False,False
0.9499999999999997,0.0,1691,65.0,114.0,0,1592,195.0,0.06,10.0,10.0,0.03,50.0,2.3780487804878048,159.0,1.19,81.0,3,133.0,99,0.92,0.0,13.0,0.16,6,7.0,Clay,Buena,victorias,Regular,victorias,player1,True,False,False
0.9499999999999997,0.0,1691,65.0,114.0,0,1592,195.0,0.06,10.0,10.0,0.03,50.0,2.3780487804878048,159.0,1.19,81.0,3,133.0,99,0.92,0.0,13.0,0.16,6,7.0,Clay,Buena,victorias,Regular,victorias,player1,True,False,False
0.9499999999999997,0.0,1691,65.0,114.0,0,1592,195.0,0.06,10.0,10.0,0.03,50.0,2.3780487804878048,159.0,1.19,81.0,3,133.0,99,0.92,0.0,13.0,0.16,6,7.0,Clay,Buena,victorias,Regular,victorias,player1,True,False,False
0.0,0.26,1506,35.0,-119.0,0,1605,81.0,0.01,11.0,9.0,0.02,55.0,0.40298507462686567,132.0,1.26,200.0,1,159.0,-99,1.37,0.09,7.0,0.16,1,13.0,Clay,Mala,victorias,Regular,victorias,player1,True,False,False
0.0,0.26,1506,35.0,-119.0,0,1605,81.0,0.01,11.0,9.0,0.02,55.0,0.40298507462686567,132.0,1.26,200.0,1,159.0,-99,1.37,0.09,7.0,0.16,1,13.0,Clay,Mala,victorias,Regular,victorias,player1,True,False,False
0.0,0.26,1506,35.0,-119.0,0,1605,81.0,0.01,11.0,9.0,0.02,55.0,0.40298507462686567,132.0,1.26,200.0,1,159.0,-99,1.37,0.09,7.0,0.16,1,13.0,Clay,Mala,victorias,Regular,victorias,player1,True,False,False
0.0,0.4,1619,55.0,114.0,0,1748,195.0,0.01,15.0,5.0,0.04,75.0,2.3780487804878048,159.0,1.34,81.0,4,133.0,-129,1.41,0.09,11.0,0.09,1,9.0,Clay,Regular,victorias,Excelente,victorias,player2,True,False,False
0.0,0.4,1619,55.0,114.0,0,1748,195.0,0.01,15.0,5.0,0.04,75.0,2.3780487804878048,159.0,1.34,81.0,4,133.0,-129,1.41,0.09,11.0,0.09,1,9.0,Clay,Regular,victorias,Excelente,victorias,player2,True,False,False
0.0,0.4,1619,55.0,114.0,0,1748,195.0,0.01,15.0,5.0,0.04,75.0,2.3780487804878048,159.0,1.34,81.0,4,133.0,-129,1.41,0.09,11.0,0.09,1,9.0,Clay,Regular,victorias,Excelente,victorias,player2,True,False,False
7.7444,0.27,1698,75.0,59.0,1,1664,140.0,0.02,13.0,7.0,0.01,65.0,1.7073170731707317,159.0,1.39,81.0,5,141.0,34,1.36,0.15,15.0,0.18,1,5.0,Clay,Excelente,victorias,Buena,victorias,player1,True,False,False
7.7444,0.27,1698,75.0,59.0,1,1664,140.0,0.02,13.0,7.0,0.01,65.0,1.7073170731707317,159.0,1.39,81.0,5,141.0,34,1.36,0.15,15.0,0.18,1,5.0,Clay,Excelente,victorias,Buena,victorias,player1,True,False,False
7.7444,0.27,1698,75.0,59.0,1,1664,140.0,0.02,13.0,7.0,0.01,65.0,1.7073170731707317,159.0,1.39,81.0,5,141.0,34,1.36,0.15,15.0,0.18,1,5.0,Clay,Excelente,victorias,Buena,victorias,player1,True,False,False
4.7753,0.27,1687,60.0,0.0,3,1580,81.0,0.04,10.0,10.0,0.02,50.0,0.9878048780487805,159.0,1.34,81.0,5,159.0,107,1.29,0.0,12.0,0.15,1,8.0,Clay,Buena,victorias,Regular,victorias,player1,True,False,False
4.7753,0.27,1687,60.0,0.0,3,1580,81.0,0.04,10.0,10.0,0.02,50.0,0.9878048780487805,159.0,1.34,81.0,5,159.0,107,1.29,0.0,12.0,0.15,1,8.0,Clay,Buena,victorias,Regular,victorias,player1,True,False,False
4.7753,0.27,1687,60.0,0.0,3,1580,81.0,0.04,10.0,10.0,0.02,50.0,0.9878048780487805,159.0,1.34,81.0,5,159.0,107,1.29,0.0,12.0,0.15,1,8.0,Clay,Buena,victorias,Regular,victorias,player1,True,False,False
0.0,0.0,1676,55.0,-17.0,2,1500,81.0,0.03,6.604565209907285,13.395434790092715,0.0,33.02282604953643,0.8181818181818182,152.0,1.39,98.0,0,159.0,176,0.0,0.0,11.0,0.22,1,9.0,Clay,Regular,victorias,,,player1,True,False,False
0.0,0.0,1676,55.0,-17.0,2,1500,81.0,0.03,6.604565209907285,13.395434790092715,0.0,33.02282604953643,0.8181818181818182,152.0,1.39,98.0,0,159.0,176,0.0,0.0,11.0,0.22,1,9.0,Clay,Regular,victorias,,,player1,True,False,False
0.0,0.0,1676,55.0,-17.0,2,1500,81.0,0.03,6.604565209907285,13.395434790092715,0.0,33.02282604953643,0.8181818181818182,152.0,1.39,98.0,0,159.0,176,0.0,0.0,11.0,0.22,1,9.0,Clay,Regular,victorias,,,player1,True,False,False
0.0,0.0,1676,55.0,-17.0,2,1500,81.0,0.03,6.604565209907285,13.395434790092715,0.0,33.02282604953643,0.8181818181818182,152.0,1.39,98.0,0,159.0,176,0.0,0.0,11.0,0.22,1,9.0,Clay,Regular,victorias,,,player1,True,False,False
0.0,0.11,1629,50.0,123.0,0,1616,200.0,0.02,10.0,10.0,0.01,50.0,2.5641025641025643,161.0,1.35,77.0,1,132.0,13,1.35,0.18,10.0,0.0,1,10.0,Clay,Regular,victorias,Regular,victorias,player2,True,False,False
0.0,0.11,1629,50.0,123.0,0,1616,200.0,0.02,10.0,10.0,0.01,50.0,2.5641025641025643,161.0,1.35,77.0,1,132.0,13,1.35,0.18,10.0,0.0,1,10.0,Clay,Regular,victorias,Regular,victorias,player2,True,False,False
0.0,0.11,1629,50.0,123.0,0,1616,200.0,0.02,10.0,10.0,0.01,50.0,2.5641025641025643,161.0,1.35,77.0,1,132.0,13,1.35,0.18,10.0,0.0,1,10.0,Clay,Regular,victorias,Regular,victorias,player2,True,False,False
6.5197,0.43,1688,65.0,159.0,0,1721,167.0,0.07,14.0,6.0,0.08,70.0,18.555555555555557,319.0,0.88,8.0,9,137.0,-33,1.08,0.21,13.0,0.22,1,7.0,Clay,Buena,victorias,Buena,victorias,player2,True,False,False
6.5197,0.43,1688,65.0,159.0,0,1721,167.0,0.07,14.0,6.0,0.08,70.0,18.555555555555557,319.0,0.88,8.0,9,137.0,-33,1.08,0.21,13.0,0.22,1,7.0,Clay,Buena,victorias,Buena,victorias,player2,True,False,False
6.5197,0.43,1688,65.0,159.0,0,1721,167.0,0.07,14.0,6.0,0.08,70.0,18.555555555555557,319.0,0.88,8.0,9,137.0,-33,1.08,0.21,13.0,0.22,1,7.0,Clay,Buena,victorias,Buena,victorias,player2,True,False,False
6.5314,0.26,1633,60.0,-115.0,0,1531,52.0,0.02,9.0,11.0,0.01,45.0,0.30952380952380953,137.0,1.37,167.0,2,176.0,102,1.3,0.12,12.0,0.12,1,8.0,Clay,Buena,victorias,Regular,victorias,player2,True,False,False
6.5314,0.26,1633,60.0,-115.0,0,1531,52.0,0.02,9.0,11.0,0.01,45.0,0.30952380952380953,137.0,1.37,167.0,2,176.0,102,1.3,0.12,12.0,0.12,1,8.0,Clay,Buena,victorias,Regular,victorias,player2,True,False,False
6.5314,0.26,1633,60.0,-115.0,0,1531,52.0,0.02,9.0,11.0,0.01,45.0,0.30952380952380953,137.0,1.37,167.0,2,176.0,102,1.3,0.12,12.0,0.12,1,8.0,Clay,Buena,victorias,Regular,victorias,player2,True,False,False
4.7719,0.18,1594,40.0,0.0,3,1731,32.0,0.06,15.0,5.0,0.05,75.0,0.9696969696969697,200.0,0.87,32.0,3,200.0,-137,1.14,0.2,8.0,0.2,1,12.0,Clay,Regular,victorias,Excelente,victorias,player2,True,False,False
4.7719,0.18,1594,40.0,0.0,3,1731,32.0,0.06,15.0,5.0,0.05,75.0,0.9696969696969697,200.0,0.87,32.0,3,200.0,-137,1.14,0.2,8.0,0.2,1,12.0,Clay,Regular,victorias,Excelente,victorias,player2,True,False,False
4.7719,0.18,1594,40.0,0.0,3,1731,32.0,0.06,15.0,5.0,0.05,75.0,0.9696969696969697,200.0,0.87,32.0,3,200.0,-137,1.14,0.2,8.0,0.2,1,12.0,Clay,Regular,victorias,Excelente,victorias,player2,True,False,False
0.0,0.0,1471,25.0,62.0,1,1702,139.0,0.01,14.0,6.0,0.01,70.0,1.7820512820512822,161.0,0.85,77.0,2,142.0,-231,1.18,0.38,5.0,0.58,1,15.0,Clay,Mala,victorias,Buena,victorias,player1,True,False,False
0.0,0.0,1471,25.0,62.0,1,1702,139.0,0.01,14.0,6.0,0.01,70.0,1.7820512820512822,161.0,0.85,77.0,2,142.0,-231,1.18,0.38,5.0,0.58,1,15.0,Clay,Mala,victorias,Buena,victorias,player1,True,False,False
0.0,0.0,1471,25.0,62.0,1,1702,139.0,0.01,14.0,6.0,0.01,70.0,1.7820512820512822,161.0,0.85,77.0,2,142.0,-231,1.18,0.38,5.0,0.58,1,15.0,Clay,Mala,victorias,Buena,victorias,player1,True,False,False
0.0,0.0,1521,44.4,-62.0,1,1565,77.0,0.01,10.0,10.0,0.01,50.0,0.55,142.0,1.42,139.0,1,161.0,-44,1.25,0.18,4.0,0.12,1,5.0,Clay,Regular,victorias,Regular,victorias,player1,True,False,False
0.0,0.0,1521,44.4,-62.0,1,1565,77.0,0.01,10.0,10.0,0.01,50.0,0.55,142.0,1.42,139.0,1,161.0,-44,1.25,0.18,4.0,0.12,1,5.0,Clay,Regular,victorias,Regular,victorias,player1,True,False,False
0.0,0.0,1521,44.4,-62.0,1,1565,77.0,0.01,10.0,10.0,0.01,50.0,0.55,142.0,1.42,139.0,1,161.0,-44,1.25,0.18,4.0,0.12,1,5.0,Clay,Regular,victorias,Regular,victorias,player1,True,False,False
10.769,0.58,1699,70.0,32.0,2,1599,171.0,0.02,10.0,10.0,0.02,50.0,1.2214285714285715,142.0,1.27,139.0,11,136.0,100,1.2,0.24,14.0,0.18,1,6.0,Clay,Buena,victorias,Regular,victorias,player2,True,False,False
10.769,0.58,1699,70.0,32.0,2,1599,171.0,0.02,10.0,10.0,0.02,50.0,1.2214285714285715,142.0,1.27,139.0,11,136.0,100,1.2,0.24,14.0,0.18,1,6.0,Clay,Buena,victorias,Regular,victorias,player2,True,False,False
10.769,0.58,1699,70.0,32.0,2,1599,171.0,0.02,10.0,10.0,0.02,50.0,1.2214285714285715,142.0,1.27,139.0,11,136.0,100,1.2,0.24,14.0,0.18,1,6.0,Clay,Buena,victorias,Regular,victorias,player2,True,False,False
0.0,0.13,1563,50.0,-122.0,0,1662,69.0,0.01,14.0,6.0,0.03,70.0,0.359375,133.0,1.32,191.0,3,165.0,-99,1.4,0.09,10.0,0.09,1,10.0,Hard,Regular,victorias,Buena,victorias,player1,False,False,True
0.0,0.13,1563,50.0,-122.0,0,1662,69.0,0.01,14.0,6.0,0.03,70.0,0.359375,133.0,1.32,191.0,3,165.0,-99,1.4,0.09,10.0,0.09,1,10.0,Hard,Regular,victorias,Buena,victorias,player1,False,False,True
0.0,0.13,1563,50.0,-122.0,0,1662,69.0,0.01,14.0,6.0,0.03,70.0,0.359375,133.0,1.32,191.0,3,165.0,-99,1.4,0.09,10.0,0.09,1,10.0,Hard,Regular,victorias,Buena,victorias,player1,False,False,True
0.0,0.15,1694,70.0,-167.0,0,1709,24.0,0.07,13.0,7.0,0.11,65.0,0.125,133.0,0.96,191.0,4,217.0,-15,1.17,0.21,14.0,0.19,1,6.0,Hard,Buena,victorias,Buena,victorias,player1,False,False,True
0.0,0.15,1694,70.0,-167.0,0,1709,24.0,0.07,13.0,7.0,0.11,65.0,0.125,133.0,0.96,191.0,4,217.0,-15,1.17,0.21,14.0,0.19,1,6.0,Hard,Buena,victorias,Buena,victorias,player1,False,False,True
0.0,0.15,1694,70.0,-167.0,0,1709,24.0,0.07,13.0,7.0,0.11,65.0,0.125,133.0,0.96,191.0,4,217.0,-15,1.17,0.21,14.0,0.19,1,6.0,Hard,Buena,victorias,Buena,victorias,player1,False,False,True
9.7555,0.1,1560,45.0,4.0,3,1496,195.0,0.02,8.0,12.0,0.01,40.0,1.015625,133.0,1.26,191.0,5,133.0,64,1.23,0.17,9.0,0.23,1,11.0,Hard,Regular,victorias,Regular,victorias,player1,False,False,True
9.7555,0.1,1560,45.0,4.0,3,1496,195.0,0.02,8.0,12.0,0.01,40.0,1.015625,133.0,1.26,191.0,5,133.0,64,1.23,0.17,9.0,0.23,1,11.0,Hard,Regular,victorias,Regular,victorias,player1,False,False,True
9.7555,0.1,1560,45.0,4.0,3,1496,195.0,0.02,8.0,12.0,0.01,40.0,1.015625,133.0,1.26,191.0,5,133.0,64,1.23,0.17,9.0,0.23,1,11.0,Hard,Regular,victorias,Regular,victorias,player1,False,False,True
0.0,0.13,1655,65.0,139.0,0,1790,191.0,0.07,16.0,4.0,0.11,80.0,3.6037735849056602,176.0,0.76,52.0,2,133.0,-135,0.92,0.4,13.0,0.42,1,7.0,Hard,Buena,victorias,Excelente,victorias,player1,False,False,True
0.0,0.13,1655,65.0,139.0,0,1790,191.0,0.07,16.0,4.0,0.11,80.0,3.6037735849056602,176.0,0.76,52.0,2,133.0,-135,0.92,0.4,13.0,0.42,1,7.0,Hard,Buena,victorias,Excelente,victorias,player1,False,False,True
0.0,0.13,1655,65.0,139.0,0,1790,191.0,0.07,16.0,4.0,0.11,80.0,3.6037735849056602,176.0,0.76,52.0,2,133.0,-135,0.92,0.4,13.0,0.42,1,7.0,Hard,Buena,victorias,Excelente,victorias,player1,False,False,True
0.0,0.0,1515,50.0,123.0,0,1494,200.0,0.0,8.0,12.0,0.01,40.0,2.5641025641025643,161.0,1.46,77.0,0,132.0,21,1.2,0.0,1.0,0.0,1,1.0,Hard,Regular,victorias,Regular,victorias,player2,False,False,True
0.0,0.0,1515,50.0,123.0,0,1494,200.0,0.0,8.0,12.0,0.01,40.0,2.5641025641025643,161.0,1.46,77.0,0,132.0,21,1.2,0.0,1.0,0.0,1,1.0,Hard,Regular,victorias,Regular,victorias,player2,False,False,True
0.0,0.0,1515,50.0,123.0,0,1494,200.0,0.0,8.0,12.0,0.01,40.0,2.5641025641025643,161.0,1.46,77.0,0,132.0,21,1.2,0.0,1.0,0.0,1,1.0,Hard,Regular,victorias,Regular,victorias,player2,False,False,True
8.480400000000001,0.12,1628,50.0,-117.0,0,1653,83.0,0.03,12.0,8.0,0.02,60.0,0.4129353233830846,132.0,1.08,200.0,3,158.0,-25,1.01,0.12,10.0,0.09,6,10.0,Hard,Regular,victorias,Buena,victorias,player2,False,False,True
8.480400000000001,0.12,1628,50.0,-117.0,0,1653,83.0,0.03,12.0,8.0,0.02,60.0,0.4129353233830846,132.0,1.08,200.0,3,158.0,-25,1.01,0.12,10.0,0.09,6,10.0,Hard,Regular,victorias,Buena,victorias,player2,False,False,True
8.480400000000001,0.12,1628,50.0,-117.0,0,1653,83.0,0.03,12.0,8.0,0.02,60.0,0.4129353233830846,132.0,1.08,200.0,3,158.0,-25,1.01,0.12,10.0,0.09,6,10.0,Hard,Regular,victorias,Buena,victorias,player2,False,False,True
0.0,0.11,1446,30.0,98.0,1,1540,191.0,0.0,8.0,12.0,0.02,40.0,2.0319148936170213,154.0,1.21,93.0,2,133.0,-94,1.28,0.0,6.0,0.0,1,14.0,Hard,Mala,victorias,Regular,victorias,player2,False,False,True
0.0,0.11,1446,30.0,98.0,1,1540,191.0,0.0,8.0,12.0,0.02,40.0,2.0319148936170213,154.0,1.21,93.0,2,133.0,-94,1.28,0.0,6.0,0.0,1,14.0,Hard,Mala,victorias,Regular,victorias,player2,False,False,True
0.0,0.11,1446,30.0,98.0,1,1540,191.0,0.0,8.0,12.0,0.02,40.0,2.0319148936170213,154.0,1.21,93.0,2,133.0,-94,1.28,0.0,6.0,0.0,1,14.0,Hard,Mala,victorias,Regular,victorias,player2,False,False,True
0.0,0.25,1474,30.0,0.0,3,1636,139.0,0.0,11.0,9.0,0.02,55.0,0.9928571428571429,142.0,1.2,139.0,4,142.0,-162,1.34,0.17,6.0,0.14,1,14.0,Clay,Mala,victorias,Regular,victorias,player1,True,False,False
0.0,0.25,1474,30.0,0.0,3,1636,139.0,0.0,11.0,9.0,0.02,55.0,0.9928571428571429,142.0,1.2,139.0,4,142.0,-162,1.34,0.17,6.0,0.14,1,14.0,Clay,Mala,victorias,Regular,victorias,player1,True,False,False
0.0,0.25,1474,30.0,0.0,3,1636,139.0,0.0,11.0,9.0,0.02,55.0,0.9928571428571429,142.0,1.2,139.0,4,142.0,-162,1.34,0.17,6.0,0.14,1,14.0,Clay,Mala,victorias,Regular,victorias,player1,True,False,False
0.0,0.28,1598,55.0,0.0,3,1648,139.0,0.01,11.0,9.0,0.02,55.0,0.9928571428571429,142.0,1.35,139.0,3,142.0,-50,1.35,0.0,11.0,0.0,1,9.0,Clay,Regular,victorias,Regular,victorias,player2,True,False,False
0.0,0.28,1598,55.0,0.0,3,1648,139.0,0.01,11.0,9.0,0.02,55.0,0.9928571428571429,142.0,1.35,139.0,3,142.0,-50,1.35,0.0,11.0,0.0,1,9.0,Clay,Regular,victorias,Regular,victorias,player2,True,False,False
0.0,0.28,1598,55.0,0.0,3,1648,139.0,0.01,11.0,9.0,0.02,55.0,0.9928571428571429,142.0,1.35,139.0,3,142.0,-50,1.35,0.0,11.0,0.0,1,9.0,Clay,Regular,victorias,Regular,victorias,player2,True,False,False
4.7749,0.0,1602,55.0,-19.0,2,1600,81.0,0.01,10.0,10.0,0.04,50.0,0.801980198019802,152.0,1.26,100.0,1,159.0,2,1.44,0.0,11.0,0.09,1,9.0,Clay,Regular,victorias,Regular,victorias,player1,True,False,False
4.7749,0.0,1602,55.0,-19.0,2,1600,81.0,0.01,10.0,10.0,0.04,50.0,0.801980198019802,152.0,1.26,100.0,1,159.0,2,1.44,0.0,11.0,0.09,1,9.0,Clay,Regular,victorias,Regular,victorias,player1,True,False,False
4.7749,0.0,1602,55.0,-19.0,2,1600,81.0,0.01,10.0,10.0,0.04,50.0,0.801980198019802,152.0,1.26,100.0,1,159.0,2,1.44,0.0,11.0,0.09,1,9.0,Clay,Regular,victorias,Regular,victorias,player1,True,False,False
0.0,0.0,1457,30.0,95.0,1,1487,176.0,0.0,6.0,14.0,0.01,30.0,2.1463414634146343,159.0,1.24,81.0,0,135.0,-30,1.24,0.0,6.0,0.0,1,14.0,Clay,Mala,victorias,Mala,victorias,player1,True,False,False
0.0,0.0,1457,30.0,95.0,1,1487,176.0,0.0,6.0,14.0,0.01,30.0,2.1463414634146343,159.0,1.24,81.0,0,135.0,-30,1.24,0.0,6.0,0.0,1,14.0,Clay,Mala,victorias,Mala,victorias,player1,True,False,False
0.0,0.0,1457,30.0,95.0,1,1487,176.0,0.0,6.0,14.0,0.01,30.0,2.1463414634146343,159.0,1.24,81.0,0,135.0,-30,1.24,0.0,6.0,0.0,1,14.0,Clay,Mala,victorias,Mala,victorias,player1,True,False,False
8.489,0.0,1705,65.0,-59.0,1,1463,22.0,0.03,3.0,9.0,0.02,25.0,0.2682926829268293,159.0,1.51,81.0,1,223.0,242,1.09,0.0,13.0,0.12,1,7.0,Clay,Buena,victorias,Mala,victorias,player1,True,False,False
8.489,0.0,1705,65.0,-59.0,1,1463,22.0,0.03,3.0,9.0,0.02,25.0,0.2682926829268293,159.0,1.51,81.0,1,223.0,242,1.09,0.0,13.0,0.12,1,7.0,Clay,Buena,victorias,Mala,victorias,player1,True,False,False
8.489,0.0,1705,65.0,-59.0,1,1463,22.0,0.03,3.0,9.0,0.02,25.0,0.2682926829268293,159.0,1.51,81.0,1,223.0,242,1.09,0.0,13.0,0.12,1,7.0,Clay,Buena,victorias,Mala,victorias,player1,True,False,False
4.199999999999999,0.35,1661,60.0,-91.0,1,1599,81.0,0.02,10.0,10.0,0.03,50.0,0.4682080924855491,136.0,1.41,172.0,8,159.0,62,1.17,0.0,12.0,0.0,1,8.0,Clay,Buena,victorias,Regular,victorias,player2,True,False,False
4.199999999999999,0.35,1661,60.0,-91.0,1,1599,81.0,0.02,10.0,10.0,0.03,50.0,0.4682080924855491,136.0,1.41,172.0,8,159.0,62,1.17,0.0,12.0,0.0,1,8.0,Clay,Buena,victorias,Regular,victorias,player2,True,False,False
4.199999999999999,0.35,1661,60.0,-91.0,1,1599,81.0,0.02,10.0,10.0,0.03,50.0,0.4682080924855491,136.0,1.41,172.0,8,159.0,62,1.17,0.0,12.0,0.0,1,8.0,Clay,Buena,victorias,Regular,victorias,player2,True,False,False
17.519,0.26,1593,50.0,35.0,2,1608,118.0,0.02,11.0,9.0,0.01,55.0,1.4047619047619047,158.0,0.98,83.0,7,146.0,-15,0.94,0.0,10.0,0.48,1,10.0,Clay,Regular,victorias,Regular,victorias,player1,True,False,False
17.519,0.26,1593,50.0,35.0,2,1608,118.0,0.02,11.0,9.0,0.01,55.0,1.4047619047619047,158.0,0.98,83.0,7,146.0,-15,0.94,0.0,10.0,0.48,1,10.0,Clay,Regular,victorias,Regular,victorias,player1,True,False,False
17.519,0.26,1593,50.0,35.0,2,1608,118.0,0.02,11.0,9.0,0.01,55.0,1.4047619047619047,158.0,0.98,83.0,7,146.0,-15,0.94,0.0,10.0,0.48,1,10.0,Clay,Regular,victorias,Regular,victorias,player1,True,False,False
27.5587,0.54,1644,60.0,-58.0,1,1637,118.0,0.03,10.0,10.0,0.03,50.0,0.6666666666666666,135.0,1.2,176.0,14,146.0,7,1.16,0.21,12.0,0.23,1,8.0,Clay,Buena,victorias,Regular,victorias,player1,True,False,False
27.5587,0.54,1644,60.0,-58.0,1,1637,118.0,0.03,10.0,10.0,0.03,50.0,0.6666666666666666,135.0,1.2,176.0,14,146.0,7,1.16,0.21,12.0,0.23,1,8.0,Clay,Buena,victorias,Regular,victorias,player1,True,False,False
27.5587,0.54,1644,60.0,-58.0,1,1637,118.0,0.03,10.0,10.0,0.03,50.0,0.6666666666666666,135.0,1.2,176.0,14,146.0,7,1.16,0.21,12.0,0.23,1,8.0,Clay,Buena,victorias,Regular,victorias,player1,True,False,False
8.511400000000002,0.36,1411,20.0,51.0,1,1749,59.0,0.01,15.0,5.0,0.1,75.0,6.555555555555555,319.0,0.77,8.0,3,171.0,-338,1.18,0.0,4.0,0.18,1,16.0,Clay,Mala,victorias,Excelente,victorias,player1,True,False,False
8.511400000000002,0.36,1411,20.0,51.0,1,1749,59.0,0.01,15.0,5.0,0.1,75.0,6.555555555555555,319.0,0.77,8.0,3,171.0,-338,1.18,0.0,4.0,0.18,1,16.0,Clay,Mala,victorias,Excelente,victorias,player1,True,False,False
8.511400000000002,0.36,1411,20.0,51.0,1,1749,59.0,0.01,15.0,5.0,0.1,75.0,6.555555555555555,319.0,0.77,8.0,3,171.0,-338,1.18,0.0,4.0,0.18,1,16.0,Clay,Mala,victorias,Excelente,victorias,player1,True,False,False
0.0,0.0,1578,55.0,-187.0,0,1578,8.0,0.01,10.0,10.0,0.02,50.0,0.04081632653061224,133.0,1.35,195.0,2,319.0,0,1.33,0.0,11.0,0.0,1,9.0,Hard,Regular,victorias,Regular,victorias,player1,False,False,True
0.0,0.0,1578,55.0,-187.0,0,1578,8.0,0.01,10.0,10.0,0.02,50.0,0.04081632653061224,133.0,1.35,195.0,2,319.0,0,1.33,0.0,11.0,0.0,1,9.0,Hard,Regular,victorias,Regular,victorias,player1,False,False,True
0.0,0.0,1578,55.0,-187.0,0,1578,8.0,0.01,10.0,10.0,0.02,50.0,0.04081632653061224,133.0,1.35,195.0,2,319.0,0,1.33,0.0,11.0,0.0,1,9.0,Hard,Regular,victorias,Regular,victorias,player1,False,False,True
0.0,0.08,1553,45.0,-68.0,1,1607,77.0,0.02,12.0,8.0,0.02,60.0,0.5273972602739726,140.0,1.32,145.0,1,161.0,-54,1.39,0.19,9.0,0.18,1,11.0,Hard,Regular,victorias,Buena,victorias,player1,False,False,True
0.0,0.08,1553,45.0,-68.0,1,1607,77.0,0.02,12.0,8.0,0.02,60.0,0.5273972602739726,140.0,1.32,145.0,1,161.0,-54,1.39,0.19,9.0,0.18,1,11.0,Hard,Regular,victorias,Buena,victorias,player1,False,False,True
0.0,0.08,1553,45.0,-68.0,1,1607,77.0,0.02,12.0,8.0,0.02,60.0,0.5273972602739726,140.0,1.32,145.0,1,161.0,-54,1.39,0.19,9.0,0.18,1,11.0,Hard,Regular,victorias,Buena,victorias,player1,False,False,True
0.0,0.0,1434,25.0,-59.0,1,1597,22.0,0.01,11.0,9.0,0.03,55.0,0.2682926829268293,159.0,1.18,81.0,1,223.0,-163,1.37,0.16,5.0,0.12,1,15.0,Hard,Mala,victorias,Regular,victorias,player2,False,False,True
0.0,0.0,1434,25.0,-59.0,1,1597,22.0,0.01,11.0,9.0,0.03,55.0,0.2682926829268293,159.0,1.18,81.0,1,223.0,-163,1.37,0.16,5.0,0.12,1,15.0,Hard,Mala,victorias,Regular,victorias,player2,False,False,True
0.0,0.0,1434,25.0,-59.0,1,1597,22.0,0.01,11.0,9.0,0.03,55.0,0.2682926829268293,159.0,1.18,81.0,1,223.0,-163,1.37,0.16,5.0,0.12,1,15.0,Hard,Mala,victorias,Regular,victorias,player2,False,False,True
6.5332,0.47,1553,45.0,57.0,1,1539,98.0,0.01,9.0,11.0,0.01,45.0,2.3333333333333335,187.0,1.18,41.0,4,152.0,14,1.38,0.09,9.0,0.0,1,11.0,Clay,Regular,victorias,Regular,victorias,player1,True,False,False
6.5332,0.47,1553,45.0,57.0,1,1539,98.0,0.01,9.0,11.0,0.01,45.0,2.3333333333333335,187.0,1.18,41.0,4,152.0,14,1.38,0.09,9.0,0.0,1,11.0,Clay,Regular,victorias,Regular,victorias,player1,True,False,False
6.5332,0.47,1553,45.0,57.0,1,1539,98.0,0.01,9.0,11.0,0.01,45.0,2.3333333333333335,187.0,1.18,41.0,4,152.0,14,1.38,0.09,9.0,0.0,1,11.0,Clay,Regular,victorias,Regular,victorias,player1,True,False,False
6.0245,0.48,1585,50.0,80.0,1,1623,98.0,0.01,12.0,8.0,0.01,60.0,5.157894736842105,238.0,1.26,18.0,7,152.0,-38,1.3,0.0,10.0,0.0,1,10.0,Clay,Regular,victorias,Buena,victorias,player1,True,False,False
6.0245,0.48,1585,50.0,80.0,1,1623,98.0,0.01,12.0,8.0,0.01,60.0,5.157894736842105,238.0,1.26,18.0,7,152.0,-38,1.3,0.0,10.0,0.0,1,10.0,Clay,Regular,victorias,Buena,victorias,player1,True,False,False
6.0245,0.48,1585,50.0,80.0,1,1623,98.0,0.01,12.0,8.0,0.01,60.0,5.157894736842105,238.0,1.26,18.0,7,152.0,-38,1.3,0.0,10.0,0.0,1,10.0,Clay,Regular,victorias,Buena,victorias,player1,True,False,False
4.7793,0.0,1768,75.0,0.0,3,1507,167.0,0.1,9.0,11.0,0.01,45.0,0.9940476190476191,137.0,1.17,167.0,4,137.0,261,0.81,0.09,15.0,0.12,6,5.0,Clay,Excelente,victorias,Regular,victorias,player1,True,False,False
4.7793,0.0,1768,75.0,0.0,3,1507,167.0,0.1,9.0,11.0,0.01,45.0,0.9940476190476191,137.0,1.17,167.0,4,137.0,261,0.81,0.09,15.0,0.12,6,5.0,Clay,Excelente,victorias,Regular,victorias,player1,True,False,False
4.7793,0.0,1768,75.0,0.0,3,1507,167.0,0.1,9.0,11.0,0.01,45.0,0.9940476190476191,137.0,1.17,167.0,4,137.0,261,0.81,0.09,15.0,0.12,6,5.0,Clay,Excelente,victorias,Regular,victorias,player1,True,False,False
0.0,0.1,1563,45.0,-104.0,0,1569,77.0,0.01,8.0,12.0,0.02,40.0,0.4230769230769231,135.0,1.3,181.0,2,161.0,-6,1.28,0.0,9.0,0.0,1,11.0,Hard,Regular,victorias,Regular,victorias,player1,False,False,True
0.0,0.1,1563,45.0,-104.0,0,1569,77.0,0.01,8.0,12.0,0.02,40.0,0.4230769230769231,135.0,1.3,181.0,2,161.0,-6,1.28,0.0,9.0,0.0,1,11.0,Hard,Regular,victorias,Regular,victorias,player1,False,False,True
0.0,0.1,1563,45.0,-104.0,0,1569,77.0,0.01,8.0,12.0,0.02,40.0,0.4230769230769231,135.0,1.3,181.0,2,161.0,-6,1.28,0.0,9.0,0.0,1,11.0,Hard,Regular,victorias,Regular,victorias,player1,False,False,True
12.1127,0.0,1633,55.0,94.0,1,1565,171.0,0.04,9.0,11.0,0.03,45.0,2.1923076923076925,161.0,1.3,77.0,4,136.0,68,1.26,0.0,11.0,0.18,1,9.0,Hard,Regular,victorias,Regular,victorias,player1,False,False,True
12.1127,0.0,1633,55.0,94.0,1,1565,171.0,0.04,9.0,11.0,0.03,45.0,2.1923076923076925,161.0,1.3,77.0,4,136.0,68,1.26,0.0,11.0,0.18,1,9.0,Hard,Regular,victorias,Regular,victorias,player1,False,False,True
12.1127,0.0,1633,55.0,94.0,1,1565,171.0,0.04,9.0,11.0,0.03,45.0,2.1923076923076925,161.0,1.3,77.0,4,136.0,68,1.26,0.0,11.0,0.18,1,9.0,Hard,Regular,victorias,Regular,victorias,player1,False,False,True
0.0,0.0,1587,45.0,123.0,0,1485,200.0,0.02,6.0,11.0,0.01,35.3,2.5641025641025643,161.0,1.32,77.0,1,132.0,102,1.26,0.0,9.0,0.14,1,11.0,Hard,Regular,victorias,Mala,victorias,player2,False,False,True
0.0,0.0,1587,45.0,123.0,0,1485,200.0,0.02,6.0,11.0,0.01,35.3,2.5641025641025643,161.0,1.32,77.0,1,132.0,102,1.26,0.0,9.0,0.14,1,11.0,Hard,Regular,victorias,Mala,victorias,player2,False,False,True
0.0,0.0,1587,45.0,123.0,0,1485,200.0,0.02,6.0,11.0,0.01,35.3,2.5641025641025643,161.0,1.32,77.0,1,132.0,102,1.26,0.0,9.0,0.14,1,11.0,Hard,Regular,victorias,Mala,victorias,player2,False,False,True
0.0,0.13,1449,30.0,24.0,2,1684,200.0,0.01,12.0,8.0,0.03,60.0,1.1299435028248588,135.0,1.21,176.0,2,132.0,-235,1.37,0.12,6.0,0.15,1,14.0,Hard,Mala,victorias,Buena,victorias,player2,False,False,True
0.0,0.13,1449,30.0,24.0,2,1684,200.0,0.01,12.0,8.0,0.03,60.0,1.1299435028248588,135.0,1.21,176.0,2,132.0,-235,1.37,0.12,6.0,0.15,1,14.0,Hard,Mala,victorias,Buena,victorias,player2,False,False,True
0.0,0.13,1449,30.0,24.0,2,1684,200.0,0.01,12.0,8.0,0.03,60.0,1.1299435028248588,135.0,1.21,176.0,2,132.0,-235,1.37,0.12,6.0,0.15,1,14.0,Hard,Mala,victorias,Buena,victorias,player2,False,False,True
0.5999999999999999,0.23,1598,45.0,50.0,2,1668,195.0,0.01,13.0,7.0,0.03,65.0,1.3356164383561644,140.0,1.31,145.0,2,133.0,-70,1.4,0.0,9.0,0.0,1,11.0,Clay,Regular,victorias,Buena,victorias,player2,True,False,False
0.5999999999999999,0.23,1598,45.0,50.0,2,1668,195.0,0.01,13.0,7.0,0.03,65.0,1.3356164383561644,140.0,1.31,145.0,2,133.0,-70,1.4,0.0,9.0,0.0,1,11.0,Clay,Regular,victorias,Buena,victorias,player2,True,False,False
0.5999999999999999,0.23,1598,45.0,50.0,2,1668,195.0,0.01,13.0,7.0,0.03,65.0,1.3356164383561644,140.0,1.31,145.0,2,133.0,-70,1.4,0.0,9.0,0.0,1,11.0,Clay,Regular,victorias,Buena,victorias,player2,True,False,False
0.0,0.0,1572,55.0,-64.0,1,1445,81.0,0.01,7.0,13.0,0.0,35.0,0.5547945205479452,140.0,1.36,145.0,2,159.0,127,1.25,0.0,11.0,0.18,1,9.0,Clay,Regular,victorias,Mala,victorias,player1,True,False,False
0.0,0.0,1572,55.0,-64.0,1,1445,81.0,0.01,7.0,13.0,0.0,35.0,0.5547945205479452,140.0,1.36,145.0,2,159.0,127,1.25,0.0,11.0,0.18,1,9.0,Clay,Regular,victorias,Mala,victorias,player1,True,False,False
0.0,0.0,1572,55.0,-64.0,1,1445,81.0,0.01,7.0,13.0,0.0,35.0,0.5547945205479452,140.0,1.36,145.0,2,159.0,127,1.25,0.0,11.0,0.18,1,9.0,Clay,Regular,victorias,Mala,victorias,player1,True,False,False
0.0,0.0,1610,60.0,0.0,3,1500,154.0,0.01,6.0,14.000000000000002,0.0,30.000000000000004,0.9935483870967742,139.0,1.41,154.0,0,139.0,110,0.0,0.0,12.0,0.0,1,8.0,Clay,Buena,victorias,,,player1,True,False,False
0.0,0.0,1610,60.0,0.0,3,1500,154.0,0.01,6.0,14.000000000000002,0.0,30.000000000000004,0.9935483870967742,139.0,1.41,154.0,0,139.0,110,0.0,0.0,12.0,0.0,1,8.0,Clay,Buena,victorias,,,player1,True,False,False
0.0,0.0,1610,60.0,0.0,3,1500,154.0,0.01,6.0,14.000000000000002,0.0,30.000000000000004,0.9935483870967742,139.0,1.41,154.0,0,139.0,110,0.0,0.0,12.0,0.0,1,8.0,Clay,Buena,victorias,,,player1,True,False,False
18.4616,0.24,1583,50.0,0.0,3,1539,98.0,0.03,8.0,12.0,0.01,40.0,0.98989898989899,152.0,1.15,98.0,14,152.0,44,1.11,0.09,10.0,0.09,1,10.0,Clay,Regular,victorias,Regular,victorias,player1,True,False,False
18.4616,0.24,1583,50.0,0.0,3,1539,98.0,0.03,8.0,12.0,0.01,40.0,0.98989898989899,152.0,1.15,98.0,14,152.0,44,1.11,0.09,10.0,0.09,1,10.0,Clay,Regular,victorias,Regular,victorias,player1,True,False,False
18.4616,0.24,1583,50.0,0.0,3,1539,98.0,0.03,8.0,12.0,0.01,40.0,0.98989898989899,152.0,1.15,98.0,14,152.0,44,1.11,0.09,10.0,0.09,1,10.0,Clay,Regular,victorias,Regular,victorias,player1,True,False,False
20.566799999999997,0.3,1677,60.0,-36.0,2,1763,62.0,0.05,16.0,4.0,0.05,80.0,0.6262626262626263,152.0,0.84,98.0,10,169.0,-86,1.05,0.0,12.0,0.13,1,8.0,Clay,Buena,victorias,Excelente,victorias,player2,True,False,False
20.566799999999997,0.3,1677,60.0,-36.0,2,1763,62.0,0.05,16.0,4.0,0.05,80.0,0.6262626262626263,152.0,0.84,98.0,10,169.0,-86,1.05,0.0,12.0,0.13,1,8.0,Clay,Buena,victorias,Excelente,victorias,player2,True,False,False
20.566799999999997,0.3,1677,60.0,-36.0,2,1763,62.0,0.05,16.0,4.0,0.05,80.0,0.6262626262626263,152.0,0.84,98.0,10,169.0,-86,1.05,0.0,12.0,0.13,1,8.0,Clay,Buena,victorias,Excelente,victorias,player2,True,False,False
7.7637,0.0,1635,60.0,0.0,3,1459,98.0,0.02,6.0,14.0,0.01,30.0,0.98989898989899,152.0,1.11,98.0,4,152.0,176,0.93,0.18,12.0,0.4,1,8.0,Clay,Buena,victorias,Mala,victorias,player1,True,False,False
7.7637,0.0,1635,60.0,0.0,3,1459,98.0,0.02,6.0,14.0,0.01,30.0,0.98989898989899,152.0,1.11,98.0,4,152.0,176,0.93,0.18,12.0,0.4,1,8.0,Clay,Buena,victorias,Mala,victorias,player1,True,False,False
7.7637,0.0,1635,60.0,0.0,3,1459,98.0,0.02,6.0,14.0,0.01,30.0,0.98989898989899,152.0,1.11,98.0,4,152.0,176,0.93,0.18,12.0,0.4,1,8.0,Clay,Buena,victorias,Mala,victorias,player1,True,False,False
19.3956,0.59,1613,45.0,-118.0,0,1711,77.0,0.04,13.0,7.0,0.05,65.0,0.39285714285714285,133.0,1.02,195.0,18,161.0,-98,1.27,0.23,9.0,0.27,1,11.0,Clay,Regular,victorias,Buena,victorias,player2,True,False,False
19.3956,0.59,1613,45.0,-118.0,0,1711,77.0,0.04,13.0,7.0,0.05,65.0,0.39285714285714285,133.0,1.02,195.0,18,161.0,-98,1.27,0.23,9.0,0.27,1,11.0,Clay,Regular,victorias,Buena,victorias,player2,True,False,False
19.3956,0.59,1613,45.0,-118.0,0,1711,77.0,0.04,13.0,7.0,0.05,65.0,0.39285714285714285,133.0,1.02,195.0,18,161.0,-98,1.27,0.23,9.0,0.27,1,11.0,Clay,Regular,victorias,Buena,victorias,player2,True,False,False
7.7699,0.09,1639,55.0,119.0,0,1562,200.0,0.03,7.0,13.0,0.02,35.0,2.4390243902439024,159.0,1.28,81.0,7,132.0,77,1.18,0.25,11.0,0.22,1,9.0,Clay,Regular,victorias,Mala,victorias,player2,True,False,False
7.7699,0.09,1639,55.0,119.0,0,1562,200.0,0.03,7.0,13.0,0.02,35.0,2.4390243902439024,159.0,1.28,81.0,7,132.0,77,1.18,0.25,11.0,0.22,1,9.0,Clay,Regular,victorias,Mala,victorias,player2,True,False,False
7.7699,0.09,1639,55.0,119.0,0,1562,200.0,0.03,7.0,13.0,0.02,35.0,2.4390243902439024,159.0,1.28,81.0,7,132.0,77,1.18,0.25,11.0,0.22,1,9.0,Clay,Regular,victorias,Mala,victorias,player2,True,False,False
6.5097,0.53,1607,50.0,92.0,1,1565,154.0,0.02,6.0,14.0,0.04,30.0,2.4444444444444446,169.0,1.26,62.0,7,139.0,42,1.15,0.25,10.0,0.19,1,10.0,Clay,Regular,victorias,Mala,victorias,player1,True,False,False
6.5097,0.53,1607,50.0,92.0,1,1565,154.0,0.02,6.0,14.0,0.04,30.0,2.4444444444444446,169.0,1.26,62.0,7,139.0,42,1.15,0.25,10.0,0.19,1,10.0,Clay,Regular,victorias,Mala,victorias,player1,True,False,False
6.5097,0.53,1607,50.0,92.0,1,1565,154.0,0.02,6.0,14.0,0.04,30.0,2.4444444444444446,169.0,1.26,62.0,7,139.0,42,1.15,0.25,10.0,0.19,1,10.0,Clay,Regular,victorias,Mala,victorias,player1,True,False,False
11.8863,0.29,1724,65.0,36.0,2,1583,98.0,0.03,9.0,11.0,0.02,45.0,1.5555555555555556,169.0,1.31,62.0,8,152.0,141,1.23,0.22,13.0,0.17,1,7.0,Clay,Buena,victorias,Regular,victorias,player1,True,False,False
11.8863,0.29,1724,65.0,36.0,2,1583,98.0,0.03,9.0,11.0,0.02,45.0,1.5555555555555556,169.0,1.31,62.0,8,152.0,141,1.23,0.22,13.0,0.17,1,7.0,Clay,Buena,victorias,Regular,victorias,player1,True,False,False
11.8863,0.29,1724,65.0,36.0,2,1583,98.0,0.03,9.0,11.0,0.02,45.0,1.5555555555555556,169.0,1.31,62.0,8,152.0,141,1.23,0.22,13.0,0.17,1,7.0,Clay,Buena,victorias,Regular,victorias,player1,True,False,False
11.2738,0.21,1680,55.0,-53.0,1,1831,81.0,0.04,16.0,4.0,0.04,80.0,0.6,143.0,1.27,134.0,8,159.0,-151,1.5,0.0,11.0,0.16,1,9.0,Clay,Regular,victorias,Excelente,victorias,player2,True,False,False
11.2738,0.21,1680,55.0,-53.0,1,1831,81.0,0.04,16.0,4.0,0.04,80.0,0.6,143.0,1.27,134.0,8,159.0,-151,1.5,0.0,11.0,0.16,1,9.0,Clay,Regular,victorias,Excelente,victorias,player2,True,False,False
11.2738,0.21,1680,55.0,-53.0,1,1831,81.0,0.04,16.0,4.0,0.04,80.0,0.6,143.0,1.27,134.0,8,159.0,-151,1.5,0.0,11.0,0.16,1,9.0,Clay,Regular,victorias,Excelente,victorias,player2,True,False,False
16.0195,0.3,1632,45.0,57.0,1,1814,134.0,0.06,12.0,8.0,0.18,60.0,1.7179487179487178,161.0,0.84,77.0,6,143.0,-182,1.11,0.17,9.0,0.17,1,11.0,Clay,Regular,victorias,Buena,victorias,player2,True,False,False
16.0195,0.3,1632,45.0,57.0,1,1814,134.0,0.06,12.0,8.0,0.18,60.0,1.7179487179487178,161.0,0.84,77.0,6,143.0,-182,1.11,0.17,9.0,0.17,1,11.0,Clay,Regular,victorias,Buena,victorias,player2,True,False,False
16.0195,0.3,1632,45.0,57.0,1,1814,134.0,0.06,12.0,8.0,0.18,60.0,1.7179487179487178,161.0,0.84,77.0,6,143.0,-182,1.11,0.17,9.0,0.17,1,11.0,Clay,Regular,victorias,Buena,victorias,player2,True,False,False
21.3169,0.15,1727,65.0,0.0,3,1546,98.0,0.07,8.0,12.0,0.02,40.0,0.98989898989899,152.0,1.03,98.0,12,152.0,181,0.76,0.0,13.0,0.14,6,7.0,Clay,Buena,victorias,Regular,victorias,player2,True,False,False
21.3169,0.15,1727,65.0,0.0,3,1546,98.0,0.07,8.0,12.0,0.02,40.0,0.98989898989899,152.0,1.03,98.0,12,152.0,181,0.76,0.0,13.0,0.14,6,7.0,Clay,Buena,victorias,Regular,victorias,player2,True,False,False
21.3169,0.15,1727,65.0,0.0,3,1546,98.0,0.07,8.0,12.0,0.02,40.0,0.98989898989899,152.0,1.03,98.0,12,152.0,181,0.76,0.0,13.0,0.14,6,7.0,Clay,Buena,victorias,Regular,victorias,player2,True,False,False
3.0273,0.46,1665,55.0,-48.0,2,1730,134.0,0.02,14.0,6.0,0.03,70.0,0.73224043715847,134.0,1.3,182.0,6,143.0,-65,1.36,0.09,11.0,0.18,1,9.0,Clay,Regular,victorias,Buena,victorias,player1,True,False,False
3.0273,0.46,1665,55.0,-48.0,2,1730,134.0,0.02,14.0,6.0,0.03,70.0,0.73224043715847,134.0,1.3,182.0,6,143.0,-65,1.36,0.09,11.0,0.18,1,9.0,Clay,Regular,victorias,Buena,victorias,player1,True,False,False
3.0273,0.46,1665,55.0,-48.0,2,1730,134.0,0.02,14.0,6.0,0.03,70.0,0.73224043715847,134.0,1.3,182.0,6,143.0,-65,1.36,0.09,11.0,0.18,1,9.0,Clay,Regular,victorias,Buena,victorias,player1,True,False,False
56.456599999999995,0.35,1760,60.0,-29.0,2,1895,81.0,0.15,12.0,8.0,0.13,60.0,0.7297297297297297,149.0,1.46,110.0,43,159.0,-135,1.25,0.27,12.0,0.27,2,8.0,Grass,Buena,victorias,Buena,victorias,player1,False,True,False
56.456599999999995,0.35,1760,60.0,-29.0,2,1895,81.0,0.15,12.0,8.0,0.13,60.0,0.7297297297297297,149.0,1.46,110.0,43,159.0,-135,1.25,0.27,12.0,0.27,2,8.0,Grass,Buena,victorias,Buena,victorias,player1,False,True,False
56.456599999999995,0.35,1760,60.0,-29.0,2,1895,81.0,0.15,12.0,8.0,0.13,60.0,0.7297297297297297,149.0,1.46,110.0,43,159.0,-135,1.25,0.27,12.0,0.27,2,8.0,Grass,Buena,victorias,Buena,victorias,player1,False,True,False
4.7614,0.22,1806,65.0,-141.0,0,2004,59.0,0.04,15.0,5.0,0.17,75.0,0.2935323383084577,132.0,1.32,200.0,18,171.0,-198,1.6,0.27,13.0,0.27,2,7.0,Grass,Buena,victorias,Excelente,victorias,player2,False,True,False
4.7614,0.22,1806,65.0,-141.0,0,2004,59.0,0.04,15.0,5.0,0.17,75.0,0.2935323383084577,132.0,1.32,200.0,18,171.0,-198,1.6,0.27,13.0,0.27,2,7.0,Grass,Buena,victorias,Excelente,victorias,player2,False,True,False
4.7614,0.22,1806,65.0,-141.0,0,2004,59.0,0.04,15.0,5.0,0.17,75.0,0.2935323383084577,132.0,1.32,200.0,18,171.0,-198,1.6,0.27,13.0,0.27,2,7.0,Grass,Buena,victorias,Excelente,victorias,player2,False,True,False
0.0,0.13,1726,70.0,-42.0,2,1728,155.0,0.03,13.0,7.0,0.05,65.0,0.7828282828282829,132.0,1.5,197.0,3,139.0,-2,1.28,0.09,14.0,0.19,1,6.0,Hard,Buena,victorias,Buena,victorias,player1,False,False,True
0.0,0.13,1726,70.0,-42.0,2,1728,155.0,0.03,13.0,7.0,0.05,65.0,0.7828282828282829,132.0,1.5,197.0,3,139.0,-2,1.28,0.09,14.0,0.19,1,6.0,Hard,Buena,victorias,Buena,victorias,player1,False,False,True
0.0,0.13,1726,70.0,-42.0,2,1728,155.0,0.03,13.0,7.0,0.05,65.0,0.7828282828282829,132.0,1.5,197.0,3,139.0,-2,1.28,0.09,14.0,0.19,1,6.0,Hard,Buena,victorias,Buena,victorias,player1,False,False,True
9.5287,0.0,1696,65.0,55.0,1,1709,63.0,0.06,14.0,6.0,0.03,70.0,7.0,319.0,1.24,8.0,5,168.0,-13,1.51,0.09,13.0,0.15,1,7.0,Hard,Buena,victorias,Buena,victorias,player1,False,False,True
9.5287,0.0,1696,65.0,55.0,1,1709,63.0,0.06,14.0,6.0,0.03,70.0,7.0,319.0,1.24,8.0,5,168.0,-13,1.51,0.09,13.0,0.15,1,7.0,Hard,Buena,victorias,Buena,victorias,player1,False,False,True
9.5287,0.0,1696,65.0,55.0,1,1709,63.0,0.06,14.0,6.0,0.03,70.0,7.0,319.0,1.24,8.0,5,168.0,-13,1.51,0.09,13.0,0.15,1,7.0,Hard,Buena,victorias,Buena,victorias,player1,False,False,True
2.3824,0.03,1687,60.0,-97.0,1,1555,58.0,0.04,9.0,11.0,0.01,45.0,0.3717948717948718,139.0,1.34,155.0,4,172.0,132,1.27,0.16,12.0,0.14,1,8.0,Hard,Buena,victorias,Regular,victorias,player2,False,False,True
2.3824,0.03,1687,60.0,-97.0,1,1555,58.0,0.04,9.0,11.0,0.01,45.0,0.3717948717948718,139.0,1.34,155.0,4,172.0,132,1.27,0.16,12.0,0.14,1,8.0,Hard,Buena,victorias,Regular,victorias,player2,False,False,True
2.3824,0.03,1687,60.0,-97.0,1,1555,58.0,0.04,9.0,11.0,0.01,45.0,0.3717948717948718,139.0,1.34,155.0,4,172.0,132,1.27,0.16,12.0,0.14,1,8.0,Hard,Buena,victorias,Regular,victorias,player2,False,False,True
0.0,0.0,1655,55.0,-273.0,0,1500,197.0,0.02,3.3464115963744008,12.495095651359598,0.0,19.476663198367564,0.4182590233545648,97.0,1.41,470.0,0,132.0,155,0.0,0.0,11.0,0.12,2,9.0,Hard,Regular,victorias,,,player1,False,False,True
0.0,0.0,1655,55.0,-273.0,0,1500,197.0,0.02,3.3464115963744008,12.495095651359598,0.0,19.476663198367564,0.4182590233545648,97.0,1.41,470.0,0,132.0,155,0.0,0.0,11.0,0.12,2,9.0,Hard,Regular,victorias,,,player1,False,False,True
0.0,0.0,1655,55.0,-273.0,0,1500,197.0,0.02,3.3464115963744008,12.495095651359598,0.0,19.476663198367564,0.4182590233545648,97.0,1.41,470.0,0,132.0,155,0.0,0.0,11.0,0.12,2,9.0,Hard,Regular,victorias,,,player1,False,False,True
0.0,0.0,1655,55.0,-273.0,0,1500,197.0,0.02,3.3464115963744008,12.495095651359598,0.0,19.476663198367564,0.4182590233545648,97.0,1.41,470.0,0,132.0,155,0.0,0.0,11.0,0.12,2,9.0,Hard,Regular,victorias,,,player1,False,False,True
0.0,0.0,1500,35.77479942123583,-179.0,0,1632,22.0,0.0,10.0,10.0,0.04,50.0,0.10891089108910891,132.0,0.0,201.0,0,223.0,-132,1.19,0.12,7.154959884247165,0.0,0,12.845040115752838,Clay,,,Regular,derrotas,player2,True,False,False
0.0,0.0,1500,35.77479942123583,-179.0,0,1632,22.0,0.0,10.0,10.0,0.04,50.0,0.10891089108910891,132.0,0.0,201.0,0,223.0,-132,1.19,0.12,7.154959884247165,0.0,0,12.845040115752838,Clay,,,Regular,derrotas,player2,True,False,False
0.0,0.0,1500,35.77479942123583,-179.0,0,1632,22.0,0.0,10.0,10.0,0.04,50.0,0.10891089108910891,132.0,0.0,201.0,0,223.0,-132,1.19,0.12,7.154959884247165,0.0,0,12.845040115752838,Clay,,,Regular,derrotas,player2,True,False,False
0.0,0.0,1600,50.0,-17.0,2,1500,22.0,0.03,1.3091648782483447,2.454627642498161,0.0,6.545824391241724,0.55,190.0,1.29,39.0,0,223.0,100,0.0,0.0,10.0,0.21,-1,10.0,Clay,Regular,derrotas,,,player1,True,False,False
0.0,0.0,1600,50.0,-17.0,2,1500,22.0,0.03,1.3091648782483447,2.454627642498161,0.0,6.545824391241724,0.55,190.0,1.29,39.0,0,223.0,100,0.0,0.0,10.0,0.21,-1,10.0,Clay,Regular,derrotas,,,player1,True,False,False
0.0,0.0,1600,50.0,-17.0,2,1500,22.0,0.03,1.3091648782483447,2.454627642498161,0.0,6.545824391241724,0.55,190.0,1.29,39.0,0,223.0,100,0.0,0.0,10.0,0.21,-1,10.0,Clay,Regular,derrotas,,,player1,True,False,False
0.0,0.0,1600,50.0,-17.0,2,1500,22.0,0.03,1.3091648782483447,2.454627642498161,0.0,6.545824391241724,0.55,190.0,1.29,39.0,0,223.0,100,0.0,0.0,10.0,0.21,-1,10.0,Clay,Regular,derrotas,,,player1,True,False,False
0.0,0.0,1697,73.7,-113.0,0,1500,39.0,0.16,3.2067984542328993,6.407931529938383,0.0,30.892917063042514,0.2549019607843137,139.0,1.59,152.0,0,190.0,197,0.0,0.0,14.0,0.0,2,5.0,Clay,Buena,victorias,,,player2,True,False,False
0.0,0.0,1697,73.7,-113.0,0,1500,39.0,0.16,3.2067984542328993,6.407931529938383,0.0,30.892917063042514,0.2549019607843137,139.0,1.59,152.0,0,190.0,197,0.0,0.0,14.0,0.0,2,5.0,Clay,Buena,victorias,,,player2,True,False,False
0.0,0.0,1697,73.7,-113.0,0,1500,39.0,0.16,3.2067984542328993,6.407931529938383,0.0,30.892917063042514,0.2549019607843137,139.0,1.59,152.0,0,190.0,197,0.0,0.0,14.0,0.0,2,5.0,Clay,Buena,victorias,,,player2,True,False,False
42.06850000000001,0.5,1613,40.0,-64.0,1,1719,93.0,0.04,14.0,6.0,0.05,70.0,0.5886075949367089,138.0,0.97,157.0,15,154.0,-106,1.06,0.34,8.0,0.48,2,12.0,Clay,Regular,victorias,Buena,victorias,player1,True,False,False
42.06850000000001,0.5,1613,40.0,-64.0,1,1719,93.0,0.04,14.0,6.0,0.05,70.0,0.5886075949367089,138.0,0.97,157.0,15,154.0,-106,1.06,0.34,8.0,0.48,2,12.0,Clay,Regular,victorias,Buena,victorias,player1,True,False,False
42.06850000000001,0.5,1613,40.0,-64.0,1,1719,93.0,0.04,14.0,6.0,0.05,70.0,0.5886075949367089,138.0,0.97,157.0,15,154.0,-106,1.06,0.34,8.0,0.48,2,12.0,Clay,Regular,victorias,Buena,victorias,player1,True,False,False
0.0,0.0,1671,65.0,-107.0,0,1500,93.0,0.02,8.0,11.999999999999998,0.0,40.0,0.4626865671641791,132.0,1.53,200.0,0,154.0,171,0.0,0.0,13.0,0.24,1,7.0,Hard,Buena,victorias,,,player1,False,False,True
0.0,0.0,1671,65.0,-107.0,0,1500,93.0,0.02,8.0,11.999999999999998,0.0,40.0,0.4626865671641791,132.0,1.53,200.0,0,154.0,171,0.0,0.0,13.0,0.24,1,7.0,Hard,Buena,victorias,,,player1,False,False,True
0.0,0.0,1671,65.0,-107.0,0,1500,93.0,0.02,8.0,11.999999999999998,0.0,40.0,0.4626865671641791,132.0,1.53,200.0,0,154.0,171,0.0,0.0,13.0,0.24,1,7.0,Hard,Buena,victorias,,,player1,False,False,True
0.0,0.0,1773,80.0,0.0,3,1500,200.0,0.03,8.999999999999998,10.999999999999998,0.0,45.0,0.9950248756218906,132.0,1.63,200.0,0,132.0,273,0.0,0.0,16.0,0.26,1,4.0,Hard,Excelente,victorias,,,player2,False,False,True
0.0,0.0,1773,80.0,0.0,3,1500,200.0,0.03,8.999999999999998,10.999999999999998,0.0,45.0,0.9950248756218906,132.0,1.63,200.0,0,132.0,273,0.0,0.0,16.0,0.26,1,4.0,Hard,Excelente,victorias,,,player2,False,False,True
0.0,0.0,1773,80.0,0.0,3,1500,200.0,0.03,8.999999999999998,10.999999999999998,0.0,45.0,0.9950248756218906,132.0,1.63,200.0,0,132.0,273,0.0,0.0,16.0,0.26,1,4.0,Hard,Excelente,victorias,,,player2,False,False,True
0.0,0.0,1637,60.0,-100.0,1,1500,100.0,0.02,3.1145644403242305,5.486085920432307,0.0,34.54459695836206,0.4975124378109453,132.0,1.4,200.0,0,152.0,137,0.0,0.0,12.0,0.22,1,8.0,Hard,Buena,victorias,,,player2,False,False,True
0.0,0.0,1637,60.0,-100.0,1,1500,100.0,0.02,3.1145644403242305,5.486085920432307,0.0,34.54459695836206,0.4975124378109453,132.0,1.4,200.0,0,152.0,137,0.0,0.0,12.0,0.22,1,8.0,Hard,Buena,victorias,,,player2,False,False,True
0.0,0.0,1637,60.0,-100.0,1,1500,100.0,0.02,3.1145644403242305,5.486085920432307,0.0,34.54459695836206,0.4975124378109453,132.0,1.4,200.0,0,152.0,137,0.0,0.0,12.0,0.22,1,8.0,Hard,Buena,victorias,,,player2,False,False,True
0.0,0.0,1635,65.0,-153.0,0,1500,47.0,0.03,2.7308428268710077,6.192528480613024,0.0,37.65332116832015,0.23383084577114427,132.0,1.39,200.0,0,181.0,135,0.0,0.0,13.0,0.22,-1,7.0,Hard,Buena,derrotas,,,player2,False,False,True
0.0,0.0,1635,65.0,-153.0,0,1500,47.0,0.03,2.7308428268710077,6.192528480613024,0.0,37.65332116832015,0.23383084577114427,132.0,1.39,200.0,0,181.0,135,0.0,0.0,13.0,0.22,-1,7.0,Hard,Buena,derrotas,,,player2,False,False,True
0.0,0.0,1635,65.0,-153.0,0,1500,47.0,0.03,2.7308428268710077,6.192528480613024,0.0,37.65332116832015,0.23383084577114427,132.0,1.39,200.0,0,181.0,135,0.0,0.0,13.0,0.22,-1,7.0,Hard,Buena,derrotas,,,player2,False,False,True
0.0,-0.0,1795,50.0,-165.0,0,1500,32.0,0.05,2.426946004339137,6.177361725340193,0.0,30.00427246141207,0.16161616161616163,132.0,1.61,197.0,0,200.0,295,0.0,0.0,10.0,0.27,2,10.0,Grass,Regular,victorias,,,player1,False,True,False
0.0,-0.0,1795,50.0,-165.0,0,1500,32.0,0.05,2.426946004339137,6.177361725340193,0.0,30.00427246141207,0.16161616161616163,132.0,1.61,197.0,0,200.0,295,0.0,0.0,10.0,0.27,2,10.0,Grass,Regular,victorias,,,player1,False,True,False
0.0,-0.0,1795,50.0,-165.0,0,1500,32.0,0.05,2.426946004339137,6.177361725340193,0.0,30.00427246141207,0.16161616161616163,132.0,1.61,197.0,0,200.0,295,0.0,0.0,10.0,0.27,2,10.0,Grass,Regular,victorias,,,player1,False,True,False
0.0,-0.0,1954,65.0,120.0,0,1500,197.0,0.12,6.309675126641517,13.690324873358483,0.0,31.548375633207584,2.5256410256410255,161.0,1.68,77.0,0,132.0,454,0.0,0.0,13.0,0.27,2,7.0,Grass,Buena,victorias,,,player2,False,True,False
0.0,-0.0,1954,65.0,120.0,0,1500,197.0,0.12,6.309675126641517,13.690324873358483,0.0,31.548375633207584,2.5256410256410255,161.0,1.68,77.0,0,132.0,454,0.0,0.0,13.0,0.27,2,7.0,Grass,Buena,victorias,,,player2,False,True,False
0.0,-0.0,1954,65.0,120.0,0,1500,197.0,0.12,6.309675126641517,13.690324873358483,0.0,31.548375633207584,2.5256410256410255,161.0,1.68,77.0,0,132.0,454,0.0,0.0,13.0,0.27,2,7.0,Grass,Buena,victorias,,,player2,False,True,False
0.0,0.0,1773,70.0,-16.0,2,1500,25.0,0.12,2.9999999999999996,9.0,0.0,24.999999999999996,0.5952380952380952,187.0,1.19,41.0,0,215.0,273,0.0,0.0,14.0,0.2,7,6.0,Clay,Buena,victorias,,,player1,True,False,False
0.0,0.0,1773,70.0,-16.0,2,1500,25.0,0.12,2.9999999999999996,9.0,0.0,24.999999999999996,0.5952380952380952,187.0,1.19,41.0,0,215.0,273,0.0,0.0,14.0,0.2,7,6.0,Clay,Buena,victorias,,,player1,True,False,False
0.0,0.0,1773,70.0,-16.0,2,1500,25.0,0.12,2.9999999999999996,9.0,0.0,24.999999999999996,0.5952380952380952,187.0,1.19,41.0,0,215.0,273,0.0,0.0,14.0,0.2,7,6.0,Clay,Buena,victorias,,,player1,True,False,False
0.0,0.0,1645,45.0,-25.0,2,1500,52.0,0.03,8.36764004324678,11.63235995675322,0.0,41.83820021623389,0.6666666666666666,161.0,1.33,77.0,0,176.0,145,0.0,0.0,9.0,0.25,1,11.0,Hard,Regular,victorias,,,player1,False,False,True
0.0,0.0,1645,45.0,-25.0,2,1500,52.0,0.03,8.36764004324678,11.63235995675322,0.0,41.83820021623389,0.6666666666666666,161.0,1.33,77.0,0,176.0,145,0.0,0.0,9.0,0.25,1,11.0,Hard,Regular,victorias,,,player2,False,False,True
0.0,0.0,1645,45.0,-25.0,2,1500,52.0,0.03,8.36764004324678,11.63235995675322,0.0,41.83820021623389,0.6666666666666666,161.0,1.33,77.0,0,176.0,145,0.0,0.0,9.0,0.25,1,11.0,Hard,Regular,victorias,,,player2,False,False,True
0.0,0.0,1645,45.0,-25.0,2,1500,52.0,0.03,8.36764004324678,11.63235995675322,0.0,41.83820021623389,0.6666666666666666,161.0,1.33,77.0,0,176.0,145,0.0,0.0,9.0,0.25,1,11.0,Hard,Regular,victorias,,,player2,False,False,True
0.0,0.0,1570,45.0,-176.0,0,1500,24.0,0.03,8.0,12.000000000000002,0.0,40.0,0.11940298507462686,132.0,1.33,200.0,0,217.0,70,0.0,0.0,9.0,0.24,1,11.0,Hard,Regular,victorias,,,player1,False,False,True
0.0,0.0,1570,45.0,-176.0,0,1500,24.0,0.03,8.0,12.000000000000002,0.0,40.0,0.11940298507462686,132.0,1.33,200.0,0,217.0,70,0.0,0.0,9.0,0.24,1,11.0,Hard,Regular,victorias,,,player1,False,False,True
0.0,0.0,1570,45.0,-176.0,0,1500,24.0,0.03,8.0,12.000000000000002,0.0,40.0,0.11940298507462686,132.0,1.33,200.0,0,217.0,70,0.0,0.0,9.0,0.24,1,11.0,Hard,Regular,victorias,,,player1,False,False,True
0.0,0.0,1570,45.0,-176.0,0,1500,24.0,0.03,8.0,12.000000000000002,0.0,40.0,0.11940298507462686,132.0,1.33,200.0,0,217.0,70,0.0,0.0,9.0,0.24,1,11.0,Hard,Regular,victorias,,,player1,False,False,True
0.0,0.0,1710,60.0,183.0,0,1500,191.0,0.03,7.0,12.999999999999998,0.0,35.0,21.22222222222222,319.0,1.47,8.0,0,133.0,210,0.0,0.0,12.0,0.27,-1,8.0,Hard,Buena,derrotas,,,player1,False,False,True
0.0,0.0,1710,60.0,183.0,0,1500,191.0,0.03,7.0,12.999999999999998,0.0,35.0,21.22222222222222,319.0,1.47,8.0,0,133.0,210,0.0,0.0,12.0,0.27,-1,8.0,Hard,Buena,derrotas,,,player1,False,False,True
0.0,0.0,1710,60.0,183.0,0,1500,191.0,0.03,7.0,12.999999999999998,0.0,35.0,21.22222222222222,319.0,1.47,8.0,0,133.0,210,0.0,0.0,12.0,0.27,-1,8.0,Hard,Buena,derrotas,,,player1,False,False,True
0.0,0.0,1739,70.0,87.0,1,1500,139.0,0.03,7.4907594238184885,12.000000000000004,0.0,38.29404406979193,2.6226415094339623,176.0,1.55,52.0,0,142.0,239,0.0,0.0,14.0,0.24,1,6.0,Hard,Buena,victorias,,,player1,False,False,True
0.0,0.0,1739,70.0,87.0,1,1500,139.0,0.03,7.4907594238184885,12.000000000000004,0.0,38.29404406979193,2.6226415094339623,176.0,1.55,52.0,0,142.0,239,0.0,0.0,14.0,0.24,1,6.0,Hard,Buena,victorias,,,player1,False,False,True
0.0,0.0,1739,70.0,87.0,1,1500,139.0,0.03,7.4907594238184885,12.000000000000004,0.0,38.29404406979193,2.6226415094339623,176.0,1.55,52.0,0,142.0,239,0.0,0.0,14.0,0.24,1,6.0,Hard,Buena,victorias,,,player1,False,False,True
0.0,0.0,1739,70.0,87.0,1,1500,139.0,0.03,7.4907594238184885,12.000000000000004,0.0,38.29404406979193,2.6226415094339623,176.0,1.55,52.0,0,142.0,239,0.0,0.0,14.0,0.24,1,6.0,Hard,Buena,victorias,,,player1,False,False,True
0.0,0.0,1531,35.0,0.0,3,1500,200.0,0.01,1.0,3.1205312326212065,0.0,24.397343836893974,0.9950248756218906,132.0,1.36,200.0,0,132.0,31,0.0,0.0,7.0,0.15,1,13.0,Hard,Mala,victorias,,,player1,False,False,True
0.0,0.0,1531,35.0,0.0,3,1500,200.0,0.01,1.0,3.1205312326212065,0.0,24.397343836893974,0.9950248756218906,132.0,1.36,200.0,0,132.0,31,0.0,0.0,7.0,0.15,1,13.0,Hard,Mala,victorias,,,player1,False,False,True
0.0,0.0,1531,35.0,0.0,3,1500,200.0,0.01,1.0,3.1205312326212065,0.0,24.397343836893974,0.9950248756218906,132.0,1.36,200.0,0,132.0,31,0.0,0.0,7.0,0.15,1,13.0,Hard,Mala,victorias,,,player1,False,False,True
0.0,0.0,1531,35.0,0.0,3,1500,200.0,0.01,1.0,3.1205312326212065,0.0,24.397343836893974,0.9950248756218906,132.0,1.36,200.0,0,132.0,31,0.0,0.0,7.0,0.15,1,13.0,Hard,Mala,victorias,,,player1,False,False,True
0.0,0.0,1705,70.0,0.0,3,1500,200.0,0.03,7.205750387726171,9.552888314058594,0.0,36.028751938630855,0.9950248756218906,132.0,1.6,200.0,0,132.0,205,0.0,0.0,14.0,0.2,1,6.0,Hard,Buena,victorias,,,player1,False,False,True
0.0,0.0,1705,70.0,0.0,3,1500,200.0,0.03,7.205750387726171,9.552888314058594,0.0,36.028751938630855,0.9950248756218906,132.0,1.6,200.0,0,132.0,205,0.0,0.0,14.0,0.2,1,6.0,Hard,Buena,victorias,,,player2,False,False,True
0.0,0.0,1705,70.0,0.0,3,1500,200.0,0.03,7.205750387726171,9.552888314058594,0.0,36.028751938630855,0.9950248756218906,132.0,1.6,200.0,0,132.0,205,0.0,0.0,14.0,0.2,1,6.0,Hard,Buena,victorias,,,player2,False,False,True
0.0,0.0,1705,70.0,0.0,3,1500,200.0,0.03,7.205750387726171,9.552888314058594,0.0,36.028751938630855,0.9950248756218906,132.0,1.6,200.0,0,132.0,205,0.0,0.0,14.0,0.2,1,6.0,Hard,Buena,victorias,,,player2,False,False,True
0.0,0.0,1587,45.0,123.0,0,1485,200.0,0.02,6.0,11.0,0.01,35.3,2.5641025641025643,161.0,1.32,77.0,1,132.0,102,1.26,0.0,9.0,0.14,1,11.0,Hard,Regular,victorias,Mala,victorias,player2,False,False,True
0.0,0.0,1587,45.0,123.0,0,1485,200.0,0.02,6.0,11.0,0.01,35.3,2.5641025641025643,161.0,1.32,77.0,1,132.0,102,1.26,0.0,9.0,0.14,1,11.0,Hard,Regular,victorias,Mala,victorias,player2,False,False,True
0.0,0.0,1587,45.0,123.0,0,1485,200.0,0.02,6.0,11.0,0.01,35.3,2.5641025641025643,161.0,1.32,77.0,1,132.0,102,1.26,0.0,9.0,0.14,1,11.0,Hard,Regular,victorias,Mala,victorias,player2,False,False,True
0.0,0.13,1449,30.0,24.0,2,1684,200.0,0.01,12.0,8.0,0.03,60.0,1.1299435028248588,135.0,1.21,176.0,2,132.0,-235,1.37,0.12,6.0,0.15,1,14.0,Hard,Mala,victorias,Buena,victorias,player2,False,False,True
0.0,0.13,1449,30.0,24.0,2,1684,200.0,0.01,12.0,8.0,0.03,60.0,1.1299435028248588,135.0,1.21,176.0,2,132.0,-235,1.37,0.12,6.0,0.15,1,14.0,Hard,Mala,victorias,Buena,victorias,player2,False,False,True
0.0,0.13,1449,30.0,24.0,2,1684,200.0,0.01,12.0,8.0,0.03,60.0,1.1299435028248588,135.0,1.21,176.0,2,132.0,-235,1.37,0.12,6.0,0.15,1,14.0,Hard,Mala,victorias,Buena,victorias,player2,False,False,True
11.2738,0.21,1680,55.0,-53.0,1,1831,81.0,0.04,16.0,4.0,0.04,80.0,0.6,143.0,1.27,134.0,8,159.0,-151,1.5,0.0,11.0,0.16,1,9.0,Clay,Regular,victorias,Excelente,victorias,player2,True,False,False
11.2738,0.21,1680,55.0,-53.0,1,1831,81.0,0.04,16.0,4.0,0.04,80.0,0.6,143.0,1.27,134.0,8,159.0,-151,1.5,0.0,11.0,0.16,1,9.0,Clay,Regular,victorias,Excelente,victorias,player2,True,False,False
11.2738,0.21,1680,55.0,-53.0,1,1831,81.0,0.04,16.0,4.0,0.04,80.0,0.6,143.0,1.27,134.0,8,159.0,-151,1.5,0.0,11.0,0.16,1,9.0,Clay,Regular,victorias,Excelente,victorias,player2,True,False,False
16.0195,0.3,1632,45.0,57.0,1,1814,134.0,0.06,12.0,8.0,0.18,60.0,1.7179487179487178,161.0,0.84,77.0,6,143.0,-182,1.11,0.17,9.0,0.17,1,11.0,Clay,Regular,victorias,Buena,victorias,player2,True,False,False
16.0195,0.3,1632,45.0,57.0,1,1814,134.0,0.06,12.0,8.0,0.18,60.0,1.7179487179487178,161.0,0.84,77.0,6,143.0,-182,1.11,0.17,9.0,0.17,1,11.0,Clay,Regular,victorias,Buena,victorias,player2,True,False,False
16.0195,0.3,1632,45.0,57.0,1,1814,134.0,0.06,12.0,8.0,0.18,60.0,1.7179487179487178,161.0,0.84,77.0,6,143.0,-182,1.11,0.17,9.0,0.17,1,11.0,Clay,Regular,victorias,Buena,victorias,player2,True,False,False
21.3169,0.15,1727,65.0,0.0,3,1546,98.0,0.07,8.0,12.0,0.02,40.0,0.98989898989899,152.0,1.03,98.0,12,152.0,181,0.76,0.0,13.0,0.14,6,7.0,Clay,Buena,victorias,Regular,victorias,player2,True,False,False
21.3169,0.15,1727,65.0,0.0,3,1546,98.0,0.07,8.0,12.0,0.02,40.0,0.98989898989899,152.0,1.03,98.0,12,152.0,181,0.76,0.0,13.0,0.14,6,7.0,Clay,Buena,victorias,Regular,victorias,player2,True,False,False
21.3169,0.15,1727,65.0,0.0,3,1546,98.0,0.07,8.0,12.0,0.02,40.0,0.98989898989899,152.0,1.03,98.0,12,152.0,181,0.76,0.0,13.0,0.14,6,7.0,Clay,Buena,victorias,Regular,victorias,player2,True,False,False
3.0273,0.46,1665,55.0,-48.0,2,1730,134.0,0.02,14.0,6.0,0.03,70.0,0.73224043715847,134.0,1.3,182.0,6,143.0,-65,1.36,0.09,11.0,0.18,1,9.0,Clay,Regular,victorias,Buena,victorias,player1,True,False,False
3.0273,0.46,1665,55.0,-48.0,2,1730,134.0,0.02,14.0,6.0,0.03,70.0,0.73224043715847,134.0,1.3,182.0,6,143.0,-65,1.36,0.09,11.0,0.18,1,9.0,Clay,Regular,victorias,Buena,victorias,player1,True,False,False
3.0273,0.46,1665,55.0,-48.0,2,1730,134.0,0.02,14.0,6.0,0.03,70.0,0.73224043715847,134.0,1.3,182.0,6,143.0,-65,1.36,0.09,11.0,0.18,1,9.0,Clay,Regular,victorias,Buena,victorias,player1,True,False,False
0.0,0.0,1572,55.0,-64.0,1,1445,81.0,0.01,7.0,13.0,0.0,35.0,0.5547945205479452,140.0,1.36,145.0,2,159.0,127,1.25,0.0,11.0,0.18,1,9.0,Clay,Regular,victorias,Mala,victorias,player1,True,False,False
0.0,0.0,1572,55.0,-64.0,1,1445,81.0,0.01,7.0,13.0,0.0,35.0,0.5547945205479452,140.0,1.36,145.0,2,159.0,127,1.25,0.0,11.0,0.18,1,9.0,Clay,Regular,victorias,Mala,victorias,player1,True,False,False
0.0,0.0,1572,55.0,-64.0,1,1445,81.0,0.01,7.0,13.0,0.0,35.0,0.5547945205479452,140.0,1.36,145.0,2,159.0,127,1.25,0.0,11.0,0.18,1,9.0,Clay,Regular,victorias,Mala,victorias,player1,True,False,False
56.456599999999995,0.35,1759,60.0,-29.0,2,1895,81.0,0.15,12.0,8.0,0.13,60.0,0.7297297297297297,149.0,1.46,110.0,43,159.0,-136,1.25,0.27,12.0,0.27,2,8.0,Grass,Buena,victorias,Buena,victorias,player1,False,True,False
56.456599999999995,0.35,1759,60.0,-29.0,2,1895,81.0,0.15,12.0,8.0,0.13,60.0,0.7297297297297297,149.0,1.46,110.0,43,159.0,-136,1.25,0.27,12.0,0.27,2,8.0,Grass,Buena,victorias,Buena,victorias,player1,False,True,False
56.456599999999995,0.35,1759,60.0,-29.0,2,1895,81.0,0.15,12.0,8.0,0.13,60.0,0.7297297297297297,149.0,1.46,110.0,43,159.0,-136,1.25,0.27,12.0,0.27,2,8.0,Grass,Buena,victorias,Buena,victorias,player1,False,True,False
4.7614,0.22,1797,65.0,-141.0,0,2004,59.0,0.04,15.0,5.0,0.17,75.0,0.2935323383084577,132.0,1.32,200.0,18,171.0,-207,1.6,0.27,13.0,0.27,2,7.0,Grass,Buena,victorias,Excelente,victorias,player2,False,True,False
4.7614,0.22,1797,65.0,-141.0,0,2004,59.0,0.04,15.0,5.0,0.17,75.0,0.2935323383084577,132.0,1.32,200.0,18,171.0,-207,1.6,0.27,13.0,0.27,2,7.0,Grass,Buena,victorias,Excelente,victorias,player2,False,True,False
4.7614,0.22,1797,65.0,-141.0,0,2004,59.0,0.04,15.0,5.0,0.17,75.0,0.2935323383084577,132.0,1.32,200.0,18,171.0,-207,1.6,0.27,13.0,0.27,2,7.0,Grass,Buena,victorias,Excelente,victorias,player2,False,True,False
7.7637,0.0,1635,60.0,0.0,3,1459,98.0,0.02,6.0,14.0,0.01,30.0,0.98989898989899,152.0,1.11,98.0,4,152.0,176,0.93,0.18,12.0,0.4,1,8.0,Clay,Buena,victorias,Mala,victorias,player1,True,False,False
7.7637,0.0,1635,60.0,0.0,3,1459,98.0,0.02,6.0,14.0,0.01,30.0,0.98989898989899,152.0,1.11,98.0,4,152.0,176,0.93,0.18,12.0,0.4,1,8.0,Clay,Buena,victorias,Mala,victorias,player1,True,False,False
7.7637,0.0,1635,60.0,0.0,3,1459,98.0,0.02,6.0,14.0,0.01,30.0,0.98989898989899,152.0,1.11,98.0,4,152.0,176,0.93,0.18,12.0,0.4,1,8.0,Clay,Buena,victorias,Mala,victorias,player1,True,False,False
7.7699,0.09,1631,55.0,119.0,0,1559,200.0,0.03,7.0,13.0,0.02,35.0,2.4390243902439024,159.0,1.28,81.0,7,132.0,72,1.18,0.24,11.0,0.15,1,9.0,Clay,Regular,victorias,Mala,victorias,player2,True,False,False
7.7699,0.09,1631,55.0,119.0,0,1559,200.0,0.03,7.0,13.0,0.02,35.0,2.4390243902439024,159.0,1.28,81.0,7,132.0,72,1.18,0.24,11.0,0.15,1,9.0,Clay,Regular,victorias,Mala,victorias,player2,True,False,False
7.7699,0.09,1631,55.0,119.0,0,1559,200.0,0.03,7.0,13.0,0.02,35.0,2.4390243902439024,159.0,1.28,81.0,7,132.0,72,1.18,0.24,11.0,0.15,1,9.0,Clay,Regular,victorias,Mala,victorias,player2,True,False,False
6.5097,0.53,1607,50.0,92.0,1,1564,154.0,0.02,6.0,14.0,0.03,30.0,2.4444444444444446,169.0,1.26,62.0,7,139.0,43,1.15,0.24,10.0,0.19,1,10.0,Clay,Regular,victorias,Mala,victorias,player1,True,False,False
6.5097,0.53,1607,50.0,92.0,1,1564,154.0,0.02,6.0,14.0,0.03,30.0,2.4444444444444446,169.0,1.26,62.0,7,139.0,43,1.15,0.24,10.0,0.19,1,10.0,Clay,Regular,victorias,Mala,victorias,player1,True,False,False
6.5097,0.53,1607,50.0,92.0,1,1564,154.0,0.02,6.0,14.0,0.03,30.0,2.4444444444444446,169.0,1.26,62.0,7,139.0,43,1.15,0.24,10.0,0.19,1,10.0,Clay,Regular,victorias,Mala,victorias,player1,True,False,False
9.5287,0.0,1696,65.0,55.0,1,1709,63.0,0.06,14.0,6.0,0.03,70.0,7.0,319.0,1.24,8.0,5,168.0,-13,1.51,0.09,13.0,0.15,1,7.0,Hard,Buena,victorias,Buena,victorias,player1,False,False,True
9.5287,0.0,1696,65.0,55.0,1,1709,63.0,0.06,14.0,6.0,0.03,70.0,7.0,319.0,1.24,8.0,5,168.0,-13,1.51,0.09,13.0,0.15,1,7.0,Hard,Buena,victorias,Buena,victorias,player1,False,False,True
9.5287,0.0,1696,65.0,55.0,1,1709,63.0,0.06,14.0,6.0,0.03,70.0,7.0,319.0,1.24,8.0,5,168.0,-13,1.51,0.09,13.0,0.15,1,7.0,Hard,Buena,victorias,Buena,victorias,player1,False,False,True
2.3824,0.03,1687,60.0,-97.0,1,1555,58.0,0.04,9.0,11.0,0.01,45.0,0.3717948717948718,139.0,1.34,155.0,4,172.0,132,1.27,0.16,12.0,0.14,1,8.0,Hard,Buena,victorias,Regular,victorias,player2,False,False,True
2.3824,0.03,1687,60.0,-97.0,1,1555,58.0,0.04,9.0,11.0,0.01,45.0,0.3717948717948718,139.0,1.34,155.0,4,172.0,132,1.27,0.16,12.0,0.14,1,8.0,Hard,Buena,victorias,Regular,victorias,player2,False,False,True
2.3824,0.03,1687,60.0,-97.0,1,1555,58.0,0.04,9.0,11.0,0.01,45.0,0.3717948717948718,139.0,1.34,155.0,4,172.0,132,1.27,0.16,12.0,0.14,1,8.0,Hard,Buena,victorias,Regular,victorias,player2,False,False,True
42.06850000000001,0.5,1613,40.0,-64.0,1,1719,93.0,0.04,14.0,6.0,0.05,70.0,0.5886075949367089,138.0,0.97,157.0,15,154.0,-106,1.06,0.34,8.0,0.48,2,12.0,Clay,Regular,victorias,Buena,victorias,player1,True,False,False
42.06850000000001,0.5,1613,40.0,-64.0,1,1719,93.0,0.04,14.0,6.0,0.05,70.0,0.5886075949367089,138.0,0.97,157.0,15,154.0,-106,1.06,0.34,8.0,0.48,2,12.0,Clay,Regular,victorias,Buena,victorias,player1,True,False,False
42.06850000000001,0.5,1613,40.0,-64.0,1,1719,93.0,0.04,14.0,6.0,0.05,70.0,0.5886075949367089,138.0,0.97,157.0,15,154.0,-106,1.06,0.34,8.0,0.48,2,12.0,Clay,Regular,victorias,Buena,victorias,player1,True,False,False
19.1704,0.38,1593,50.0,17.0,2,1688,39.0,0.04,13.0,7.0,0.08,65.0,1.6956521739130435,223.0,0.65,22.0,9,190.0,-95,0.66,0.29,10.0,0.55,1,10.0,Clay,Regular,victorias,Buena,victorias,player1,True,False,False
11.2725,0.44,1623,55.0,0.0,3,1718,172.0,0.04,13.0,7.0,0.13,65.0,0.9942196531791907,136.0,0.97,172.0,7,136.0,-95,0.99,0.0,11.0,0.0,2,9.0,Clay,Regular,victorias,Buena,victorias,player1,True,False,False
8.2211,0.0,1598,55.0,-64.0,1,1687,81.0,0.01,14.0,6.0,0.03,70.0,0.5547945205479452,140.0,1.28,145.0,2,159.0,-89,1.6,0.0,11.0,0.18,2,9.0,Clay,Regular,victorias,Buena,victorias,player2,True,False,False
0.0,0.0,1653,55.0,0.0,3,1634,154.0,0.02,12.0,8.0,0.01,60.0,0.9935483870967742,139.0,1.42,154.0,0,139.0,19,1.44,0.0,11.0,0.16,2,9.0,Clay,Regular,victorias,Buena,victorias,player2,True,False,False
9.068800000000001,0.33,1764,75.0,151.0,0,1783,176.0,0.13,15.0,5.0,0.13,75.0,6.769230769230769,215.0,0.96,25.0,8,135.0,-19,1.09,0.2,15.0,0.19,3,5.0,Clay,Excelente,victorias,Excelente,victorias,player1,True,False,False
16.466700000000003,0.5,1777,80.0,0.0,3,1657,98.0,0.05,12.0,8.0,0.03,60.0,0.98989898989899,152.0,0.86,98.0,10,152.0,120,0.71,0.35,16.0,0.0,2,4.0,Clay,Excelente,victorias,Buena,victorias,player2,True,False,False
0.0,0.0,1673,70.0,739.0,0,1675,936.0,0.04,11.0,9.0,0.03,55.0,4.7272727272727275,132.0,1.6,197.0,0,22.0,-2,1.33,0.12,14.0,0.17,3,6.0,Hard,Buena,victorias,Regular,victorias,player1,False,False,True
40.8887,0.17,1748,70.0,62.0,1,1626,139.0,0.03,9.0,11.0,0.03,45.0,1.7820512820512822,161.0,1.24,77.0,12,142.0,122,1.16,0.25,14.0,0.22,2,6.0,Hard,Buena,victorias,Regular,victorias,player1,False,False,True
0.0,0.1,1577,45.0,-167.0,0,1732,24.0,0.03,13.0,7.0,0.03,65.0,0.125,133.0,1.24,191.0,2,217.0,-155,1.53,0.25,9.0,0.19,2,11.0,Hard,Regular,victorias,Buena,victorias,player1,False,False,True
0.0,0.14,1628,55.0,-153.0,0,1563,47.0,0.02,8.0,12.0,0.01,40.0,0.23383084577114427,132.0,1.36,200.0,4,181.0,65,1.29,0.19,11.0,0.17,2,9.0,Hard,Regular,victorias,Regular,victorias,player2,False,False,True
0.0,0.11,1677,65.0,0.0,3,1550,200.0,0.02,8.0,12.0,0.01,40.0,0.9950248756218906,132.0,1.31,200.0,2,132.0,127,1.42,0.16,13.0,0.21,2,7.0,Hard,Buena,victorias,Regular,victorias,player1,False,False,True
16.466700000000003,0.47,1777,80.0,0.0,3,1657,98.0,0.05,12.0,8.0,0.03,60.0,0.98989898989899,152.0,0.95,98.0,10,152.0,120,0.78,0.35,16.0,0.0,2,4.0,Clay,Excelente,victorias,Buena,victorias,player2,True,False,False
11.2725,0.4,1623,55.0,0.0,3,1718,172.0,0.04,13.0,7.0,0.13,65.0,0.9942196531791907,136.0,1.03,172.0,7,136.0,-95,1.06,0.0,11.0,0.0,2,9.0,Clay,Regular,victorias,Buena,victorias,player1,True,False,False
8.2211,0.0,1598,55.0,-64.0,1,1687,81.0,0.01,14.0,6.0,0.03,70.0,0.5547945205479452,140.0,1.33,145.0,2,159.0,-89,1.65,0.0,11.0,0.18,2,9.0,Clay,Regular,victorias,Buena,victorias,player2,True,False,False
0.0,0.0,1653,55.0,0.0,3,1634,154.0,0.02,12.0,8.0,0.01,60.0,0.9935483870967742,139.0,1.46,154.0,0,139.0,19,1.48,0.0,11.0,0.16,2,9.0,Clay,Regular,victorias,Buena,victorias,player2,True,False,False
9.068800000000001,0.33,1764,75.0,151.0,0,1783,176.0,0.13,15.0,5.0,0.13,75.0,6.769230769230769,215.0,0.96,25.0,8,135.0,-19,1.09,0.2,15.0,0.19,3,5.0,Clay,Excelente,victorias,Excelente,victorias,player1,True,False,False
19.1704,0.38,1593,50.0,17.0,2,1688,39.0,0.04,13.0,7.0,0.08,65.0,1.6956521739130435,223.0,0.65,22.0,9,190.0,-95,0.66,0.29,10.0,0.55,1,10.0,Clay,Regular,victorias,Buena,victorias,player1,True,False,False
0.0,0.0,1673,70.0,739.0,0,1675,936.0,0.04,11.0,9.0,0.03,55.0,4.7272727272727275,132.0,1.66,197.0,0,22.0,-2,1.38,0.12,14.0,0.17,3,6.0,Hard,Buena,victorias,Regular,victorias,player1,False,False,True
40.8887,0.13,1748,70.0,62.0,1,1621,139.0,0.03,9.0,11.0,0.02,45.0,1.7820512820512822,161.0,1.35,77.0,12,142.0,127,1.26,0.24,14.0,0.22,2,6.0,Hard,Buena,victorias,Regular,victorias,player1,False,False,True
0.0,0.08,1577,45.0,-167.0,0,1732,24.0,0.03,13.0,7.0,0.03,65.0,0.125,133.0,1.3,191.0,2,217.0,-155,1.6,0.25,9.0,0.19,2,11.0,Hard,Regular,victorias,Buena,victorias,player1,False,False,True
0.0,0.1,1628,55.0,-153.0,0,1562,47.0,0.02,8.0,12.0,0.01,40.0,0.23383084577114427,132.0,1.43,200.0,4,181.0,66,1.36,0.15,11.0,0.17,2,9.0,Hard,Regular,victorias,Regular,victorias,player2,False,False,True
0.0,0.08,1677,65.0,0.0,3,1550,200.0,0.02,8.0,12.0,0.01,40.0,0.9950248756218906,132.0,1.37,200.0,2,132.0,127,1.48,0.16,13.0,0.21,2,7.0,Hard,Buena,victorias,Regular,victorias,player1,False,False,True
1.5,0.0,1410,20.0,-23.0,2,1680,77.0,0.01,12.0,8.0,0.05,60.0,0.7623762376237624,152.0,0.96,100.0,2,161.0,-270,1.44,0.24,4.0,0.14,-2,16.0,Hard,Mala,derrotas,Buena,derrotas,player2,False,False,True
10.1811,0.12,1637,60.0,23.0,2,1694,47.0,0.03,13.0,7.0,0.04,65.0,1.88,217.0,1.3,24.0,5,181.0,-57,1.32,0.15,12.0,0.15,-3,8.0,Hard,Buena,derrotas,Buena,derrotas,player1,False,False,True
0.0,0.08,1418,10.0,176.0,0,1624,200.0,0.0,10.0,10.0,0.04,50.0,8.0,217.0,0.8,24.0,1,132.0,-206,1.4,0.16,1.0,0.15,-9,9.0,Hard,Mala,derrotas,Regular,derrotas,player2,False,False,True
12.5135,0.16,1609,50.0,0.0,3,1745,200.0,0.03,14.0,6.0,0.05,70.0,0.9950248756218906,132.0,1.2,200.0,8,132.0,-136,1.29,0.15,10.0,0.15,-1,10.0,Hard,Regular,derrotas,Buena,derrotas,player2,False,False,True
8.405899999999999,0.28,1548,30.0,107.0,0,1728,200.0,0.01,12.0,8.0,0.06,60.0,2.127659574468085,154.0,0.97,93.0,10,132.0,-180,1.32,0.27,6.0,0.24,-4,14.0,Hard,Mala,derrotas,Buena,derrotas,player2,False,False,True
0.0,0.0,1591,50.0,100.0,1,1534,200.0,0.02,8.0,12.0,0.02,40.0,1.9801980198019802,152.0,1.04,100.0,1,132.0,57,0.9,0.55,10.0,0.32,-2,10.0,Hard,Regular,derrotas,Regular,derrotas,player2,False,False,True
0.0,0.16,1676,65.0,0.0,3,1694,200.0,0.09,14.0,6.0,0.05,70.0,0.9950248756218906,132.0,0.92,200.0,4,132.0,-18,1.13,0.14,13.0,0.18,-2,7.0,Hard,Buena,derrotas,Buena,derrotas,player2,False,False,True
0.0,0.39,1668,60.0,57.0,1,1731,98.0,0.08,13.0,7.0,0.07,65.0,2.3333333333333335,187.0,0.95,41.0,6,152.0,-63,0.97,0.12,12.0,0.0,-2,8.0,Clay,Buena,derrotas,Buena,derrotas,player2,True,False,False
0.0,0.0,1540,45.0,-15.0,2,1446,53.0,0.01,1.0,5.0,0.0,16.7,0.7681159420289855,165.0,1.16,68.0,1,175.0,94,1.05,0.0,9.0,0.14,-3,11.0,Clay,Regular,derrotas,Mala,derrotas,player2,True,False,False
0.0,0.25,1305,5.0,200.0,0,1494,222.0,0.0,8.0,12.0,0.01,40.0,9.652173913043478,223.0,0.61,22.0,1,129.0,-189,1.31,0.0,1.0,0.0,-9,19.0,Clay,Mala,derrotas,Regular,derrotas,player2,True,False,False
4.7795,0.22,1706,70.0,-9.0,3,1655,145.0,0.03,13.0,7.0,0.01,65.0,0.9354838709677419,139.0,1.63,154.0,2,140.0,51,1.56,0.0,14.0,0.0,3,6.0,Clay,Buena,victorias,Buena,victorias,player1,True,False,False
8.4585,0.06,1587,45.0,0.0,3,1696,200.0,0.01,13.0,7.0,0.02,65.0,0.9950248756218906,132.0,1.58,200.0,5,132.0,-109,1.43,0.2,9.0,0.17,3,11.0,Hard,Regular,victorias,Buena,victorias,player1,False,False,True
7.8607000000000005,0.04,1762,70.0,115.0,0,1601,139.0,0.03,9.0,11.0,0.03,45.0,5.56,217.0,1.62,24.0,4,142.0,161,1.47,0.19,14.0,0.23,3,6.0,Hard,Buena,victorias,Regular,victorias,player1,False,False,True
