ranking_ratio,common_opponents_count,p2_form_losses,p2_surface_specialization_score,p1_surface_specialization_score,p2_rivalry_score,match_competitiveness,p1_ranking,p1_elo,p2_common_opponents_score,elo_diff,p2_elo,p2_prox_pts,p2_strength_of_schedule_score,p1_form_recent_score,p2_form_win_percentage,p2_form_recent_score,ranking_diff,p1_strength_of_schedule_score,p2_ranking,p1_form_wins,p2_pts,p1_rivalry_score,p1_pts,p1_form_win_percentage,p1_form_losses,jugador1,jugador2,torneo_nombre,_trace_fecha,tipo_cancha,p1_form_status,p1_current_streak_type,p2_form_status,p2_current_streak_type,p1_regional_comfort_win_rate,p2_regional_comfort_win_rate,actual_winner,surface_Clay,surface_Grass,surface_Hard
4.0,4,11.0,0.02,0.01,4.2250000000000005,1,100.0,1412,0.09,-134,1546,217.0,0.18,0.83,45.0,0.96,76.0,0.54,24.0,4.0,217.0,9.7743,152.0,20.0,16.0,Mana Kawamura,Stefani Webb,W15 Sapporo 2 (Japón),2026-06-23,Hard,Mala,derrotas,Regular,derrotas,,,player2,False,False,True
0.9900990099009901,6,6.0,0.05,0.01,19.5,3,100.0,1503,0.24,-215,1718,152.0,0.47,0.93,70.0,1.23,0.0,0.16,100.0,9.0,152.0,6.5787,152.0,45.0,11.0,Sera Nishimoto,Sae Noguchi,W15 Sapporo 2 (Japón),2026-06-23,Hard,Regular,derrotas,Buena,derrotas,,,player2,False,False,True
0.5347593582887701,2,10.0,0.02,0.09,0.0,1,100.0,1647,0.0,56,1591,134.0,0.21,0.98,50.0,0.96,-86.0,0.27,186.0,11.0,134.0,6.5359,152.0,55.0,9.0,Kanon Sawashiro,Kamonwan Yodpetch,W15 Sapporo 2 (Japón),2026-06-23,Hard,Regular,derrotas,Regular,derrotas,,,player1,False,False,True
1.872340425531915,6,14.0,0.01,0.05,1.5,1,176.0,1665,0.17,224,1441,154.0,0.22,1.29,30.0,1.11,83.0,0.27,93.0,12.0,154.0,6.5233,135.0,60.0,8.0,Marta Soriano Santiago,Madhurima Sawant,W15 Galati (Rumanía),2026-06-23,Clay,Buena,derrotas,Mala,derrotas,,,player1,True,False,False
1.872340425531915,6,14.0,0.01,0.05,1.5,1,176.0,1665,0.17,224,1441,154.0,0.22,1.29,30.0,1.11,83.0,0.27,93.0,12.0,154.0,6.5233,135.0,60.0,8.0,Marta Soriano Santiago,Madhurima Sawant,W15 Galati (Rumanía),2026-06-23,Clay,Buena,derrotas,Mala,derrotas,,,player1,True,False,False
0.9936708860759493,1,8.0,0.06,0.0,0.0,3,157.0,1505,0.0,-183,1688,138.0,0.27,1.31,60.0,1.36,0.0,0.0,157.0,1.0,138.0,0.0,138.0,50.0,1.0,Ingrid Ioana Sanduleasa,Alesia Breaz,W15 Galati (Rumanía),2026-06-23,Clay,Regular,derrotas,Buena,derrotas,,,player2,True,False,False
0.9936708860759493,1,8.0,0.06,0.0,0.0,3,157.0,1505,0.0,-183,1688,138.0,0.27,1.31,60.0,1.36,0.0,0.0,157.0,1.0,138.0,0.0,138.0,50.0,1.0,Ingrid Ioana Sanduleasa,Alesia Breaz,W15 Galati (Rumanía),2026-06-23,Clay,Regular,derrotas,Buena,derrotas,,,player2,True,False,False
0.9936708860759493,0,17.0,0.0,0.04,0.0,3,157.0,1597,0.0,239,1358,138.0,0.34,1.13,15.0,0.83,0.0,0.46,157.0,9.0,138.0,0.0,138.0,45.0,11.0,Ilinca Sagmar,Alexia Lavinia Puiac,W15 Galati (Rumanía),2026-06-23,Clay,Regular,derrotas,Mala,derrotas,,,player1,True,False,False
0.9936708860759493,0,17.0,0.0,0.04,0.0,3,157.0,1597,0.0,239,1358,138.0,0.34,1.13,15.0,0.83,0.0,0.46,157.0,9.0,138.0,0.0,138.0,45.0,11.0,Ilinca Sagmar,Alexia Lavinia Puiac,W15 Galati (Rumanía),2026-06-23,Clay,Regular,derrotas,Mala,derrotas,,,player1,True,False,False
0.620253164556962,6,11.0,0.03,0.0,10.7,1,98.0,1534,0.42,-62,1596,138.0,0.47,0.97,45.0,1.06,-59.0,0.47,157.0,7.0,138.0,0.0,152.0,35.0,13.0,Lavinia Luciano,Simona Ogescu,W15 Galati (Rumanía),2026-06-23,Clay,Mala,derrotas,Regular,derrotas,,,player1,True,False,False
0.620253164556962,6,11.0,0.03,0.0,10.7,1,98.0,1534,0.42,-62,1596,138.0,0.47,0.97,45.0,1.06,-59.0,0.47,157.0,7.0,138.0,0.0,152.0,35.0,13.0,Lavinia Luciano,Simona Ogescu,W15 Galati (Rumanía),2026-06-23,Clay,Mala,derrotas,Regular,derrotas,,,player1,True,False,False
0.7014925373134329,2,12.0,0.02,0.02,0.0,1,141.0,1631,0.0,93,1538,132.0,0.25,1.31,40.0,1.22,-59.0,0.0,200.0,11.0,132.0,6.5193,141.0,55.0,9.0,Joaquin Guilleme,Michael Zhu,M25 Bakio (España),2026-06-23,Hard,Regular,derrotas,Regular,derrotas,,,player1,False,False,True
0.7014925373134329,2,12.0,0.02,0.02,0.0,1,141.0,1631,0.0,93,1538,132.0,0.25,1.31,40.0,1.22,-59.0,0.0,200.0,11.0,132.0,6.5193,141.0,55.0,9.0,Joaquin Guilleme,Michael Zhu,M25 Bakio (España),2026-06-23,Hard,Regular,derrotas,Regular,derrotas,,,player1,False,False,True
7.04,0,12.0,0.04,0.0,0.0,0,176.0,1456,0.0,-160,1616,217.0,0.19,0.0,40.0,1.16,152.0,0.0,24.0,0.0,217.0,0.0,135.0,0.0,3.0,Izan Orgiles Garcia Retamero,Edward Winter,M25 Bakio (España),2026-06-23,Hard,Mala,derrotas,Regular,derrotas,,,player2,False,False,True
7.04,0,12.0,0.04,0.0,0.0,0,176.0,1456,0.0,-160,1616,217.0,0.19,0.0,40.0,1.16,152.0,0.0,24.0,0.0,217.0,0.0,135.0,0.0,3.0,Izan Orgiles Garcia Retamero,Edward Winter,M25 Bakio (España),2026-06-23,Hard,Mala,derrotas,Regular,derrotas,,,player2,False,False,True
3.259259259259259,0,14.0,0.0,0.0,0.0,0,176.0,1433,0.0,22,1411,175.0,0.0,0.0,26.3,1.05,123.0,0.0,53.0,0.0,175.0,0.0,135.0,0.0,5.0,Joan Torres Espinosa,Alejandro Arcila,M25 Bakio (España),2026-06-23,Hard,Mala,derrotas,Mala,derrotas,,,player1,False,False,True
3.259259259259259,0,14.0,0.0,0.0,0.0,0,176.0,1433,0.0,22,1411,175.0,0.0,0.0,26.3,1.05,123.0,0.0,53.0,0.0,175.0,0.0,135.0,0.0,5.0,Joan Torres Espinosa,Alejandro Arcila,M25 Bakio (España),2026-06-23,Hard,Mala,derrotas,Mala,derrotas,,,player1,False,False,True
1.112994350282486,0,13.0,0.0,0.01,0.0,2,197.0,1405,0.0,-88,1493,135.0,0.21,1.08,35.0,1.31,21.0,0.14,176.0,6.0,135.0,0.0,132.0,30.0,14.0,Zach Stephens,Noah Lopez Cherubino,M25 Bakio (España),2026-06-23,Hard,Mala,derrotas,Mala,derrotas,,,player2,False,False,True
1.112994350282486,0,13.0,0.0,0.01,0.0,2,197.0,1405,0.0,-88,1493,135.0,0.21,1.08,35.0,1.31,21.0,0.14,176.0,6.0,135.0,0.0,132.0,30.0,14.0,Zach Stephens,Noah Lopez Cherubino,M25 Bakio (España),2026-06-23,Hard,Mala,derrotas,Mala,derrotas,,,player2,False,False,True
0.9943502824858758,0,1.0,0.0,0.01,0.0,3,176.0,1492,0.0,9,1483,135.0,0.0,1.16,0.0,0.0,0.0,0.15,176.0,8.0,135.0,0.0,135.0,40.0,12.0,Iker Urribarrens Ramirez,Ian Pedersen Lozano,M25 Bakio (España),2026-06-23,Hard,Regular,derrotas,Mala,derrotas,,,player1,False,False,True
0.9943502824858758,0,1.0,0.0,0.01,0.0,3,176.0,1492,0.0,9,1483,135.0,0.0,1.16,0.0,0.0,0.0,0.15,176.0,8.0,135.0,0.0,135.0,40.0,12.0,Iker Urribarrens Ramirez,Ian Pedersen Lozano,M25 Bakio (España),2026-06-23,Hard,Regular,derrotas,Mala,derrotas,,,player1,False,False,True
0.9943502824858758,0,12.0,0.01,0.0,0.0,3,176.0,1328,0.0,-194,1522,135.0,0.16,0.87,40.0,1.25,0.0,0.09,176.0,2.0,135.0,0.0,135.0,10.0,18.0,Mikel Martinez,Bernardo Munk Mesa,M25 Bakio (España),2026-06-23,Hard,Mala,derrotas,Regular,derrotas,,,player2,False,False,True
0.9943502824858758,0,12.0,0.01,0.0,0.0,3,176.0,1328,0.0,-194,1522,135.0,0.16,0.87,40.0,1.25,0.0,0.09,176.0,2.0,135.0,0.0,135.0,10.0,18.0,Mikel Martinez,Bernardo Munk Mesa,M25 Bakio (España),2026-06-23,Hard,Mala,derrotas,Regular,derrotas,,,player2,False,False,True
0.8888888888888888,0,7.0,0.09,0.0,0.0,2,176.0,1451,0.0,-250,1701,132.0,0.09,0.0,65.0,1.05,-21.0,0.0,197.0,0.0,132.0,0.0,135.0,0.0,3.0,Pablo Roche Alcaya,Emile Hudd,M25 Bakio (España),2026-06-23,Hard,Mala,derrotas,Buena,derrotas,,,player2,False,False,True
0.8888888888888888,0,7.0,0.09,0.0,0.0,2,176.0,1451,0.0,-250,1701,132.0,0.09,0.0,65.0,1.05,-21.0,0.0,197.0,0.0,132.0,0.0,135.0,0.0,3.0,Pablo Roche Alcaya,Emile Hudd,M25 Bakio (España),2026-06-23,Hard,Mala,derrotas,Buena,derrotas,,,player2,False,False,True
0.4967741935483871,4,10.0,0.03,0.03,8.36,1,77.0,1632,0.27,11,1621,139.0,0.22,1.27,50.0,1.28,-77.0,0.22,154.0,11.0,139.0,9.5131,161.0,55.0,9.0,Geoffrey Blancaneaux,Tomasz Berkieta,Plovdiv (Bulgaria),2026-06-23,Clay,Regular,derrotas,Regular,victorias,,,player2,True,False,False
0.4967741935483871,4,10.0,0.03,0.03,8.36,1,77.0,1632,0.27,11,1621,139.0,0.22,1.27,50.0,1.28,-77.0,0.22,154.0,11.0,139.0,9.5131,161.0,55.0,9.0,Geoffrey Blancaneaux,Tomasz Berkieta,Plovdiv (Bulgaria),2026-06-23,Clay,Regular,derrotas,Regular,victorias,,,player2,True,False,False
0.8085106382978723,11,12.0,0.02,0.04,25.75,2,76.0,1613,0.52,14,1599,154.0,0.22,1.27,40.0,1.04,-17.0,0.2,93.0,10.0,154.0,20.5206,161.0,50.0,10.0,Eero Vasa,Manas Manoj Dhamne,Plovdiv (Bulgaria),2026-06-23,Clay,Regular,derrotas,Regular,derrotas,,,player1,True,False,False
0.8085106382978723,11,12.0,0.02,0.04,25.75,2,76.0,1613,0.52,14,1599,154.0,0.22,1.27,40.0,1.04,-17.0,0.2,93.0,10.0,154.0,20.5206,161.0,50.0,10.0,Eero Vasa,Manas Manoj Dhamne,Plovdiv (Bulgaria),2026-06-23,Clay,Regular,derrotas,Regular,derrotas,,,player1,True,False,False
0.98989898989899,8,8.0,0.02,0.07,0.0,3,98.0,1724,0.0,84,1640,152.0,0.16,1.19,60.0,1.0,0.0,0.38,98.0,13.0,152.0,30.094400000000004,152.0,65.0,7.0,Gabriele Piraino,Lorenzo Angelini,Plovdiv (Bulgaria),2026-06-23,Clay,Buena,derrotas,Buena,victorias,,,player2,True,False,False
0.98989898989899,8,8.0,0.02,0.07,0.0,3,98.0,1724,0.0,84,1640,152.0,0.16,1.19,60.0,1.0,0.0,0.38,98.0,13.0,152.0,30.094400000000004,152.0,65.0,7.0,Gabriele Piraino,Lorenzo Angelini,Plovdiv (Bulgaria),2026-06-23,Clay,Buena,derrotas,Buena,victorias,,,player2,True,False,False
0.9285714285714286,2,6.0,0.08,0.04,0.0,3,39.0,1580,0.0,-155,1735,187.0,0.12,0.92,70.0,1.01,-2.0,0.22,41.0,9.0,187.0,0.6078999999999999,190.0,45.0,11.0,Daniel Dutra Da Silva,Petr Nesterov,Plovdiv (Bulgaria),2026-06-23,Clay,Regular,derrotas,Buena,derrotas,,,player2,True,False,False
0.9285714285714286,2,6.0,0.08,0.04,0.0,3,39.0,1580,0.0,-155,1735,187.0,0.12,0.92,70.0,1.01,-2.0,0.22,41.0,9.0,187.0,0.6078999999999999,190.0,45.0,11.0,Daniel Dutra Da Silva,Petr Nesterov,Plovdiv (Bulgaria),2026-06-23,Clay,Regular,derrotas,Buena,derrotas,,,player2,True,False,False
0.9887005649717514,5,11.0,0.03,0.05,4.75,3,175.0,1783,0.21,203,1580,135.0,0.17,1.43,45.0,1.12,-1.0,0.16,176.0,14.0,135.0,3.3360999999999996,135.0,70.0,6.0,Philip Henning,Andres Santamarta Roig,Plovdiv (Bulgaria),2026-06-23,Clay,Buena,derrotas,Regular,derrotas,,,player2,True,False,False
0.9887005649717514,5,11.0,0.03,0.05,4.75,3,175.0,1783,0.21,203,1580,135.0,0.17,1.43,45.0,1.12,-1.0,0.16,176.0,14.0,135.0,3.3360999999999996,135.0,70.0,6.0,Philip Henning,Andres Santamarta Roig,Plovdiv (Bulgaria),2026-06-23,Clay,Buena,derrotas,Regular,derrotas,,,player2,True,False,False
0.17123287671232876,10,10.0,0.04,0.13,12.5,0,25.0,1761,0.39,133,1628,140.0,0.22,1.07,50.0,0.8,-120.0,0.2,145.0,14.0,140.0,15.5662,215.0,70.0,6.0,Sandro Kopp,Viktor Durasovic,Plovdiv (Bulgaria),2026-06-23,Clay,Buena,victorias,Regular,derrotas,,,player1,True,False,False
0.17123287671232876,10,10.0,0.04,0.13,12.5,0,25.0,1761,0.39,133,1628,140.0,0.22,1.07,50.0,0.8,-120.0,0.2,145.0,14.0,140.0,15.5662,215.0,70.0,6.0,Sandro Kopp,Viktor Durasovic,Plovdiv (Bulgaria),2026-06-23,Clay,Buena,victorias,Regular,derrotas,,,player1,True,False,False
0.620253164556962,7,8.0,0.08,0.06,1.2999999999999998,1,98.0,1730,0.16,-21,1751,138.0,0.27,1.28,60.0,1.26,-59.0,0.27,157.0,13.0,138.0,85.82719999999999,152.0,65.0,7.0,Alessandra Mazzola,Maria Sara Popa,W35 Tarvisio (Italia),2026-06-23,Clay,Buena,derrotas,Buena,derrotas,,,player1,True,False,False
0.620253164556962,7,8.0,0.08,0.06,1.2999999999999998,1,98.0,1730,0.16,-21,1751,138.0,0.27,1.28,60.0,1.26,-59.0,0.27,157.0,13.0,138.0,85.82719999999999,152.0,65.0,7.0,Alessandra Mazzola,Maria Sara Popa,W35 Tarvisio (Italia),2026-06-23,Clay,Buena,derrotas,Buena,derrotas,,,player1,True,False,False
2.1666666666666665,9,13.0,0.03,0.08,7.449999999999999,1,182.0,1675,0.43,119,1556,158.0,0.23,1.32,35.0,1.01,99.0,0.26,83.0,12.0,158.0,12.5167,134.0,60.0,8.0,Alina Granwehr,Sapfo Sakellaridi,W35 Tarvisio (Italia),2026-06-23,Clay,Buena,derrotas,Mala,derrotas,,,player1,True,False,False
2.1666666666666665,9,13.0,0.03,0.08,7.449999999999999,1,182.0,1675,0.43,119,1556,158.0,0.23,1.32,35.0,1.01,99.0,0.26,83.0,12.0,158.0,12.5167,134.0,60.0,8.0,Alina Granwehr,Sapfo Sakellaridi,W35 Tarvisio (Italia),2026-06-23,Clay,Buena,derrotas,Mala,derrotas,,,player1,True,False,False
1.5858585858585859,5,11.0,0.03,0.01,22.175,1,157.0,1523,0.55,-39,1562,152.0,0.47,0.95,45.0,1.15,59.0,0.3,98.0,9.0,152.0,0.0,138.0,45.0,11.0,Maria Toma,Diletta Cherubini,W35 Tarvisio (Italia),2026-06-23,Clay,Regular,derrotas,Regular,derrotas,,,player1,True,False,False
1.5858585858585859,5,11.0,0.03,0.01,22.175,1,157.0,1523,0.55,-39,1562,152.0,0.47,0.95,45.0,1.15,59.0,0.3,98.0,9.0,152.0,0.0,138.0,45.0,11.0,Maria Toma,Diletta Cherubini,W35 Tarvisio (Italia),2026-06-23,Clay,Regular,derrotas,Regular,derrotas,,,player1,True,False,False
1.631578947368421,0,10.0,0.02,0.06,0.0,2,62.0,1536,0.0,-34,1570,192.0,0.24,0.79,50.0,0.96,25.0,0.7,37.0,6.0,192.0,0.0,169.0,30.0,14.0,Linda Sevcikova,Sara Mikaca,W35 Tarvisio (Italia),2026-06-23,Clay,Mala,derrotas,Regular,derrotas,,,player1,True,False,False
1.631578947368421,0,10.0,0.02,0.06,0.0,2,62.0,1536,0.0,-34,1570,192.0,0.24,0.79,50.0,0.96,25.0,0.7,37.0,6.0,192.0,0.0,169.0,30.0,14.0,Linda Sevcikova,Sara Mikaca,W35 Tarvisio (Italia),2026-06-23,Clay,Mala,derrotas,Regular,derrotas,,,player1,True,False,False
1.7373737373737375,5,11.0,0.05,0.0,19.5,1,172.0,1457,0.53,-161,1618,152.0,0.25,1.08,45.0,1.33,74.0,0.19,98.0,7.0,152.0,0.0,136.0,35.0,13.0,Alja Senica,Vittoria Paganetti,W35 Tarvisio (Italia),2026-06-23,Clay,Mala,derrotas,Regular,derrotas,,,player1,True,False,False
1.7373737373737375,5,11.0,0.05,0.0,19.5,1,172.0,1457,0.53,-161,1618,152.0,0.25,1.08,45.0,1.33,74.0,0.19,98.0,7.0,152.0,0.0,136.0,35.0,13.0,Alja Senica,Vittoria Paganetti,W35 Tarvisio (Italia),2026-06-23,Clay,Mala,derrotas,Regular,derrotas,,,player1,True,False,False
1.1951219512195121,3,7.0,0.13,0.08,0.0,2,98.0,1660,0.0,-73,1733,159.0,0.19,0.88,65.0,1.16,17.0,0.2,81.0,11.0,159.0,3.6237999999999997,152.0,55.0,9.0,Michele Ribecai,Niels McDonald,Targu Mures (Rumanía),2026-06-23,Clay,Regular,derrotas,Buena,victorias,,,player2,True,False,False
1.1951219512195121,3,7.0,0.13,0.08,0.0,2,98.0,1660,0.0,-73,1733,159.0,0.19,0.88,65.0,1.16,17.0,0.2,81.0,11.0,159.0,3.6237999999999997,152.0,55.0,9.0,Michele Ribecai,Niels McDonald,Targu Mures (Rumanía),2026-06-23,Clay,Regular,derrotas,Buena,victorias,,,player2,True,False,False
0.6363636363636364,5,10.0,0.04,0.04,0.0,2,63.0,1694,0.0,64,1630,152.0,0.43,1.04,50.0,1.03,-35.0,0.51,98.0,10.0,152.0,10.1219,168.0,50.0,10.0,Elmer Moller,Luca Potenza,Targu Mures (Rumanía),2026-06-23,Clay,Regular,derrotas,Regular,victorias,,,player1,True,False,False
0.6363636363636364,5,10.0,0.04,0.04,0.0,2,63.0,1694,0.0,64,1630,152.0,0.43,1.04,50.0,1.03,-35.0,0.51,98.0,10.0,152.0,10.1219,168.0,50.0,10.0,Elmer Moller,Luca Potenza,Targu Mures (Rumanía),2026-06-23,Clay,Regular,derrotas,Regular,victorias,,,player1,True,False,False
1.7777777777777777,8,10.0,0.09,0.13,14.25,1,176.0,1791,0.4,93,1698,152.0,0.45,0.9,50.0,0.62,78.0,0.32,98.0,15.0,152.0,10.7623,135.0,75.0,5.0,Oriol Roca Batalla,Francesco Passaro,Targu Mures (Rumanía),2026-06-23,Clay,Excelente,victorias,Regular,derrotas,,,player2,True,False,False
1.7777777777777777,8,10.0,0.09,0.13,14.25,1,176.0,1791,0.4,93,1698,152.0,0.45,0.9,50.0,0.62,78.0,0.32,98.0,15.0,152.0,10.7623,135.0,75.0,5.0,Oriol Roca Batalla,Francesco Passaro,Targu Mures (Rumanía),2026-06-23,Clay,Excelente,victorias,Regular,derrotas,,,player2,True,False,False
1.5714285714285714,11,12.0,0.03,0.03,9.75,1,176.0,1567,0.31,17,1550,148.0,0.23,1.05,40.0,1.13,65.0,0.24,111.0,6.0,148.0,16.444300000000002,135.0,30.0,14.0,Miguel Damas,Benjamin Hassan,Targu Mures (Rumanía),2026-06-23,Clay,Mala,derrotas,Regular,derrotas,,,player2,True,False,False
1.5714285714285714,11,12.0,0.03,0.03,9.75,1,176.0,1567,0.31,17,1550,148.0,0.23,1.05,40.0,1.13,65.0,0.24,111.0,6.0,148.0,16.444300000000002,135.0,30.0,14.0,Miguel Damas,Benjamin Hassan,Targu Mures (Rumanía),2026-06-23,Clay,Mala,derrotas,Regular,derrotas,,,player2,True,False,False
0.6276595744680851,14,13.0,0.06,0.08,15.125,2,59.0,1720,0.44,141,1579,154.0,0.5,0.64,35.0,0.58,-34.0,0.32,93.0,13.0,154.0,18.325899999999997,171.0,65.0,7.0,Mili Poljicak,Sumit Nagal,Targu Mures (Rumanía),2026-06-23,Clay,Buena,derrotas,Mala,derrotas,,,player2,True,False,False
0.6276595744680851,14,13.0,0.06,0.08,15.125,2,59.0,1720,0.44,141,1579,154.0,0.5,0.64,35.0,0.58,-34.0,0.32,93.0,13.0,154.0,18.325899999999997,171.0,65.0,7.0,Mili Poljicak,Sumit Nagal,Targu Mures (Rumanía),2026-06-23,Clay,Buena,derrotas,Mala,derrotas,,,player2,True,False,False
2.1666666666666665,13,11.0,0.02,0.02,33.95,1,130.0,1580,0.55,-23,1603,171.0,0.21,1.08,45.0,1.14,71.0,0.19,59.0,7.0,171.0,19.0575,144.0,35.0,13.0,Radu Albot,Duje Ajdukovic,Targu Mures (Rumanía),2026-06-23,Clay,Mala,derrotas,Regular,derrotas,,,player2,True,False,False
2.1666666666666665,13,11.0,0.02,0.02,33.95,1,130.0,1580,0.55,-23,1603,171.0,0.21,1.08,45.0,1.14,71.0,0.19,59.0,7.0,171.0,19.0575,144.0,35.0,13.0,Radu Albot,Duje Ajdukovic,Targu Mures (Rumanía),2026-06-23,Clay,Mala,derrotas,Regular,derrotas,,,player2,True,False,False
1.9761904761904763,6,10.0,0.01,0.04,3.0,1,166.0,1606,0.19,21,1585,158.0,0.0,1.27,50.0,1.24,83.0,0.0,83.0,11.0,158.0,6.0206,137.0,55.0,9.0,Nicolas Jadoun,Dimitris Sakellaridis,M25 Zagreb (Croacia),2026-06-23,Clay,Regular,derrotas,Regular,derrotas,,,player2,True,False,False
1.9761904761904763,6,10.0,0.01,0.04,3.0,1,166.0,1606,0.19,21,1585,158.0,0.0,1.27,50.0,1.24,83.0,0.0,83.0,11.0,158.0,6.0206,137.0,55.0,9.0,Nicolas Jadoun,Dimitris Sakellaridis,M25 Zagreb (Croacia),2026-06-23,Clay,Regular,derrotas,Regular,derrotas,,,player2,True,False,False
0.4166666666666667,1,13.0,0.0,0.01,0.0,2,25.0,1415,0.0,-42,1457,171.0,0.17,1.05,35.0,1.21,-34.0,0.09,59.0,4.0,171.0,0.0,215.0,20.0,16.0,Matthias Ujvary,Antonio Voljavec,M25 Zagreb (Croacia),2026-06-23,Clay,Mala,derrotas,Mala,derrotas,,,player2,True,False,False
0.4166666666666667,1,13.0,0.0,0.01,0.0,2,25.0,1415,0.0,-42,1457,171.0,0.17,1.05,35.0,1.21,-34.0,0.09,59.0,4.0,171.0,0.0,215.0,20.0,16.0,Matthias Ujvary,Antonio Voljavec,M25 Zagreb (Croacia),2026-06-23,Clay,Mala,derrotas,Mala,derrotas,,,player2,True,False,False
0.7564102564102564,0,16.0,0.0,0.0,0.0,2,59.0,1361,0.0,-54,1415,161.0,0.18,0.0,20.0,1.14,-18.0,0.0,77.0,0.0,161.0,0.0,171.0,0.0,10.0,Nazar Oliynykov,Dorian Tremblay,M25 Zagreb (Croacia),2026-06-23,Clay,Mala,derrotas,Mala,derrotas,,,player2,True,False,False
0.7564102564102564,0,16.0,0.0,0.0,0.0,2,59.0,1361,0.0,-54,1415,161.0,0.18,0.0,20.0,1.14,-18.0,0.0,77.0,0.0,161.0,0.0,171.0,0.0,10.0,Nazar Oliynykov,Dorian Tremblay,M25 Zagreb (Croacia),2026-06-23,Clay,Mala,derrotas,Mala,derrotas,,,player2,True,False,False
0.3502824858757062,0,10.0,0.03,0.01,0.0,0,62.0,1497,0.0,-120,1617,135.0,0.38,1.07,50.0,1.14,-114.0,0.0,176.0,7.0,135.0,0.0,169.0,43.8,9.0,Jakub Vrba,Javier Barranco Cosano,M25 Zagreb (Croacia),2026-06-23,Clay,Regular,derrotas,Regular,derrotas,,,player2,True,False,False
0.3502824858757062,0,10.0,0.03,0.01,0.0,0,62.0,1497,0.0,-120,1617,135.0,0.38,1.07,50.0,1.14,-114.0,0.0,176.0,7.0,135.0,0.0,169.0,43.8,9.0,Jakub Vrba,Javier Barranco Cosano,M25 Zagreb (Croacia),2026-06-23,Clay,Regular,derrotas,Regular,derrotas,,,player2,True,False,False
2.48,4,12.0,0.0,0.03,1.5,2,62.0,1663,0.13,146,1517,217.0,0.13,1.31,40.0,1.2,38.0,0.14,24.0,12.0,217.0,9.5235,169.0,60.0,8.0,Jan Kumstat,Duje Markovina,M25 Zagreb (Croacia),2026-06-23,Clay,Buena,derrotas,Regular,derrotas,,,player2,True,False,False
2.48,4,12.0,0.0,0.03,1.5,2,62.0,1663,0.13,146,1517,217.0,0.13,1.31,40.0,1.2,38.0,0.14,24.0,12.0,217.0,9.5235,169.0,60.0,8.0,Jan Kumstat,Duje Markovina,M25 Zagreb (Croacia),2026-06-23,Clay,Buena,derrotas,Regular,derrotas,,,player2,True,False,False
2.128205128205128,6,12.0,0.0,0.01,3.0,1,166.0,1654,0.19,140,1514,161.0,0.0,1.4,40.0,1.09,89.0,0.13,77.0,13.0,161.0,11.0171,137.0,65.0,7.0,Seydina Andre,Louis Larue,M15 Bergamo (Italia),2026-06-23,Clay,Buena,derrotas,Regular,derrotas,,,player2,True,False,False
2.128205128205128,6,12.0,0.0,0.01,3.0,1,166.0,1654,0.19,140,1514,161.0,0.0,1.4,40.0,1.09,89.0,0.13,77.0,13.0,161.0,11.0171,137.0,65.0,7.0,Seydina Andre,Louis Larue,M15 Bergamo (Italia),2026-06-23,Clay,Buena,derrotas,Regular,derrotas,,,player2,True,False,False
0.5355191256830601,1,13.0,0.04,0.01,3.0,1,98.0,1511,0.18,-113,1624,134.0,0.43,1.06,35.0,1.06,-84.0,0.16,182.0,8.0,134.0,0.0,152.0,40.0,12.0,Marcello Serafini,Henry Bernet,M15 Bergamo (Italia),2026-06-23,Clay,Regular,derrotas,Mala,derrotas,,,player1,True,False,False
0.5355191256830601,1,13.0,0.04,0.01,3.0,1,98.0,1511,0.18,-113,1624,134.0,0.43,1.06,35.0,1.06,-84.0,0.16,182.0,8.0,134.0,0.0,152.0,40.0,12.0,Marcello Serafini,Henry Bernet,M15 Bergamo (Italia),2026-06-23,Clay,Regular,derrotas,Mala,derrotas,,,player1,True,False,False
0.98989898989899,0,5.0,0.1,0.05,0.0,3,98.0,1541,0.0,-212,1753,152.0,0.24,0.88,75.0,1.21,0.0,0.22,98.0,6.0,152.0,0.0,152.0,40.0,9.0,William Mirarchi,Lorenzo Bocchi,M15 Bergamo (Italia),2026-06-23,Clay,Regular,derrotas,Excelente,derrotas,,,player2,True,False,False
0.98989898989899,0,5.0,0.1,0.05,0.0,3,98.0,1541,0.0,-212,1753,152.0,0.24,0.88,75.0,1.21,0.0,0.22,98.0,6.0,152.0,0.0,152.0,40.0,9.0,William Mirarchi,Lorenzo Bocchi,M15 Bergamo (Italia),2026-06-23,Clay,Regular,derrotas,Excelente,derrotas,,,player2,True,False,False
4.260869565217392,1,6.0,0.04,0.04,0.0,1,98.0,1569,0.0,79,1490,223.0,0.21,1.3,33.3,1.19,76.0,0.22,22.0,10.0,223.0,8.475100000000001,152.0,50.0,10.0,Giovanni Oradini,Tobia Grandinetti,M15 Bergamo (Italia),2026-06-23,Clay,Regular,derrotas,Mala,derrotas,,,player1,True,False,False
4.260869565217392,1,6.0,0.04,0.04,0.0,1,98.0,1569,0.0,79,1490,223.0,0.21,1.3,33.3,1.19,76.0,0.22,22.0,10.0,223.0,8.475100000000001,152.0,50.0,10.0,Giovanni Oradini,Tobia Grandinetti,M15 Bergamo (Italia),2026-06-23,Clay,Regular,derrotas,Mala,derrotas,,,player1,True,False,False
0.30952380952380953,1,6.0,0.0,0.01,0.0,0,52.0,1624,0.0,225,1399,137.0,0.0,1.35,0.0,0.0,-115.0,0.21,167.0,12.0,137.0,6.5326,176.0,60.0,8.0,Tian Jialin,Nadja Mladenovic,W15 Kursumlijska Banja 6 (Serbia),2026-06-23,Clay,Buena,derrotas,Mala,derrotas,,,player1,True,False,False
0.30952380952380953,1,6.0,0.0,0.01,0.0,0,52.0,1624,0.0,225,1399,137.0,0.0,1.35,0.0,0.0,-115.0,0.21,167.0,12.0,137.0,6.5326,176.0,60.0,8.0,Tian Jialin,Nadja Mladenovic,W15 Kursumlijska Banja 6 (Serbia),2026-06-23,Clay,Buena,derrotas,Mala,derrotas,,,player1,True,False,False
0.9761904761904762,2,14.0,0.0,0.02,4.2250000000000005,3,41.0,1383,0.21,-48,1431,187.0,0.2,1.11,30.0,1.16,0.0,0.25,41.0,5.0,187.0,0.0,187.0,25.0,15.0,Yoana Konstantinova,Darya Velikova,W15 Kursumlijska Banja 6 (Serbia),2026-06-23,Clay,Mala,derrotas,Mala,derrotas,,,player2,True,False,False
0.9761904761904762,2,14.0,0.0,0.02,4.2250000000000005,3,41.0,1383,0.21,-48,1431,187.0,0.2,1.11,30.0,1.16,0.0,0.25,41.0,5.0,187.0,0.0,187.0,25.0,15.0,Yoana Konstantinova,Darya Velikova,W15 Kursumlijska Banja 6 (Serbia),2026-06-23,Clay,Mala,derrotas,Mala,derrotas,,,player2,True,False,False
7.260869565217392,0,16.0,0.0,0.11,0.0,0,167.0,1740,0.0,343,1397,223.0,0.25,1.5,20.0,0.98,145.0,0.27,22.0,13.0,223.0,0.0,137.0,65.0,7.0,Natalija Senic,Ana Victoria Gobbi Monllau,W15 Kursumlijska Banja 6 (Serbia),2026-06-23,Clay,Buena,derrotas,Mala,derrotas,,,player1,True,False,False
7.260869565217392,0,16.0,0.0,0.11,0.0,0,167.0,1740,0.0,343,1397,223.0,0.25,1.5,20.0,0.98,145.0,0.27,22.0,13.0,223.0,0.0,137.0,65.0,7.0,Natalija Senic,Ana Victoria Gobbi Monllau,W15 Kursumlijska Banja 6 (Serbia),2026-06-23,Clay,Buena,derrotas,Mala,derrotas,,,player1,True,False,False
1.1607142857142858,1,12.0,0.02,0.0,0.0,2,195.0,1444,0.0,-82,1526,137.0,0.21,0.92,40.0,1.25,28.0,0.21,167.0,1.0,137.0,0.0,133.0,12.5,7.0,Mariya Yemshanova,Dusica Popovski,W15 Kursumlijska Banja 6 (Serbia),2026-06-23,Clay,Mala,derrotas,Regular,derrotas,,,player2,True,False,False
1.1607142857142858,1,12.0,0.02,0.0,0.0,2,195.0,1444,0.0,-82,1526,137.0,0.21,0.92,40.0,1.25,28.0,0.21,167.0,1.0,137.0,0.0,133.0,12.5,7.0,Mariya Yemshanova,Dusica Popovski,W15 Kursumlijska Banja 6 (Serbia),2026-06-23,Clay,Mala,derrotas,Regular,derrotas,,,player2,True,False,False
1.205128205128205,1,10.0,0.01,0.03,0.0,2,94.0,1569,0.0,97,1472,161.0,0.09,1.4,33.3,1.1,17.0,0.12,77.0,10.0,161.0,1.69,154.0,50.0,10.0,Mandegar Farzami,Nahjime Dho,W15 Kayseri 6 (Turquía),2026-06-23,Hard,Regular,derrotas,Mala,derrotas,,,player1,False,False,True
1.205128205128205,1,10.0,0.01,0.03,0.0,2,94.0,1569,0.0,97,1472,161.0,0.09,1.4,33.3,1.1,17.0,0.12,77.0,10.0,161.0,1.69,154.0,50.0,10.0,Mandegar Farzami,Nahjime Dho,W15 Kayseri 6 (Turquía),2026-06-23,Hard,Regular,derrotas,Mala,derrotas,,,player1,False,False,True
1.5705128205128205,1,18.0,0.0,0.01,0.0,1,245.0,1501,0.0,264,1237,139.0,0.15,1.29,10.0,0.8,90.0,0.23,155.0,7.0,139.0,0.0,127.0,35.0,13.0,Leilany Ipunesso,Milla Sequeira,W15 Kayseri 6 (Turquía),2026-06-23,Hard,Mala,derrotas,Mala,derrotas,,,player1,False,False,True
1.5705128205128205,1,18.0,0.0,0.01,0.0,1,245.0,1501,0.0,264,1237,139.0,0.15,1.29,10.0,0.8,90.0,0.23,155.0,7.0,139.0,0.0,127.0,35.0,13.0,Leilany Ipunesso,Milla Sequeira,W15 Kayseri 6 (Turquía),2026-06-23,Hard,Mala,derrotas,Mala,derrotas,,,player1,False,False,True
20.22222222222222,2,7.0,0.01,0.01,0.0,0,182.0,1445,0.0,-60,1505,319.0,0.16,1.02,36.4,1.29,174.0,0.27,8.0,5.0,319.0,0.0,134.0,25.0,15.0,Ayline Esina Samardzic,Julia Khramtsova,W15 Kayseri 6 (Turquía),2026-06-23,Hard,Mala,derrotas,Mala,derrotas,,,player1,False,False,True
20.22222222222222,2,7.0,0.01,0.01,0.0,0,182.0,1445,0.0,-60,1505,319.0,0.16,1.02,36.4,1.29,174.0,0.27,8.0,5.0,319.0,0.0,134.0,25.0,15.0,Ayline Esina Samardzic,Julia Khramtsova,W15 Kayseri 6 (Turquía),2026-06-23,Hard,Mala,derrotas,Mala,derrotas,,,player1,False,False,True
0.16326530612244897,7,10.0,0.03,0.07,14.5,0,32.0,1709,0.49,70,1639,133.0,0.25,1.37,50.0,1.13,-163.0,0.27,195.0,12.0,133.0,11.2767,200.0,60.0,8.0,Tamila Gadamauri,Anastasiia Firman,W15 Kamen (Alemania),2026-06-23,Clay,Buena,derrotas,Regular,derrotas,,,player2,True,False,False
0.16326530612244897,7,10.0,0.03,0.07,14.5,0,32.0,1709,0.49,70,1639,133.0,0.25,1.37,50.0,1.13,-163.0,0.27,195.0,12.0,133.0,11.2767,200.0,60.0,8.0,Tamila Gadamauri,Anastasiia Firman,W15 Kamen (Alemania),2026-06-23,Clay,Buena,derrotas,Regular,derrotas,,,player2,True,False,False
0.9054726368159204,0,10.0,0.01,0.01,0.0,2,182.0,1485,0.0,-138,1623,132.0,0.49,0.91,50.0,1.14,-18.0,0.31,200.0,9.0,132.0,0.0,134.0,45.0,11.0,Stefaniya Pushkar,Kailey Evans,W15 Kamen (Alemania),2026-06-23,Clay,Regular,derrotas,Regular,derrotas,,,player2,True,False,False
0.9054726368159204,0,10.0,0.01,0.01,0.0,2,182.0,1485,0.0,-138,1623,132.0,0.49,0.91,50.0,1.14,-18.0,0.31,200.0,9.0,132.0,0.0,134.0,45.0,11.0,Stefaniya Pushkar,Kailey Evans,W15 Kamen (Alemania),2026-06-23,Clay,Regular,derrotas,Regular,derrotas,,,player2,True,False,False
2.3780487804878048,0,4.0,0.0,0.01,0.0,0,195.0,1379,0.0,-87,1466,159.0,0.0,0.81,20.0,1.14,114.0,0.27,81.0,2.0,159.0,0.0,133.0,10.0,18.0,Krystyna Pochtovyk,Leticia Solakov,W15 Kamen (Alemania),2026-06-23,Clay,Mala,derrotas,Mala,derrotas,,,player2,True,False,False
2.3780487804878048,0,4.0,0.0,0.01,0.0,0,195.0,1379,0.0,-87,1466,159.0,0.0,0.81,20.0,1.14,114.0,0.27,81.0,2.0,159.0,0.0,133.0,10.0,18.0,Krystyna Pochtovyk,Leticia Solakov,W15 Kamen (Alemania),2026-06-23,Clay,Mala,derrotas,Mala,derrotas,,,player2,True,False,False
0.9878048780487805,2,16.0,0.01,0.03,0.0,3,81.0,1573,0.0,152,1421,159.0,0.25,1.36,20.0,0.96,0.0,0.27,81.0,9.0,159.0,8.4747,159.0,45.0,11.0,Sina Herrmann,Carolin Raschdorf,W15 Kamen (Alemania),2026-06-23,Clay,Regular,derrotas,Mala,derrotas,,,player1,True,False,False
0.9878048780487805,2,16.0,0.01,0.03,0.0,3,81.0,1573,0.0,152,1421,159.0,0.25,1.36,20.0,0.96,0.0,0.27,81.0,9.0,159.0,8.4747,159.0,45.0,11.0,Sina Herrmann,Carolin Raschdorf,W15 Kamen (Alemania),2026-06-23,Clay,Regular,derrotas,Mala,derrotas,,,player1,True,False,False
1.170731707317073,1,1.0,0.0,0.03,0.0,2,96.0,1571,0.0,88,1483,159.0,0.0,1.15,0.0,0.0,15.0,0.16,81.0,8.0,159.0,6.523,153.0,40.0,12.0,Michael Agwi,Jannik Soetebier,M15 Kamen (Alemania),2026-06-23,Clay,Regular,derrotas,Mala,derrotas,,,player2,True,False,False
1.170731707317073,1,1.0,0.0,0.03,0.0,2,96.0,1571,0.0,88,1483,159.0,0.0,1.15,0.0,0.0,15.0,0.16,81.0,8.0,159.0,6.523,153.0,40.0,12.0,Michael Agwi,Jannik Soetebier,M15 Kamen (Alemania),2026-06-23,Clay,Regular,derrotas,Mala,derrotas,,,player2,True,False,False
0.9878048780487805,5,10.0,0.02,0.02,3.9,3,81.0,1566,0.22,-2,1568,159.0,0.15,1.23,50.0,1.26,0.0,0.0,81.0,9.0,159.0,12.1561,159.0,45.0,11.0,Michel Hopp,Nikolai Barsukov,M15 Kamen (Alemania),2026-06-23,Clay,Regular,derrotas,Regular,derrotas,,,player1,True,False,False
0.9878048780487805,5,10.0,0.02,0.02,3.9,3,81.0,1566,0.22,-2,1568,159.0,0.15,1.23,50.0,1.26,0.0,0.0,81.0,9.0,159.0,12.1561,159.0,45.0,11.0,Michel Hopp,Nikolai Barsukov,M15 Kamen (Alemania),2026-06-23,Clay,Regular,derrotas,Regular,derrotas,,,player1,True,False,False
0.40298507462686567,40,9.0,0.15,0.04,151.21499999999997,0,81.0,1820,0.39,-60,1880,132.0,0.27,1.03,55.0,1.32,-119.0,0.27,200.0,7.0,132.0,82.7235,159.0,35.0,13.0,Eva Lys,Emma Navarro,Bad Homburg (Alemania),2026-06-23,Grass,Mala,derrotas,Regular,derrotas,,,player2,False,True,False
0.40298507462686567,40,9.0,0.15,0.04,151.21499999999997,0,81.0,1820,0.39,-60,1880,132.0,0.27,1.03,55.0,1.32,-119.0,0.27,200.0,7.0,132.0,82.7235,159.0,35.0,13.0,Eva Lys,Emma Navarro,Bad Homburg (Alemania),2026-06-23,Grass,Mala,derrotas,Regular,derrotas,,,player2,False,True,False
2.492063492063492,34,6.0,0.35,0.11,132.375,1,157.0,1842,0.34,-193,2035,169.0,0.27,0.98,70.0,1.14,95.0,0.27,62.0,10.0,169.0,26.957299999999996,138.0,50.0,10.0,Elena-Gabriela Ruse,Linda Noskova,Bad Homburg (Alemania),2026-06-23,Grass,Regular,victorias,Buena,victorias,,,player1,False,True,False
2.492063492063492,34,6.0,0.35,0.11,132.375,1,157.0,1842,0.34,-193,2035,169.0,0.27,0.98,70.0,1.14,95.0,0.27,62.0,10.0,169.0,26.957299999999996,138.0,50.0,10.0,Elena-Gabriela Ruse,Linda Noskova,Bad Homburg (Alemania),2026-06-23,Grass,Regular,victorias,Buena,victorias,,,player1,False,True,False
3.0303030303030303,0,14.0683822751435,0.0,0.04,0.0,1,100.0,1949,-0.0,449,1500,200.0,0.0,1.64,29.658088624282506,0.0,68.0,0.27,32.0,12.0,200.0,0.0,152.0,60.0,8.0,Naomi Osaka,Elise Mertens,Bad Homburg (Alemania),2026-06-23,Grass,Buena,derrotas,,,,,player1,False,True,False
3.0303030303030303,0,14.0683822751435,0.0,0.04,0.0,1,100.0,1949,-0.0,449,1500,200.0,0.0,1.64,29.658088624282506,0.0,68.0,0.27,32.0,12.0,200.0,0.0,152.0,60.0,8.0,Naomi Osaka,Elise Mertens,Bad Homburg (Alemania),2026-06-23,Grass,Buena,derrotas,,,,,player1,False,True,False
1.2820512820512822,3,12.0,0.03,0.07,3.0,2,100.0,1592,0.18,44,1548,161.0,0.13,1.26,40.0,1.23,23.0,0.21,77.0,9.0,161.0,0.0,152.0,45.0,11.0,Ryo Tabata,Maxence Bertimon,M15 Alkmaar (Países Bajos),2026-06-23,Clay,Regular,derrotas,Regular,derrotas,,,player1,True,False,False
1.2820512820512822,3,12.0,0.03,0.07,3.0,2,100.0,1592,0.18,44,1548,161.0,0.13,1.26,40.0,1.23,23.0,0.21,77.0,9.0,161.0,0.0,152.0,45.0,11.0,Ryo Tabata,Maxence Bertimon,M15 Alkmaar (Países Bajos),2026-06-23,Clay,Regular,derrotas,Regular,derrotas,,,player1,True,False,False
0.4696969696969697,2,13.0,0.02,0.01,6.5,0,93.0,1544,0.1,21,1523,132.0,0.16,1.28,35.0,1.1,-104.0,0.0,197.0,7.0,132.0,0.0,154.0,35.0,13.0,Dev Javia,William Jansen,M15 Kayseri 6 (Turquía),2026-06-23,Hard,Mala,derrotas,Mala,derrotas,,,player1,False,False,True
0.4696969696969697,2,13.0,0.02,0.01,6.5,0,93.0,1544,0.1,21,1523,132.0,0.16,1.28,35.0,1.1,-104.0,0.0,197.0,7.0,132.0,0.0,154.0,35.0,13.0,Dev Javia,William Jansen,M15 Kayseri 6 (Turquía),2026-06-23,Hard,Mala,derrotas,Mala,derrotas,,,player1,False,False,True
0.458128078817734,2,14.0,0.02,0.01,2.375,0,93.0,1488,0.08,-5,1493,132.0,0.21,1.19,30.0,1.15,-109.0,0.0,202.0,7.0,132.0,0.0,154.0,35.0,13.0,Udit Kamboj,Maxim Shin,M15 Kayseri 6 (Turquía),2026-06-23,Hard,Mala,derrotas,Mala,derrotas,,,player1,False,False,True
0.458128078817734,2,14.0,0.02,0.01,2.375,0,93.0,1488,0.08,-5,1493,132.0,0.21,1.19,30.0,1.15,-109.0,0.0,202.0,7.0,132.0,0.0,154.0,35.0,13.0,Udit Kamboj,Maxim Shin,M15 Kayseri 6 (Turquía),2026-06-23,Hard,Mala,derrotas,Mala,derrotas,,,player1,False,False,True
0.5148514851485149,2,9.0,0.03,0.0,11.05,2,52.0,1387,0.13,-231,1618,152.0,0.17,1.1,55.0,1.32,-48.0,0.0,100.0,5.0,152.0,0.0,176.0,25.0,15.0,Xing Dao Chen,Yuta Kawahashi,M15 Wuning 3 (China),2026-06-23,Hard,Mala,derrotas,Regular,derrotas,,,player2,False,False,True
0.5148514851485149,2,9.0,0.03,0.0,11.05,2,52.0,1387,0.13,-231,1618,152.0,0.17,1.1,55.0,1.32,-48.0,0.0,100.0,5.0,152.0,0.0,176.0,25.0,15.0,Xing Dao Chen,Yuta Kawahashi,M15 Wuning 3 (China),2026-06-23,Hard,Mala,derrotas,Regular,derrotas,,,player2,False,False,True
4.0,11,7.0,0.07,0.02,35.75,1,100.0,1591,0.33,-113,1704,217.0,0.21,0.86,65.0,0.91,76.0,0.09,24.0,10.0,217.0,1.2999999999999998,152.0,50.0,10.0,Yuta Tomida,Moerani Bouzige,M15 Wuning 3 (China),2026-06-23,Hard,Regular,derrotas,Buena,derrotas,,,player2,False,False,True
4.0,11,7.0,0.07,0.02,35.75,1,100.0,1591,0.33,-113,1704,217.0,0.21,0.86,65.0,0.91,76.0,0.09,24.0,10.0,217.0,1.2999999999999998,152.0,50.0,10.0,Yuta Tomida,Moerani Bouzige,M15 Wuning 3 (China),2026-06-23,Hard,Regular,derrotas,Buena,derrotas,,,player2,False,False,True
0.2857142857142857,2,9.0,0.03,0.01,3.0,0,52.0,1392,0.07,-300,1692,135.0,0.09,0.7,55.0,1.2,-129.0,0.0,181.0,5.0,135.0,0.0,176.0,25.0,15.0,Xiaoyin Yang,Arvid Nordquist,M15 Wuning 3 (China),2026-06-23,Hard,Mala,derrotas,Regular,victorias,,,player2,False,False,True
0.2857142857142857,2,9.0,0.03,0.01,3.0,0,52.0,1392,0.07,-300,1692,135.0,0.09,0.7,55.0,1.2,-129.0,0.0,181.0,5.0,135.0,0.0,176.0,25.0,15.0,Xiaoyin Yang,Arvid Nordquist,M15 Wuning 3 (China),2026-06-23,Hard,Mala,derrotas,Regular,victorias,,,player2,False,False,True
3.509433962264151,6,10.0,0.02,0.03,0.0,0,186.0,1623,0.0,-11,1634,176.0,0.2,1.25,50.0,1.23,134.0,0.23,52.0,11.0,176.0,7.8209,134.0,55.0,9.0,Pawit Sornlaksup,Yaojie Zeng,M15 Wuning 3 (China),2026-06-23,Hard,Regular,derrotas,Regular,derrotas,,,player2,False,False,True
3.509433962264151,6,10.0,0.02,0.03,0.0,0,186.0,1623,0.0,-11,1634,176.0,0.2,1.25,50.0,1.23,134.0,0.23,52.0,11.0,176.0,7.8209,134.0,55.0,9.0,Pawit Sornlaksup,Yaojie Zeng,M15 Wuning 3 (China),2026-06-23,Hard,Regular,derrotas,Regular,derrotas,,,player2,False,False,True
0.19696969696969696,0,14.0,0.0,0.0,0.0,0,39.0,1486,0.0,59,1427,132.0,0.16,1.29,22.2,1.01,-158.0,0.15,197.0,3.0,132.0,0.0,190.0,33.3,6.0,Gabriela Kawano Cho,Mia Wainwright,W15 Monastir 19 (Túnez),2026-06-23,Hard,Mala,derrotas,Mala,derrotas,,,player2,False,False,True
0.19696969696969696,0,14.0,0.0,0.0,0.0,0,39.0,1486,0.0,59,1427,132.0,0.16,1.29,22.2,1.01,-158.0,0.15,197.0,3.0,132.0,0.0,190.0,33.3,6.0,Gabriela Kawano Cho,Mia Wainwright,W15 Monastir 19 (Túnez),2026-06-23,Hard,Mala,derrotas,Mala,derrotas,,,player2,False,False,True
2.5,2,11.0,0.02,0.06,8.19,0,195.0,1567,0.11,-75,1642,161.0,0.21,1.28,45.0,1.26,118.0,0.22,77.0,9.0,161.0,0.0,133.0,47.4,10.0,Yelyzaveta Chainykova,Marie Villet,W15 Monastir 19 (Túnez),2026-06-23,Hard,Regular,derrotas,Regular,derrotas,,,player1,False,False,True
2.5,2,11.0,0.02,0.06,8.19,0,195.0,1567,0.11,-75,1642,161.0,0.21,1.28,45.0,1.26,118.0,0.22,77.0,9.0,161.0,0.0,133.0,47.4,10.0,Yelyzaveta Chainykova,Marie Villet,W15 Monastir 19 (Túnez),2026-06-23,Hard,Regular,derrotas,Regular,derrotas,,,player1,False,False,True
3.84,1,8.0,0.01,0.0,4.2250000000000005,1,96.0,1483,0.08,-48,1531,217.0,0.19,0.0,42.9,1.26,72.0,0.0,24.0,0.0,217.0,0.0,153.0,0.0,1.0,Anna Donnell,Eva Lopez,W15 Monastir 19 (Túnez),2026-06-23,Hard,Mala,derrotas,Regular,derrotas,,,player1,False,False,True
3.84,1,8.0,0.01,0.0,4.2250000000000005,1,96.0,1483,0.08,-48,1531,217.0,0.19,0.0,42.9,1.26,72.0,0.0,24.0,0.0,217.0,0.0,153.0,0.0,1.0,Anna Donnell,Eva Lopez,W15 Monastir 19 (Túnez),2026-06-23,Hard,Mala,derrotas,Regular,derrotas,,,player1,False,False,True
1.75,32,8.0,0.04,0.02,60.474999999999994,2,91.0,1766,0.33,-141,1907,177.0,0.27,1.02,60.0,1.39,40.0,0.27,51.0,7.0,177.0,87.51809999999999,155.0,35.0,13.0,Fabian Marozsan,Alejandro Tabilo,Mallorca (España),2026-06-23,Grass,Mala,derrotas,Buena,derrotas,,,player1,False,True,False
1.75,32,8.0,0.04,0.02,60.474999999999994,2,91.0,1766,0.33,-141,1907,177.0,0.27,1.02,60.0,1.39,40.0,0.27,51.0,7.0,177.0,87.51809999999999,155.0,35.0,13.0,Fabian Marozsan,Alejandro Tabilo,Mallorca (España),2026-06-23,Grass,Mala,derrotas,Buena,derrotas,,,player1,False,True,False
0.5873015873015873,31,11.0,0.02,0.02,49.405,2,37.0,1699,0.27,-84,1783,169.0,0.27,1.24,45.0,1.22,-25.0,0.27,62.0,9.0,169.0,37.895700000000005,192.0,45.0,11.0,Damir Dzumhur,Vit Kopriva,Mallorca (España),2026-06-23,Grass,Regular,victorias,Regular,derrotas,,,player2,False,True,False
0.5873015873015873,31,11.0,0.02,0.02,49.405,2,37.0,1699,0.27,-84,1783,169.0,0.27,1.24,45.0,1.22,-25.0,0.27,62.0,9.0,169.0,37.895700000000005,192.0,45.0,11.0,Damir Dzumhur,Vit Kopriva,Mallorca (España),2026-06-23,Grass,Regular,victorias,Regular,derrotas,,,player2,False,True,False
0.5714285714285714,5,15.0,0.08,0.02,23.925,2,24.0,1672,0.04,-77,1749,187.0,0.56,1.24,25.0,1.06,-17.0,0.46,41.0,10.0,187.0,0.0,217.0,50.0,10.0,Marc Polmans,Grigor Dimitrov,Mallorca (España),2026-06-23,Grass,Regular,victorias,Mala,derrotas,,,player2,False,True,False
0.5714285714285714,5,15.0,0.08,0.02,23.925,2,24.0,1672,0.04,-77,1749,187.0,0.56,1.24,25.0,1.06,-17.0,0.46,41.0,10.0,187.0,0.0,217.0,50.0,10.0,Marc Polmans,Grigor Dimitrov,Mallorca (España),2026-06-23,Grass,Regular,victorias,Mala,derrotas,,,player2,False,True,False
0.5714285714285714,5,15.0,0.08,0.02,23.925,2,24.0,1672,0.04,-77,1749,187.0,0.56,1.24,25.0,1.06,-17.0,0.46,41.0,10.0,187.0,0.0,217.0,50.0,10.0,Marc Polmans,Grigor Dimitrov,Mallorca (España),2026-06-23,Grass,Regular,victorias,Mala,derrotas,,,player2,False,True,False
0.5833333333333334,49,10.0,0.04,0.07,85.63499999999999,1,98.0,1758,0.4,-69,1827,137.0,0.27,1.16,50.0,1.15,-69.0,0.27,167.0,9.0,137.0,114.48239999999998,152.0,45.0,11.0,Lorenzo Sonego,Miomir Kecmanovic,Mallorca (España),2026-06-23,Grass,Regular,victorias,Regular,derrotas,,,player2,False,True,False
0.5833333333333334,49,10.0,0.04,0.07,85.63499999999999,1,98.0,1758,0.4,-69,1827,137.0,0.27,1.16,50.0,1.15,-69.0,0.27,167.0,9.0,137.0,114.48239999999998,152.0,45.0,11.0,Lorenzo Sonego,Miomir Kecmanovic,Mallorca (España),2026-06-23,Grass,Regular,victorias,Regular,derrotas,,,player2,False,True,False
0.5536723163841808,14,8.0,0.0,0.0,19.68,1,98.0,1620,0.15,-164,1784,135.0,0.27,1.24,60.0,1.39,-78.0,0.27,176.0,7.0,135.0,11.8657,152.0,35.0,13.0,Nuria Brancaccio,Andrea Lazaro Garcia,Wimbledon (Reino Unido) - Fase previa,2026-06-23,Grass,Mala,derrotas,Buena,derrotas,,,player2,False,True,False
0.5536723163841808,14,8.0,0.0,0.0,19.68,1,98.0,1620,0.15,-164,1784,135.0,0.27,1.24,60.0,1.39,-78.0,0.27,176.0,7.0,135.0,11.8657,152.0,35.0,13.0,Nuria Brancaccio,Andrea Lazaro Garcia,Wimbledon (Reino Unido) - Fase previa,2026-06-23,Grass,Mala,derrotas,Buena,derrotas,,,player2,False,True,False
0.1111111111111111,0,4.0,0.0,0.01,0.0,0,22.0,1758,-0.0,270,1488,132.0,0.12,1.66,33.3,1.39,-175.0,0.27,197.0,15.0,132.0,0.0,223.0,75.0,5.0,Julia Riera,Daniella Britton,Wimbledon (Reino Unido) - Fase previa,2026-06-23,Grass,Excelente,derrotas,Mala,derrotas,,,player1,False,True,False
0.1111111111111111,0,4.0,0.0,0.01,0.0,0,22.0,1758,-0.0,270,1488,132.0,0.12,1.66,33.3,1.39,-175.0,0.27,197.0,15.0,132.0,0.0,223.0,75.0,5.0,Julia Riera,Daniella Britton,Wimbledon (Reino Unido) - Fase previa,2026-06-23,Grass,Excelente,derrotas,Mala,derrotas,,,player1,False,True,False
6.888888888888889,11,10.0,0.01,0.0,1.5,1,62.0,1682,0.05,-10,1692,319.0,0.27,1.34,50.0,1.34,54.0,0.27,8.0,10.0,319.0,13.640899999999998,169.0,50.0,10.0,Dominika Salkova,Iryna Shymanovich,Wimbledon (Reino Unido) - Fase previa,2026-06-23,Grass,Regular,derrotas,Regular,derrotas,,,player2,False,True,False
6.888888888888889,11,10.0,0.01,0.0,1.5,1,62.0,1682,0.05,-10,1692,319.0,0.27,1.34,50.0,1.34,54.0,0.27,8.0,10.0,319.0,13.640899999999998,169.0,50.0,10.0,Dominika Salkova,Iryna Shymanovich,Wimbledon (Reino Unido) - Fase previa,2026-06-23,Grass,Regular,derrotas,Regular,derrotas,,,player2,False,True,False
0.5050505050505051,1,8.0,0.0,0.0,0.0,1,100.0,1741,-0.0,111,1630,132.0,0.58,1.13,60.0,1.25,-97.0,0.67,197.0,11.0,132.0,0.0,152.0,55.0,9.0,Moyuka Uchijima,Esther Adeshina,Wimbledon (Reino Unido) - Fase previa,2026-06-23,Grass,Regular,derrotas,Buena,derrotas,,,player2,False,True,False
0.5050505050505051,1,8.0,0.0,0.0,0.0,1,100.0,1741,-0.0,111,1630,132.0,0.58,1.13,60.0,1.25,-97.0,0.67,197.0,11.0,132.0,0.0,152.0,55.0,9.0,Moyuka Uchijima,Esther Adeshina,Wimbledon (Reino Unido) - Fase previa,2026-06-23,Grass,Regular,derrotas,Buena,derrotas,,,player2,False,True,False
0.8181818181818182,19,7.0,0.0,0.0,14.95,2,81.0,1798,0.17,27,1771,152.0,0.27,1.34,65.0,1.37,-17.0,0.27,98.0,12.0,152.0,15.2703,159.0,60.0,8.0,Noma Noha Akugue,Lisa Pigato,Wimbledon (Reino Unido) - Fase previa,2026-06-23,Grass,Buena,derrotas,Buena,derrotas,,,player1,False,True,False
0.8181818181818182,19,7.0,0.0,0.0,14.95,2,81.0,1798,0.17,27,1771,152.0,0.27,1.34,65.0,1.37,-17.0,0.27,98.0,12.0,152.0,15.2703,159.0,60.0,8.0,Noma Noha Akugue,Lisa Pigato,Wimbledon (Reino Unido) - Fase previa,2026-06-23,Grass,Buena,derrotas,Buena,derrotas,,,player1,False,True,False
3.92,13,8.0,0.03,0.03,20.61,1,98.0,1813,0.11,89,1724,217.0,0.27,1.71,60.0,1.33,74.0,0.27,24.0,15.0,217.0,3.0133,152.0,75.0,5.0,Tyra Caterina Grant,Taylah Preston,Wimbledon (Reino Unido) - Fase previa,2026-06-23,Grass,Excelente,derrotas,Buena,derrotas,,,player1,False,True,False
3.92,13,8.0,0.03,0.03,20.61,1,98.0,1813,0.11,89,1724,217.0,0.27,1.71,60.0,1.33,74.0,0.27,24.0,15.0,217.0,3.0133,152.0,75.0,5.0,Tyra Caterina Grant,Taylah Preston,Wimbledon (Reino Unido) - Fase previa,2026-06-23,Grass,Excelente,derrotas,Buena,derrotas,,,player1,False,True,False
0.8310502283105022,16,10.0,0.05,0.07,31.85,2,182.0,1776,0.17,115,1661,130.0,0.27,1.47,50.0,1.24,-36.0,0.27,218.0,11.0,130.0,11.6115,134.0,55.0,9.0,Celine Naef,Joanna Garland,Wimbledon (Reino Unido) - Fase previa,2026-06-23,Grass,Regular,derrotas,Regular,derrotas,,,player2,False,True,False
0.8310502283105022,16,10.0,0.05,0.07,31.85,2,182.0,1776,0.17,115,1661,130.0,0.27,1.47,50.0,1.24,-36.0,0.27,218.0,11.0,130.0,11.6115,134.0,55.0,9.0,Celine Naef,Joanna Garland,Wimbledon (Reino Unido) - Fase previa,2026-06-23,Grass,Regular,derrotas,Regular,derrotas,,,player2,False,True,False
0.4476744186046512,11,8.0,0.08,0.06,9.0,1,77.0,1746,0.09,-93,1839,136.0,0.27,1.55,60.0,1.33,-94.0,0.27,171.0,12.0,136.0,5.5682,161.0,60.0,8.0,Harmony Tan,Mia Pohankova,Wimbledon (Reino Unido) - Fase previa,2026-06-23,Grass,Buena,derrotas,Buena,derrotas,,,player1,False,True,False
0.4476744186046512,11,8.0,0.08,0.06,9.0,1,77.0,1746,0.09,-93,1839,136.0,0.27,1.55,60.0,1.33,-94.0,0.27,171.0,12.0,136.0,5.5682,161.0,60.0,8.0,Harmony Tan,Mia Pohankova,Wimbledon (Reino Unido) - Fase previa,2026-06-23,Grass,Buena,derrotas,Buena,derrotas,,,player1,False,True,False
0.9032258064516129,10,12.0,0.02,0.05,6.9,2,140.0,1673,0.07,-1,1674,139.0,0.27,1.28,40.0,1.32,-14.0,0.27,154.0,7.0,139.0,31.612899999999996,141.0,35.0,13.0,Lulu Sun,Linda Klimovicova,Wimbledon (Reino Unido) - Fase previa,2026-06-23,Grass,Mala,derrotas,Regular,derrotas,,,player1,False,True,False
0.9032258064516129,10,12.0,0.02,0.05,6.9,2,140.0,1673,0.07,-1,1674,139.0,0.27,1.28,40.0,1.32,-14.0,0.27,154.0,7.0,139.0,31.612899999999996,141.0,35.0,13.0,Lulu Sun,Linda Klimovicova,Wimbledon (Reino Unido) - Fase previa,2026-06-23,Grass,Mala,derrotas,Regular,derrotas,,,player1,False,True,False
0.5,12,12.0,0.02,0.0,18.85,2,39.0,1687,0.1,89,1598,161.0,0.27,1.55,40.0,1.22,-38.0,0.27,77.0,12.0,161.0,15.6183,190.0,60.0,8.0,Laura Pigossi,Oceane Dodin,Wimbledon (Reino Unido) - Fase previa,2026-06-23,Grass,Buena,derrotas,Regular,derrotas,,,player2,False,True,False
0.5,12,12.0,0.02,0.0,18.85,2,39.0,1687,0.1,89,1598,161.0,0.27,1.55,40.0,1.22,-38.0,0.27,77.0,12.0,161.0,15.6183,190.0,60.0,8.0,Laura Pigossi,Oceane Dodin,Wimbledon (Reino Unido) - Fase previa,2026-06-23,Grass,Buena,derrotas,Regular,derrotas,,,player2,False,True,False
0.7433155080213903,10,7.0,0.03,0.01,8.35,2,139.0,1741,0.06,-32,1773,134.0,0.27,1.51,65.0,1.51,-47.0,0.27,186.0,13.0,134.0,6.921200000000001,142.0,65.0,7.0,Anouk Koevermans,Mananchaya Sawangkaew,Wimbledon (Reino Unido) - Fase previa,2026-06-23,Grass,Buena,derrotas,Buena,derrotas,,,player2,False,True,False
0.7433155080213903,10,7.0,0.03,0.01,8.35,2,139.0,1741,0.06,-32,1773,134.0,0.27,1.51,65.0,1.51,-47.0,0.27,186.0,13.0,134.0,6.921200000000001,142.0,65.0,7.0,Anouk Koevermans,Mananchaya Sawangkaew,Wimbledon (Reino Unido) - Fase previa,2026-06-23,Grass,Buena,derrotas,Buena,derrotas,,,player2,False,True,False
0.41025641025641024,27,8.0,0.02,0.07,22.3,2,32.0,1768,0.22,-2,1770,161.0,0.27,1.32,60.0,1.29,-45.0,0.27,77.0,13.0,161.0,66.2146,200.0,65.0,7.0,Greet Minnen,Fiona Ferro,Wimbledon (Reino Unido) - Fase previa,2026-06-23,Grass,Buena,derrotas,Buena,derrotas,,,player1,False,True,False
0.41025641025641024,27,8.0,0.02,0.07,22.3,2,32.0,1768,0.22,-2,1770,161.0,0.27,1.32,60.0,1.29,-45.0,0.27,77.0,13.0,161.0,66.2146,200.0,65.0,7.0,Greet Minnen,Fiona Ferro,Wimbledon (Reino Unido) - Fase previa,2026-06-23,Grass,Buena,derrotas,Buena,derrotas,,,player1,False,True,False
22.22222222222222,20,10.0,0.03,0.03,8.375,0,200.0,1673,0.18,8,1665,319.0,0.27,1.22,50.0,1.25,192.0,0.27,8.0,9.0,319.0,23.3612,132.0,45.0,11.0,Varvara Lepchenko,Anastasia Gasanova,Wimbledon (Reino Unido) - Fase previa,2026-06-23,Grass,Regular,derrotas,Regular,derrotas,,,player2,False,True,False
22.22222222222222,20,10.0,0.03,0.03,8.375,0,200.0,1673,0.18,8,1665,319.0,0.27,1.22,50.0,1.25,192.0,0.27,8.0,9.0,319.0,23.3612,132.0,45.0,11.0,Varvara Lepchenko,Anastasia Gasanova,Wimbledon (Reino Unido) - Fase previa,2026-06-23,Grass,Regular,derrotas,Regular,derrotas,,,player2,False,True,False
22.22222222222222,20,10.0,0.03,0.03,8.375,0,200.0,1673,0.18,8,1665,319.0,0.27,1.22,50.0,1.25,192.0,0.27,8.0,9.0,319.0,23.3612,132.0,45.0,11.0,Varvara Lepchenko,Anastasia Gasanova,Wimbledon (Reino Unido) - Fase previa,2026-06-23,Grass,Regular,derrotas,Regular,derrotas,,,player2,False,True,False
1.746031746031746,23,6.0,0.0,0.04,14.549999999999999,2,110.0,1772,0.21,28,1744,169.0,0.27,1.29,70.0,1.34,48.0,0.27,62.0,12.0,169.0,22.52220000000001,149.0,60.0,8.0,Darja Semenistaja,Anna Siskova,Wimbledon (Reino Unido) - Fase previa,2026-06-23,Grass,Buena,derrotas,Buena,derrotas,,,player1,False,True,False
1.746031746031746,23,6.0,0.0,0.04,14.549999999999999,2,110.0,1772,0.21,28,1744,169.0,0.27,1.29,70.0,1.34,48.0,0.27,62.0,12.0,169.0,22.52220000000001,149.0,60.0,8.0,Darja Semenistaja,Anna Siskova,Wimbledon (Reino Unido) - Fase previa,2026-06-23,Grass,Buena,derrotas,Buena,derrotas,,,player1,False,True,False
1.746031746031746,23,6.0,0.0,0.04,14.549999999999999,2,110.0,1772,0.21,28,1744,169.0,0.27,1.29,70.0,1.34,48.0,0.27,62.0,12.0,169.0,22.52220000000001,149.0,60.0,8.0,Darja Semenistaja,Anna Siskova,Wimbledon (Reino Unido) - Fase previa,2026-06-23,Grass,Buena,derrotas,Buena,derrotas,,,player1,False,True,False
2.48,9,8.0,0.06,0.05,23.0,2,62.0,1697,0.07,-113,1810,217.0,0.27,1.46,60.0,1.38,38.0,0.27,24.0,8.0,217.0,26.1419,169.0,40.0,12.0,Linda Fruhvirtova,Emerson Jones,Wimbledon (Reino Unido) - Fase previa,2026-06-23,Grass,Regular,derrotas,Buena,derrotas,,,player2,False,True,False
2.48,9,8.0,0.06,0.05,23.0,2,62.0,1697,0.07,-113,1810,217.0,0.27,1.46,60.0,1.38,38.0,0.27,24.0,8.0,217.0,26.1419,169.0,40.0,12.0,Linda Fruhvirtova,Emerson Jones,Wimbledon (Reino Unido) - Fase previa,2026-06-23,Grass,Regular,derrotas,Buena,derrotas,,,player2,False,True,False
0.2222222222222222,10,13.0,0.05,0.0,3.0,1,22.0,1803,0.05,174,1629,152.0,0.27,1.46,35.0,1.28,-76.0,0.27,98.0,13.0,152.0,10.7594,223.0,65.0,7.0,Luisina Giovannini,Lucrezia Stefanini,Wimbledon (Reino Unido) - Fase previa,2026-06-23,Grass,Buena,derrotas,Mala,derrotas,,,player2,False,True,False
0.2222222222222222,10,13.0,0.05,0.0,3.0,1,22.0,1803,0.05,174,1629,152.0,0.27,1.46,35.0,1.28,-76.0,0.27,98.0,13.0,152.0,10.7594,223.0,65.0,7.0,Luisina Giovannini,Lucrezia Stefanini,Wimbledon (Reino Unido) - Fase previa,2026-06-23,Grass,Buena,derrotas,Mala,derrotas,,,player2,False,True,False
0.8415300546448088,23,6.0,0.04,0.04,20.875,2,154.0,1784,0.17,33,1751,134.0,0.27,1.6,70.0,1.28,-28.0,0.27,182.0,13.0,134.0,21.1447,139.0,65.0,7.0,Katarzyna Kawa,Susan Bandecchi,Wimbledon (Reino Unido) - Fase previa,2026-06-23,Grass,Buena,victorias,Buena,derrotas,,,player1,False,True,False
0.8415300546448088,23,6.0,0.04,0.04,20.875,2,154.0,1784,0.17,33,1751,134.0,0.27,1.6,70.0,1.28,-28.0,0.27,182.0,13.0,134.0,21.1447,139.0,65.0,7.0,Katarzyna Kawa,Susan Bandecchi,Wimbledon (Reino Unido) - Fase previa,2026-06-23,Grass,Buena,victorias,Buena,derrotas,,,player1,False,True,False
0.23383084577114427,16,6.0,0.04,0.0,19.615000000000002,0,47.0,1653,0.15,-149,1802,132.0,0.27,1.31,70.0,1.44,-153.0,0.27,200.0,9.0,132.0,6.6071,181.0,45.0,11.0,Cadence Brace,Kayla Day,Wimbledon (Reino Unido) - Fase previa,2026-06-23,Grass,Regular,derrotas,Buena,derrotas,,,player2,False,True,False
0.23383084577114427,16,6.0,0.04,0.0,19.615000000000002,0,47.0,1653,0.15,-149,1802,132.0,0.27,1.31,70.0,1.44,-153.0,0.27,200.0,9.0,132.0,6.6071,181.0,45.0,11.0,Cadence Brace,Kayla Day,Wimbledon (Reino Unido) - Fase previa,2026-06-23,Grass,Regular,derrotas,Buena,derrotas,,,player2,False,True,False
5.777777777777778,6,8.0,0.01,0.02,9.5,2,52.0,1620,0.03,-95,1715,319.0,0.27,1.37,60.0,1.65,44.0,0.27,8.0,10.0,319.0,6.313,176.0,50.0,10.0,Yexin Ma,Erika Andreeva,Wimbledon (Reino Unido) - Fase previa,2026-06-23,Grass,Regular,derrotas,Buena,derrotas,,,player2,False,True,False
5.777777777777778,6,8.0,0.01,0.02,9.5,2,52.0,1620,0.03,-95,1715,319.0,0.27,1.37,60.0,1.65,44.0,0.27,8.0,10.0,319.0,6.313,176.0,50.0,10.0,Yexin Ma,Erika Andreeva,Wimbledon (Reino Unido) - Fase previa,2026-06-23,Grass,Regular,derrotas,Buena,derrotas,,,player2,False,True,False
1.4071428571428573,5,10.0,0.03,0.01,41.0,1,197.0,1615,0.04,-48,1663,142.0,0.27,1.39,50.0,1.59,58.0,0.27,139.0,11.0,142.0,4.7669,132.0,55.0,9.0,Amelia Rajecki,Suzan Lamens,Wimbledon (Reino Unido) - Fase previa,2026-06-23,Grass,Regular,derrotas,Regular,derrotas,,,player2,False,True,False
1.4071428571428573,5,10.0,0.03,0.01,41.0,1,197.0,1615,0.04,-48,1663,142.0,0.27,1.39,50.0,1.59,58.0,0.27,139.0,11.0,142.0,4.7669,132.0,55.0,9.0,Amelia Rajecki,Suzan Lamens,Wimbledon (Reino Unido) - Fase previa,2026-06-23,Grass,Regular,derrotas,Regular,derrotas,,,player2,False,True,False
0.4129353233830846,12,6.0,0.07,0.04,19.5,0,83.0,1661,0.1,-151,1812,132.0,0.27,1.38,70.0,1.54,-117.0,0.27,200.0,10.0,132.0,10.7668,158.0,50.0,10.0,Despina Papamichail,Claire Liu,Wimbledon (Reino Unido) - Fase previa,2026-06-23,Grass,Regular,derrotas,Buena,derrotas,,,player2,False,True,False
0.4129353233830846,12,6.0,0.07,0.04,19.5,0,83.0,1661,0.1,-151,1812,132.0,0.27,1.38,70.0,1.54,-117.0,0.27,200.0,10.0,132.0,10.7668,158.0,50.0,10.0,Despina Papamichail,Claire Liu,Wimbledon (Reino Unido) - Fase previa,2026-06-23,Grass,Regular,derrotas,Buena,derrotas,,,player2,False,True,False
1.7425742574257426,7,13.0,0.03,0.01,9.25,1,176.0,1888,0.05,363,1525,152.0,0.25,1.71,35.0,1.22,76.0,0.27,100.0,14.0,152.0,6.0211,135.0,70.0,6.0,Kaitlin Quevedo,Sayaka Ishii,Wimbledon (Reino Unido) - Fase previa,2026-06-23,Grass,Buena,derrotas,Mala,derrotas,,,player1,False,True,False
1.7425742574257426,7,13.0,0.03,0.01,9.25,1,176.0,1888,0.05,363,1525,152.0,0.25,1.71,35.0,1.22,76.0,0.27,100.0,14.0,152.0,6.0211,135.0,70.0,6.0,Kaitlin Quevedo,Sayaka Ishii,Wimbledon (Reino Unido) - Fase previa,2026-06-23,Grass,Buena,derrotas,Mala,derrotas,,,player1,False,True,False
0.5833333333333334,18,9.0,0.0,0.05,20.0,1,91.0,1722,0.23,31,1691,139.0,0.27,1.1,55.0,1.37,-64.0,0.27,155.0,8.0,139.0,41.8643,155.0,40.0,12.0,Dalma Galfi,Francisca Jorge,Wimbledon (Reino Unido) - Fase previa,2026-06-23,Grass,Regular,derrotas,Regular,derrotas,,,player2,False,True,False
0.5833333333333334,18,9.0,0.0,0.05,20.0,1,91.0,1722,0.23,31,1691,139.0,0.27,1.1,55.0,1.37,-64.0,0.27,155.0,8.0,139.0,41.8643,155.0,40.0,12.0,Dalma Galfi,Francisca Jorge,Wimbledon (Reino Unido) - Fase previa,2026-06-23,Grass,Regular,derrotas,Regular,derrotas,,,player2,False,True,False
0.24242424242424243,19,7.0,0.04,0.06,54.905,1,24.0,1685,0.27,-36,1721,152.0,0.27,1.13,65.0,1.42,-74.0,0.27,98.0,9.0,152.0,24.1471,217.0,45.0,11.0,Maddison Inglis,Lucia Bronzetti,Wimbledon (Reino Unido) - Fase previa,2026-06-23,Grass,Regular,derrotas,Buena,derrotas,,,player2,False,True,False
0.24242424242424243,19,7.0,0.04,0.06,54.905,1,24.0,1685,0.27,-36,1721,152.0,0.27,1.13,65.0,1.42,-74.0,0.27,98.0,9.0,152.0,24.1471,217.0,45.0,11.0,Maddison Inglis,Lucia Bronzetti,Wimbledon (Reino Unido) - Fase previa,2026-06-23,Grass,Regular,derrotas,Buena,derrotas,,,player2,False,True,False
2.4166666666666665,8,15.0,0.02,0.0,29.875,1,116.0,1655,0.08,120,1535,181.0,0.27,1.46,25.0,1.22,69.0,0.27,47.0,11.0,181.0,5.7254,147.0,55.0,9.0,Justina Mikulskyte,Carol Zhao,Wimbledon (Reino Unido) - Fase previa,2026-06-23,Grass,Regular,derrotas,Mala,derrotas,,,player1,False,True,False
2.4166666666666665,8,15.0,0.02,0.0,29.875,1,116.0,1655,0.08,120,1535,181.0,0.27,1.46,25.0,1.22,69.0,0.27,47.0,11.0,181.0,5.7254,147.0,55.0,9.0,Justina Mikulskyte,Carol Zhao,Wimbledon (Reino Unido) - Fase previa,2026-06-23,Grass,Regular,derrotas,Mala,derrotas,,,player1,False,True,False
8.0,32,13.0,0.06,0.06,56.505,0,200.0,1709,0.31,45,1664,217.0,0.27,0.94,35.0,1.29,176.0,0.27,24.0,5.0,217.0,56.4008,132.0,25.0,15.0,Jenson Brooksby,Aleksandar Vukic,Eastbourne (Reino Unido),2026-06-23,Grass,Mala,derrotas,Mala,victorias,,,player1,False,True,False
8.0,32,13.0,0.06,0.06,56.505,0,200.0,1709,0.31,45,1664,217.0,0.27,0.94,35.0,1.29,176.0,0.27,24.0,5.0,217.0,56.4008,132.0,25.0,15.0,Jenson Brooksby,Aleksandar Vukic,Eastbourne (Reino Unido),2026-06-23,Grass,Mala,derrotas,Mala,victorias,,,player1,False,True,False
0.494949494949495,8,5.0,0.02,0.02,12.2,1,98.0,1872,0.05,111,1761,132.0,0.48,1.46,75.0,1.24,-99.0,0.55,197.0,14.0,132.0,25.5217,152.0,70.0,6.0,Matteo Arnaldi,Giles Hussey,Eastbourne (Reino Unido),2026-06-23,Grass,Buena,victorias,Excelente,victorias,,,player2,False,True,False
0.494949494949495,8,5.0,0.02,0.02,12.2,1,98.0,1872,0.05,111,1761,132.0,0.48,1.46,75.0,1.24,-99.0,0.55,197.0,14.0,132.0,25.5217,152.0,70.0,6.0,Matteo Arnaldi,Giles Hussey,Eastbourne (Reino Unido),2026-06-23,Grass,Buena,victorias,Excelente,victorias,,,player2,False,True,False
1.1951219512195121,38,9.0,0.19,0.06,134.742,2,98.0,1915,0.49,166,1749,159.0,0.27,1.11,55.0,1.13,17.0,0.27,81.0,10.0,159.0,113.1897,152.0,50.0,10.0,Jasmine Paolini,Tatjana Maria,Eastbourne (Reino Unido),2026-06-23,Grass,Regular,derrotas,Regular,derrotas,,,player2,False,True,False
1.1951219512195121,38,9.0,0.19,0.06,134.742,2,98.0,1915,0.49,166,1749,159.0,0.27,1.11,55.0,1.13,17.0,0.27,81.0,10.0,159.0,113.1897,152.0,50.0,10.0,Jasmine Paolini,Tatjana Maria,Eastbourne (Reino Unido),2026-06-23,Grass,Regular,derrotas,Regular,derrotas,,,player2,False,True,False
1.1343283582089552,17,9.0,0.06,0.0,35.4425,2,228.0,1749,0.17,-96,1845,132.0,0.27,1.18,55.0,1.47,28.0,0.27,200.0,8.0,132.0,11.366299999999999,129.0,40.0,12.0,Janice Tjen,Caty Mcnally,Eastbourne (Reino Unido),2026-06-23,Grass,Regular,derrotas,Regular,derrotas,,,player2,False,True,False
1.1343283582089552,17,9.0,0.06,0.0,35.4425,2,228.0,1749,0.17,-96,1845,132.0,0.27,1.18,55.0,1.47,28.0,0.27,200.0,8.0,132.0,11.366299999999999,129.0,40.0,12.0,Janice Tjen,Caty Mcnally,Eastbourne (Reino Unido),2026-06-23,Grass,Regular,derrotas,Regular,derrotas,,,player2,False,True,False
1.1343283582089552,17,9.0,0.06,0.0,35.4425,2,228.0,1749,0.17,-96,1845,132.0,0.27,1.18,55.0,1.47,28.0,0.27,200.0,8.0,132.0,11.366299999999999,129.0,40.0,12.0,Janice Tjen,Caty Mcnally,Eastbourne (Reino Unido),2026-06-23,Grass,Regular,derrotas,Regular,derrotas,,,player2,False,True,False
1.112994350282486,7,11.0,0.08,0.03,33.447,2,197.0,1818,0.04,87,1731,135.0,0.52,1.31,45.0,1.24,21.0,0.47,176.0,14.0,135.0,7.125,132.0,70.0,6.0,Alicia Dudeney,Jessica Bouzas Maneiro,Eastbourne (Reino Unido),2026-06-23,Grass,Buena,derrotas,Regular,derrotas,,,player2,False,True,False
1.112994350282486,7,11.0,0.08,0.03,33.447,2,197.0,1818,0.04,87,1731,135.0,0.52,1.31,45.0,1.24,21.0,0.47,176.0,14.0,135.0,7.125,132.0,70.0,6.0,Alicia Dudeney,Jessica Bouzas Maneiro,Eastbourne (Reino Unido),2026-06-23,Grass,Buena,derrotas,Regular,derrotas,,,player2,False,True,False
0.7560975609756098,27,12.0,0.05,0.0,61.39,2,62.0,1807,0.3,0,1807,159.0,0.27,1.15,40.0,1.28,-19.0,0.27,81.0,10.0,159.0,62.4492,169.0,50.0,10.0,Sara Bejlek,Laura Siegemund,Eastbourne (Reino Unido),2026-06-23,Grass,Regular,derrotas,Regular,derrotas,,,player1,False,True,False
0.7560975609756098,27,12.0,0.05,0.0,61.39,2,62.0,1807,0.3,0,1807,159.0,0.27,1.15,40.0,1.28,-19.0,0.27,81.0,10.0,159.0,62.4492,169.0,50.0,10.0,Sara Bejlek,Laura Siegemund,Eastbourne (Reino Unido),2026-06-23,Grass,Regular,derrotas,Regular,derrotas,,,player1,False,True,False
0.11940298507462686,16,6.0,0.17,0.03,82.6075,0,24.0,1782,0.21,-206,1988,132.0,0.27,1.31,70.0,1.48,-176.0,0.27,200.0,9.0,132.0,18.448700000000002,217.0,45.0,11.0,Talia Gibson,Madison Keys,Eastbourne (Reino Unido),2026-06-23,Grass,Regular,derrotas,Buena,derrotas,,,player2,False,True,False
0.11940298507462686,16,6.0,0.17,0.03,82.6075,0,24.0,1782,0.21,-206,1988,132.0,0.27,1.31,70.0,1.48,-176.0,0.27,200.0,9.0,132.0,18.448700000000002,217.0,45.0,11.0,Talia Gibson,Madison Keys,Eastbourne (Reino Unido),2026-06-23,Grass,Regular,derrotas,Buena,derrotas,,,player2,False,True,False
0.9891304347826086,23,8.0,0.0,0.03,45.152499999999996,3,91.0,1775,0.26,-34,1809,155.0,0.27,1.27,60.0,1.29,0.0,0.27,91.0,11.0,155.0,21.112099999999998,155.0,55.0,9.0,Panna Udvardy,Anna Bondar,Eastbourne (Reino Unido),2026-06-23,Grass,Regular,derrotas,Buena,derrotas,,,player1,False,True,False
0.9891304347826086,23,8.0,0.0,0.03,45.152499999999996,3,91.0,1775,0.26,-34,1809,155.0,0.27,1.27,60.0,1.29,0.0,0.27,91.0,11.0,155.0,21.112099999999998,155.0,55.0,9.0,Panna Udvardy,Anna Bondar,Eastbourne (Reino Unido),2026-06-23,Grass,Regular,derrotas,Buena,derrotas,,,player1,False,True,False
0.1807909604519774,3,16.0,0.0,0.0,2.4499999999999997,0,32.0,1500,0.16,95,1405,135.0,0.22,1.15,20.0,1.04,-144.0,0.27,176.0,6.0,135.0,0.0,200.0,30.0,14.0,Kaat Coppez,Celia Anson Sanchez,W15 Alkmaar (Países Bajos),2026-06-23,Clay,Mala,derrotas,Mala,derrotas,,,player2,True,False,False
0.1807909604519774,3,16.0,0.0,0.0,2.4499999999999997,0,32.0,1500,0.16,95,1405,135.0,0.22,1.15,20.0,1.04,-144.0,0.27,176.0,6.0,135.0,0.0,200.0,30.0,14.0,Kaat Coppez,Celia Anson Sanchez,W15 Alkmaar (Países Bajos),2026-06-23,Clay,Mala,derrotas,Mala,derrotas,,,player2,True,False,False
1.3971631205673758,0,11.0,0.02,0.0,0.0,1,197.0,1278,0.0,-265,1543,141.0,0.15,0.63,45.0,1.38,57.0,0.18,140.0,1.0,141.0,0.0,132.0,5.0,19.0,Louis Allen,Isaac Becroft,M15 Monastir 24 (Túnez),2026-06-23,Hard,Mala,derrotas,Regular,derrotas,,,player2,False,False,True
1.3971631205673758,0,11.0,0.02,0.0,0.0,1,197.0,1278,0.0,-265,1543,141.0,0.15,0.63,45.0,1.38,57.0,0.18,140.0,1.0,141.0,0.0,132.0,5.0,19.0,Louis Allen,Isaac Becroft,M15 Monastir 24 (Túnez),2026-06-23,Hard,Mala,derrotas,Regular,derrotas,,,player2,False,False,True
1.1299435028248588,0,2.2704076556685098,0.0,0.04,0.0,2,200.0,1661,0.0,161,1500,135.0,0.0,1.35,4.619664202430944,0.0,24.0,0.26,176.0,11.0,135.0,0.0,132.0,55.0,9.0,Hibah Shaikh,Georgina Garcia Perez,W50 Gdansk (Polonia),2026-06-23,Clay,Regular,derrotas,,,,,player1,True,False,False
1.1299435028248588,0,2.2704076556685098,0.0,0.04,0.0,2,200.0,1661,0.0,161,1500,135.0,0.0,1.35,4.619664202430944,0.0,24.0,0.26,176.0,11.0,135.0,0.0,132.0,55.0,9.0,Hibah Shaikh,Georgina Garcia Perez,W50 Gdansk (Polonia),2026-06-23,Clay,Regular,derrotas,,,,,player1,True,False,False
1.3414634146341464,2,13.0,0.04,0.0,0.0,2,110.0,1497,0.0,-100,1597,159.0,0.27,1.14,35.0,1.29,29.0,0.17,81.0,8.0,159.0,0.0,149.0,40.0,12.0,Elza Tomase,Mina Hodzic,W50 Gdansk (Polonia),2026-06-23,Clay,Regular,derrotas,Mala,derrotas,,,player2,True,False,False
1.3414634146341464,2,13.0,0.04,0.0,0.0,2,110.0,1497,0.0,-100,1597,159.0,0.27,1.14,35.0,1.29,29.0,0.17,81.0,8.0,159.0,0.0,149.0,40.0,12.0,Elza Tomase,Mina Hodzic,W50 Gdansk (Polonia),2026-06-23,Clay,Regular,derrotas,Mala,derrotas,,,player2,True,False,False
0.8260869565217391,11,9.0,0.03,0.07,9.5,2,76.0,1569,0.38,-71,1640,155.0,0.25,1.0,55.0,1.28,-15.0,0.27,91.0,7.0,155.0,56.7723,161.0,35.0,13.0,Laura Hietaranta,Amarissa Kiara Toth,W50 Gdansk (Polonia),2026-06-23,Clay,Mala,derrotas,Regular,derrotas,,,player2,True,False,False
0.8260869565217391,11,9.0,0.03,0.07,9.5,2,76.0,1569,0.38,-71,1640,155.0,0.25,1.0,55.0,1.28,-15.0,0.27,91.0,7.0,155.0,56.7723,161.0,35.0,13.0,Laura Hietaranta,Amarissa Kiara Toth,W50 Gdansk (Polonia),2026-06-23,Clay,Mala,derrotas,Regular,derrotas,,,player2,True,False,False
0.8076923076923077,0,12.0,0.02,0.05,0.0,2,63.0,1680,0.0,124,1556,161.0,0.19,1.37,40.0,1.25,-14.0,0.15,77.0,12.0,161.0,0.0,168.0,60.0,8.0,Carl Emil Overbeck,Mae Malige,M25 Porto (Portugal),2026-06-23,Hard,Buena,derrotas,Regular,derrotas,,,player1,False,False,True
0.8076923076923077,0,12.0,0.02,0.05,0.0,2,63.0,1680,0.0,124,1556,161.0,0.19,1.37,40.0,1.25,-14.0,0.15,77.0,12.0,161.0,0.0,168.0,60.0,8.0,Carl Emil Overbeck,Mae Malige,M25 Porto (Portugal),2026-06-23,Hard,Buena,derrotas,Regular,derrotas,,,player1,False,False,True
0.4350282485875706,6,13.0,0.03,0.03,10.7,1,77.0,1579,0.18,11,1568,135.0,0.17,1.17,35.0,1.13,-99.0,0.2,176.0,8.0,135.0,13.0254,161.0,40.0,12.0,Matisse Bobichon,Mario Gonzalez Fernandez,M25 Porto (Portugal),2026-06-23,Hard,Regular,derrotas,Mala,derrotas,,,player1,False,False,True
0.4350282485875706,6,13.0,0.03,0.03,10.7,1,77.0,1579,0.18,11,1568,135.0,0.17,1.17,35.0,1.13,-99.0,0.2,176.0,8.0,135.0,13.0254,161.0,40.0,12.0,Matisse Bobichon,Mario Gonzalez Fernandez,M25 Porto (Portugal),2026-06-23,Hard,Regular,derrotas,Mala,derrotas,,,player1,False,False,True
0.9900990099009901,5,11.0,0.05,0.01,8.450000000000001,3,100.0,1499,0.15,-84,1583,152.0,0.27,1.25,45.0,1.13,0.0,0.17,100.0,7.0,152.0,3.25,152.0,35.0,13.0,Kurumi Tamura,Shiho Tsujioka,W15 Sapporo 2 (Japón),2026-06-24,Hard,Mala,derrotas,Regular,derrotas,,,player2,False,False,True
0.9900990099009901,6,15.0,0.01,0.02,0.0,3,100.0,1459,0.0,51,1408,152.0,0.24,1.01,25.0,1.12,0.0,0.26,100.0,6.0,152.0,15.4112,152.0,30.0,14.0,Riko Kikawada,Yuka Hosoki,W15 Sapporo 2 (Japón),2026-06-24,Hard,Mala,derrotas,Mala,derrotas,,,player2,False,False,True
1.8867924528301887,0,12.0,0.06,0.0,0.0,2,100.0,1484,0.0,-90,1574,176.0,0.27,1.2,40.0,1.25,48.0,0.12,52.0,4.0,176.0,0.0,152.0,33.3,8.0,Yuka Naito,Ying Zhang,W15 Sapporo 2 (Japón),2026-06-24,Hard,Mala,derrotas,Regular,derrotas,,,player2,False,False,True
0.07920792079207921,6,6.0,0.15,0.04,32.25,1,8.0,1633,0.27,-100,1733,152.0,0.27,0.93,70.0,0.98,-92.0,0.2,100.0,11.0,152.0,7.475,319.0,55.0,9.0,Anna Snigireva,Rinko Matsuda,W15 Maanshan 3 (China),2026-06-24,Hard,Regular,derrotas,Buena,derrotas,,,player1,False,False,True
0.07476635514018691,1,6.0,0.01,0.04,4.2250000000000005,1,8.0,1568,0.08,104,1464,150.0,0.2,1.18,25.0,1.19,-98.0,0.25,106.0,9.0,150.0,0.0,319.0,45.0,11.0,Maria Kalyakina,Hyeongju Han,W15 Maanshan 3 (China),2026-06-24,Hard,Regular,derrotas,Mala,derrotas,,,player1,False,False,True
0.48598130841121495,0,13.0,0.02,0.0,0.0,1,52.0,1500,0.0,-3,1503,150.0,0.25,0.0,35.0,1.12,-54.0,0.0,106.0,5.31932628753701,150.0,0.0,176.0,40.39915785942126,7.31932628753701,Kuai Jiananxi,Onyu Choi,W15 Maanshan 3 (China),2026-06-24,Hard,,,Mala,derrotas,,,player2,False,False,True
1.8415841584158417,4,14.0,0.0,0.02,6.5,1,186.0,1511,0.12,67,1444,152.0,0.16,1.16,30.0,1.11,86.0,0.21,100.0,7.0,152.0,6.5285,134.0,35.0,13.0,Thantub Suksumrarn,Yua Taka,M15 Wuning 3 (China),2026-06-24,Hard,Mala,derrotas,Mala,derrotas,,,player2,False,False,True
1.0495049504950495,0,6.0,0.0,0.03,0.0,3,106.0,1638,0.0,227,1411,152.0,0.0,1.32,0.0,0.0,6.0,0.17,100.0,10.0,152.0,0.0,150.0,50.0,10.0,Dong Ju Kim,Ryo Minakata,M15 Wuning 3 (China),2026-06-24,Hard,Regular,derrotas,Mala,derrotas,,,player1,False,False,True
4.2631578947368425,0,8.0,0.01,0.0,0.0,1,81.0,1483,0.0,-124,1607,238.0,0.0,0.0,60.0,1.37,63.0,0.0,18.0,0.0,238.0,0.0,159.0,0.0,1.0,Deren Yigin,Samir Hamza Reguig,M15 Kursumlijska Banja 6 (Serbia),2026-06-24,Clay,Mala,derrotas,Buena,derrotas,,,player2,True,False,False
0.943502824858757,0,17.0,0.0,0.01,0.0,3,167.0,1464,0.0,73,1391,135.0,0.0,1.18,15.0,0.98,-9.0,0.16,176.0,6.0,135.0,0.0,137.0,30.0,14.0,Sasa Markovic,Alvaro Peiro Serrano,M15 Kursumlijska Banja 6 (Serbia),2026-06-24,Clay,Mala,derrotas,Mala,derrotas,,,player2,True,False,False
0.5536723163841808,0,13.0,0.01,0.02,0.0,1,98.0,1535,0.0,69,1466,135.0,0.12,1.26,35.0,1.22,-78.0,0.21,176.0,8.0,135.0,0.0,152.0,40.0,12.0,Giannicola Misasi,Aaron Gil Garcia,M15 Kursumlijska Banja 6 (Serbia),2026-06-24,Clay,Regular,derrotas,Mala,derrotas,,,player1,True,False,False
0.13736263736263737,0,3.0,0.0,0.0,0.0,0,25.0,1475,0.0,24,1451,135.0,0.0,1.16,0.0,0.0,-156.0,0.0,181.0,2.0,135.0,0.0,215.0,28.6,5.0,Marko Milosavljevic,Victor Ryden,M15 Kursumlijska Banja 6 (Serbia),2026-06-24,Clay,Mala,derrotas,Mala,derrotas,,,player1,True,False,False
0.9940476190476191,9,14.0,0.01,0.12,11.44,3,167.0,1761,0.43,331,1430,137.0,0.0,1.08,30.0,0.72,0.0,0.09,167.0,14.0,137.0,23.6279,137.0,70.0,6.0,Branko Djuric,Nikola Jovic,M15 Kursumlijska Banja 6 (Serbia),2026-06-24,Clay,Buena,victorias,Mala,derrotas,,,player1,True,False,False
10.88888888888889,1,13.0,0.01,0.0,0.0,1,98.0,1400,0.0,-133,1533,319.0,0.0,0.8,35.0,1.3,90.0,0.0,8.0,1.0,319.0,0.0,152.0,10.0,9.0,Matteo Mesaglio,Timofei Derepasko,M15 Kursumlijska Banja 6 (Serbia),2026-06-24,Clay,Mala,derrotas,Mala,derrotas,,,player1,True,False,False
0.12834224598930483,0,14.0,0.02,0.0,0.0,0,24.0,1420,0.0,-79,1499,134.0,0.0,0.9,30.0,1.18,-162.0,0.14,186.0,1.0,134.0,0.0,217.0,11.1,8.0,Thomas Patton,Wishaya Trongcharoenchaikul,M15 Kursumlijska Banja 6 (Serbia),2026-06-24,Clay,Mala,derrotas,Mala,derrotas,,,player2,True,False,False
0.29285714285714287,0,2.0,0.0,0.01,0.0,1,41.0,1515,0.0,25,1490,142.0,0.0,1.29,33.3,1.21,-98.0,0.0,139.0,9.0,142.0,0.0,187.0,45.0,11.0,George Lazarov,Marko Knezevic,M15 Kursumlijska Banja 6 (Serbia),2026-06-24,Clay,Regular,derrotas,Mala,derrotas,,,player1,True,False,False
7.260869565217392,0,13.0,0.02,0.0,0.0,0,167.0,1467,0.0,-12,1479,223.0,0.23,0.0,35.0,1.13,145.0,0.0,22.0,0.0,223.0,0.0,137.0,0.0,2.0,Uros Zivkovic,Francisco Tomas Geschwind,M15 Kursumlijska Banja 6 (Serbia),2026-06-24,Clay,Mala,derrotas,Mala,derrotas,,,player2,True,False,False
3.2115384615384617,1,12.0,0.01,0.02,0.0,0,167.0,1512,0.0,4,1508,177.0,0.0,1.28,40.0,1.25,116.0,0.0,51.0,9.0,177.0,0.0,137.0,45.0,11.0,Vlado Jankanj,Nicolas Bruna,M15 Kursumlijska Banja 6 (Serbia),2026-06-24,Clay,Regular,derrotas,Regular,derrotas,,,player1,True,False,False
1.1904761904761905,1,12.0,0.02,0.03,1.95,2,200.0,1564,0.14,17,1547,137.0,0.0,1.18,40.0,1.34,33.0,0.16,167.0,9.0,137.0,0.0,132.0,45.0,11.0,Alexander Bernard,Vuk Radjenovic,M15 Kursumlijska Banja 6 (Serbia),2026-06-24,Clay,Regular,derrotas,Regular,derrotas,,,player2,True,False,False
1.1726190476190477,1,12.0,0.02,0.01,0.0,2,197.0,1551,0.0,58,1493,137.0,0.21,1.38,40.0,1.15,30.0,0.21,167.0,7.0,137.0,8.483400000000001,132.0,46.7,8.0,Oscar Brown,Novak Novakovic,M15 Kursumlijska Banja 6 (Serbia),2026-06-24,Clay,Regular,derrotas,Regular,derrotas,,,player2,True,False,False
0.5384615384615384,0,6.0,0.0,0.02,0.0,1,98.0,1568,0.0,126,1442,135.0,0.0,1.39,25.0,1.04,-83.0,0.21,181.0,9.0,135.0,0.0,152.0,45.0,11.0,Andrea De Marchi,Michael Minasyan,M15 Kursumlijska Banja 6 (Serbia),2026-06-24,Clay,Regular,derrotas,Mala,derrotas,,,player1,True,False,False
0.36904761904761907,3,10.0,0.05,0.04,6.5,0,62.0,1651,0.26,-39,1690,137.0,0.63,0.76,50.0,0.61,-105.0,0.5,167.0,11.0,137.0,0.0,169.0,55.0,9.0,Amelie Justine Hejtmanek,Jana Bojovic,W15 Kursumlijska Banja 6 (Serbia),2026-06-24,Clay,Regular,victorias,Regular,derrotas,,,player1,True,False,False
0.6962025316455697,0,12.0,0.0,0.0,0.0,2,110.0,1418,0.0,-79,1497,138.0,0.19,0.0,40.0,1.26,-47.0,0.0,157.0,0.0,138.0,0.0,149.0,0.0,5.0,Odeta Panasa,Alessia Popescu,W15 Kursumlijska Banja 6 (Serbia),2026-06-24,Clay,Mala,derrotas,Regular,derrotas,,,player2,True,False,False
0.25949367088607594,0,1.0,0.01,0.0,0.0,0,41.0,1461,0.0,-60,1521,138.0,0.16,0.97,50.0,1.32,-116.0,0.2,157.0,1.0,138.0,0.0,187.0,14.3,6.0,Valeria Garnevska,Giulia Alexandra Musat,W15 Kursumlijska Banja 6 (Serbia),2026-06-24,Clay,Mala,derrotas,Regular,derrotas,,,player1,True,False,False
1.0569620253164558,3,13.0,0.02,0.0,6.5,3,167.0,1360,0.28,-152,1512,138.0,0.27,0.78,35.0,1.19,10.0,0.0,157.0,1.0,138.0,0.0,137.0,7.7,12.0,Doroteja Petrovic,Patricia Georgiana Goina,W15 Kursumlijska Banja 6 (Serbia),2026-06-24,Clay,Mala,derrotas,Mala,derrotas,,,player2,True,False,False
0.9940476190476191,0,1.0,0.0,0.02,0.0,3,167.0,1571,0.0,95,1476,137.0,0.0,1.26,0.0,0.0,0.0,0.23,167.0,8.0,137.0,0.0,137.0,40.0,12.0,Andrea Obradovic,Nina Tepic,W15 Kursumlijska Banja 6 (Serbia),2026-06-24,Clay,Regular,derrotas,Mala,derrotas,,,player1,True,False,False
0.24404761904761904,0,12.0,0.02,0.0,0.0,0,41.0,1450,0.0,-69,1519,137.0,0.24,0.0,40.0,1.16,-126.0,0.16,167.0,0.0,137.0,0.0,187.0,0.0,4.0,Andzhelina Kostova,Gala Ivanovic,W15 Kursumlijska Banja 6 (Serbia),2026-06-24,Clay,Mala,derrotas,Regular,derrotas,,,player2,True,False,False
0.047619047619047616,0,10.0,0.03,0.0,0.0,0,8.0,1437,0.0,-198,1635,137.0,0.24,0.0,50.0,1.32,-159.0,0.0,167.0,0.0,137.0,0.0,319.0,0.0,4.0,Kristina Kovgan,Anja Stankovic,W15 Kursumlijska Banja 6 (Serbia),2026-06-24,Clay,Mala,derrotas,Regular,derrotas,,,player2,True,False,False
0.9878048780487805,0,2.0,0.02,0.01,0.0,3,81.0,1585,0.0,26,1559,159.0,0.0,1.25,75.0,1.6,0.0,0.17,81.0,11.0,159.0,0.0,159.0,55.0,9.0,Benito Sanchez Martinez,Oliver Majdandzic,M15 Kamen (Alemania),2026-06-24,Clay,Regular,derrotas,Excelente,derrotas,,,player1,True,False,False
1.9285714285714286,6,13.0,0.01,0.02,9.85,2,81.0,1571,0.44,102,1469,187.0,0.19,1.24,35.0,1.14,40.0,0.22,41.0,10.0,187.0,9.5167,159.0,50.0,10.0,Louis Wessels,Leonid Sheyngezikht,M15 Kamen (Alemania),2026-06-24,Clay,Regular,derrotas,Mala,derrotas,,,player1,True,False,False
2.231707317073171,3,15.0,0.0,0.01,0.0,0,183.0,1540,0.0,133,1407,159.0,0.0,1.34,25.0,1.0,102.0,0.18,81.0,9.0,159.0,8.6864,134.0,45.0,11.0,Taym Al Azmeh,Tom Sickenberger,M15 Kamen (Alemania),2026-06-24,Clay,Regular,derrotas,Mala,derrotas,,,player1,True,False,False
1.404040404040404,6,9.0,0.02,0.02,1.5,2,139.0,1537,0.13,-62,1599,152.0,0.0,1.08,55.0,1.35,41.0,0.23,98.0,8.0,152.0,6.0137,142.0,40.0,12.0,Brian Bozemoj,Gabriele Maria Noce,M15 Kamen (Alemania),2026-06-24,Clay,Regular,derrotas,Regular,derrotas,,,player1,True,False,False
0.9878048780487805,0,13.830887681729518,0.0,0.01,0.0,3,81.0,1518,0.0,18,1500,159.0,0.0,1.4,30.845561591352407,0.0,0.0,0.0,81.0,2.0,159.0,0.0,159.0,66.7,1.0,Christopher Thies,Tim Hammes,M15 Kamen (Alemania),2026-06-24,Clay,Buena,derrotas,,,,,player2,True,False,False
0.4090909090909091,1,12.0,0.01,0.01,0.0,0,81.0,1437,0.0,-152,1589,132.0,0.09,1.03,40.0,1.34,-116.0,0.0,197.0,5.0,132.0,0.0,159.0,25.0,15.0,David Fix,Marcus Walters,M15 Kamen (Alemania),2026-06-24,Clay,Mala,derrotas,Regular,derrotas,,,player2,True,False,False
2.268292682926829,0,4.0,0.0,0.02,0.0,0,186.0,1522,0.0,85,1437,159.0,0.0,1.22,0.0,0.0,105.0,0.16,81.0,7.0,159.0,0.0,134.0,35.0,13.0,Markus Malaszszak,Marcel Volz,M15 Kamen (Alemania),2026-06-24,Clay,Mala,derrotas,Mala,derrotas,,,player1,True,False,False
2.3780487804878048,5,13.0,0.02,0.09,0.0,0,195.0,1680,0.0,189,1491,159.0,0.0,1.13,35.0,0.72,114.0,0.22,81.0,13.0,159.0,14.2707,133.0,65.0,7.0,Oleksii Krutykh,Mariano Dedura-Palomero,M15 Kamen (Alemania),2026-06-24,Clay,Buena,victorias,Mala,derrotas,,,player1,True,False,False
0.9943502824858758,1,12.0,0.01,0.03,0.0,3,176.0,1721,0.0,199,1522,135.0,0.16,1.37,40.0,1.23,0.0,0.16,176.0,13.0,135.0,3.0066,135.0,65.0,7.0,Sergi Perez Contri,Bernardo Munk Mesa,M25 Bakio (España),2026-06-24,Hard,Buena,derrotas,Regular,derrotas,,,player1,False,False,True
0.8888888888888888,0,7.0,0.09,0.0,0.0,2,176.0,1511,0.0,-189,1700,132.0,0.09,0.99,65.0,1.05,-21.0,0.0,197.0,1.0,132.0,0.0,135.0,50.0,1.0,Roberto Perez Socas,Emile Hudd,M25 Bakio (España),2026-06-24,Hard,Regular,derrotas,Buena,derrotas,,,player2,False,False,True
2.2564102564102564,1,12.0,0.04,0.02,0.0,1,176.0,1538,0.0,-25,1563,161.0,0.22,1.42,40.0,1.15,99.0,0.0,77.0,9.0,161.0,1.5,135.0,45.0,11.0,Enrique Carrascosa Diaz,Robin Bertrand,M25 Bakio (España),2026-06-24,Hard,Regular,victorias,Regular,derrotas,,,player2,False,False,True
7.04,1,12.0,0.04,0.0,0.0,0,176.0,1493,0.0,-123,1616,217.0,0.19,1.29,40.0,1.15,152.0,0.21,24.0,7.0,217.0,0.0,135.0,35.0,13.0,Noah Lopez Cherubino,Edward Winter,M25 Bakio (España),2026-06-24,Hard,Mala,derrotas,Regular,derrotas,,,player2,False,False,True
0.22591743119266056,0,12.465851423601677,0.0,0.02,0.0,0,197.0,1613,0.0,113,1500,28.0,0.0,1.34,16.024157739631438,0.0,-674.0,0.12,871.0,11.0,28.0,0.0,132.0,55.0,9.0,Oscar Weightman,Carles Hernandez,M25 Bakio (España),2026-06-24,Hard,Regular,derrotas,,,,,player1,False,False,True
5.259887005649717,0,12.0,0.01,0.0,0.0,0,931.0,1500,0.0,8,1492,135.0,0.15,0.0,40.0,1.16,755.0,0.0,176.0,11.553121259282584,135.0,0.0,22.0,57.76560629641291,8.44687874071742,Paul Inchauspe,Iker Urribarrens Ramirez,M25 Bakio (España),2026-06-24,Hard,,,Regular,derrotas,,,player2,False,False,True
5.259887005649717,0,12.0,0.01,0.0,0.0,0,931.0,1500,0.0,8,1492,135.0,0.15,0.0,40.0,1.16,755.0,0.0,176.0,11.553121259282584,135.0,0.0,22.0,57.76560629641291,8.44687874071742,Paul Inchauspe,Iker Urribarrens Ramirez,M25 Bakio (España),2026-06-24,Hard,,,Regular,derrotas,,,player2,False,False,True
5.259887005649717,0,12.0,0.01,0.0,0.0,0,931.0,1500,0.0,8,1492,135.0,0.15,0.0,40.0,1.16,755.0,0.0,176.0,11.553121259282584,135.0,0.0,22.0,57.76560629641291,8.44687874071742,Paul Inchauspe,Iker Urribarrens Ramirez,M25 Bakio (España),2026-06-24,Hard,,,Regular,derrotas,,,player1,False,False,True
0.9878048780487805,1,8.0,0.02,0.0,3.0,3,81.0,1569,0.22,-94,1663,159.0,0.24,1.39,60.0,1.36,0.0,0.0,81.0,4.0,159.0,0.0,159.0,66.7,2.0,Isabella Angelina Abendroth,Mara Guth,W15 Kamen (Alemania),2026-06-24,Clay,Buena,derrotas,Buena,derrotas,,,player2,True,False,False
2.6923076923076925,0,12.0,0.01,0.02,0.0,1,140.0,1710,0.0,201,1509,177.0,0.2,1.44,33.3,1.21,89.0,0.25,51.0,15.0,177.0,0.0,141.0,75.0,5.0,Valentina Ivanov,Camila Rodero,W15 Kamen (Alemania),2026-06-24,Clay,Excelente,derrotas,Mala,derrotas,,,player1,True,False,False
0.24427480916030533,1,7.0,0.0,0.03,0.0,1,32.0,1566,0.0,16,1550,144.0,0.25,1.28,53.3,1.37,-98.0,0.27,130.0,9.0,144.0,0.0,200.0,45.0,11.0,Vicky Van De Peer,Daniela Ciobanu,W15 Kamen (Alemania),2026-06-24,Clay,Regular,derrotas,Regular,victorias,,,player2,True,False,False
0.6864406779661016,7,10.0,0.03,0.03,11.450000000000001,2,81.0,1478,0.41,-144,1622,147.0,0.27,1.02,50.0,1.33,-36.0,0.27,117.0,6.0,147.0,4.2250000000000005,159.0,30.0,14.0,Sonja Zhenikhova,Marie Weckerle,W15 Kamen (Alemania),2026-06-24,Clay,Mala,derrotas,Regular,derrotas,,,player1,True,False,False
0.9878048780487805,0,5.0,0.08,0.0,0.0,3,81.0,1446,0.0,-301,1747,159.0,0.26,0.98,75.0,1.54,0.0,0.17,81.0,2.0,159.0,0.0,159.0,20.0,8.0,Lola Giza,Eva Marie Voracek,W15 Kamen (Alemania),2026-06-24,Clay,Mala,derrotas,Excelente,derrotas,,,player2,True,False,False
1.0384615384615385,1,12.0,0.0,0.04,0.0,3,81.0,1627,0.0,91,1536,161.0,0.26,1.28,40.0,1.25,4.0,0.27,77.0,9.0,161.0,0.0,159.0,45.0,11.0,Josy Daems,Alice Soulie,W15 Kamen (Alemania),2026-06-24,Clay,Regular,derrotas,Regular,derrotas,,,player1,True,False,False
2.4634146341463414,1,3.0,0.23,0.0,0.0,0,202.0,1451,0.0,-179,1630,159.0,0.27,1.21,57.1,1.39,121.0,0.25,81.0,7.0,159.0,0.0,132.0,35.0,13.0,Milana Maslenkova,Sophie Greiner,W15 Kamen (Alemania),2026-06-24,Clay,Mala,derrotas,Regular,derrotas,,,player2,True,False,False
0.9696969696969697,1,1.0,0.0,0.05,0.0,3,32.0,1614,0.0,131,1483,200.0,0.0,1.31,0.0,0.0,0.0,0.16,32.0,10.0,200.0,0.0,200.0,50.0,10.0,Emilien Demanet,Felix Romeo,M25 Brussels (Bélgica),2026-06-24,Clay,Regular,derrotas,Mala,derrotas,,,player1,True,False,False
1.0384615384615385,5,17.0,0.0,0.04,0.0,3,81.0,1683,0.0,314,1369,161.0,0.23,1.36,15.0,0.85,4.0,0.15,77.0,11.0,161.0,13.950600000000001,159.0,55.0,9.0,Marvin Moeller,Leo Deflandre,M25 Brussels (Bélgica),2026-06-24,Clay,Regular,derrotas,Mala,derrotas,,,player1,True,False,False
1.2195121951219512,1,6.0,0.06,0.03,3.0,2,100.0,1358,0.18,-321,1679,159.0,0.09,0.73,70.0,1.14,19.0,0.17,81.0,4.0,159.0,0.0,152.0,20.0,16.0,Yuichiro Inui,Max Wiskandt,M25 Brussels (Bélgica),2026-06-24,Clay,Mala,derrotas,Buena,derrotas,,,player2,True,False,False
2.3333333333333335,4,12.0,0.02,0.11,0.0,0,182.0,1750,0.0,213,1537,161.0,0.18,0.87,40.0,0.61,105.0,0.48,77.0,15.0,161.0,6.5235,134.0,75.0,5.0,Dylan Dietrich,Adan Freire Da Silva,M25 Brussels (Bélgica),2026-06-24,Clay,Excelente,derrotas,Regular,derrotas,,,player1,True,False,False
2.3333333333333335,0,1.0,0.0,0.0,0.0,2,77.0,1500,0.0,-10,1510,200.0,0.09,0.0,50.0,1.32,45.0,0.0,32.0,4.922917805760421,200.0,0.0,161.0,24.614589028802104,7.7690119829205795,Theo Mottier,Noah Martens,M25 Brussels (Bélgica),2026-06-24,Clay,,,Regular,derrotas,,,player2,True,False,False
0.9696969696969697,0,11.0,0.01,0.0,0.0,3,32.0,1500,0.0,-26,1526,200.0,0.16,0.0,45.0,1.29,0.0,0.0,32.0,4.394550777739296,200.0,0.0,200.0,24.09538768803507,10.657256087270152,Dorian Verrue,Harold Huens,M25 Brussels (Bélgica),2026-06-24,Clay,,,Regular,derrotas,,,player2,True,False,False
0.31683168316831684,0,15.0,0.06,0.0,0.0,1,32.0,1483,0.0,52,1431,152.0,0.22,0.0,25.0,1.13,-68.0,0.0,100.0,0.0,152.0,0.0,200.0,0.0,1.0,David Tixhon,Tomohiro Masabayashi,M25 Brussels (Bélgica),2026-06-24,Clay,Mala,derrotas,Mala,derrotas,,,player1,True,False,False
2.127659574468085,0,13.0,0.02,0.0,0.0,0,200.0,1466,0.0,-52,1518,154.0,0.0,1.12,35.0,1.21,107.0,0.0,93.0,2.0,154.0,0.0,132.0,25.0,6.0,Cyrus Mahjoob,Rethin Pranav Senthil Kumar,M15 Kayseri 6 (Turquía),2026-06-24,Hard,Mala,derrotas,Mala,derrotas,,,player2,False,False,True
0.2708333333333333,0,8.0,0.01,0.01,0.0,0,52.0,1418,0.0,-194,1612,133.0,0.0,1.06,60.0,1.37,-139.0,0.09,191.0,4.0,133.0,0.0,176.0,20.0,16.0,Fumin Jiang,Kerem Yilmaz,M15 Kayseri 6 (Turquía),2026-06-24,Hard,Mala,derrotas,Buena,derrotas,,,player2,False,False,True
0.9947916666666666,0,5.0,0.0,0.01,0.0,3,191.0,1521,0.0,86,1435,133.0,0.0,1.32,16.7,1.01,0.0,0.0,191.0,2.0,133.0,0.0,133.0,50.0,2.0,Cem Christopher Kucukhuseyin,Birtan Duran,M15 Kayseri 6 (Turquía),2026-06-24,Hard,Regular,derrotas,Mala,derrotas,,,player2,False,False,True
1.0416666666666667,0,12.0,0.0,0.0,0.0,3,200.0,1483,0.0,53,1430,133.0,0.0,0.0,20.0,1.06,9.0,0.0,191.0,0.0,133.0,0.0,132.0,0.0,1.0,Roman Sancilio,Cagan Efe Tufekci,M15 Kayseri 6 (Turquía),2026-06-24,Hard,Mala,derrotas,Mala,derrotas,,,player1,False,False,True
0.859375,2,15.0,0.0,0.02,0.0,2,165.0,1587,0.0,169,1418,133.0,0.0,1.29,25.0,1.1,-26.0,0.23,191.0,10.0,133.0,7.4750000000000005,137.0,50.0,10.0,Anmar Faleh Alhogbani,Bora Sengul,M15 Kayseri 6 (Turquía),2026-06-24,Hard,Regular,derrotas,Mala,derrotas,,,player2,False,False,True
0.38308457711442784,0,8.39754742119168,0.0,0.01,0.0,0,77.0,1467,0.0,-33,1500,132.0,0.0,1.14,31.540674459172287,0.0,-123.0,0.0,200.0,7.0,132.0,0.0,161.0,36.8,12.0,Theo Herrmann,Matias Reyniak,M15 Kayseri 6 (Turquía),2026-06-24,Hard,Mala,derrotas,,,,,player1,False,False,True
0.5202702702702703,1,14.0,0.0,0.0,0.0,1,77.0,1468,0.0,12,1456,140.0,0.17,1.2,30.0,1.16,-70.0,0.14,147.0,7.0,140.0,1.2349999999999997,161.0,35.0,13.0,Loan Lestir,Muzammil Murtaza,M15 Kayseri 6 (Turquía),2026-06-24,Hard,Mala,derrotas,Mala,derrotas,,,player1,False,False,True
0.40298507462686567,1,9.0,0.01,0.01,0.0,0,81.0,1486,0.0,-146,1632,132.0,0.12,1.11,55.0,1.43,-119.0,0.23,200.0,7.0,132.0,0.0,159.0,35.0,13.0,Rafael Giotis,Keshav Chopra,M15 Kayseri 6 (Turquía),2026-06-24,Hard,Mala,derrotas,Regular,derrotas,,,player2,False,False,True
2.448717948717949,4,7.0,0.04,0.01,27.950000000000003,0,191.0,1497,0.21,-201,1698,161.0,0.18,1.21,65.0,1.34,114.0,0.14,77.0,8.0,161.0,0.0,133.0,40.0,12.0,Melih Anavatan,Nicolas Tepmahc,M15 Kayseri 6 (Turquía),2026-06-24,Hard,Regular,derrotas,Buena,derrotas,,,player2,False,False,True
21.22222222222222,2,11.0,0.01,0.01,0.0,0,191.0,1457,0.0,-8,1465,319.0,0.0,1.24,45.0,1.17,183.0,0.18,8.0,6.0,319.0,3.0875,133.0,30.0,14.0,Selina Atay,Alisa Vasileva,W15 Kayseri 6 (Turquía),2026-06-24,Hard,Mala,derrotas,Regular,derrotas,,,player1,False,False,True
0.421875,0,6.0,0.03,0.0,0.0,0,81.0,1430,0.0,-224,1654,133.0,0.16,1.08,70.0,1.52,-110.0,0.23,191.0,6.0,133.0,0.0,159.0,30.0,14.0,Sophia Ksandinov,Irem Kurt,W15 Kayseri 6 (Turquía),2026-06-24,Hard,Mala,derrotas,Buena,derrotas,,,player2,False,False,True
3.6037735849056602,1,5.0,0.12,0.05,1.69,0,191.0,1630,0.06,-154,1784,176.0,0.24,1.05,75.0,0.99,139.0,0.26,52.0,10.0,176.0,0.0,133.0,50.0,10.0,Ilay Yoruk,Lan Mi,W15 Kayseri 6 (Turquía),2026-06-24,Hard,Regular,derrotas,Excelente,derrotas,,,player2,False,False,True
2.0105263157894737,0,1.0,0.0,0.09,0.0,1,191.0,1640,0.0,157,1483,154.0,0.0,1.39,0.0,0.0,97.0,0.27,94.0,13.0,154.0,0.0,133.0,65.0,7.0,Duru Soke,Hana Shabanpour,W15 Kayseri 6 (Turquía),2026-06-24,Hard,Buena,derrotas,Mala,derrotas,,,player1,False,False,True
0.9701492537313433,0,4.0,0.0,0.04,0.0,3,195.0,1570,0.0,93,1477,132.0,0.18,1.25,20.0,1.06,-5.0,0.25,200.0,8.0,132.0,0.0,133.0,40.0,12.0,Kateryna Lazarenko,Allison Nicole Isaacs,W15 Kayseri 6 (Turquía),2026-06-24,Hard,Regular,derrotas,Mala,derrotas,,,player1,False,False,True
1.854368932038835,7,14.0,0.01,0.01,12.75,1,191.0,1496,0.2,27,1469,151.0,0.24,1.13,30.0,1.09,89.0,0.27,102.0,7.0,151.0,6.2804,133.0,35.0,13.0,Doga Turkmen,Sandugash Kenzhibayeva,W15 Kayseri 6 (Turquía),2026-06-24,Hard,Mala,derrotas,Mala,derrotas,,,player1,False,False,True
0.125,2,5.0,0.0,0.07,1.69,0,24.0,1686,0.05,198,1488,133.0,0.19,1.01,28.6,0.85,-167.0,0.2,191.0,13.0,133.0,8.486500000000001,217.0,65.0,7.0,Alana Subasic,Berrak Kocak,W15 Kayseri 6 (Turquía),2026-06-24,Hard,Buena,derrotas,Mala,derrotas,,,player1,False,False,True
0.9893617021276596,1,4.0,0.0,0.01,0.0,3,93.0,1383,0.0,-77,1460,154.0,0.2,1.03,0.0,0.0,0.0,0.26,93.0,5.0,154.0,0.0,154.0,25.0,15.0,Prathyusha Rachapudi,Jannat Chiripal,W15 Kayseri 6 (Turquía),2026-06-24,Hard,Mala,derrotas,Mala,derrotas,,,player1,False,False,True
0.9936708860759493,6,11.0,0.06,0.0,68.25,3,157.0,1391,0.71,-273,1664,138.0,0.27,0.93,45.0,1.32,0.0,0.27,157.0,4.0,138.0,0.0,138.0,20.0,16.0,Alexandra Irina Anghel,Eva Maria Ionescu,W15 Galati (Rumanía),2026-06-24,Clay,Mala,derrotas,Regular,derrotas,,,player2,True,False,False
1.53125,3,13.0,0.03,0.01,0.0,2,98.0,1554,0.0,1,1553,168.0,0.24,1.22,35.0,1.18,35.0,0.27,63.0,8.0,168.0,11.581700000000001,152.0,40.0,12.0,Chiara Fornasieri,Laura Brunkel,W15 Galati (Rumanía),2026-06-24,Clay,Regular,derrotas,Mala,derrotas,,,player1,True,False,False
0.9936708860759493,3,9.0,0.03,0.15,0.0,3,157.0,1879,0.0,226,1653,138.0,0.27,1.41,55.0,1.19,0.0,0.27,157.0,12.0,138.0,42.2872,138.0,60.0,8.0,Lavinia Tanasie,Sara Victoria Balan,W15 Galati (Rumanía),2026-06-24,Clay,Buena,derrotas,Regular,derrotas,,,player2,True,False,False
0.879746835443038,3,8.0,0.07,0.0,0.0,2,139.0,1466,0.0,-300,1766,138.0,0.27,1.05,60.0,1.47,-18.0,0.27,157.0,6.0,138.0,28.5639,142.0,30.0,14.0,Melissa Boyden,Diana-Ioana Simionescu,W15 Galati (Rumanía),2026-06-24,Clay,Mala,derrotas,Buena,derrotas,,,player2,True,False,False
0.9936708860759493,3,5.0,0.0,0.05,0.0,3,157.0,1673,0.0,220,1453,138.0,0.0,1.24,16.7,1.05,0.0,0.27,157.0,13.0,138.0,14.990900000000002,138.0,65.0,7.0,Anamaria Federica Oana,Andreea Diana Soare,W15 Galati (Rumanía),2026-06-24,Clay,Buena,derrotas,Mala,derrotas,,,player1,True,False,False
0.7929292929292929,1,10.0,0.06,0.01,3.25,2,157.0,1562,0.23,-36,1598,132.0,0.48,1.0,50.0,1.17,-40.0,0.48,197.0,8.0,132.0,0.0096,138.0,40.0,12.0,Alexia Iulia Marginean,Allegra Korpanec Davies,W15 Galati (Rumanía),2026-06-24,Clay,Regular,derrotas,Regular,derrotas,,,player2,True,False,False
0.9936708860759493,1,10.0,0.03,0.0,8.450000000000001,3,157.0,1497,0.34,-124,1621,138.0,0.27,1.2,50.0,1.31,0.0,0.09,157.0,1.0,138.0,0.0,138.0,33.3,2.0,Teodora Miron,Cristiana Nicoleta Todoni,W15 Galati (Rumanía),2026-06-24,Clay,Mala,derrotas,Regular,derrotas,,,player2,True,False,False
0.9936708860759493,0,7.0,0.06,0.0,0.0,3,157.0,1460,0.0,-189,1649,138.0,0.27,1.06,65.0,1.5,0.0,0.18,157.0,3.0,138.0,0.0,138.0,27.3,8.0,Sofia Maria Barbulescu,Giulia Safina Popa,W15 Galati (Rumanía),2026-06-24,Clay,Mala,derrotas,Buena,derrotas,,,player2,True,False,False
0.620253164556962,0,11.0,0.02,0.03,0.0,1,98.0,1618,0.0,47,1571,138.0,0.27,1.42,45.0,1.2,-59.0,0.25,157.0,10.0,138.0,0.0,152.0,50.0,10.0,Enola Chiesa,Irina Fetecau,W15 Galati (Rumanía),2026-06-24,Clay,Regular,derrotas,Regular,derrotas,,,player2,True,False,False
0.14450867052023122,3,12.0,0.01,0.0,0.0,0,25.0,1389,0.0,-120,1509,136.0,0.16,0.88,40.0,1.31,-147.0,0.0,172.0,3.0,136.0,9.467500000000001,215.0,15.0,17.0,Jonas Gundacker,Aljaz Jeran,M15 Slovenska Bistrica (Eslovenia),2026-06-24,Clay,Mala,derrotas,Regular,derrotas,,,player2,True,False,False
6.961538461538462,3,15.0,0.0,0.01,6.5,0,181.0,1600,0.26,192,1408,215.0,0.0,1.38,25.0,1.01,156.0,0.0,25.0,10.0,215.0,1.5,135.0,50.0,10.0,John Hallquist Lithen,Niklas Waldner,M15 Slovenska Bistrica (Eslovenia),2026-06-24,Clay,Regular,derrotas,Mala,derrotas,,,player1,True,False,False
1.7373737373737375,0,14.0,0.01,0.0,0.0,1,172.0,1500,0.0,84,1416,152.0,0.13,0.0,30.0,1.09,74.0,0.0,98.0,7.000000000000001,152.0,0.0,136.0,35.00000000000001,13.000000000000002,Nik Miković,Maximilian Figl,M15 Slovenska Bistrica (Eslovenia),2026-06-24,Clay,,,Mala,derrotas,,,player1,True,False,False
1.046242774566474,1,12.0,0.0,0.0,0.0,3,181.0,1499,0.0,24,1475,136.0,0.0,1.13,29.4,1.24,9.0,0.0,172.0,7.0,136.0,6.2753,135.0,36.8,12.0,Melvin Kumar,Mak Mikovic,M15 Slovenska Bistrica (Eslovenia),2026-06-24,Clay,Mala,derrotas,Mala,derrotas,,,player2,True,False,False
0.1366120218579235,0,16.0,0.01,0.0,0.0,0,25.0,1428,0.0,9,1419,134.0,0.0,0.0,20.0,0.98,-157.0,0.0,182.0,0.0,134.0,0.0,215.0,0.0,5.0,Benedikt Szerencsits,Nicolas Parizzia,M15 Slovenska Bistrica (Eslovenia),2026-06-24,Clay,Mala,derrotas,Mala,derrotas,,,player2,True,False,False
0.34065934065934067,1,12.0,0.0,0.02,0.0,0,62.0,1525,0.0,112,1413,135.0,0.0,1.3,25.0,1.03,-119.0,0.0,181.0,7.0,135.0,0.0,169.0,35.0,13.0,Denis Petak,Oskar Jansson,M15 Slovenska Bistrica (Eslovenia),2026-06-24,Clay,Mala,derrotas,Mala,derrotas,,,player1,True,False,False
0.4682080924855491,1,4.0,0.0,0.02,0.0,1,81.0,1643,0.0,212,1431,136.0,0.0,1.35,0.0,0.0,-91.0,0.0,172.0,12.0,136.0,0.0091,159.0,60.0,8.0,Maximilian Homberg,Marko Retelj,M15 Slovenska Bistrica (Eslovenia),2026-06-24,Clay,Buena,derrotas,Mala,derrotas,,,player1,True,False,False
0.34065934065934067,1,13.0,0.02,0.02,4.75,0,62.0,1523,0.23,29,1494,135.0,0.16,1.28,35.0,1.21,-119.0,0.0,181.0,9.0,135.0,0.0,169.0,45.0,11.0,Stepan Baum,Nikola Slavic,M15 Slovenska Bistrica (Eslovenia),2026-06-24,Clay,Regular,derrotas,Mala,derrotas,,,player2,True,False,False
1.2222222222222223,1,12.0,0.01,0.05,0.0,2,77.0,1622,0.0,143,1479,169.0,0.35,1.2,40.0,0.97,15.0,0.47,62.0,9.0,169.0,1.95,161.0,45.0,11.0,Chloe Paquet,Amy Sucha,W50 Gdansk (Polonia),2026-06-24,Clay,Regular,derrotas,Regular,derrotas,,,player1,True,False,False
2.081081081081081,10,8.0,0.03,0.04,25.85,1,154.0,1584,0.61,-72,1656,163.0,0.27,1.2,60.0,1.16,81.0,0.23,73.0,7.0,163.0,0.0,139.0,35.0,13.0,Daria Kuczer,Elena Malygina,W50 Gdansk (Polonia),2026-06-24,Clay,Mala,derrotas,Buena,derrotas,,,player1,True,False,False
0.4,12,9.0,0.05,0.03,10.8,1,62.0,1618,0.52,-70,1688,139.0,0.26,0.85,55.0,0.87,-92.0,0.24,154.0,10.0,139.0,10.1222,169.0,50.0,10.0,Ivana Sebestova,Weronika Falkowska,W50 Gdansk (Polonia),2026-06-24,Clay,Regular,derrotas,Regular,derrotas,,,player2,True,False,False
2.2063492063492065,6,10.0,0.04,0.15,9.950000000000001,1,139.0,1749,0.34,75,1674,169.0,0.24,0.89,50.0,0.98,77.0,0.27,62.0,13.0,169.0,11.278,142.0,65.0,7.0,Britt Du Pree,Julie Pastikova,W50 Gdansk (Polonia),2026-06-24,Clay,Buena,derrotas,Regular,derrotas,,,player1,True,False,False
1.9285714285714286,1,15.0,0.03,0.15,0.0,2,81.0,1813,0.0,299,1514,187.0,0.27,1.22,25.0,0.71,40.0,0.24,41.0,15.0,187.0,0.0,159.0,75.0,5.0,Joelle Lilly Sophie Steur,Lia Karatancheva,W50 Gdansk (Polonia),2026-06-24,Clay,Excelente,victorias,Mala,derrotas,,,player1,True,False,False
0.7857142857142857,7,7.0,0.04,0.07,18.625,2,154.0,1597,0.47,-106,1703,133.0,0.25,1.09,65.0,1.41,-41.0,0.27,195.0,8.0,133.0,0.0,139.0,40.0,12.0,Marcelina Podlinska,Anastasiia Sobolieva,W50 Gdansk (Polonia),2026-06-24,Clay,Regular,derrotas,Buena,derrotas,,,player2,True,False,False
1.0129032258064516,4,10.0,0.04,0.05,3.0,3,157.0,1517,0.24,-132,1649,139.0,0.27,1.0,50.0,1.36,3.0,0.27,154.0,5.0,139.0,7.1467,138.0,25.0,15.0,Miriam Bianca Bulgaru,Weronika Ewald,W50 Gdansk (Polonia),2026-06-24,Clay,Mala,derrotas,Regular,derrotas,,,player2,True,False,False
1.6333333333333333,8,13.0,0.04,0.08,13.85,2,98.0,1715,0.46,120,1595,171.0,0.26,0.95,35.0,0.82,39.0,0.25,59.0,14.0,171.0,11.2704,152.0,70.0,6.0,Sofia Rocchetti,Lea Boskovic,W35 Tarvisio (Italia),2026-06-24,Clay,Buena,derrotas,Mala,derrotas,,,player1,True,False,False
4.526315789473684,8,15.0,0.0,0.0,16.25,0,172.0,1316,0.4,-94,1410,192.0,0.19,0.81,25.0,1.05,135.0,0.19,37.0,2.0,192.0,3.25,136.0,10.0,18.0,Matic Dimic,Drazen Petrovic,M25 Zagreb (Croacia),2026-06-24,Clay,Mala,derrotas,Mala,derrotas,,,player1,True,False,False
0.4166666666666667,5,11.0,0.01,0.04,2.375,2,25.0,1657,0.17,128,1529,171.0,0.18,1.34,45.0,1.13,-34.0,0.17,59.0,10.0,171.0,10.147,215.0,50.0,10.0,Sebastian Sorger,Vito Tonejc,M25 Zagreb (Croacia),2026-06-24,Clay,Regular,derrotas,Regular,derrotas,,,player1,True,False,False
4.875,0,12.0,0.0,0.01,0.0,0,195.0,1531,0.0,31,1500,190.0,0.0,1.25,39.99999999999999,0.0,156.0,0.0,39.0,7.0,190.0,0.0,133.0,38.9,11.0,Glib Sekachov,Eduardo Lage,M25 Zagreb (Croacia),2026-06-24,Clay,Mala,derrotas,,,,,player1,True,False,False
0.9833333333333333,3,7.0,0.03,0.0,16.900000000000002,3,59.0,1379,0.38,-283,1662,171.0,0.09,0.66,65.0,1.19,0.0,0.18,59.0,4.0,171.0,3.25,171.0,20.0,16.0,Bozo Barun,Noa Vukadin,M25 Zagreb (Croacia),2026-06-24,Clay,Mala,derrotas,Buena,derrotas,,,player1,True,False,False
0.5210084033613446,0,9.0,0.03,0.0,0.0,1,62.0,1478,0.0,-156,1634,146.0,0.25,1.21,55.0,1.35,-56.0,0.0,118.0,2.0,146.0,0.0,169.0,33.3,4.0,Jan Facek,Kalin Ivanovski,M25 Zagreb (Croacia),2026-06-24,Clay,Mala,derrotas,Regular,derrotas,,,player2,True,False,False
0.4567901234567901,1,12.0,0.0,0.01,0.0,2,37.0,1440,0.0,-145,1585,159.0,0.23,1.08,40.0,1.25,-43.0,0.21,80.0,4.0,159.0,0.0,192.0,22.2,14.0,Ivan Biletic,Saba Purtseladze,M25 Zagreb (Croacia),2026-06-24,Clay,Mala,derrotas,Regular,derrotas,,,player2,True,False,False
0.98989898989899,3,14.0,0.01,0.01,10.725000000000001,3,98.0,1436,0.32,-13,1449,152.0,0.0,1.01,30.0,1.22,0.0,0.17,98.0,5.0,152.0,6.5725999999999996,152.0,25.0,15.0,Silvio Mencaglia,Antonio Caruso,M15 Bergamo (Italia),2026-06-24,Clay,Mala,derrotas,Mala,derrotas,,,player2,True,False,False
0.98989898989899,9,8.0,0.03,0.02,15.55,3,98.0,1665,0.48,39,1626,152.0,0.15,1.24,60.0,1.22,0.0,0.21,98.0,13.0,152.0,17.2697,152.0,65.0,7.0,Stefano D'Agostino,Federico Iannaccone,M15 Bergamo (Italia),2026-06-24,Clay,Buena,derrotas,Buena,derrotas,,,player2,True,False,False
1.8383838383838385,2,8.0,0.02,0.01,1.5,1,182.0,1528,0.12,-104,1632,152.0,0.09,1.27,60.0,1.35,84.0,0.0,98.0,9.0,152.0,0.0,134.0,45.0,11.0,Flynn Thomas,Giorgio Tabacco,M15 Bergamo (Italia),2026-06-24,Clay,Regular,derrotas,Buena,derrotas,,,player2,True,False,False
0.98989898989899,0,11.0,0.01,0.02,0.0,3,98.0,1538,0.0,-34,1572,152.0,0.17,1.27,45.0,1.29,0.0,0.0,98.0,5.0,152.0,0.0,152.0,41.7,7.0,Lorenzo Berto,Manuel Plunger,M15 Bergamo (Italia),2026-06-24,Clay,Regular,derrotas,Regular,derrotas,,,player2,True,False,False
0.8181818181818182,6,10.0,0.09,0.13,16.26,2,81.0,1733,0.39,36,1697,152.0,0.6,0.78,50.0,0.54,-17.0,0.43,98.0,13.0,152.0,4.55,159.0,65.0,7.0,Niels McDonald,Francesco Passaro,Targu Mures (Rumanía),2026-06-24,Clay,Buena,victorias,Regular,derrotas,,,player1,True,False,False
0.4350282485875706,0,2.0,0.22,0.03,0.0,1,77.0,1574,0.0,-261,1835,135.0,0.23,0.63,90.0,0.94,-99.0,0.5,176.0,7.0,135.0,0.0,161.0,35.0,13.0,Sascha Gueymard Wayenburg,Max Alcala Gurri,Targu Mures (Rumanía),2026-06-24,Clay,Mala,victorias,Excelente,victorias,,,player2,True,False,False
1.2857142857142858,9,7.0,0.07,0.04,6.25,2,81.0,1584,0.3,-102,1686,169.0,0.24,1.03,65.0,1.4,19.0,0.25,62.0,7.0,169.0,3.9734,159.0,35.0,13.0,Marko Topo,Martin Krumich,Targu Mures (Rumanía),2026-06-24,Clay,Mala,derrotas,Buena,victorias,,,player2,True,False,False
0.5959595959595959,8,8.0,0.04,0.03,13.85,2,59.0,1604,0.4,-36,1640,152.0,0.18,1.18,60.0,1.29,-39.0,0.21,98.0,9.0,152.0,4.7665,171.0,45.0,11.0,Duje Ajdukovic,Franco Agamenone,Targu Mures (Rumanía),2026-06-24,Clay,Regular,derrotas,Buena,victorias,,,player1,True,False,False
1.1808510638297873,13,13.0,0.04,0.02,2.8,2,111.0,1548,0.19,-30,1578,154.0,0.26,1.01,35.0,1.14,18.0,0.23,93.0,8.0,154.0,25.5171,148.0,40.0,12.0,Benjamin Hassan,Sumit Nagal,Targu Mures (Rumanía),2026-06-24,Clay,Regular,derrotas,Mala,derrotas,,,player2,True,False,False
0.8076923076923077,0,10.953222669141134,0.0,0.04,0.0,2,63.0,1693,0.0,193,1500,161.0,0.0,1.29,29.303104758844988,0.0,-14.0,0.27,77.0,10.0,161.0,0.0,168.0,50.0,10.0,Elmer Moller,Felix Balshaw,Targu Mures (Rumanía),2026-06-24,Clay,Regular,derrotas,,,,,player1,True,False,False
0.8076923076923077,0,10.953222669141134,0.0,0.04,0.0,2,63.0,1693,0.0,193,1500,161.0,0.0,1.29,29.303104758844988,0.0,-14.0,0.27,77.0,10.0,161.0,0.0,168.0,50.0,10.0,Elmer Moller,Felix Balshaw,Targu Mures (Rumanía),2026-06-24,Clay,Regular,derrotas,,,,,player1,True,False,False
0.8076923076923077,0,10.953222669141134,0.0,0.04,0.0,2,63.0,1693,0.0,193,1500,161.0,0.0,1.29,29.303104758844988,0.0,-14.0,0.27,77.0,10.0,161.0,0.0,168.0,50.0,10.0,Elmer Moller,Felix Balshaw,Targu Mures (Rumanía),2026-06-24,Clay,Regular,derrotas,,,,,player2,True,False,False
0.975609756097561,0,10.0,0.05,0.0,0.0,3,80.0,1483,0.0,-107,1590,159.0,0.22,0.0,50.0,1.32,-1.0,0.17,81.0,0.0,159.0,0.0,159.0,0.0,2.0,Tinatini Mtvarelishvili,Karla Bartel,W15 Monastir 19 (Túnez),2026-06-24,Hard,Mala,derrotas,Regular,derrotas,,,player2,False,False,True
21.032850934167183,2,13.0,0.02,0.02,0.0,0,189.29565840750467,1534,0.0,6,1528,319.0,0.26,1.15,35.0,1.27,181.29565840750467,0.25,8.0,9.0,319.0,7.7838,133.189371288055,45.0,11.0,Talia Neilson Gatenby,Maria Andrienko,W15 Monastir 19 (Túnez),2026-06-24,Hard,Regular,derrotas,Mala,derrotas,,,player2,False,False,True
0.2558139534883721,1,13.0,0.0,0.04,0.0,0,77.0,1590,0.0,186,1404,123.0,0.16,1.33,13.3,0.86,-223.0,0.27,300.0,8.0,123.0,6.5248,161.0,40.0,12.0,Alyssa Reguer,Sarah Victoria Majesty Nita,W15 Monastir 19 (Túnez),2026-06-24,Hard,Regular,derrotas,Mala,derrotas,,,player1,False,False,True
2.402439024390244,1,14.0,0.02,0.01,0.0,0,197.0,1455,0.0,-40,1495,159.0,0.23,1.16,30.0,1.16,116.0,0.12,81.0,6.0,159.0,0.0,132.0,30.0,14.0,Lois Newberry,Anja Wildgruber,W15 Monastir 19 (Túnez),2026-06-24,Hard,Mala,derrotas,Mala,derrotas,,,player2,False,False,True
0.96875,0,10.0,0.02,0.0,0.0,3,62.0,1459,0.0,-147,1606,168.0,0.2,1.09,50.0,1.32,-1.0,0.18,63.0,2.0,168.0,0.0,169.0,22.2,7.0,Lenka Munzarova,Elena Jamshidi,W15 Monastir 19 (Túnez),2026-06-24,Hard,Mala,derrotas,Regular,derrotas,,,player1,False,False,True
0.6576576576576577,0,8.0,0.01,0.0,0.0,2,73.0,1394,0.0,-85,1479,149.0,0.15,0.99,33.3,1.2,-37.0,0.12,110.0,2.0,149.0,0.0,163.0,15.4,11.0,Carol Plakk,Daniela Darta Feldmane,W15 Monastir 19 (Túnez),2026-06-24,Hard,Mala,derrotas,Mala,derrotas,,,player2,False,False,True
1.0869565217391304,1,16.0,0.03,0.0,0.0,3,25.0,1451,0.0,-12,1463,223.0,0.27,0.0,20.0,1.05,3.0,0.0,22.0,0.0,223.0,0.0,215.0,0.0,3.0,Livia Keller,Lourdes Ayala,W15 Monastir 19 (Túnez),2026-06-24,Hard,Mala,derrotas,Mala,derrotas,,,player2,False,False,True
0.5130890052356021,0,2.0,0.0,0.01,0.0,1,98.0,1423,0.0,-75,1498,133.0,0.13,1.08,33.3,1.29,-92.0,0.21,190.0,6.0,133.0,0.0,152.0,30.0,14.0,Francesca Dell'Edera,Sarra Attig,W15 Monastir 19 (Túnez),2026-06-24,Hard,Mala,derrotas,Mala,derrotas,,,player1,False,False,True
0.0851063829787234,4,12.0,0.02,0.03,4.2250000000000005,1,8.0,1609,0.11,93,1516,154.0,0.27,1.27,40.0,1.21,-85.0,0.27,93.0,10.0,154.0,5.199999999999999,319.0,50.0,10.0,Arina Arifullina,Tanisha Kashyap,W15 Monastir 19 (Túnez),2026-06-24,Hard,Regular,derrotas,Regular,derrotas,,,player1,False,False,True
0.9935483870967742,0,10.17344621625374,0.0,0.0,0.0,3,154.0,1471,0.0,-29,1500,139.0,0.0,1.14,33.3579862409227,0.0,0.0,0.0,154.0,4.0,139.0,0.0,139.0,26.7,11.0,Adam Majchrzak,Jakub Januchowski,M15 Rzeszow (Polonia),2026-06-24,Clay,Mala,derrotas,,,,,player1,True,False,False
1.2580645161290323,1,1.0,0.0,0.08,0.0,2,195.0,1669,0.0,186,1483,139.0,0.0,1.38,0.0,0.0,41.0,0.12,154.0,13.0,139.0,6.5223,133.0,65.0,7.0,Vladyslav Orlov,Mateusz Miton,M15 Rzeszow (Polonia),2026-06-24,Clay,Buena,derrotas,Mala,derrotas,,,player1,True,False,False
0.8953488372093024,2,18.0,0.01,0.01,1.5,2,154.0,1430,0.12,58,1372,136.0,0.12,1.2,10.0,0.86,-17.0,0.12,171.0,7.0,136.0,0.0,139.0,35.0,13.0,Oskar Grzegorzewski,Tomas Lanik,M15 Rzeszow (Polonia),2026-06-24,Clay,Mala,derrotas,Mala,derrotas,,,player2,True,False,False
1.3243243243243243,0,9.0,0.01,0.01,0.0,2,98.0,1377,0.0,-255,1632,163.0,0.23,1.04,55.0,1.51,25.0,0.23,73.0,5.0,163.0,0.0,152.0,25.0,15.0,Lorenzo Ferri,Markus Molder,M15 Rzeszow (Polonia),2026-06-24,Clay,Mala,derrotas,Regular,derrotas,,,player2,True,False,False
0.8051948051948052,0,14.0,0.0,0.01,0.0,2,62.0,1528,0.0,36,1492,161.0,0.09,1.35,30.0,1.09,-14.0,0.09,76.0,8.0,161.0,0.0,169.0,40.0,12.0,Jonas Kucera,Oskari Paldanius,M15 Rzeszow (Polonia),2026-06-24,Clay,Regular,derrotas,Mala,derrotas,,,player2,True,False,False
0.896774193548387,0,9.0,0.0,0.0,0.0,2,139.0,1397,0.0,-15,1412,139.0,0.0,1.03,18.2,1.04,-15.0,0.12,154.0,3.0,139.0,0.0,142.0,17.6,14.0,Jim Hendrikx,Jan Wygona,M15 Rzeszow (Polonia),2026-06-24,Clay,Mala,derrotas,Mala,derrotas,,,player1,True,False,False
1.9594594594594594,5,11.0,0.02,0.0,10.75,1,145.0,1425,0.45,-107,1532,163.0,0.23,1.21,45.0,1.14,72.0,0.0,73.0,6.0,163.0,0.0,140.0,30.0,14.0,Leyton Rivera,Kristjan Tamm,M15 Rzeszow (Polonia),2026-06-24,Clay,Mala,derrotas,Regular,derrotas,,,player1,True,False,False
1.2857142857142858,1,15.0,0.01,0.0,0.0,2,81.0,1548,0.0,104,1444,169.0,0.0,1.31,25.0,1.12,19.0,0.18,62.0,10.0,169.0,0.0,159.0,50.0,10.0,Stefan Seifert,Patrik Homola,M15 Rzeszow (Polonia),2026-06-24,Clay,Regular,derrotas,Mala,derrotas,,,player1,True,False,False
1.9898989898989898,0,11.0,0.02,0.0,0.0,1,197.0,1377,0.0,-176,1553,152.0,0.18,1.04,45.0,1.38,99.0,0.0,98.0,5.0,152.0,0.0,132.0,25.0,15.0,Benjamin Gusic Wan,Andrea Colombo,M15 Monastir 24 (Túnez),2026-06-24,Hard,Mala,derrotas,Regular,derrotas,,,player2,False,False,True
0.9595959595959596,0,13.0,0.01,0.0,0.0,3,190.0,1344,0.0,-128,1472,132.0,0.0,0.0,35.0,1.21,-7.0,0.0,197.0,0.0,132.0,0.0,133.0,0.0,12.0,Ibrahim Snoussi,Ali Habib,M15 Monastir 24 (Túnez),2026-06-24,Hard,Mala,derrotas,Mala,derrotas,,,player2,False,False,True
0.945273631840796,1,15.0,0.01,0.02,6.5,3,190.0,1627,0.1,206,1421,132.0,0.0,1.46,25.0,1.03,-10.0,0.19,200.0,12.0,132.0,0.0,133.0,60.0,8.0,Alaa Trifi,Jackson Ross,M15 Monastir 24 (Túnez),2026-06-24,Hard,Buena,derrotas,Mala,derrotas,,,player1,False,False,True
1.4230769230769231,1,14.0,0.01,0.01,8.450000000000001,2,111.0,1489,0.11,49,1440,161.0,0.13,1.19,30.0,1.07,34.0,0.2,77.0,1.0,161.0,0.0,148.0,25.0,3.0,Louay Makke,Nicolas Robert,M15 Monastir 24 (Túnez),2026-06-24,Hard,Mala,derrotas,Mala,derrotas,,,player2,False,False,True
0.9476439790575916,2,6.0,0.09,0.02,12.675,3,181.0,1546,0.13,-187,1733,133.0,0.13,0.85,70.0,1.2,-9.0,0.0,190.0,8.0,133.0,0.0,135.0,40.0,12.0,Jonas Eriksson Ziverts,Aziz Ouakaa,M15 Monastir 24 (Túnez),2026-06-24,Hard,Regular,derrotas,Buena,victorias,,,player1,False,False,True
1.205128205128205,1,11.0,0.01,0.03,3.9,2,94.0,1536,0.08,-10,1546,161.0,0.16,1.24,45.0,1.27,17.0,0.0,77.0,8.0,161.0,0.0,154.0,40.0,12.0,Ali Yazdani,Charles Bertimon,M15 Monastir 24 (Túnez),2026-06-24,Hard,Regular,derrotas,Regular,derrotas,,,player2,False,False,True
1.0471204188481675,0,13.0,0.0,0.0,0.0,3,200.0,1422,0.0,78,1344,133.0,0.0,1.12,0.0,0.0,10.0,0.14,190.0,5.0,133.0,0.0,132.0,25.0,15.0,Logan Zapp,Rayen Hermassi,M15 Monastir 24 (Túnez),2026-06-24,Hard,Mala,derrotas,Mala,derrotas,,,player1,False,False,True
2.5641025641025643,1,11.0,0.03,0.01,0.0,0,200.0,1445,0.0,-120,1565,161.0,0.22,1.11,45.0,1.27,123.0,0.15,77.0,5.0,161.0,0.0,132.0,25.0,15.0,Alexander Frusina,Liam Branger,M15 Monastir 24 (Túnez),2026-06-24,Hard,Mala,derrotas,Regular,derrotas,,,player1,False,False,True
0.8952879581151832,3,15.0,0.0,0.04,2.375,2,171.0,1615,0.07,232,1383,133.0,0.15,1.39,25.0,1.0,-19.0,0.2,190.0,11.0,133.0,13.0229,136.0,55.0,9.0,Lukas Pokorny,Anas Bennour Dit Sahli,M15 Monastir 24 (Túnez),2026-06-24,Hard,Regular,derrotas,Mala,derrotas,,,player1,False,False,True
1.4807692307692308,1,10.0,0.02,0.01,8.450000000000001,2,77.0,1456,0.11,-87,1543,177.0,0.2,1.08,50.0,1.4,26.0,0.0,51.0,5.0,177.0,0.0,161.0,31.2,11.0,Mathys Picard,Diego Fernandez Flores,M15 Monastir 24 (Túnez),2026-06-24,Hard,Mala,derrotas,Regular,derrotas,,,player1,False,False,True
2.0202020202020203,0,15.0,0.02,0.02,0.0,0,200.0,1564,0.0,101,1463,152.0,0.09,1.25,25.0,1.12,102.0,0.19,98.0,8.0,152.0,0.0,132.0,40.0,12.0,Dominick Mosejczuk,Andrea Paolini,M15 Monastir 24 (Túnez),2026-06-24,Hard,Regular,derrotas,Mala,derrotas,,,player1,False,False,True
0.1016949152542373,3,8.0,0.04,0.01,3.25,0,18.0,1536,0.08,-143,1679,135.0,0.19,1.22,60.0,1.33,-158.0,0.16,176.0,8.0,135.0,0.0,238.0,40.0,12.0,Mohamed Nazim Makhlouf,Roger Pascual Ferra,M15 Monastir 24 (Túnez),2026-06-24,Hard,Regular,derrotas,Buena,derrotas,,,player2,False,False,True
0.3888888888888889,3,12.0,0.01,0.13,8.450000000000001,0,77.0,1699,0.13,161,1538,132.0,0.19,1.01,40.0,0.83,-120.0,0.16,197.0,10.0,132.0,13.0298,161.0,50.0,10.0,Cesar Bouchelaghem,Billy Blaydes,M15 Monastir 24 (Túnez),2026-06-24,Hard,Regular,derrotas,Regular,derrotas,,,player1,False,False,True
0.4523809523809524,4,9.0,0.04,0.04,1.5499999999999996,1,76.0,1613,0.11,-144,1757,137.0,0.17,1.25,55.0,1.31,-91.0,0.2,167.0,10.0,137.0,1.8199999999999996,161.0,50.0,10.0,Eero Vasa,Ognjen Milic,Plovdiv (Bulgaria),2026-06-24,Clay,Regular,derrotas,Regular,victorias,,,player2,True,False,False
1.8333333333333333,4,6.0,0.09,0.03,8.95,2,77.0,1638,0.32,-96,1734,187.0,0.12,0.98,70.0,1.0,36.0,0.2,41.0,11.0,187.0,0.9499999999999997,161.0,55.0,9.0,Matteo Martineau,Petr Nesterov,Plovdiv (Bulgaria),2026-06-24,Clay,Regular,victorias,Buena,derrotas,,,player2,True,False,False
0.4350282485875706,8,6.0,0.12,0.04,14.325,1,77.0,1611,0.4,-133,1744,135.0,0.22,0.92,70.0,0.96,-99.0,0.12,176.0,11.0,135.0,0.0,161.0,55.0,9.0,Mathys Erhard,Inaki Montes-De La Torre,Plovdiv (Bulgaria),2026-06-24,Clay,Regular,derrotas,Buena,derrotas,,,player2,True,False,False
1.5555555555555556,6,6.0,0.09,0.04,19.900000000000002,1,154.0,1631,0.41,-102,1733,152.0,0.13,1.32,70.0,1.35,56.0,0.22,98.0,11.0,152.0,3.0201,139.0,55.0,9.0,Tomasz Berkieta,Tommaso Compagnucci,Plovdiv (Bulgaria),2026-06-24,Clay,Regular,victorias,Buena,victorias,,,player2,True,False,False
0.5952380952380952,7,7.0,0.08,0.12,0.0,2,25.0,1759,0.0,22,1737,187.0,0.19,1.08,65.0,0.98,-16.0,0.2,41.0,14.0,187.0,14.5258,215.0,70.0,6.0,Sandro Kopp,Alexander Vasilev,Plovdiv (Bulgaria),2026-06-24,Clay,Buena,victorias,Buena,derrotas,,,player1,True,False,False
0.34265734265734266,0,11.609570040076632,0.0,0.02,0.0,0,98.0,1655,0.0,155,1500,229.0,0.0,1.4,37.7745492284368,0.0,-187.0,0.09,285.0,12.0,187.0,0.0,152.0,60.0,8.0,Lorenzo Angelini,Dali Blanch,Plovdiv (Bulgaria),2026-06-24,Clay,Buena,victorias,,,,,player1,True,False,False
0.34265734265734266,0,11.609570040076632,0.0,0.02,0.0,0,98.0,1655,0.0,155,1500,229.0,0.0,1.4,37.7745492284368,0.0,-187.0,0.09,285.0,12.0,187.0,0.0,152.0,60.0,8.0,Lorenzo Angelini,Dali Blanch,Plovdiv (Bulgaria),2026-06-24,Clay,Buena,victorias,,,,,player1,True,False,False
0.34265734265734266,0,11.609570040076632,0.0,0.02,0.0,0,98.0,1655,0.0,155,1500,229.0,0.0,1.4,37.7745492284368,0.0,-187.0,0.09,285.0,12.0,187.0,0.0,152.0,60.0,8.0,Lorenzo Angelini,Dali Blanch,Plovdiv (Bulgaria),2026-06-24,Clay,Buena,victorias,,,,,player2,True,False,False
2.1,0,13.0,0.03,0.0,0.0,0,294.0,1500,0.0,-58,1558,142.0,0.18,0.0,35.0,1.19,155.0,0.0,139.0,2.9615726898721904,142.0,0.0,179.0,26.923145379744376,7.346201765821064,Daniel Michalski,Jelle Sels,Plovdiv (Bulgaria),2026-06-24,Clay,,,Mala,derrotas,,,player1,True,False,False
0.7857142857142857,1,5.0,0.01,0.02,4.2250000000000005,2,110.0,1443,0.21,-61,1504,142.0,0.0,0.98,37.5,1.32,-29.0,0.27,139.0,4.0,142.0,0.0,149.0,20.0,16.0,Daniela Vismane,Jade Groen,W15 Alkmaar (Países Bajos),2026-06-24,Clay,Mala,derrotas,Mala,derrotas,,,player2,True,False,False
0.55,0,12.0,0.03,0.01,0.0,1,77.0,1494,0.0,-65,1559,142.0,0.27,1.24,40.0,1.26,-62.0,0.16,139.0,3.0,142.0,0.0,161.0,37.5,5.0,Charlotte Narti,Rikke de Koning,W15 Alkmaar (Países Bajos),2026-06-24,Clay,Mala,derrotas,Regular,derrotas,,,player1,True,False,False
0.5785714285714286,0,11.0,0.02,0.0,0.0,1,81.0,1352,0.0,-213,1565,142.0,0.27,0.76,45.0,1.29,-58.0,0.18,139.0,1.0,142.0,0.0,159.0,6.7,14.0,Estella Jaeger,Merel Hoedt,W15 Alkmaar (Países Bajos),2026-06-24,Clay,Mala,derrotas,Regular,derrotas,,,player2,True,False,False
5.333333333333333,0,5.0,0.09,0.02,0.0,0,176.0,1438,0.0,-318,1756,200.0,0.24,0.8,75.0,1.09,144.0,0.22,32.0,3.0,200.0,0.0,135.0,20.0,12.0,Lucia Ros Parres,Margaux Maquet,W15 Alkmaar (Países Bajos),2026-06-24,Clay,Mala,derrotas,Excelente,derrotas,,,player2,True,False,False
0.3902439024390244,3,13.0,0.05,0.02,8.19,2,32.0,1567,0.34,3,1564,159.0,0.5,1.05,35.0,1.01,-49.0,0.37,81.0,10.0,159.0,0.0,200.0,50.0,10.0,Lisa Claeys,Fabienne Gettwart,W15 Alkmaar (Países Bajos),2026-06-24,Clay,Regular,derrotas,Mala,derrotas,,,player2,True,False,False
0.9928571428571429,0,10.0,0.01,0.0,0.0,3,139.0,1483,0.0,-110,1593,142.0,0.21,0.0,50.0,1.32,0.0,0.0,139.0,0.0,142.0,0.0,142.0,0.0,1.0,James Pikkaart,Fons Van Sambeek,M15 Alkmaar (Países Bajos),2026-06-24,Clay,Mala,derrotas,Regular,derrotas,,,player2,True,False,False
0.8192090395480226,1,15.0,0.0,0.06,0.0,2,145.0,1628,0.0,188,1440,135.0,0.0,1.35,25.0,1.11,-31.0,0.25,176.0,12.0,135.0,3.9316999999999998,140.0,60.0,8.0,Johan Oscar Lien,Manel Lazaro Juncadella,M15 Alkmaar (Países Bajos),2026-06-24,Clay,Buena,derrotas,Mala,derrotas,,,player2,True,False,False
1.6951219512195121,0,15.0,0.01,0.0,0.0,1,139.0,1483,0.0,22,1461,159.0,0.0,0.0,25.0,1.13,58.0,0.0,81.0,0.0,159.0,0.0,142.0,0.0,1.0,Sebastian Bozemoj,Julien Penzlin,M15 Alkmaar (Países Bajos),2026-06-24,Clay,Mala,derrotas,Mala,derrotas,,,player2,True,False,False
0.15714285714285714,0,14.0,0.0,0.01,0.0,0,22.0,1518,0.0,75,1443,142.0,0.14,1.39,30.0,1.09,-117.0,0.21,139.0,9.0,142.0,0.0,223.0,45.0,11.0,Nicolas Garcia Longo,Jesse De Jager,M15 Alkmaar (Países Bajos),2026-06-24,Clay,Regular,derrotas,Mala,derrotas,,,player2,True,False,False
0.6642857142857143,1,9.0,0.02,0.01,3.0,2,93.0,1569,0.18,-57,1626,142.0,0.0,1.29,55.0,1.34,-46.0,0.0,139.0,8.0,142.0,0.0,154.0,47.1,9.0,Pranav Karthik,Pieter de Lange,M15 Alkmaar (Países Bajos),2026-06-24,Clay,Regular,derrotas,Regular,derrotas,,,player2,True,False,False
0.8756218905472637,1,15.0,0.0,0.02,0.0,2,176.0,1584,0.0,179,1405,132.0,0.0,1.41,25.0,1.03,-24.0,0.16,200.0,10.0,132.0,0.0,135.0,50.0,10.0,Alejandro Turriziani Alvarez,Dillon Beckles,M25 Tanger (Marruecos),2026-06-24,Clay,Regular,derrotas,Mala,derrotas,,,player2,True,False,False
0.5703703703703704,1,4.0,0.05,0.0,3.0,1,77.0,1442,0.22,-385,1827,143.0,0.21,0.95,80.0,1.62,-57.0,0.15,134.0,4.0,143.0,0.0,161.0,25.0,12.0,Andrea M'Chich,Yassine Dlimi,M25 Tanger (Marruecos),2026-06-24,Clay,Mala,derrotas,Excelente,victorias,,,player2,True,False,False
10.88888888888889,4,10.0,0.03,0.01,6.5,1,98.0,1521,0.28,-114,1635,319.0,0.13,1.08,50.0,1.36,90.0,0.0,8.0,7.0,319.0,11.7057,152.0,35.0,13.0,Lorenzo Rottoli,Denis Klok,M25 Tanger (Marruecos),2026-06-24,Clay,Mala,derrotas,Regular,derrotas,,,player1,True,False,False
1.3535353535353536,2,13.0,0.01,0.05,1.95,2,134.0,1620,0.14,149,1471,152.0,0.09,1.27,35.0,1.2,36.0,0.18,98.0,9.0,152.0,0.0,143.0,45.0,11.0,Reda Bennani,Francesco Ferrari,M25 Tanger (Marruecos),2026-06-24,Clay,Regular,derrotas,Mala,derrotas,,,player1,True,False,False
1.1666666666666667,7,8.0,0.19,0.07,7.1,2,91.0,1705,0.29,-102,1807,161.0,0.17,0.96,60.0,1.12,14.0,0.0,77.0,13.0,161.0,5.722799999999999,155.0,65.0,7.0,Attila Boros,Sean Cuenin,M25 Tanger (Marruecos),2026-06-24,Clay,Buena,derrotas,Buena,victorias,,,player2,True,False,False
1.0151515151515151,0,6.0,0.0,0.0,0.0,3,134.0,1458,0.0,24,1434,143.0,0.0,1.04,14.3,1.04,3.0,0.24,131.0,5.0,143.0,0.0,143.0,25.0,15.0,Amine Jamji,Lenny Petit,M25 Tanger (Marruecos),2026-06-24,Clay,Mala,derrotas,Mala,derrotas,,,player1,True,False,False
0.05063291139240506,34,10.0,0.08,0.07,38.997,0,8.0,1925,0.34,65,1860,138.0,0.27,1.12,50.0,1.31,-149.0,0.27,157.0,11.0,138.0,73.7762,319.0,55.0,9.0,Anna Kalinskaya,Elena-Gabriela Ruse,Bad Homburg (Alemania),2026-06-24,Grass,Regular,victorias,Regular,victorias,,,player2,False,True,False
0.8125,42,11.0,0.05,0.05,128.12249999999997,2,52.0,1943,0.45,190,1753,168.0,0.27,1.28,45.0,1.08,-11.0,0.27,63.0,10.0,168.0,124.78019999999998,176.0,50.0,10.0,Qinwen Zheng,Clara Tauson,Bad Homburg (Alemania),2026-06-24,Grass,Regular,victorias,Regular,victorias,,,player2,False,True,False
1.092896174863388,1,4.0,0.11,0.03,8.450000000000001,2,200.0,1533,0.11,-274,1807,134.0,0.0,0.83,80.0,1.21,18.0,0.12,182.0,10.0,134.0,0.0,132.0,50.0,10.0,Dominique Rolland,Patrick Schoen,M25 Porto (Portugal),2026-06-24,Hard,Regular,derrotas,Excelente,derrotas,,,player2,False,False,True
0.8888888888888888,4,8.0,0.06,0.02,0.0,2,176.0,1637,0.0,-79,1716,132.0,0.09,1.3,60.0,1.3,-21.0,0.0,197.0,12.0,132.0,11.897,135.0,60.0,8.0,Albert Pedrico Kravtsov,Lui Maxted,M25 Porto (Portugal),2026-06-24,Hard,Buena,derrotas,Buena,derrotas,,,player2,False,False,True
0.327683615819209,5,7.0,0.05,0.04,8.450000000000001,0,58.0,1682,0.14,7,1675,135.0,0.0,1.29,65.0,1.31,-118.0,0.21,176.0,12.0,135.0,14.5202,172.0,60.0,8.0,Eliakim Coulibaly,John Echeverria,M25 Porto (Portugal),2026-06-24,Hard,Buena,derrotas,Buena,derrotas,,,player1,False,False,True
0.7711442786069652,4,7.0,0.04,0.04,0.0,2,155.0,1697,0.0,-11,1708,132.0,0.22,1.21,65.0,1.41,-45.0,0.09,200.0,13.0,132.0,11.2658,139.0,65.0,7.0,Joao Domingues,Maxwell Mckennon,M25 Porto (Portugal),2026-06-24,Hard,Buena,derrotas,Buena,derrotas,,,player1,False,False,True
1.648936170212766,4,10.0,0.02,0.01,3.9499999999999997,1,155.0,1528,0.09,-72,1600,154.0,0.17,1.29,50.0,1.16,62.0,0.15,93.0,8.0,154.0,6.5226,139.0,40.0,12.0,Francisco Rocha,Karan Singh,M25 Porto (Portugal),2026-06-24,Hard,Regular,derrotas,Regular,derrotas,,,player1,False,False,True
1.5656565656565657,1,11.0,0.05,0.01,4.75,1,155.0,1481,0.1,-192,1673,152.0,0.21,1.16,45.0,1.27,57.0,0.14,98.0,6.0,152.0,0.0,139.0,30.0,14.0,Joao Dinis Silva,Fabrizio Andaloro,M25 Porto (Portugal),2026-06-24,Hard,Mala,derrotas,Regular,derrotas,,,player2,False,False,True
0.9935897435897436,1,12.0,0.01,0.01,8.450000000000001,3,155.0,1484,0.11,0,1484,139.0,0.15,1.15,40.0,1.33,0.0,0.14,155.0,4.0,139.0,0.0,139.0,40.0,6.0,Francisco Faria,Rodrigo Fernandes,M25 Porto (Portugal),2026-06-24,Hard,Regular,derrotas,Regular,derrotas,,,player2,False,False,True
7.88,26,8.0,0.07,0.05,27.52,0,197.0,1637,0.22,5,1632,217.0,0.27,1.23,60.0,1.33,173.0,0.27,24.0,8.0,217.0,43.1746,132.0,40.0,12.0,Daniel Evans,Tristan Schoolkate,Wimbledon (Reino Unido) - Fase previa,2026-06-24,Grass,Regular,victorias,Buena,victorias,,,player2,False,True,False
0.4595959595959596,30,13.0,0.07,0.04,31.5,0,91.0,1732,0.27,143,1589,132.0,0.27,1.35,35.0,1.2,-106.0,0.27,197.0,13.0,132.0,44.8598,155.0,65.0,7.0,Zsombor Piros,Billy Harris,Wimbledon (Reino Unido) - Fase previa,2026-06-24,Grass,Buena,victorias,Mala,victorias,,,player2,False,True,False
7.0,16,7.0,0.03,0.11,17.1,0,182.0,1729,0.13,-14,1743,215.0,0.27,1.48,65.0,1.45,157.0,0.27,25.0,12.0,215.0,0.0019,134.0,60.0,8.0,Remy Bertola,Jurij Rodionov,Wimbledon (Reino Unido) - Fase previa,2026-06-24,Grass,Buena,victorias,Buena,victorias,,,player1,False,True,False
1.325,17,4.0,0.01,0.02,12.6,2,53.0,1676,0.17,-147,1823,190.0,0.27,1.27,80.0,1.6,14.0,0.27,39.0,12.0,190.0,18.8712,175.0,60.0,8.0,Nicolas Mejia,Gustavo Heide,Wimbledon (Reino Unido) - Fase previa,2026-06-24,Grass,Buena,victorias,Excelente,victorias,,,player1,False,True,False
0.2619047619047619,10,6.0,0.02,0.0,3.0,1,22.0,1607,0.03,-141,1748,158.0,0.24,1.45,70.0,1.62,-61.0,0.27,83.0,9.0,158.0,6.9158,223.0,45.0,11.0,Federico Coria,Stefanos Sakellaridis,Wimbledon (Reino Unido) - Fase previa,2026-06-24,Grass,Regular,victorias,Buena,victorias,,,player2,False,True,False
0.23737373737373738,6,10.0,0.05,0.04,12.425,0,47.0,1690,0.03,-55,1745,132.0,0.27,1.55,50.0,1.52,-150.0,0.27,197.0,11.0,132.0,9.0699,181.0,55.0,9.0,Alexis Galarneau,Oliver Tarvet,Wimbledon (Reino Unido) - Fase previa,2026-06-24,Grass,Regular,victorias,Regular,victorias,,,player2,False,True,False
0.31683168316831684,18,13.0,0.05,0.03,32.65,1,32.0,1837,0.22,261,1576,152.0,0.27,1.45,35.0,1.25,-68.0,0.21,100.0,16.0,152.0,30.2234,200.0,80.0,4.0,Gauthier Onclin,Shintaro Mochizuki,Wimbledon (Reino Unido) - Fase previa,2026-06-24,Grass,Excelente,victorias,Mala,victorias,,,player2,False,True,False
2.402439024390244,2,9.0,0.01,0.02,0.9499999999999997,0,197.0,1755,0.0,64,1691,159.0,0.24,1.52,55.0,1.72,116.0,0.22,81.0,13.0,159.0,0.0,132.0,65.0,7.0,Max Basing,Tom Gentzsch,Wimbledon (Reino Unido) - Fase previa,2026-06-24,Grass,Buena,victorias,Regular,victorias,,,player1,False,True,False
1.849056603773585,7,10.0,0.05,0.02,10.5,2,98.0,1680,0.06,51,1629,176.0,0.26,1.36,50.0,1.58,46.0,0.27,52.0,10.0,176.0,6.9192,152.0,50.0,10.0,Stefano Travaglia,Yi Zhou,Wimbledon (Reino Unido) - Fase previa,2026-06-24,Grass,Regular,victorias,Regular,victorias,,,player2,False,True,False
0.6666666666666666,9,7.0,0.01,0.16,5.1,2,52.0,1838,0.04,124,1714,161.0,0.27,1.37,65.0,1.11,-25.0,0.27,77.0,17.0,161.0,8.373199999999999,176.0,85.0,3.0,Yunchaokete Bu,Clement Tabur,Wimbledon (Reino Unido) - Fase previa,2026-06-24,Grass,Excelente,victorias,Buena,victorias,,,player2,False,True,False
0.7777777777777778,17,9.0,0.02,0.03,4.75,2,77.0,1686,0.09,-45,1731,152.0,0.26,1.21,55.0,1.51,-21.0,0.27,98.0,9.0,152.0,16.395200000000003,161.0,45.0,11.0,Hugo Gaston,Federico Cina,Wimbledon (Reino Unido) - Fase previa,2026-06-24,Grass,Regular,victorias,Regular,victorias,,,player1,False,True,False
0.2935323383084577,12,10.0,0.05,0.01,18.75,0,59.0,1805,0.1,124,1681,132.0,0.27,1.61,50.0,1.43,-141.0,0.27,200.0,16.0,132.0,6.2576,171.0,80.0,4.0,Borna Gojo,Colton Smith,Wimbledon (Reino Unido) - Fase previa,2026-06-24,Grass,Excelente,victorias,Regular,victorias,,,player2,False,True,False
3.7884615384615383,17,10.0,0.05,0.04,20.3,0,197.0,1689,0.17,21,1668,177.0,0.27,1.25,50.0,1.33,146.0,0.24,51.0,11.0,177.0,31.0847,132.0,55.0,9.0,Paul Jubb,Marcelo Tomas Barrios Vera,Wimbledon (Reino Unido) - Fase previa,2026-06-24,Grass,Regular,victorias,Regular,victorias,,,player2,False,True,False
0.96,23,10.0,0.08,0.04,46.0,3,24.0,1605,0.28,-107,1712,217.0,0.27,0.88,50.0,1.13,0.0,0.26,24.0,9.0,217.0,37.865399999999994,217.0,45.0,11.0,Bernard Tomic,Christopher O'Connell,Wimbledon (Reino Unido) - Fase previa,2026-06-24,Grass,Regular,victorias,Regular,victorias,,,player2,False,True,False
2.84375,11,8.0,0.05,0.04,12.25,0,182.0,1689,0.09,24,1665,168.0,0.26,1.4,60.0,1.47,119.0,0.27,63.0,9.0,168.0,6.331599999999999,134.0,45.0,11.0,Jerome Kym,August Holmgren,Wimbledon (Reino Unido) - Fase previa,2026-06-24,Grass,Regular,victorias,Buena,victorias,,,player1,False,True,False
1.1299435028248588,30,9.0,0.01,0.04,36.824999999999996,2,200.0,1630,0.24,-70,1700,135.0,0.27,1.16,55.0,1.31,24.0,0.27,176.0,8.0,135.0,53.1135,132.0,40.0,12.0,Mackenzie McDonald,Roberto Carballes Baena,Wimbledon (Reino Unido) - Fase previa,2026-06-24,Grass,Regular,victorias,Regular,victorias,,,player1,False,True,False
0.24242424242424243,14,9.0,0.02,0.05,19.905,2,8.0,1802,0.14,124,1678,200.0,0.26,1.48,55.0,1.4,-24.0,0.27,32.0,15.0,200.0,20.6448,319.0,75.0,5.0,Roman Safiullin,Kimmer Coppejans,Wimbledon (Reino Unido) - Fase previa,2026-06-24,Grass,Excelente,victorias,Regular,victorias,,,player1,False,True,False
0.8308457711442786,7,9.0,0.04,0.02,12.75,2,167.0,1769,0.07,12,1757,132.0,0.27,1.68,55.0,1.39,-33.0,0.27,200.0,14.0,132.0,3.0183,137.0,70.0,6.0,Laslo Djere,Michael Zheng,Wimbledon (Reino Unido) - Fase previa,2026-06-24,Grass,Buena,victorias,Regular,victorias,,,player2,False,True,False
8.565217391304348,6,8.0,0.02,0.03,0.0,0,197.0,1812,0.0,-41,1853,223.0,0.27,1.53,60.0,1.53,175.0,0.27,22.0,12.0,223.0,6.066499999999999,132.0,60.0,8.0,Toby Samuel,Thiago Agustin Tirante,Eastbourne (Reino Unido),2026-06-24,Grass,Buena,derrotas,Buena,derrotas,,,player1,False,True,False
2.2134831460674156,0,8.402459727815478,0.0,0.02,0.0,0,197.0,1760,-0.0,260,1500,2578.0,0.0,1.78,57.9877013609226,0.0,109.0,0.23,88.0,15.0,678.0,0.0,132.0,75.0,5.0,Giles Hussey,Quentin Halys,Eastbourne (Reino Unido),2026-06-24,Grass,Excelente,victorias,,,,,player1,False,True,False
2.2134831460674156,0,8.402459727815478,0.0,0.02,0.0,0,197.0,1760,-0.0,260,1500,2578.0,0.0,1.78,57.9877013609226,0.0,109.0,0.23,88.0,15.0,678.0,0.0,132.0,75.0,5.0,Giles Hussey,Quentin Halys,Eastbourne (Reino Unido),2026-06-24,Grass,Excelente,victorias,,,,,player1,False,True,False
2.2134831460674156,0,8.402459727815478,0.0,0.02,0.0,0,197.0,1760,-0.0,260,1500,2578.0,0.0,1.78,57.9877013609226,0.0,109.0,0.23,88.0,15.0,678.0,0.0,132.0,75.0,5.0,Giles Hussey,Quentin Halys,Eastbourne (Reino Unido),2026-06-24,Grass,Excelente,victorias,,,,,player2,False,True,False
8.565217391304348,0,13.820489640776925,0.0,0.02,0.0,0,197.0,1790,-0.0,290,1500,223.0,0.0,1.58,30.897551796115373,0.0,175.0,0.27,22.0,12.0,223.0,0.0,132.0,60.0,8.0,Arthur Fery,Juan Manuel Cerundolo,Eastbourne (Reino Unido),2026-06-24,Grass,Buena,derrotas,,,,,player2,False,True,False
0.38308457711442784,0,9.462193932265397,0.0,0.09,0.0,0,77.0,1844,-0.0,344,1500,132.0,0.0,1.52,34.331747742761245,0.0,-123.0,0.27,200.0,10.0,132.0,0.0,161.0,50.0,10.0,Ugo Humbert,Jenson Brooksby,Eastbourne (Reino Unido),2026-06-24,Grass,Regular,derrotas,,,,,player1,False,True,False
1.975609756097561,0,7.5986044190089235,0.0,0.02,0.0,2,81.0,1807,-0.0,307,1500,1150.0,0.0,1.52,62.00697790495538,0.0,41.0,0.27,40.0,10.0,1150.0,0.0,159.0,50.0,10.0,Daniel Altmaier,Zizou Bergs,Eastbourne (Reino Unido),2026-06-24,Grass,Regular,derrotas,,,,,player2,False,True,False
0.9253731343283582,10,7.0,0.06,0.03,7.5,2,186.0,1772,0.06,-6,1778,132.0,0.27,1.51,65.0,1.51,-14.0,0.27,200.0,13.0,132.0,4.7679,134.0,65.0,7.0,Mananchaya Sawangkaew,Mary Stoiana,Wimbledon (Reino Unido) - Fase previa,2026-06-24,Grass,Buena,derrotas,Buena,derrotas,,,player1,False,True,False
0.573170731707317,17,8.0,0.0,0.01,19.8,2,47.0,1603,0.19,-202,1805,159.0,0.27,1.26,60.0,1.34,-34.0,0.26,81.0,9.0,159.0,17.342399999999998,181.0,45.0,11.0,Katherine Sebov,Noma Noha Akugue,Wimbledon (Reino Unido) - Fase previa,2026-06-24,Grass,Regular,derrotas,Buena,derrotas,,,player1,False,True,False
2.5256410256410255,5,8.0,0.05,0.0,6.6,0,197.0,1629,0.03,-107,1736,161.0,0.53,1.16,60.0,1.41,120.0,0.46,77.0,12.0,161.0,0.0,132.0,60.0,8.0,Esther Adeshina,Harmony Tan,Wimbledon (Reino Unido) - Fase previa,2026-06-24,Grass,Buena,derrotas,Buena,derrotas,,,player2,False,True,False
1.794871794871795,15,12.0,0.02,0.05,16.125,1,140.0,1687,0.13,87,1600,161.0,0.27,1.24,40.0,1.27,63.0,0.27,77.0,7.0,161.0,19.534599999999998,141.0,35.0,13.0,Lulu Sun,Oceane Dodin,Wimbledon (Reino Unido) - Fase previa,2026-06-24,Grass,Mala,derrotas,Regular,derrotas,,,player2,False,True,False
2.202020202020202,17,5.0,0.03,0.05,12.6,0,218.0,1667,0.15,-148,1815,152.0,0.27,1.2,75.0,1.56,120.0,0.27,98.0,10.0,152.0,26.198,130.0,50.0,10.0,Joanna Garland,Tyra Caterina Grant,Wimbledon (Reino Unido) - Fase previa,2026-06-24,Grass,Regular,derrotas,Excelente,derrotas,,,player2,False,True,False
0.24242424242424243,15,7.0,0.06,0.01,42.05,2,8.0,1695,0.18,-78,1773,200.0,0.27,1.34,65.0,1.41,-24.0,0.27,32.0,10.0,200.0,4.7596,319.0,50.0,10.0,Iryna Shymanovich,Greet Minnen,Wimbledon (Reino Unido) - Fase previa,2026-06-24,Grass,Regular,derrotas,Buena,derrotas,,,player1,False,True,False
0.03980099502487562,13,6.0,0.04,0.01,19.1,0,8.0,1720,0.1,-64,1784,132.0,0.27,1.44,70.0,1.54,-192.0,0.27,200.0,12.0,132.0,10.14,319.0,60.0,8.0,Erika Andreeva,Kayla Day,Wimbledon (Reino Unido) - Fase previa,2026-06-24,Grass,Buena,derrotas,Buena,derrotas,,,player2,False,True,False
0.05714285714285714,17,10.0,0.03,0.03,21.55,0,8.0,1690,0.18,25,1665,142.0,0.27,1.32,50.0,1.29,-131.0,0.27,139.0,11.0,142.0,21.2617,319.0,55.0,9.0,Elena Pridankina,Suzan Lamens,Wimbledon (Reino Unido) - Fase previa,2026-06-24,Grass,Regular,derrotas,Regular,derrotas,,,player1,False,True,False
0.8756218905472637,12,6.0,0.08,0.01,6.6499999999999995,2,176.0,1869,0.07,81,1788,132.0,0.27,1.54,70.0,1.54,-24.0,0.27,200.0,14.0,132.0,10.8115,135.0,70.0,6.0,Kaitlin Quevedo,Claire Liu,Wimbledon (Reino Unido) - Fase previa,2026-06-24,Grass,Buena,derrotas,Buena,derrotas,,,player2,False,True,False
0.04519774011299435,21,8.0,0.01,0.07,8.95,0,8.0,1819,0.18,58,1761,135.0,0.27,1.27,60.0,1.29,-168.0,0.27,176.0,11.0,135.0,46.718300000000006,319.0,55.0,9.0,Alina Korneeva,Andrea Lazaro Garcia,Wimbledon (Reino Unido) - Fase previa,2026-06-24,Grass,Regular,derrotas,Buena,derrotas,,,player1,False,True,False
0.10945273631840796,10,7.0,0.0,0.01,11.28,0,22.0,1780,0.06,49,1731,132.0,0.26,1.56,65.0,1.51,-178.0,0.27,200.0,15.0,132.0,3.0204,223.0,75.0,5.0,Julia Riera,Fiona Crawley,Wimbledon (Reino Unido) - Fase previa,2026-06-24,Grass,Excelente,derrotas,Buena,derrotas,,,player2,False,True,False
1.1717171717171717,0,13.76646492333332,0.0,0.0,0.0,2,116.0,1642,-0.0,142,1500,152.0,0.0,1.55,31.167675383333393,0.0,18.0,0.26,98.0,11.0,152.0,0.0,147.0,55.0,9.0,Justina Mikulskyte,Lucia Bronzetti,Wimbledon (Reino Unido) - Fase previa,2026-06-24,Grass,Regular,derrotas,,,,,player1,False,True,False
1.1717171717171717,0,13.76646492333332,0.0,0.0,0.0,2,116.0,1642,-0.0,142,1500,152.0,0.0,1.55,31.167675383333393,0.0,18.0,0.26,98.0,11.0,152.0,0.0,147.0,55.0,9.0,Justina Mikulskyte,Lucia Bronzetti,Wimbledon (Reino Unido) - Fase previa,2026-06-24,Grass,Regular,derrotas,,,,,player1,False,True,False
1.1717171717171717,0,13.76646492333332,0.0,0.0,0.0,2,116.0,1642,-0.0,142,1500,152.0,0.0,1.55,31.167675383333393,0.0,18.0,0.26,98.0,11.0,152.0,0.0,147.0,55.0,9.0,Justina Mikulskyte,Lucia Bronzetti,Wimbledon (Reino Unido) - Fase previa,2026-06-24,Grass,Regular,derrotas,,,,,player2,False,True,False
1.3025210084033614,0,1.6606777655121177,0.0,0.0,0.0,2,155.0,1689,-0.0,189,1500,146.0,0.0,1.55,2.758329671013092,0.0,37.0,0.27,118.0,11.0,146.0,0.0,139.0,55.0,9.0,Francisca Jorge,Lina Gjorcheska,Wimbledon (Reino Unido) - Fase previa,2026-06-24,Grass,Regular,derrotas,,,,,player1,False,True,False
1.3025210084033614,0,1.6606777655121177,0.0,0.0,0.0,2,155.0,1689,-0.0,189,1500,146.0,0.0,1.55,2.758329671013092,0.0,37.0,0.27,118.0,11.0,146.0,0.0,139.0,55.0,9.0,Francisca Jorge,Lina Gjorcheska,Wimbledon (Reino Unido) - Fase previa,2026-06-24,Grass,Regular,derrotas,,,,,player1,False,True,False
1.3025210084033614,0,1.6606777655121177,0.0,0.0,0.0,2,155.0,1689,-0.0,189,1500,146.0,0.0,1.55,2.758329671013092,0.0,37.0,0.27,118.0,11.0,146.0,0.0,139.0,55.0,9.0,Francisca Jorge,Lina Gjorcheska,Wimbledon (Reino Unido) - Fase previa,2026-06-24,Grass,Regular,derrotas,,,,,player2,False,True,False
1.0891089108910892,0,12.242535778078304,0.0,0.04,0.0,3,110.0,1766,-0.0,266,1500,152.0,0.0,1.58,38.78732110960847,0.0,10.0,0.27,100.0,12.0,152.0,0.0,149.0,60.0,8.0,Darja Semenistaja,Nao Hibino,Wimbledon (Reino Unido) - Fase previa,2026-06-24,Grass,Buena,derrotas,,,,,player1,False,True,False
1.0891089108910892,0,12.242535778078304,0.0,0.04,0.0,3,110.0,1766,-0.0,266,1500,152.0,0.0,1.58,38.78732110960847,0.0,10.0,0.27,100.0,12.0,152.0,0.0,149.0,60.0,8.0,Darja Semenistaja,Nao Hibino,Wimbledon (Reino Unido) - Fase previa,2026-06-24,Grass,Buena,derrotas,,,,,player1,False,True,False
1.0891089108910892,0,12.242535778078304,0.0,0.04,0.0,3,110.0,1766,-0.0,266,1500,152.0,0.0,1.58,38.78732110960847,0.0,10.0,0.27,100.0,12.0,152.0,0.0,149.0,60.0,8.0,Darja Semenistaja,Nao Hibino,Wimbledon (Reino Unido) - Fase previa,2026-06-24,Grass,Buena,derrotas,,,,,player1,False,True,False
0.32,0,10.25754268869195,0.0,0.03,0.0,2,8.0,1669,-0.0,169,1500,217.0,0.0,1.52,39.99497578041717,0.0,-16.0,0.27,24.0,10.0,217.0,0.0,319.0,50.0,10.0,Anastasia Gasanova,Emerson Jones,Wimbledon (Reino Unido) - Fase previa,2026-06-24,Grass,Regular,derrotas,,,,,player1,False,True,False
0.32,0,10.25754268869195,0.0,0.03,0.0,2,8.0,1669,-0.0,169,1500,217.0,0.0,1.52,39.99497578041717,0.0,-16.0,0.27,24.0,10.0,217.0,0.0,319.0,50.0,10.0,Anastasia Gasanova,Emerson Jones,Wimbledon (Reino Unido) - Fase previa,2026-06-24,Grass,Regular,derrotas,,,,,player1,False,True,False
0.32,0,10.25754268869195,0.0,0.03,0.0,2,8.0,1669,-0.0,169,1500,217.0,0.0,1.52,39.99497578041717,0.0,-16.0,0.27,24.0,10.0,217.0,0.0,319.0,50.0,10.0,Anastasia Gasanova,Emerson Jones,Wimbledon (Reino Unido) - Fase previa,2026-06-24,Grass,Regular,derrotas,,,,,player1,False,True,False
4.761904761904762,0,14.382345733589785,0.0,0.06,0.0,0,200.0,1862,-0.0,362,1500,187.0,0.0,1.64,28.08827133205108,0.0,159.0,0.27,41.0,12.0,187.0,0.0,132.0,60.0,8.0,Katie Volynets,Elizara Yaneva,Wimbledon (Reino Unido) - Fase previa,2026-06-24,Grass,Buena,derrotas,,,,,player1,False,True,False
0.7920792079207921,0,14.000000000000002,0.0,0.03,0.0,2,80.0,1642,-0.0,142,1500,152.0,0.0,1.41,29.999999999999996,0.0,-20.0,0.27,100.0,10.0,152.0,0.0,159.0,50.0,10.0,Mariam Bolkvadze,Hayu Kinoshita,Wimbledon (Reino Unido) - Fase previa,2026-06-24,Grass,Regular,derrotas,,,,,player1,False,True,False
0.2568306010928962,0,4.501307300491103,0.0,0.05,0.0,0,47.0,1783,-0.0,283,1500,134.0,0.0,1.6,30.943855687691823,0.0,-135.0,0.27,182.0,10.0,134.0,0.0,181.0,50.0,10.0,Bianca Andreescu,Jil Teichmann,Wimbledon (Reino Unido) - Fase previa,2026-06-24,Grass,Regular,derrotas,,,,,player1,False,True,False
0.6666666666666666,0,2.2765416737870483,0.0,0.04,0.0,3,22.0,1611,-0.0,111,1500,200.0,0.0,1.45,5.744437532041719,0.0,-10.0,0.27,32.0,8.0,200.0,0.0,223.0,40.0,12.0,Maria Lourdes Carle,Jeline Vandromme,Wimbledon (Reino Unido) - Fase previa,2026-06-24,Grass,Regular,derrotas,,,,,player2,False,True,False
9.0,0,12.891911189015298,0.0,0.0,0.0,1,81.0,1719,-0.0,219,1500,319.0,0.0,1.58,35.540444054923505,0.0,73.0,0.27,8.0,12.0,319.0,0.0,159.0,60.0,8.0,Caroline Werner,Alina Charaeva,Wimbledon (Reino Unido) - Fase previa,2026-06-24,Grass,Buena,derrotas,,,,,player2,False,True,False
0.9950248756218906,0,11.0,0.0,0.32,0.0,3,200.0,1810,-0.0,310,1500,132.0,0.0,1.48,45.0,0.0,0.0,0.27,200.0,12.0,132.0,0.0,132.0,60.0,8.0,Robin Montgomery,Elvina Kalieva,Wimbledon (Reino Unido) - Fase previa,2026-06-24,Grass,Buena,victorias,,,,,player1,False,True,False
1.0178571428571428,0,9.434052222406551,0.0,0.07,0.0,3,171.0,1702,-0.0,202,1500,137.0,0.0,1.52,35.359469382634444,0.0,4.0,0.27,167.0,10.0,137.0,0.0,136.0,50.0,10.0,Rebecca Sramkova,Teodora Kostovic,Wimbledon (Reino Unido) - Fase previa,2026-06-24,Grass,Regular,derrotas,,,,,player2,False,True,False
1.030612244897959,0,13.529817474726011,0.0,0.0,0.0,3,202.0,1896,-0.0,396,1500,133.0,0.0,1.87,32.350912626369954,0.0,7.0,0.27,195.0,16.0,133.0,0.0,132.0,80.0,4.0,Maria Timofeeva,Veronika Podrez,Wimbledon (Reino Unido) - Fase previa,2026-06-24,Grass,Excelente,derrotas,,,,,player1,False,True,False
0.04040404040404041,0,4.539346074055093,0.0,0.02,0.0,0,8.0,1785,-0.0,285,1500,132.0,0.0,1.61,30.76507345194107,0.0,-189.0,0.27,197.0,13.0,132.0,0.0,319.0,65.0,7.0,Tatiana Prozorova,Heather Watson,Wimbledon (Reino Unido) - Fase previa,2026-06-24,Grass,Buena,derrotas,,,,,player2,False,True,False
1.9801980198019802,0,12.510028875173182,0.0,0.19,0.0,1,200.0,1824,-0.0,324,1500,152.0,0.0,1.48,37.44985562413411,0.0,100.0,0.27,100.0,14.0,152.0,0.0,132.0,70.0,6.0,Ashlyn Krueger,Mai Hontama,Wimbledon (Reino Unido) - Fase previa,2026-06-24,Grass,Buena,victorias,,,,,player1,False,True,False
0.1509433962264151,0,8.999999999999998,0.0,0.13,0.0,2,8.0,1750,-0.0,250,1500,176.0,0.0,1.48,25.0,0.0,-44.0,0.27,52.0,12.0,176.0,0.0,319.0,60.0,8.0,Polina Iatcenko,Zhuoxuan Bai,Wimbledon (Reino Unido) - Fase previa,2026-06-24,Grass,Buena,victorias,,,,,player1,False,True,False
0.32,0,9.0,0.0,0.05,0.0,2,8.0,1787,-0.0,287,1500,217.0,0.0,1.52,25.0,0.0,-16.0,0.27,24.0,10.0,217.0,0.0,319.0,50.0,10.0,Aliaksandra Sasnovich,Storm Hunter,Wimbledon (Reino Unido) - Fase previa,2026-06-24,Grass,Regular,derrotas,,,,,player1,False,True,False
1.0049751243781095,0,11.0,0.0,0.04,0.0,3,202.0,1836,-0.0,336,1500,132.0,0.0,1.66,45.00000000000001,0.0,2.0,0.27,200.0,15.0,132.0,0.0,132.0,75.0,5.0,Polina Kudermetova,Clervie Ngounoue,Wimbledon (Reino Unido) - Fase previa,2026-06-24,Grass,Excelente,derrotas,,,,,player1,False,True,False
0.8756218905472637,42,6.0,0.16,0.08,187.29649999999998,2,176.0,1748,0.36,-242,1990,132.0,0.27,1.22,70.0,1.42,-24.0,0.27,200.0,9.0,132.0,29.864,135.0,45.0,11.0,Jessica Bouzas Maneiro,Madison Keys,Eastbourne (Reino Unido),2026-06-24,Grass,Regular,derrotas,Buena,derrotas,,,player2,False,True,False
1.0204081632653061,33,7.0,0.07,0.09,83.695,3,200.0,1766,0.31,-143,1909,133.0,0.27,1.28,65.0,1.35,5.0,0.27,195.0,10.0,133.0,46.950500000000005,132.0,50.0,10.0,Mccartney Kessler,Anhelina Kalinina,Eastbourne (Reino Unido),2026-06-24,Grass,Regular,victorias,Buena,victorias,,,player1,False,True,False
1.1956521739130435,19,9.0,0.03,0.15,37.6,2,110.0,1895,0.27,138,1757,155.0,0.27,1.4,55.0,1.18,19.0,0.27,91.0,11.0,155.0,95.3108,149.0,55.0,9.0,Jelena Ostapenko,Panna Udvardy,Eastbourne (Reino Unido),2026-06-24,Grass,Regular,victorias,Regular,derrotas,,,player1,False,True,False
2.48,0,14.707863812374113,0.0,0.02,0.0,2,62.0,1870,-0.0,370,1500,217.0,0.0,1.57,26.46068093812944,0.0,38.0,0.27,24.0,10.0,217.0,0.0,169.0,50.0,10.0,Tereza Valentova,Ajla Tomljanović,Eastbourne (Reino Unido),2026-06-24,Grass,Regular,victorias,,,,,player1,False,True,False
2.0202020202020203,0,11.595527109887383,0.0,0.07,0.0,0,200.0,1845,-0.0,345,1500,773.0,0.0,1.55,42.02236445056307,0.0,102.0,0.27,98.0,11.0,773.0,0.0,132.0,55.0,9.0,Caty Mcnally,Emiliana Arango,Eastbourne (Reino Unido),2026-06-24,Grass,Regular,derrotas,,,,,player1,False,True,False
2.0202020202020203,0,11.595527109887383,0.0,0.07,0.0,0,200.0,1845,-0.0,345,1500,773.0,0.0,1.55,42.02236445056307,0.0,102.0,0.27,98.0,11.0,773.0,0.0,132.0,55.0,9.0,Caty Mcnally,Emiliana Arango,Eastbourne (Reino Unido),2026-06-24,Grass,Regular,derrotas,,,,,player1,False,True,False
2.0202020202020203,0,11.595527109887383,0.0,0.07,0.0,0,200.0,1845,-0.0,345,1500,773.0,0.0,1.55,42.02236445056307,0.0,102.0,0.27,98.0,11.0,773.0,0.0,132.0,55.0,9.0,Caty Mcnally,Emiliana Arango,Eastbourne (Reino Unido),2026-06-24,Grass,Regular,derrotas,,,,,player1,False,True,False
3.0317460317460316,0,14.015626392452372,0.0,0.09,0.0,0,191.0,1889,-0.0,389,1500,169.0,0.0,1.87,29.92186803773814,0.0,129.0,0.27,62.0,13.0,169.0,0.0,133.0,65.0,7.0,Zeynep Sonmez,Sara Bejlek,Eastbourne (Reino Unido),2026-06-24,Grass,Buena,victorias,,,,,player1,False,True,False
0.9950248756218906,13,10.0,0.06,0.04,15.0,3,200.0,1604,0.1,-215,1819,132.0,0.46,1.16,50.0,1.27,0.0,0.41,200.0,9.0,132.0,12.5184,132.0,45.0,11.0,Murphy Cassone,Ethan Quinn,Mallorca (España),2026-06-24,Grass,Regular,derrotas,Regular,victorias,,,player2,False,True,False
0.40522875816993464,22,8.0,0.01,0.02,33.504000000000005,1,62.0,1783,0.26,-95,1878,139.0,0.27,1.22,60.0,1.34,-90.0,0.27,152.0,9.0,139.0,39.3028,169.0,45.0,11.0,Vit Kopriva,Ignacio Buse,Mallorca (España),2026-06-24,Grass,Regular,derrotas,Buena,derrotas,,,player1,False,True,False
0.9900990099009901,5,11.0,0.02,0.01,8.450000000000001,3,100.0,1477,0.13,-57,1534,152.0,0.09,1.25,45.0,1.13,0.0,0.09,100.0,7.0,152.0,3.25,152.0,35.0,13.0,Kurumi Tamura,Shiho Tsujioka,W15 Sapporo 2 (Japón),2026-06-25,Hard,Mala,derrotas,Regular,derrotas,,,player2,False,False,True
0.9900990099009901,5,15.0,0.0,0.01,0.0,3,100.0,1415,0.0,29,1386,152.0,0.16,1.03,25.0,1.14,0.0,0.0,100.0,6.0,152.0,8.9134,152.0,30.0,14.0,Riko Kikawada,Yuka Hosoki,W15 Sapporo 2 (Japón),2026-06-25,Hard,Mala,derrotas,Mala,derrotas,,,player2,False,False,True
1.8867924528301887,0,12.0,0.03,0.0,0.0,2,100.0,1484,0.0,-78,1562,176.0,0.19,1.2,40.0,1.25,48.0,0.12,52.0,4.0,176.0,0.0,152.0,33.3,8.0,Yuka Naito,Ying Zhang,W15 Sapporo 2 (Japón),2026-06-25,Hard,Mala,derrotas,Regular,derrotas,,,player2,False,False,True
0.07920792079207921,6,6.0,0.06,0.04,17.25,1,8.0,1620,0.21,-62,1682,152.0,0.13,0.93,70.0,0.98,-92.0,0.09,100.0,11.0,152.0,7.475299999999999,319.0,55.0,9.0,Anna Snigireva,Rinko Matsuda,W15 Maanshan 3 (China),2026-06-25,Hard,Regular,derrotas,Buena,derrotas,,,player1,False,False,True
0.07476635514018691,1,6.0,0.0,0.01,4.2250000000000005,1,8.0,1532,0.08,105,1427,150.0,0.0,1.18,25.0,1.19,-98.0,0.15,106.0,9.0,150.0,0.0,319.0,45.0,11.0,Maria Kalyakina,Hyeongju Han,W15 Maanshan 3 (China),2026-06-25,Hard,Regular,derrotas,Mala,derrotas,,,player1,False,False,True
0.48598130841121495,0,13.0,0.01,0.0,0.0,1,52.0,1500,0.0,19,1481,150.0,0.21,0.0,35.0,1.12,-54.0,0.0,106.0,8.388957463493393,150.0,0.0,176.0,41.944787317466954,11.611042536506607,Kuai Jiananxi,Onyu Choi,W15 Maanshan 3 (China),2026-06-25,Hard,,,Mala,derrotas,,,player2,False,False,True
1.8415841584158417,4,14.0,0.0,0.01,6.5,1,186.0,1501,0.12,73,1428,152.0,0.0,1.16,30.0,1.11,86.0,0.0,100.0,7.0,152.0,6.5291,134.0,35.0,13.0,Thantub Suksumrarn,Yua Taka,M15 Wuning 3 (China),2026-06-25,Hard,Mala,derrotas,Mala,derrotas,,,player2,False,False,True
1.0495049504950495,0,6.0,0.0,0.02,0.0,3,106.0,1623,0.0,218,1405,152.0,0.0,1.32,0.0,0.0,6.0,0.0,100.0,10.0,152.0,0.0,150.0,50.0,10.0,Dong Ju Kim,Ryo Minakata,M15 Wuning 3 (China),2026-06-25,Hard,Regular,derrotas,Mala,derrotas,,,player1,False,False,True
4.2631578947368425,0,8.0,0.01,0.0,0.0,1,81.0,1483,0.0,-116,1599,238.0,0.0,0.0,60.0,1.37,63.0,0.0,18.0,0.0,238.0,0.0,159.0,0.0,1.0,Deren Yigin,Samir Hamza Reguig,M15 Kursumlijska Banja 6 (Serbia),2026-06-25,Clay,Mala,derrotas,Buena,derrotas,,,player2,True,False,False
0.943502824858757,0,17.0,0.0,0.01,0.0,3,167.0,1447,0.0,71,1376,135.0,0.0,1.18,15.0,0.98,-9.0,0.0,176.0,6.0,135.0,0.0,137.0,30.0,14.0,Sasa Markovic,Alvaro Peiro Serrano,M15 Kursumlijska Banja 6 (Serbia),2026-06-25,Clay,Mala,derrotas,Mala,derrotas,,,player2,True,False,False
0.5536723163841808,0,13.0,0.0,0.01,0.0,1,98.0,1528,0.0,70,1458,135.0,0.12,1.26,35.0,1.22,-78.0,0.0,176.0,8.0,135.0,0.0,152.0,40.0,12.0,Giannicola Misasi,Aaron Gil Garcia,M15 Kursumlijska Banja 6 (Serbia),2026-06-25,Clay,Regular,derrotas,Mala,derrotas,,,player1,True,False,False
0.13736263736263737,0,3.0,0.0,0.0,0.0,0,25.0,1475,0.0,24,1451,135.0,0.0,1.16,0.0,0.0,-156.0,0.0,181.0,2.0,135.0,0.0,215.0,28.6,5.0,Marko Milosavljevic,Victor Ryden,M15 Kursumlijska Banja 6 (Serbia),2026-06-25,Clay,Mala,derrotas,Mala,derrotas,,,player1,True,False,False
0.9940476190476191,9,14.0,0.0,0.11,11.44,3,167.0,1755,0.43,330,1425,137.0,0.0,1.08,30.0,0.72,0.0,0.09,167.0,14.0,137.0,23.6281,137.0,70.0,6.0,Branko Djuric,Nikola Jovic,M15 Kursumlijska Banja 6 (Serbia),2026-06-25,Clay,Buena,victorias,Mala,derrotas,,,player1,True,False,False
10.88888888888889,1,13.0,0.01,0.0,0.0,1,98.0,1395,0.0,-129,1524,319.0,0.0,0.8,35.0,1.3,90.0,0.0,8.0,1.0,319.0,0.0,152.0,10.0,9.0,Matteo Mesaglio,Timofei Derepasko,M15 Kursumlijska Banja 6 (Serbia),2026-06-25,Clay,Mala,derrotas,Mala,derrotas,,,player1,True,False,False
0.12834224598930483,0,14.0,0.01,0.0,0.0,0,24.0,1420,0.0,-66,1486,134.0,0.0,0.9,30.0,1.18,-162.0,0.14,186.0,1.0,134.0,0.0,217.0,11.1,8.0,Thomas Patton,Wishaya Trongcharoenchaikul,M15 Kursumlijska Banja 6 (Serbia),2026-06-25,Clay,Mala,derrotas,Mala,derrotas,,,player2,True,False,False
0.29285714285714287,0,2.0,0.0,0.01,0.0,1,41.0,1509,0.0,19,1490,142.0,0.0,1.29,33.3,1.21,-98.0,0.0,139.0,9.0,142.0,0.0,187.0,45.0,11.0,George Lazarov,Marko Knezevic,M15 Kursumlijska Banja 6 (Serbia),2026-06-25,Clay,Regular,derrotas,Mala,derrotas,,,player1,True,False,False
7.260869565217392,0,13.0,0.01,0.0,0.0,0,167.0,1467,0.0,12,1455,223.0,0.17,0.0,35.0,1.13,145.0,0.0,22.0,0.0,223.0,0.0,137.0,0.0,2.0,Uros Zivkovic,Francisco Tomas Geschwind,M15 Kursumlijska Banja 6 (Serbia),2026-06-25,Clay,Mala,derrotas,Mala,derrotas,,,player2,True,False,False
3.2115384615384617,1,12.0,0.01,0.02,0.0,0,167.0,1512,0.0,22,1490,177.0,0.0,1.28,40.0,1.25,116.0,0.0,51.0,9.0,177.0,0.0,137.0,45.0,11.0,Vlado Jankanj,Nicolas Bruna,M15 Kursumlijska Banja 6 (Serbia),2026-06-25,Clay,Regular,derrotas,Regular,derrotas,,,player1,True,False,False
1.1904761904761905,1,12.0,0.02,0.03,1.95,2,200.0,1561,0.14,16,1545,137.0,0.0,1.18,40.0,1.34,33.0,0.16,167.0,9.0,137.0,0.0,132.0,45.0,11.0,Alexander Bernard,Vuk Radjenovic,M15 Kursumlijska Banja 6 (Serbia),2026-06-25,Clay,Regular,derrotas,Regular,derrotas,,,player2,True,False,False
1.1726190476190477,1,12.0,0.01,0.01,0.0,2,197.0,1540,0.0,65,1475,137.0,0.09,1.38,40.0,1.15,30.0,0.0,167.0,7.0,137.0,8.483400000000001,132.0,46.7,8.0,Oscar Brown,Novak Novakovic,M15 Kursumlijska Banja 6 (Serbia),2026-06-25,Clay,Regular,derrotas,Regular,derrotas,,,player2,True,False,False
0.5384615384615384,0,6.0,0.0,0.01,0.0,1,98.0,1564,0.0,122,1442,135.0,0.0,1.39,25.0,1.04,-83.0,0.0,181.0,9.0,135.0,0.0,152.0,45.0,11.0,Andrea De Marchi,Michael Minasyan,M15 Kursumlijska Banja 6 (Serbia),2026-06-25,Clay,Regular,derrotas,Mala,derrotas,,,player1,True,False,False
0.36904761904761907,3,10.0,0.03,0.04,6.5,0,62.0,1624,0.26,32,1592,137.0,0.16,1.17,50.0,0.89,-105.0,0.13,167.0,11.0,137.0,0.0,169.0,55.0,9.0,Amelie Justine Hejtmanek,Jana Bojovic,W15 Kursumlijska Banja 6 (Serbia),2026-06-25,Clay,Regular,victorias,Regular,derrotas,,,player1,True,False,False
0.6962025316455697,0,12.0,0.0,0.0,0.0,2,110.0,1418,0.0,-61,1479,138.0,0.09,0.0,40.0,1.26,-47.0,0.0,157.0,0.0,138.0,0.0,149.0,0.0,5.0,Odeta Panasa,Alessia Popescu,W15 Kursumlijska Banja 6 (Serbia),2026-06-25,Clay,Mala,derrotas,Regular,derrotas,,,player2,True,False,False
0.25949367088607594,0,1.0,0.0,0.0,0.0,0,41.0,1409,0.0,-96,1505,138.0,0.0,0.97,50.0,1.32,-116.0,0.0,157.0,1.0,138.0,0.0,187.0,14.3,6.0,Valeria Garnevska,Giulia Alexandra Musat,W15 Kursumlijska Banja 6 (Serbia),2026-06-25,Clay,Mala,derrotas,Regular,derrotas,,,player1,True,False,False
1.0569620253164558,3,13.0,0.01,0.0,6.5,3,167.0,1360,0.26,-109,1469,138.0,0.18,0.78,35.0,1.19,10.0,0.0,157.0,1.0,138.0,0.0,137.0,7.7,12.0,Doroteja Petrovic,Patricia Georgiana Goina,W15 Kursumlijska Banja 6 (Serbia),2026-06-25,Clay,Mala,derrotas,Mala,derrotas,,,player2,True,False,False
0.9940476190476191,0,1.0,0.0,0.01,0.0,3,167.0,1534,0.0,58,1476,137.0,0.0,1.26,0.0,0.0,0.0,0.12,167.0,8.0,137.0,0.0,137.0,40.0,12.0,Andrea Obradovic,Nina Tepic,W15 Kursumlijska Banja 6 (Serbia),2026-06-25,Clay,Regular,derrotas,Mala,derrotas,,,player1,True,False,False
0.24404761904761904,0,12.0,0.01,0.0,0.0,0,41.0,1437,0.0,-54,1491,137.0,0.09,0.0,40.0,1.16,-126.0,0.0,167.0,0.0,137.0,0.0,187.0,0.0,4.0,Andzhelina Kostova,Gala Ivanovic,W15 Kursumlijska Banja 6 (Serbia),2026-06-25,Clay,Mala,derrotas,Regular,derrotas,,,player2,True,False,False
0.047619047619047616,0,10.0,0.03,0.0,0.0,0,8.0,1437,0.0,-172,1609,137.0,0.2,0.0,50.0,1.32,-159.0,0.0,167.0,0.0,137.0,0.0,319.0,0.0,4.0,Kristina Kovgan,Anja Stankovic,W15 Kursumlijska Banja 6 (Serbia),2026-06-25,Clay,Mala,derrotas,Regular,derrotas,,,player2,True,False,False
0.9878048780487805,0,2.0,0.02,0.01,0.0,3,81.0,1579,0.0,20,1559,159.0,0.0,1.25,75.0,1.6,0.0,0.14,81.0,11.0,159.0,0.0,159.0,55.0,9.0,Benito Sanchez Martinez,Oliver Majdandzic,M15 Kamen (Alemania),2026-06-25,Clay,Regular,derrotas,Excelente,derrotas,,,player1,True,False,False
1.9285714285714286,6,13.0,0.0,0.01,9.85,2,81.0,1564,0.39,114,1450,187.0,0.0,1.24,35.0,1.14,40.0,0.09,41.0,10.0,187.0,9.5171,159.0,50.0,10.0,Louis Wessels,Leonid Sheyngezikht,M15 Kamen (Alemania),2026-06-25,Clay,Regular,derrotas,Mala,derrotas,,,player1,True,False,False
2.231707317073171,3,15.0,0.0,0.01,0.0,0,183.0,1531,0.0,126,1405,159.0,0.0,1.34,25.0,1.0,102.0,0.09,81.0,9.0,159.0,8.6864,134.0,45.0,11.0,Taym Al Azmeh,Tom Sickenberger,M15 Kamen (Alemania),2026-06-25,Clay,Regular,derrotas,Mala,derrotas,,,player1,True,False,False
1.404040404040404,6,9.0,0.02,0.01,1.5,2,139.0,1520,0.13,-72,1592,152.0,0.0,1.08,55.0,1.35,41.0,0.0,98.0,8.0,152.0,6.0141,142.0,40.0,12.0,Brian Bozemoj,Gabriele Maria Noce,M15 Kamen (Alemania),2026-06-25,Clay,Regular,derrotas,Regular,derrotas,,,player1,True,False,False
0.9878048780487805,0,13.830887681729518,0.0,0.01,0.0,3,81.0,1518,0.0,18,1500,159.0,0.0,1.4,30.845561591352407,0.0,0.0,0.0,81.0,2.0,159.0,0.0,159.0,66.7,1.0,Christopher Thies,Tim Hammes,M15 Kamen (Alemania),2026-06-25,Clay,Buena,derrotas,,,,,player2,True,False,False
0.4090909090909091,1,12.0,0.01,0.01,0.0,0,81.0,1434,0.0,-154,1588,132.0,0.09,1.03,40.0,1.34,-116.0,0.0,197.0,5.0,132.0,0.0,159.0,25.0,15.0,David Fix,Marcus Walters,M15 Kamen (Alemania),2026-06-25,Clay,Mala,derrotas,Regular,derrotas,,,player2,True,False,False
2.268292682926829,0,4.0,0.0,0.02,0.0,0,186.0,1512,0.0,75,1437,159.0,0.0,1.22,0.0,0.0,105.0,0.0,81.0,7.0,159.0,0.0,134.0,35.0,13.0,Markus Malaszszak,Marcel Volz,M15 Kamen (Alemania),2026-06-25,Clay,Mala,derrotas,Mala,derrotas,,,player1,True,False,False
2.3780487804878048,5,13.0,0.02,0.06,0.0,0,195.0,1672,0.0,186,1486,159.0,0.0,1.13,35.0,0.72,114.0,0.12,81.0,13.0,159.0,14.2709,133.0,65.0,7.0,Oleksii Krutykh,Mariano Dedura-Palomero,M15 Kamen (Alemania),2026-06-25,Clay,Buena,victorias,Mala,derrotas,,,player1,True,False,False
0.9943502824858758,1,11.0,0.02,0.02,0.0,3,176.0,1728,0.0,182,1546,135.0,0.0,1.58,45.0,1.21,0.0,0.16,176.0,14.0,135.0,3.0067,135.0,70.0,6.0,Sergi Perez Contri,Bernardo Munk Mesa,M25 Bakio (España),2026-06-25,Hard,Buena,victorias,Regular,victorias,,,player1,False,False,True
0.8888888888888888,0,7.0,0.08,0.0,0.0,2,176.0,1541,0.0,-166,1707,132.0,0.09,1.08,65.0,1.07,-21.0,0.0,197.0,2.0,132.0,0.0,135.0,66.7,1.0,Roberto Perez Socas,Emile Hudd,M25 Bakio (España),2026-06-25,Hard,Buena,victorias,Buena,victorias,,,player2,False,False,True
2.2564102564102564,1,12.0,0.04,0.01,0.0,1,176.0,1527,0.0,-51,1578,161.0,0.18,1.32,40.0,1.29,99.0,0.0,77.0,9.0,161.0,1.5,135.0,45.0,11.0,Enrique Carrascosa Diaz,Robin Bertrand,M25 Bakio (España),2026-06-25,Hard,Regular,victorias,Regular,victorias,,,player2,False,False,True
7.04,1,11.0,0.03,0.01,0.0,0,176.0,1509,0.0,-118,1627,217.0,0.15,1.29,45.0,1.32,152.0,0.09,24.0,8.0,217.0,0.0,135.0,40.0,12.0,Noah Lopez Cherubino,Edward Winter,M25 Bakio (España),2026-06-25,Hard,Regular,victorias,Regular,victorias,,,player2,False,False,True
0.22591743119266056,0,12.465293477745638,0.0,0.02,0.0,0,197.0,1634,0.0,134,1500,28.0,0.0,1.38,16.02700326349726,0.0,-674.0,0.12,871.0,11.0,28.0,0.0,132.0,55.0,9.0,Oscar Weightman,Carles Hernandez,M25 Bakio (España),2026-06-25,Hard,Regular,victorias,,,,,player1,False,False,True
5.259887005649717,0,12.0,0.01,0.0,0.0,0,931.0,1500,0.0,-1,1501,135.0,0.09,0.0,40.0,1.3,755.0,0.0,176.0,11.585485307527513,135.0,0.0,22.0,57.92742653763757,8.414514692472485,Paul Inchauspe,Iker Urribarrens Ramirez,M25 Bakio (España),2026-06-25,Hard,,,Regular,victorias,,,player2,False,False,True
5.259887005649717,0,12.0,0.01,0.0,0.0,0,931.0,1500,0.0,-1,1501,135.0,0.09,0.0,40.0,1.3,755.0,0.0,176.0,11.585485307527513,135.0,0.0,22.0,57.92742653763757,8.414514692472485,Paul Inchauspe,Iker Urribarrens Ramirez,M25 Bakio (España),2026-06-25,Hard,,,Regular,victorias,,,player2,False,False,True
5.259887005649717,0,12.0,0.01,0.0,0.0,0,931.0,1500,0.0,-1,1501,135.0,0.09,0.0,40.0,1.3,755.0,0.0,176.0,11.585485307527513,135.0,0.0,22.0,57.92742653763757,8.414514692472485,Paul Inchauspe,Iker Urribarrens Ramirez,M25 Bakio (España),2026-06-25,Hard,,,Regular,victorias,,,player1,False,False,True
0.9878048780487805,1,8.0,0.01,0.0,3.0,3,81.0,1569,0.18,-86,1655,159.0,0.15,1.39,60.0,1.36,0.0,0.0,81.0,4.0,159.0,0.0,159.0,66.7,2.0,Isabella Angelina Abendroth,Mara Guth,W15 Kamen (Alemania),2026-06-25,Clay,Buena,derrotas,Buena,derrotas,,,player2,True,False,False
2.6923076923076925,0,12.0,0.01,0.02,0.0,1,140.0,1679,0.0,190,1489,177.0,0.09,1.44,33.3,1.21,89.0,0.15,51.0,15.0,177.0,0.0,141.0,75.0,5.0,Valentina Ivanov,Camila Rodero,W15 Kamen (Alemania),2026-06-25,Clay,Excelente,derrotas,Mala,derrotas,,,player1,True,False,False
0.24427480916030533,1,7.0,0.0,0.01,0.0,1,32.0,1522,0.0,-6,1528,144.0,0.0,1.28,53.3,1.37,-98.0,0.17,130.0,9.0,144.0,0.0,200.0,45.0,11.0,Vicky Van De Peer,Daniela Ciobanu,W15 Kamen (Alemania),2026-06-25,Clay,Regular,derrotas,Regular,victorias,,,player2,True,False,False
0.6864406779661016,7,10.0,0.01,0.02,11.450000000000001,2,81.0,1426,0.41,-168,1594,147.0,0.23,1.02,50.0,1.33,-36.0,0.22,117.0,6.0,147.0,4.2250000000000005,159.0,30.0,14.0,Sonja Zhenikhova,Marie Weckerle,W15 Kamen (Alemania),2026-06-25,Clay,Mala,derrotas,Regular,derrotas,,,player1,True,False,False
0.9878048780487805,0,5.0,0.04,0.0,0.0,3,81.0,1431,0.0,-302,1733,159.0,0.09,0.98,75.0,1.54,0.0,0.14,81.0,2.0,159.0,0.0,159.0,20.0,8.0,Lola Giza,Eva Marie Voracek,W15 Kamen (Alemania),2026-06-25,Clay,Mala,derrotas,Excelente,derrotas,,,player2,True,False,False
1.0384615384615385,1,12.0,0.0,0.02,0.0,3,81.0,1591,0.0,100,1491,161.0,0.17,1.28,40.0,1.25,4.0,0.2,77.0,9.0,161.0,0.0,159.0,45.0,11.0,Josy Daems,Alice Soulie,W15 Kamen (Alemania),2026-06-25,Clay,Regular,derrotas,Regular,derrotas,,,player1,True,False,False
2.4634146341463414,1,3.0,0.0,0.0,0.0,0,202.0,1442,0.0,-102,1544,159.0,0.09,1.21,57.1,1.35,121.0,0.0,81.0,7.0,159.0,0.0,132.0,35.0,13.0,Milana Maslenkova,Sophie Greiner,W15 Kamen (Alemania),2026-06-25,Clay,Mala,derrotas,Regular,derrotas,,,player2,True,False,False
0.9696969696969697,1,1.0,0.0,0.04,0.0,3,32.0,1601,0.0,118,1483,200.0,0.0,1.31,0.0,0.0,0.0,0.0,32.0,10.0,200.0,0.0,200.0,50.0,10.0,Emilien Demanet,Felix Romeo,M25 Brussels (Bélgica),2026-06-25,Clay,Regular,derrotas,Mala,derrotas,,,player1,True,False,False
1.0384615384615385,5,17.0,0.0,0.04,0.0,3,81.0,1673,0.0,312,1361,161.0,0.17,1.36,15.0,0.85,4.0,0.15,77.0,11.0,161.0,13.9511,159.0,55.0,9.0,Marvin Moeller,Leo Deflandre,M25 Brussels (Bélgica),2026-06-25,Clay,Regular,derrotas,Mala,derrotas,,,player1,True,False,False
1.2195121951219512,1,6.0,0.06,0.01,3.0,2,100.0,1342,0.18,-331,1673,159.0,0.09,0.73,70.0,1.14,19.0,0.09,81.0,4.0,159.0,0.0,152.0,20.0,16.0,Yuichiro Inui,Max Wiskandt,M25 Brussels (Bélgica),2026-06-25,Clay,Mala,derrotas,Buena,derrotas,,,player2,True,False,False
2.3333333333333335,4,12.0,0.02,0.07,0.0,0,182.0,1745,0.0,217,1528,161.0,0.18,0.87,40.0,0.61,105.0,0.47,77.0,15.0,161.0,6.5235,134.0,75.0,5.0,Dylan Dietrich,Adan Freire Da Silva,M25 Brussels (Bélgica),2026-06-25,Clay,Excelente,derrotas,Regular,derrotas,,,player1,True,False,False
2.3333333333333335,0,1.0,0.0,0.0,0.0,2,77.0,1500,0.0,-10,1510,200.0,0.09,0.0,50.0,1.32,45.0,0.0,32.0,4.922917805760421,200.0,0.0,161.0,24.614589028802104,7.7690119829205795,Theo Mottier,Noah Martens,M25 Brussels (Bélgica),2026-06-25,Clay,,,Regular,derrotas,,,player2,True,False,False
0.9696969696969697,0,11.0,0.01,0.0,0.0,3,32.0,1500,0.0,-20,1520,200.0,0.12,0.0,45.0,1.29,0.0,0.0,32.0,5.340110394220239,200.0,0.0,200.0,26.70055197110119,10.863726553502618,Dorian Verrue,Harold Huens,M25 Brussels (Bélgica),2026-06-25,Clay,,,Regular,derrotas,,,player2,True,False,False
0.31683168316831684,0,15.0,0.01,0.0,0.0,1,32.0,1483,0.0,77,1406,152.0,0.09,0.0,25.0,1.13,-68.0,0.0,100.0,0.0,152.0,0.0,200.0,0.0,1.0,David Tixhon,Tomohiro Masabayashi,M25 Brussels (Bélgica),2026-06-25,Clay,Mala,derrotas,Mala,derrotas,,,player1,True,False,False
2.127659574468085,0,13.0,0.02,0.0,0.0,0,200.0,1466,0.0,-44,1510,154.0,0.0,1.12,35.0,1.21,107.0,0.0,93.0,2.0,154.0,0.0,132.0,25.0,6.0,Cyrus Mahjoob,Rethin Pranav Senthil Kumar,M15 Kayseri 6 (Turquía),2026-06-25,Hard,Mala,derrotas,Mala,derrotas,,,player2,False,False,True
0.2708333333333333,0,8.0,0.01,0.01,0.0,0,52.0,1406,0.0,-205,1611,133.0,0.0,1.06,60.0,1.37,-139.0,0.09,191.0,4.0,133.0,0.0,176.0,20.0,16.0,Fumin Jiang,Kerem Yilmaz,M15 Kayseri 6 (Turquía),2026-06-25,Hard,Mala,derrotas,Buena,derrotas,,,player2,False,False,True
0.9947916666666666,0,5.0,0.0,0.01,0.0,3,191.0,1521,0.0,86,1435,133.0,0.0,1.32,16.7,1.01,0.0,0.0,191.0,2.0,133.0,0.0,133.0,50.0,2.0,Cem Christopher Kucukhuseyin,Birtan Duran,M15 Kayseri 6 (Turquía),2026-06-25,Hard,Regular,derrotas,Mala,derrotas,,,player2,False,False,True
1.0416666666666667,0,12.0,0.0,0.0,0.0,3,200.0,1483,0.0,58,1425,133.0,0.0,0.0,20.0,1.06,9.0,0.0,191.0,0.0,133.0,0.0,132.0,0.0,1.0,Roman Sancilio,Cagan Efe Tufekci,M15 Kayseri 6 (Turquía),2026-06-25,Hard,Mala,derrotas,Mala,derrotas,,,player1,False,False,True
0.859375,2,15.0,0.0,0.01,0.0,2,165.0,1554,0.0,138,1416,133.0,0.0,1.29,25.0,1.1,-26.0,0.0,191.0,10.0,133.0,7.4750000000000005,137.0,50.0,10.0,Anmar Faleh Alhogbani,Bora Sengul,M15 Kayseri 6 (Turquía),2026-06-25,Hard,Regular,derrotas,Mala,derrotas,,,player2,False,False,True
0.38308457711442784,0,8.39754742119168,0.0,0.01,0.0,0,77.0,1467,0.0,-33,1500,132.0,0.0,1.14,31.540674459172287,0.0,-123.0,0.0,200.0,7.0,132.0,0.0,161.0,36.8,12.0,Theo Herrmann,Matias Reyniak,M15 Kayseri 6 (Turquía),2026-06-25,Hard,Mala,derrotas,,,,,player1,False,False,True
0.5202702702702703,1,14.0,0.0,0.0,0.0,1,77.0,1464,0.0,8,1456,140.0,0.17,1.2,30.0,1.16,-70.0,0.14,147.0,7.0,140.0,1.2349999999999997,161.0,35.0,13.0,Loan Lestir,Muzammil Murtaza,M15 Kayseri 6 (Turquía),2026-06-25,Hard,Mala,derrotas,Mala,derrotas,,,player1,False,False,True
0.40298507462686567,1,9.0,0.01,0.0,0.0,0,81.0,1464,0.0,-168,1632,132.0,0.12,1.11,55.0,1.43,-119.0,0.12,200.0,7.0,132.0,0.0,159.0,35.0,13.0,Rafael Giotis,Keshav Chopra,M15 Kayseri 6 (Turquía),2026-06-25,Hard,Mala,derrotas,Regular,derrotas,,,player2,False,False,True
2.448717948717949,4,7.0,0.04,0.01,27.950000000000003,0,191.0,1476,0.21,-204,1680,161.0,0.0,1.21,65.0,1.34,114.0,0.0,77.0,8.0,161.0,0.0,133.0,40.0,12.0,Melih Anavatan,Nicolas Tepmahc,M15 Kayseri 6 (Turquía),2026-06-25,Hard,Regular,derrotas,Buena,derrotas,,,player2,False,False,True
21.22222222222222,2,11.0,0.01,0.01,0.0,0,191.0,1449,0.0,-16,1465,319.0,0.0,1.24,45.0,1.17,183.0,0.12,8.0,6.0,319.0,3.0875,133.0,30.0,14.0,Selina Atay,Alisa Vasileva,W15 Kayseri 6 (Turquía),2026-06-25,Hard,Mala,derrotas,Regular,derrotas,,,player1,False,False,True
0.421875,0,6.0,0.03,0.0,0.0,0,81.0,1409,0.0,-243,1652,133.0,0.16,1.08,70.0,1.52,-110.0,0.12,191.0,6.0,133.0,0.0,159.0,30.0,14.0,Sophia Ksandinov,Irem Kurt,W15 Kayseri 6 (Turquía),2026-06-25,Hard,Mala,derrotas,Buena,derrotas,,,player2,False,False,True
3.6037735849056602,1,5.0,0.09,0.05,1.69,0,191.0,1604,0.05,-151,1755,176.0,0.19,1.05,75.0,0.99,139.0,0.23,52.0,10.0,176.0,0.0,133.0,50.0,10.0,Ilay Yoruk,Lan Mi,W15 Kayseri 6 (Turquía),2026-06-25,Hard,Regular,derrotas,Excelente,derrotas,,,player2,False,False,True
2.0105263157894737,0,1.0,0.0,0.03,0.0,1,191.0,1619,0.0,136,1483,154.0,0.0,1.39,0.0,0.0,97.0,0.23,94.0,13.0,154.0,0.0,133.0,65.0,7.0,Duru Soke,Hana Shabanpour,W15 Kayseri 6 (Turquía),2026-06-25,Hard,Buena,derrotas,Mala,derrotas,,,player1,False,False,True
0.9701492537313433,0,4.0,0.0,0.02,0.0,3,195.0,1540,0.0,81,1459,132.0,0.12,1.25,20.0,1.06,-5.0,0.18,200.0,8.0,132.0,0.0,133.0,40.0,12.0,Kateryna Lazarenko,Allison Nicole Isaacs,W15 Kayseri 6 (Turquía),2026-06-25,Hard,Regular,derrotas,Mala,derrotas,,,player1,False,False,True
1.854368932038835,7,14.0,0.01,0.0,12.75,1,191.0,1468,0.2,28,1440,151.0,0.12,1.13,30.0,1.09,89.0,0.21,102.0,7.0,151.0,6.2804,133.0,35.0,13.0,Doga Turkmen,Sandugash Kenzhibayeva,W15 Kayseri 6 (Turquía),2026-06-25,Hard,Mala,derrotas,Mala,derrotas,,,player1,False,False,True
0.125,2,5.0,0.0,0.06,1.69,0,24.0,1684,0.05,213,1471,133.0,0.16,1.01,28.6,0.85,-167.0,0.2,191.0,13.0,133.0,8.487000000000002,217.0,65.0,7.0,Alana Subasic,Berrak Kocak,W15 Kayseri 6 (Turquía),2026-06-25,Hard,Buena,derrotas,Mala,derrotas,,,player1,False,False,True
0.9893617021276596,1,4.0,0.0,0.0,0.0,3,93.0,1359,0.0,-62,1421,154.0,0.09,1.03,0.0,0.0,0.0,0.19,93.0,5.0,154.0,0.0,154.0,25.0,15.0,Prathyusha Rachapudi,Jannat Chiripal,W15 Kayseri 6 (Turquía),2026-06-25,Hard,Mala,derrotas,Mala,derrotas,,,player1,False,False,True
0.9936708860759493,6,11.0,0.02,0.0,26.0,3,157.0,1328,0.52,-219,1547,138.0,0.09,0.93,45.0,1.32,0.0,0.0,157.0,4.0,138.0,0.0,138.0,20.0,16.0,Alexandra Irina Anghel,Eva Maria Ionescu,W15 Galati (Rumanía),2026-06-25,Clay,Mala,derrotas,Regular,derrotas,,,player2,True,False,False
1.53125,3,13.0,0.01,0.01,0.0,2,98.0,1507,0.0,9,1498,168.0,0.15,1.22,35.0,1.18,35.0,0.0,63.0,8.0,168.0,11.581700000000001,152.0,40.0,12.0,Chiara Fornasieri,Laura Brunkel,W15 Galati (Rumanía),2026-06-25,Clay,Regular,derrotas,Mala,derrotas,,,player1,True,False,False
0.9936708860759493,3,9.0,0.02,0.04,0.0,3,157.0,1666,0.0,91,1575,138.0,0.2,1.41,55.0,1.19,0.0,0.09,157.0,12.0,138.0,19.5375,138.0,60.0,8.0,Lavinia Tanasie,Sara Victoria Balan,W15 Galati (Rumanía),2026-06-25,Clay,Buena,derrotas,Regular,derrotas,,,player2,True,False,False
0.879746835443038,3,8.0,0.02,0.0,0.0,2,139.0,1431,0.0,-177,1608,138.0,0.16,1.05,60.0,1.43,-18.0,0.19,157.0,6.0,138.0,4.8139,142.0,30.0,14.0,Melissa Boyden,Diana-Ioana Simionescu,W15 Galati (Rumanía),2026-06-25,Clay,Mala,derrotas,Buena,derrotas,,,player2,True,False,False
0.9936708860759493,3,5.0,0.0,0.02,0.0,3,157.0,1639,0.0,191,1448,138.0,0.0,1.24,16.7,1.05,0.0,0.21,157.0,13.0,138.0,14.991800000000001,138.0,65.0,7.0,Anamaria Federica Oana,Andreea Diana Soare,W15 Galati (Rumanía),2026-06-25,Clay,Buena,derrotas,Mala,derrotas,,,player1,True,False,False
0.7929292929292929,1,10.0,0.02,0.0,3.25,2,157.0,1464,0.19,-118,1582,132.0,0.15,1.15,50.0,1.4,-40.0,0.17,197.0,8.0,132.0,0.0096,138.0,40.0,12.0,Alexia Iulia Marginean,Allegra Korpanec Davies,W15 Galati (Rumanía),2026-06-25,Clay,Regular,derrotas,Regular,derrotas,,,player2,True,False,False
0.9936708860759493,1,10.0,0.01,0.0,8.450000000000001,3,157.0,1487,0.29,-73,1560,138.0,0.19,1.2,50.0,1.31,0.0,0.0,157.0,1.0,138.0,0.0,138.0,33.3,2.0,Teodora Miron,Cristiana Nicoleta Todoni,W15 Galati (Rumanía),2026-06-25,Clay,Mala,derrotas,Regular,derrotas,,,player2,True,False,False
0.9936708860759493,0,7.0,0.02,0.0,0.0,3,157.0,1428,0.0,-188,1616,138.0,0.2,1.06,65.0,1.5,0.0,0.0,157.0,3.0,138.0,0.0,138.0,27.3,8.0,Sofia Maria Barbulescu,Giulia Safina Popa,W15 Galati (Rumanía),2026-06-25,Clay,Mala,derrotas,Buena,derrotas,,,player2,True,False,False
0.620253164556962,0,11.0,0.01,0.02,0.0,1,98.0,1585,0.0,68,1517,138.0,0.18,1.42,45.0,1.2,-59.0,0.18,157.0,10.0,138.0,0.0,152.0,50.0,10.0,Enola Chiesa,Irina Fetecau,W15 Galati (Rumanía),2026-06-25,Clay,Regular,derrotas,Regular,derrotas,,,player2,True,False,False
0.14450867052023122,3,12.0,0.01,0.0,0.0,0,25.0,1384,0.0,-117,1501,136.0,0.16,0.88,40.0,1.31,-147.0,0.0,172.0,3.0,136.0,9.467500000000001,215.0,15.0,17.0,Jonas Gundacker,Aljaz Jeran,M15 Slovenska Bistrica (Eslovenia),2026-06-25,Clay,Mala,derrotas,Regular,derrotas,,,player2,True,False,False
6.961538461538462,3,15.0,0.0,0.01,6.5,0,181.0,1591,0.26,194,1397,215.0,0.0,1.38,25.0,1.01,156.0,0.0,25.0,10.0,215.0,1.5,135.0,50.0,10.0,John Hallquist Lithen,Niklas Waldner,M15 Slovenska Bistrica (Eslovenia),2026-06-25,Clay,Regular,derrotas,Mala,derrotas,,,player1,True,False,False
1.7373737373737375,0,14.0,0.01,0.0,0.0,1,172.0,1500,0.0,99,1401,152.0,0.0,0.0,30.0,1.09,74.0,0.0,98.0,7.727614963463263,152.0,0.0,136.0,38.63807481731631,12.272385036536742,Nik Miković,Maximilian Figl,M15 Slovenska Bistrica (Eslovenia),2026-06-25,Clay,,,Mala,derrotas,,,player1,True,False,False
1.046242774566474,1,12.0,0.0,0.0,0.0,3,181.0,1499,0.0,33,1466,136.0,0.0,1.13,29.4,1.24,9.0,0.0,172.0,7.0,136.0,6.2753,135.0,36.8,12.0,Melvin Kumar,Mak Mikovic,M15 Slovenska Bistrica (Eslovenia),2026-06-25,Clay,Mala,derrotas,Mala,derrotas,,,player2,True,False,False
0.1366120218579235,0,16.0,0.01,0.0,0.0,0,25.0,1422,0.0,8,1414,134.0,0.0,0.0,20.0,0.98,-157.0,0.0,182.0,0.0,134.0,0.0,215.0,0.0,5.0,Benedikt Szerencsits,Nicolas Parizzia,M15 Slovenska Bistrica (Eslovenia),2026-06-25,Clay,Mala,derrotas,Mala,derrotas,,,player2,True,False,False
0.34065934065934067,1,12.0,0.0,0.02,0.0,0,62.0,1520,0.0,113,1407,135.0,0.0,1.3,25.0,1.03,-119.0,0.0,181.0,7.0,135.0,0.0,169.0,35.0,13.0,Denis Petak,Oskar Jansson,M15 Slovenska Bistrica (Eslovenia),2026-06-25,Clay,Mala,derrotas,Mala,derrotas,,,player1,True,False,False
0.4682080924855491,1,4.0,0.0,0.02,0.0,1,81.0,1640,0.0,209,1431,136.0,0.0,1.35,0.0,0.0,-91.0,0.0,172.0,12.0,136.0,0.0093,159.0,60.0,8.0,Maximilian Homberg,Marko Retelj,M15 Slovenska Bistrica (Eslovenia),2026-06-25,Clay,Buena,derrotas,Mala,derrotas,,,player1,True,False,False
0.34065934065934067,1,13.0,0.02,0.02,4.75,0,62.0,1520,0.23,29,1491,135.0,0.16,1.28,35.0,1.21,-119.0,0.0,181.0,9.0,135.0,0.0,169.0,45.0,11.0,Stepan Baum,Nikola Slavic,M15 Slovenska Bistrica (Eslovenia),2026-06-25,Clay,Regular,derrotas,Mala,derrotas,,,player2,True,False,False
1.6956521739130435,14,6.0,0.1,0.08,26.5,2,39.0,1687,0.59,-56,1743,223.0,0.24,0.83,70.0,0.8,17.0,0.24,22.0,10.0,223.0,14.1595,190.0,50.0,10.0,Carolina Alves,Martina Capurro Taborda,W50 Gdansk (Polonia),2026-06-25,Clay,Regular,victorias,Buena,derrotas,,,player2,True,False,False
1.2222222222222223,1,12.0,0.01,0.04,0.0,2,77.0,1598,0.0,155,1443,169.0,0.36,1.01,40.0,0.79,15.0,0.69,62.0,9.0,169.0,1.95,161.0,45.0,11.0,Chloe Paquet,Amy Sucha,W50 Gdansk (Polonia),2026-06-25,Clay,Regular,derrotas,Regular,derrotas,,,player1,True,False,False
2.081081081081081,10,8.0,0.02,0.03,25.849999999999998,1,154.0,1546,0.61,-99,1645,163.0,0.25,1.2,60.0,1.16,81.0,0.19,73.0,7.0,163.0,0.0,139.0,35.0,13.0,Daria Kuczer,Elena Malygina,W50 Gdansk (Polonia),2026-06-25,Clay,Mala,derrotas,Buena,derrotas,,,player1,True,False,False
0.4,11,9.0,0.04,0.01,10.8,1,62.0,1583,0.43,-84,1667,139.0,0.22,0.86,55.0,0.88,-92.0,0.15,154.0,10.0,139.0,7.7473,169.0,50.0,10.0,Ivana Sebestova,Weronika Falkowska,W50 Gdansk (Polonia),2026-06-25,Clay,Regular,derrotas,Regular,derrotas,,,player2,True,False,False
2.2063492063492065,6,10.0,0.04,0.08,9.950000000000001,1,139.0,1700,0.34,44,1656,169.0,0.24,0.89,50.0,0.98,77.0,0.2,62.0,13.0,169.0,11.278,142.0,65.0,7.0,Britt Du Pree,Julie Pastikova,W50 Gdansk (Polonia),2026-06-25,Clay,Buena,derrotas,Regular,derrotas,,,player1,True,False,False
1.9285714285714286,1,15.0,0.03,0.14,0.0,2,81.0,1786,0.0,278,1508,187.0,0.27,1.22,25.0,0.71,40.0,0.23,41.0,15.0,187.0,0.0,159.0,75.0,5.0,Joelle Lilly Sophie Steur,Lia Karatancheva,W50 Gdansk (Polonia),2026-06-25,Clay,Excelente,victorias,Mala,derrotas,,,player1,True,False,False
0.7857142857142857,7,7.0,0.05,0.03,18.625000000000004,2,154.0,1551,0.47,-152,1703,133.0,0.55,0.82,65.0,1.11,-41.0,0.4,195.0,8.0,133.0,0.0,139.0,40.0,12.0,Marcelina Podlinska,Anastasiia Sobolieva,W50 Gdansk (Polonia),2026-06-25,Clay,Regular,derrotas,Buena,derrotas,,,player2,True,False,False
1.0129032258064516,4,10.0,0.02,0.03,3.0,3,157.0,1483,0.24,-137,1620,139.0,0.26,1.0,50.0,1.36,3.0,0.24,154.0,5.0,139.0,7.1467,138.0,25.0,15.0,Miriam Bianca Bulgaru,Weronika Ewald,W50 Gdansk (Polonia),2026-06-25,Clay,Mala,derrotas,Regular,derrotas,,,player2,True,False,False
1.6333333333333333,8,13.0,0.04,0.05,13.85,2,98.0,1674,0.46,92,1582,171.0,0.47,0.7,35.0,0.63,39.0,0.18,59.0,14.0,171.0,11.2701,152.0,70.0,6.0,Sofia Rocchetti,Lea Boskovic,W35 Tarvisio (Italia),2026-06-25,Clay,Buena,derrotas,Mala,derrotas,,,player1,True,False,False
4.526315789473684,8,15.0,0.0,0.0,6.5,0,172.0,1305,0.28,-89,1394,192.0,0.0,0.81,25.0,1.05,135.0,0.09,37.0,2.0,192.0,3.25,136.0,10.0,18.0,Matic Dimic,Drazen Petrovic,M25 Zagreb (Croacia),2026-06-25,Clay,Mala,derrotas,Mala,derrotas,,,player1,True,False,False
0.4166666666666667,5,11.0,0.01,0.04,2.375,2,25.0,1651,0.17,131,1520,171.0,0.18,1.34,45.0,1.13,-34.0,0.17,59.0,10.0,171.0,10.1469,215.0,50.0,10.0,Sebastian Sorger,Vito Tonejc,M25 Zagreb (Croacia),2026-06-25,Clay,Regular,derrotas,Regular,derrotas,,,player1,True,False,False
4.875,0,12.0,0.0,0.01,0.0,0,195.0,1525,0.0,25,1500,190.0,0.0,1.25,40.0,0.0,156.0,0.0,39.0,7.0,190.0,0.0,133.0,38.9,11.0,Glib Sekachov,Eduardo Lage,M25 Zagreb (Croacia),2026-06-25,Clay,Mala,derrotas,,,,,player1,True,False,False
0.9833333333333333,3,7.0,0.03,0.0,16.900000000000002,3,59.0,1377,0.38,-285,1662,171.0,0.09,0.66,65.0,1.19,0.0,0.18,59.0,4.0,171.0,3.25,171.0,20.0,16.0,Bozo Barun,Noa Vukadin,M25 Zagreb (Croacia),2026-06-25,Clay,Mala,derrotas,Buena,derrotas,,,player1,True,False,False
0.5210084033613446,0,9.0,0.03,0.0,0.0,1,62.0,1478,0.0,-151,1629,146.0,0.23,1.21,55.0,1.35,-56.0,0.0,118.0,2.0,146.0,0.0,169.0,33.3,4.0,Jan Facek,Kalin Ivanovski,M25 Zagreb (Croacia),2026-06-25,Clay,Mala,derrotas,Regular,derrotas,,,player2,True,False,False
0.4567901234567901,1,12.0,0.0,0.0,0.0,2,37.0,1417,0.0,-159,1576,159.0,0.21,1.08,40.0,1.25,-43.0,0.0,80.0,4.0,159.0,0.0,192.0,22.2,14.0,Ivan Biletic,Saba Purtseladze,M25 Zagreb (Croacia),2026-06-25,Clay,Mala,derrotas,Regular,derrotas,,,player2,True,False,False
0.98989898989899,3,14.0,0.01,0.01,10.725000000000001,3,98.0,1421,0.32,-12,1433,152.0,0.0,1.01,30.0,1.22,0.0,0.17,98.0,5.0,152.0,6.5725999999999996,152.0,25.0,15.0,Silvio Mencaglia,Antonio Caruso,M15 Bergamo (Italia),2026-06-25,Clay,Mala,derrotas,Mala,derrotas,,,player2,True,False,False
0.98989898989899,8,8.0,0.02,0.02,15.55,3,98.0,1654,0.48,35,1619,152.0,0.15,1.26,60.0,1.24,0.0,0.0,98.0,13.0,152.0,10.7692,152.0,65.0,7.0,Stefano D'Agostino,Federico Iannaccone,M15 Bergamo (Italia),2026-06-25,Clay,Buena,derrotas,Buena,derrotas,,,player2,True,False,False
1.8383838383838385,2,8.0,0.02,0.01,1.5,1,182.0,1525,0.12,-98,1623,152.0,0.09,1.27,60.0,1.35,84.0,0.0,98.0,9.0,152.0,0.0,134.0,45.0,11.0,Flynn Thomas,Giorgio Tabacco,M15 Bergamo (Italia),2026-06-25,Clay,Regular,derrotas,Buena,derrotas,,,player2,True,False,False
0.98989898989899,0,11.0,0.01,0.02,0.0,3,98.0,1538,0.0,-23,1561,152.0,0.09,1.27,45.0,1.29,0.0,0.0,98.0,5.0,152.0,0.0,152.0,41.7,7.0,Lorenzo Berto,Manuel Plunger,M15 Bergamo (Italia),2026-06-25,Clay,Regular,derrotas,Regular,derrotas,,,player2,True,False,False
0.8181818181818182,7,10.0,0.08,0.13,17.495,2,81.0,1739,0.4,38,1701,152.0,0.57,0.79,50.0,0.62,-17.0,0.41,98.0,14.0,152.0,4.55,159.0,70.0,6.0,Niels McDonald,Francesco Passaro,Targu Mures (Rumanía),2026-06-25,Clay,Buena,victorias,Regular,victorias,,,player1,True,False,False
0.4350282485875706,0,2.0,0.22,0.03,0.0,1,77.0,1571,0.0,-265,1836,135.0,0.24,0.62,90.0,0.92,-99.0,0.52,176.0,7.0,135.0,0.0,161.0,35.0,13.0,Sascha Gueymard Wayenburg,Max Alcala Gurri,Targu Mures (Rumanía),2026-06-25,Clay,Mala,victorias,Excelente,victorias,,,player2,True,False,False
1.2857142857142858,10,7.0,0.05,0.04,6.25,2,81.0,1598,0.26,-77,1675,169.0,0.2,1.16,65.0,1.29,19.0,0.25,62.0,7.0,169.0,3.9734,159.0,35.0,13.0,Marko Topo,Martin Krumich,Targu Mures (Rumanía),2026-06-25,Clay,Mala,victorias,Buena,victorias,,,player2,True,False,False
0.5959595959595959,9,8.0,0.03,0.03,13.850000000000001,2,59.0,1618,0.4,-7,1625,152.0,0.17,1.23,60.0,1.27,-39.0,0.21,98.0,10.0,152.0,13.2179,171.0,50.0,10.0,Duje Ajdukovic,Franco Agamenone,Targu Mures (Rumanía),2026-06-25,Clay,Regular,victorias,Buena,victorias,,,player1,True,False,False
1.1808510638297873,13,12.0,0.04,0.02,2.8,2,111.0,1544,0.19,-49,1593,154.0,0.26,1.01,40.0,1.22,18.0,0.23,93.0,8.0,154.0,25.5173,148.0,40.0,12.0,Benjamin Hassan,Sumit Nagal,Targu Mures (Rumanía),2026-06-25,Clay,Regular,derrotas,Regular,victorias,,,player2,True,False,False
0.8076923076923077,0,10.953813819302006,0.0,0.04,0.0,2,63.0,1693,0.0,193,1500,161.0,0.0,1.43,29.30541308663289,0.0,-14.0,0.27,77.0,10.0,161.0,0.0,168.0,50.0,10.0,Elmer Moller,Felix Balshaw,Targu Mures (Rumanía),2026-06-25,Clay,Regular,victorias,,,,,player1,True,False,False
0.8076923076923077,0,10.953813819302006,0.0,0.04,0.0,2,63.0,1693,0.0,193,1500,161.0,0.0,1.43,29.30541308663289,0.0,-14.0,0.27,77.0,10.0,161.0,0.0,168.0,50.0,10.0,Elmer Moller,Felix Balshaw,Targu Mures (Rumanía),2026-06-25,Clay,Regular,victorias,,,,,player1,True,False,False
0.8076923076923077,0,10.953813819302006,0.0,0.04,0.0,2,63.0,1693,0.0,193,1500,161.0,0.0,1.43,29.30541308663289,0.0,-14.0,0.27,77.0,10.0,161.0,0.0,168.0,50.0,10.0,Elmer Moller,Felix Balshaw,Targu Mures (Rumanía),2026-06-25,Clay,Regular,victorias,,,,,player2,True,False,False
0.975609756097561,0,10.0,0.04,0.0,0.0,3,80.0,1461,0.0,-124,1585,159.0,0.18,0.0,50.0,1.32,-1.0,0.09,81.0,0.0,159.0,0.0,159.0,0.0,2.0,Tinatini Mtvarelishvili,Karla Bartel,W15 Monastir 19 (Túnez),2026-06-25,Hard,Mala,derrotas,Regular,derrotas,,,player2,False,False,True
21.060303520594772,2,13.0,0.01,0.01,0.0,0,189.5427316853529,1507,0.0,6,1501,319.0,0.15,1.15,35.0,1.27,181.54273168535292,0.14,8.0,9.0,319.0,7.7845,133.16191870162746,45.0,11.0,Talia Neilson Gatenby,Maria Andrienko,W15 Monastir 19 (Túnez),2026-06-25,Hard,Regular,derrotas,Mala,derrotas,,,player2,False,False,True
0.2558139534883721,1,13.0,0.0,0.02,0.0,0,77.0,1543,0.0,155,1388,123.0,0.0,1.33,13.3,0.86,-223.0,0.21,300.0,8.0,123.0,6.5251,161.0,40.0,12.0,Alyssa Reguer,Sarah Victoria Majesty Nita,W15 Monastir 19 (Túnez),2026-06-25,Hard,Regular,derrotas,Mala,derrotas,,,player1,False,False,True
2.402439024390244,1,14.0,0.01,0.01,0.0,0,197.0,1455,0.0,-22,1477,159.0,0.09,1.16,30.0,1.16,116.0,0.12,81.0,6.0,159.0,0.0,132.0,30.0,14.0,Lois Newberry,Anja Wildgruber,W15 Monastir 19 (Túnez),2026-06-25,Hard,Mala,derrotas,Mala,derrotas,,,player2,False,False,True
0.96875,0,10.0,0.01,0.0,0.0,3,62.0,1445,0.0,-119,1564,168.0,0.14,1.09,50.0,1.32,-1.0,0.13,63.0,2.0,168.0,0.0,169.0,22.2,7.0,Lenka Munzarova,Elena Jamshidi,W15 Monastir 19 (Túnez),2026-06-25,Hard,Mala,derrotas,Regular,derrotas,,,player1,False,False,True
0.6576576576576577,0,8.0,0.01,0.0,0.0,2,73.0,1394,0.0,-85,1479,149.0,0.15,0.99,33.3,1.2,-37.0,0.12,110.0,2.0,149.0,0.0,163.0,15.4,11.0,Carol Plakk,Daniela Darta Feldmane,W15 Monastir 19 (Túnez),2026-06-25,Hard,Mala,derrotas,Mala,derrotas,,,player2,False,False,True
1.0869565217391304,1,16.0,0.01,0.0,0.0,3,25.0,1451,0.0,43,1408,223.0,0.2,0.0,20.0,1.05,3.0,0.0,22.0,0.0,223.0,0.0,215.0,0.0,3.0,Livia Keller,Lourdes Ayala,W15 Monastir 19 (Túnez),2026-06-25,Hard,Mala,derrotas,Mala,derrotas,,,player2,False,False,True
0.5130890052356021,0,2.0,0.0,0.01,0.0,1,98.0,1418,0.0,-80,1498,133.0,0.13,1.08,33.3,1.29,-92.0,0.18,190.0,6.0,133.0,0.0,152.0,30.0,14.0,Francesca Dell'Edera,Sarra Attig,W15 Monastir 19 (Túnez),2026-06-25,Hard,Mala,derrotas,Mala,derrotas,,,player1,False,False,True
0.0851063829787234,4,12.0,0.01,0.01,4.2250000000000005,1,8.0,1561,0.09,69,1492,154.0,0.09,1.27,40.0,1.21,-85.0,0.19,93.0,10.0,154.0,1.2999999999999998,319.0,50.0,10.0,Arina Arifullina,Tanisha Kashyap,W15 Monastir 19 (Túnez),2026-06-25,Hard,Regular,derrotas,Regular,derrotas,,,player1,False,False,True
0.9935483870967742,0,10.17344621625374,0.0,0.0,0.0,3,154.0,1471,0.0,-29,1500,139.0,0.0,1.14,33.3579862409227,0.0,0.0,0.0,154.0,4.0,139.0,0.0,139.0,26.7,11.0,Adam Majchrzak,Jakub Januchowski,M15 Rzeszow (Polonia),2026-06-25,Clay,Mala,derrotas,,,,,player1,True,False,False
1.2580645161290323,1,1.0,0.0,0.08,0.0,2,195.0,1662,0.0,179,1483,139.0,0.0,1.38,0.0,0.0,41.0,0.12,154.0,13.0,139.0,6.5226,133.0,65.0,7.0,Vladyslav Orlov,Mateusz Miton,M15 Rzeszow (Polonia),2026-06-25,Clay,Buena,derrotas,Mala,derrotas,,,player1,True,False,False
0.8953488372093024,2,18.0,0.0,0.01,1.5,2,154.0,1413,0.12,53,1360,136.0,0.12,1.2,10.0,0.86,-17.0,0.0,171.0,7.0,136.0,0.0,139.0,35.0,13.0,Oskar Grzegorzewski,Tomas Lanik,M15 Rzeszow (Polonia),2026-06-25,Clay,Mala,derrotas,Mala,derrotas,,,player2,True,False,False
1.3243243243243243,0,9.0,0.01,0.0,0.0,2,98.0,1354,0.0,-241,1595,163.0,0.0,1.04,55.0,1.51,25.0,0.0,73.0,5.0,163.0,0.0,152.0,25.0,15.0,Lorenzo Ferri,Markus Molder,M15 Rzeszow (Polonia),2026-06-25,Clay,Mala,derrotas,Regular,derrotas,,,player2,True,False,False
0.8051948051948052,0,14.0,0.0,0.01,0.0,2,62.0,1521,0.0,33,1488,161.0,0.09,1.35,30.0,1.09,-14.0,0.09,76.0,8.0,161.0,0.0,169.0,40.0,12.0,Jonas Kucera,Oskari Paldanius,M15 Rzeszow (Polonia),2026-06-25,Clay,Regular,derrotas,Mala,derrotas,,,player2,True,False,False
0.896774193548387,0,9.0,0.0,0.0,0.0,2,139.0,1397,0.0,-15,1412,139.0,0.0,1.03,18.2,1.04,-15.0,0.12,154.0,3.0,139.0,0.0,142.0,17.6,14.0,Jim Hendrikx,Jan Wygona,M15 Rzeszow (Polonia),2026-06-25,Clay,Mala,derrotas,Mala,derrotas,,,player1,True,False,False
1.9594594594594594,5,11.0,0.01,0.0,10.75,1,145.0,1409,0.4,-101,1510,163.0,0.15,1.21,45.0,1.14,72.0,0.0,73.0,6.0,163.0,0.0,140.0,30.0,14.0,Leyton Rivera,Kristjan Tamm,M15 Rzeszow (Polonia),2026-06-25,Clay,Mala,derrotas,Regular,derrotas,,,player1,True,False,False
1.2857142857142858,1,15.0,0.01,0.0,0.0,2,81.0,1544,0.0,101,1443,169.0,0.0,1.31,25.0,1.12,19.0,0.18,62.0,10.0,169.0,0.0,159.0,50.0,10.0,Stefan Seifert,Patrik Homola,M15 Rzeszow (Polonia),2026-06-25,Clay,Regular,derrotas,Mala,derrotas,,,player1,True,False,False
1.9898989898989898,0,11.0,0.01,0.0,0.0,1,197.0,1375,0.0,-173,1548,152.0,0.0,1.04,45.0,1.38,99.0,0.0,98.0,5.0,152.0,0.0,132.0,25.0,15.0,Benjamin Gusic Wan,Andrea Colombo,M15 Monastir 24 (Túnez),2026-06-25,Hard,Mala,derrotas,Regular,derrotas,,,player2,False,False,True
0.9595959595959596,0,13.0,0.01,0.0,0.0,3,190.0,1344,0.0,-121,1465,132.0,0.0,0.0,35.0,1.21,-7.0,0.0,197.0,0.0,132.0,0.0,133.0,0.0,12.0,Ibrahim Snoussi,Ali Habib,M15 Monastir 24 (Túnez),2026-06-25,Hard,Mala,derrotas,Mala,derrotas,,,player2,False,False,True
0.945273631840796,1,15.0,0.01,0.02,6.5,3,190.0,1627,0.1,208,1419,132.0,0.0,1.46,25.0,1.03,-10.0,0.19,200.0,12.0,132.0,0.0,133.0,60.0,8.0,Alaa Trifi,Jackson Ross,M15 Monastir 24 (Túnez),2026-06-25,Hard,Buena,derrotas,Mala,derrotas,,,player1,False,False,True
1.4230769230769231,1,14.0,0.01,0.0,8.450000000000001,2,111.0,1471,0.11,35,1436,161.0,0.13,1.19,30.0,1.07,34.0,0.0,77.0,1.0,161.0,0.0,148.0,25.0,3.0,Louay Makke,Nicolas Robert,M15 Monastir 24 (Túnez),2026-06-25,Hard,Mala,derrotas,Mala,derrotas,,,player2,False,False,True
0.9476439790575916,2,6.0,0.1,0.02,12.675,3,181.0,1541,0.13,-189,1730,133.0,0.12,0.85,70.0,1.2,-9.0,0.0,190.0,8.0,133.0,0.0,135.0,40.0,12.0,Jonas Eriksson Ziverts,Aziz Ouakaa,M15 Monastir 24 (Túnez),2026-06-25,Hard,Regular,derrotas,Buena,victorias,,,player1,False,False,True
1.205128205128205,1,11.0,0.01,0.02,3.9,2,94.0,1528,0.08,-7,1535,161.0,0.0,1.24,45.0,1.27,17.0,0.0,77.0,8.0,161.0,0.0,154.0,40.0,12.0,Ali Yazdani,Charles Bertimon,M15 Monastir 24 (Túnez),2026-06-25,Hard,Regular,derrotas,Regular,derrotas,,,player2,False,False,True
1.0471204188481675,0,13.0,0.0,0.0,0.0,3,200.0,1422,0.0,83,1339,133.0,0.0,1.12,0.0,0.0,10.0,0.14,190.0,5.0,133.0,0.0,132.0,25.0,15.0,Logan Zapp,Rayen Hermassi,M15 Monastir 24 (Túnez),2026-06-25,Hard,Mala,derrotas,Mala,derrotas,,,player1,False,False,True
2.5641025641025643,1,11.0,0.01,0.01,0.0,0,200.0,1417,0.0,-145,1562,161.0,0.15,1.11,45.0,1.27,123.0,0.15,77.0,5.0,161.0,0.0,132.0,25.0,15.0,Alexander Frusina,Liam Branger,M15 Monastir 24 (Túnez),2026-06-25,Hard,Mala,derrotas,Regular,derrotas,,,player1,False,False,True
0.8952879581151832,3,15.0,0.0,0.04,2.375,2,171.0,1613,0.07,239,1374,133.0,0.12,1.39,25.0,1.0,-19.0,0.2,190.0,11.0,133.0,13.0233,136.0,55.0,9.0,Lukas Pokorny,Anas Bennour Dit Sahli,M15 Monastir 24 (Túnez),2026-06-25,Hard,Regular,derrotas,Mala,derrotas,,,player1,False,False,True
1.4807692307692308,1,10.0,0.01,0.01,8.450000000000001,2,77.0,1452,0.11,-79,1531,177.0,0.12,1.08,50.0,1.4,26.0,0.0,51.0,5.0,177.0,0.0,161.0,31.2,11.0,Mathys Picard,Diego Fernandez Flores,M15 Monastir 24 (Túnez),2026-06-25,Hard,Mala,derrotas,Regular,derrotas,,,player1,False,False,True
2.0202020202020203,0,15.0,0.02,0.02,0.0,0,200.0,1560,0.0,104,1456,152.0,0.09,1.25,25.0,1.12,102.0,0.14,98.0,8.0,152.0,0.0,132.0,40.0,12.0,Dominick Mosejczuk,Andrea Paolini,M15 Monastir 24 (Túnez),2026-06-25,Hard,Regular,derrotas,Mala,derrotas,,,player1,False,False,True
0.1016949152542373,2,8.0,0.03,0.01,3.25,0,18.0,1533,0.07,-138,1671,135.0,0.16,1.23,60.0,1.34,-158.0,0.16,176.0,8.0,135.0,0.0,238.0,40.0,12.0,Mohamed Nazim Makhlouf,Roger Pascual Ferra,M15 Monastir 24 (Túnez),2026-06-25,Hard,Regular,derrotas,Buena,derrotas,,,player2,False,False,True
0.3888888888888889,3,12.0,0.01,0.13,8.450000000000001,0,77.0,1693,0.13,155,1538,132.0,0.19,1.01,40.0,0.83,-120.0,0.16,197.0,10.0,132.0,13.0304,161.0,50.0,10.0,Cesar Bouchelaghem,Billy Blaydes,M15 Monastir 24 (Túnez),2026-06-25,Hard,Regular,derrotas,Regular,derrotas,,,player1,False,False,True
0.4523809523809524,4,9.0,0.04,0.04,1.5499999999999996,1,76.0,1624,0.11,-132,1756,137.0,0.17,1.29,55.0,1.31,-91.0,0.2,167.0,10.0,137.0,1.8199999999999996,161.0,50.0,10.0,Eero Vasa,Ognjen Milic,Plovdiv (Bulgaria),2026-06-25,Clay,Regular,victorias,Regular,victorias,,,player2,True,False,False
1.8333333333333333,4,6.0,0.07,0.03,8.95,2,77.0,1636,0.32,-98,1734,187.0,0.12,0.98,70.0,1.02,36.0,0.2,41.0,11.0,187.0,0.9499999999999997,161.0,55.0,9.0,Matteo Martineau,Petr Nesterov,Plovdiv (Bulgaria),2026-06-25,Clay,Regular,victorias,Buena,victorias,,,player2,True,False,False
0.4350282485875706,8,6.0,0.13,0.04,14.325,1,77.0,1617,0.4,-131,1748,135.0,0.21,0.94,70.0,0.98,-99.0,0.09,176.0,11.0,135.0,0.0,161.0,55.0,9.0,Mathys Erhard,Inaki Montes-De La Torre,Plovdiv (Bulgaria),2026-06-25,Clay,Regular,victorias,Buena,victorias,,,player2,True,False,False
1.5555555555555556,6,6.0,0.08,0.03,19.900000000000002,1,154.0,1642,0.41,-83,1725,152.0,0.13,1.35,70.0,1.35,56.0,0.17,98.0,11.0,152.0,3.0202,139.0,55.0,9.0,Tomasz Berkieta,Tommaso Compagnucci,Plovdiv (Bulgaria),2026-06-25,Clay,Regular,victorias,Buena,victorias,,,player2,True,False,False
0.5952380952380952,6,6.0,0.08,0.12,0.0,2,25.0,1766,0.0,21,1745,187.0,0.19,1.11,70.0,1.03,-16.0,0.2,41.0,14.0,187.0,8.0259,215.0,70.0,6.0,Sandro Kopp,Alexander Vasilev,Plovdiv (Bulgaria),2026-06-25,Clay,Buena,victorias,Buena,victorias,,,player1,True,False,False
0.34265734265734266,0,11.614112410919468,0.0,0.02,0.0,0,98.0,1661,0.0,161,1500,229.0,0.0,1.53,37.80044074224098,0.0,-187.0,0.09,285.0,12.0,187.0,0.0,152.0,60.0,8.0,Lorenzo Angelini,Dali Blanch,Plovdiv (Bulgaria),2026-06-25,Clay,Buena,victorias,,,,,player1,True,False,False
0.34265734265734266,0,11.614112410919468,0.0,0.02,0.0,0,98.0,1661,0.0,161,1500,229.0,0.0,1.53,37.80044074224098,0.0,-187.0,0.09,285.0,12.0,187.0,0.0,152.0,60.0,8.0,Lorenzo Angelini,Dali Blanch,Plovdiv (Bulgaria),2026-06-25,Clay,Buena,victorias,,,,,player1,True,False,False
0.34265734265734266,0,11.614112410919468,0.0,0.02,0.0,0,98.0,1661,0.0,161,1500,229.0,0.0,1.53,37.80044074224098,0.0,-187.0,0.09,285.0,12.0,187.0,0.0,152.0,60.0,8.0,Lorenzo Angelini,Dali Blanch,Plovdiv (Bulgaria),2026-06-25,Clay,Buena,victorias,,,,,player2,True,False,False
2.1,0,13.0,0.04,0.0,0.0,0,294.0,1500,0.0,-76,1576,142.0,0.18,0.0,35.0,1.24,155.0,0.0,139.0,5.592996621346798,142.0,0.0,179.0,30.9961946217058,11.982034166675755,Daniel Michalski,Jelle Sels,Plovdiv (Bulgaria),2026-06-25,Clay,,,Mala,victorias,,,player1,True,False,False
0.7857142857142857,1,5.0,0.01,0.01,4.2250000000000005,2,110.0,1425,0.21,-79,1504,142.0,0.0,0.98,37.5,1.32,-29.0,0.25,139.0,4.0,142.0,0.0,149.0,20.0,16.0,Daniela Vismane,Jade Groen,W15 Alkmaar (Países Bajos),2026-06-25,Clay,Mala,derrotas,Mala,derrotas,,,player2,True,False,False
0.55,0,12.0,0.01,0.01,0.0,1,77.0,1494,0.0,-33,1527,142.0,0.23,1.24,40.0,1.26,-62.0,0.16,139.0,3.0,142.0,0.0,161.0,37.5,5.0,Charlotte Narti,Rikke de Koning,W15 Alkmaar (Países Bajos),2026-06-25,Clay,Mala,derrotas,Regular,derrotas,,,player1,True,False,False
0.5785714285714286,0,11.0,0.01,0.0,0.0,1,81.0,1352,0.0,-182,1534,142.0,0.2,0.76,45.0,1.29,-58.0,0.18,139.0,1.0,142.0,0.0,159.0,6.7,14.0,Estella Jaeger,Merel Hoedt,W15 Alkmaar (Países Bajos),2026-06-25,Clay,Mala,derrotas,Regular,derrotas,,,player2,True,False,False
5.333333333333333,0,5.0,0.05,0.01,0.0,0,176.0,1416,0.0,-297,1713,200.0,0.13,0.8,75.0,1.09,144.0,0.0,32.0,3.0,200.0,0.0,135.0,20.0,12.0,Lucia Ros Parres,Margaux Maquet,W15 Alkmaar (Países Bajos),2026-06-25,Clay,Mala,derrotas,Excelente,derrotas,,,player2,True,False,False
0.3902439024390244,3,13.0,0.03,0.01,8.19,2,32.0,1553,0.29,41,1512,159.0,0.21,1.29,35.0,1.19,-49.0,0.18,81.0,10.0,159.0,0.0,200.0,50.0,10.0,Lisa Claeys,Fabienne Gettwart,W15 Alkmaar (Países Bajos),2026-06-25,Clay,Regular,derrotas,Mala,derrotas,,,player2,True,False,False
0.9928571428571429,0,10.0,0.0,0.0,0.0,3,139.0,1483,0.0,-98,1581,142.0,0.0,0.0,50.0,1.32,0.0,0.0,139.0,0.0,142.0,0.0,142.0,0.0,1.0,James Pikkaart,Fons Van Sambeek,M15 Alkmaar (Países Bajos),2026-06-25,Clay,Mala,derrotas,Regular,derrotas,,,player2,True,False,False
0.8192090395480226,1,15.0,0.0,0.02,0.0,2,145.0,1599,0.0,169,1430,135.0,0.0,1.35,25.0,1.11,-31.0,0.0,176.0,12.0,135.0,3.9316999999999998,140.0,60.0,8.0,Johan Oscar Lien,Manel Lazaro Juncadella,M15 Alkmaar (Países Bajos),2026-06-25,Clay,Buena,derrotas,Mala,derrotas,,,player2,True,False,False
1.6951219512195121,0,15.0,0.01,0.0,0.0,1,139.0,1483,0.0,22,1461,159.0,0.0,0.0,25.0,1.13,58.0,0.0,81.0,0.0,159.0,0.0,142.0,0.0,1.0,Sebastian Bozemoj,Julien Penzlin,M15 Alkmaar (Países Bajos),2026-06-25,Clay,Mala,derrotas,Mala,derrotas,,,player2,True,False,False
0.15714285714285714,0,14.0,0.0,0.01,0.0,0,22.0,1499,0.0,58,1441,142.0,0.14,1.39,30.0,1.09,-117.0,0.09,139.0,9.0,142.0,0.0,223.0,45.0,11.0,Nicolas Garcia Longo,Jesse De Jager,M15 Alkmaar (Países Bajos),2026-06-25,Clay,Regular,derrotas,Mala,derrotas,,,player2,True,False,False
0.6642857142857143,1,9.0,0.02,0.01,3.0,2,93.0,1569,0.18,-57,1626,142.0,0.0,1.29,55.0,1.34,-46.0,0.0,139.0,8.0,142.0,0.0,154.0,47.1,9.0,Pranav Karthik,Pieter de Lange,M15 Alkmaar (Países Bajos),2026-06-25,Clay,Regular,derrotas,Regular,derrotas,,,player2,True,False,False
0.8756218905472637,1,15.0,0.0,0.01,0.0,2,176.0,1575,0.0,174,1401,132.0,0.0,1.41,25.0,1.03,-24.0,0.0,200.0,10.0,132.0,0.0,135.0,50.0,10.0,Alejandro Turriziani Alvarez,Dillon Beckles,M25 Tanger (Marruecos),2026-06-25,Clay,Regular,derrotas,Mala,derrotas,,,player2,True,False,False
0.5703703703703704,1,4.0,0.04,0.0,3.0,1,77.0,1442,0.18,-378,1820,143.0,0.0,0.95,80.0,1.62,-57.0,0.15,134.0,4.0,143.0,0.0,161.0,25.0,12.0,Andrea M'Chich,Yassine Dlimi,M25 Tanger (Marruecos),2026-06-25,Clay,Mala,derrotas,Excelente,victorias,,,player2,True,False,False
10.88888888888889,4,10.0,0.02,0.01,6.5,1,98.0,1518,0.28,-113,1631,319.0,0.13,1.08,50.0,1.36,90.0,0.0,8.0,7.0,319.0,11.7057,152.0,35.0,13.0,Lorenzo Rottoli,Denis Klok,M25 Tanger (Marruecos),2026-06-25,Clay,Mala,derrotas,Regular,derrotas,,,player1,True,False,False
1.3535353535353536,2,13.0,0.01,0.04,1.95,2,134.0,1610,0.14,153,1457,152.0,0.09,1.27,35.0,1.2,36.0,0.18,98.0,9.0,152.0,0.0,143.0,45.0,11.0,Reda Bennani,Francesco Ferrari,M25 Tanger (Marruecos),2026-06-25,Clay,Regular,derrotas,Mala,derrotas,,,player1,True,False,False
1.1666666666666667,7,8.0,0.18,0.07,7.1,2,91.0,1690,0.29,-113,1803,161.0,0.17,0.96,60.0,1.12,14.0,0.0,77.0,13.0,161.0,5.7231,155.0,65.0,7.0,Attila Boros,Sean Cuenin,M25 Tanger (Marruecos),2026-06-25,Clay,Buena,derrotas,Buena,victorias,,,player2,True,False,False
1.0151515151515151,0,6.0,0.0,0.0,0.0,3,134.0,1437,0.0,3,1434,143.0,0.0,1.04,14.3,1.04,3.0,0.09,131.0,5.0,143.0,0.0,143.0,25.0,15.0,Amine Jamji,Lenny Petit,M25 Tanger (Marruecos),2026-06-25,Clay,Mala,derrotas,Mala,derrotas,,,player1,True,False,False
0.05063291139240506,35,9.0,0.08,0.06,56.096999999999994,0,8.0,1922,0.37,39,1883,138.0,0.27,1.12,55.0,1.36,-149.0,0.27,157.0,11.0,138.0,73.7761,319.0,55.0,9.0,Anna Kalinskaya,Elena-Gabriela Ruse,Bad Homburg (Alemania),2026-06-25,Grass,Regular,victorias,Regular,victorias,,,player2,False,True,False
0.8125,42,11.0,0.05,0.04,128.1225,2,52.0,1944,0.45,191,1753,168.0,0.27,1.28,45.0,1.08,-11.0,0.27,63.0,10.0,168.0,124.78019999999998,176.0,50.0,10.0,Qinwen Zheng,Clara Tauson,Bad Homburg (Alemania),2026-06-25,Grass,Regular,victorias,Regular,victorias,,,player2,False,True,False
1.092896174863388,1,4.0,0.1,0.03,8.450000000000001,2,200.0,1530,0.11,-267,1797,134.0,0.0,0.83,80.0,1.21,18.0,0.12,182.0,10.0,134.0,0.0,132.0,50.0,10.0,Dominique Rolland,Patrick Schoen,M25 Porto (Portugal),2026-06-25,Hard,Regular,derrotas,Excelente,derrotas,,,player2,False,False,True
0.8888888888888888,4,8.0,0.05,0.02,0.0,2,176.0,1629,0.0,-84,1713,132.0,0.09,1.3,60.0,1.3,-21.0,0.0,197.0,12.0,132.0,11.897,135.0,60.0,8.0,Albert Pedrico Kravtsov,Lui Maxted,M25 Porto (Portugal),2026-06-25,Hard,Buena,derrotas,Buena,derrotas,,,player2,False,False,True
0.327683615819209,5,7.0,0.04,0.04,8.450000000000001,0,58.0,1666,0.14,-7,1673,135.0,0.0,1.29,65.0,1.31,-118.0,0.14,176.0,12.0,135.0,14.5201,172.0,60.0,8.0,Eliakim Coulibaly,John Echeverria,M25 Porto (Portugal),2026-06-25,Hard,Buena,derrotas,Buena,derrotas,,,player1,False,False,True
0.7711442786069652,4,7.0,0.02,0.04,0.0,2,155.0,1696,0.0,35,1661,132.0,0.09,1.21,65.0,1.41,-45.0,0.09,200.0,13.0,132.0,11.2659,139.0,65.0,7.0,Joao Domingues,Maxwell Mckennon,M25 Porto (Portugal),2026-06-25,Hard,Buena,derrotas,Buena,derrotas,,,player1,False,False,True
1.648936170212766,4,10.0,0.02,0.01,3.9499999999999997,1,155.0,1526,0.09,-70,1596,154.0,0.16,1.29,50.0,1.16,62.0,0.15,93.0,8.0,154.0,6.5227,139.0,40.0,12.0,Francisco Rocha,Karan Singh,M25 Porto (Portugal),2026-06-25,Hard,Regular,derrotas,Regular,derrotas,,,player1,False,False,True
1.5656565656565657,1,11.0,0.06,0.01,4.75,1,155.0,1481,0.1,-189,1670,152.0,0.21,1.16,45.0,1.27,57.0,0.14,98.0,6.0,152.0,0.0,139.0,30.0,14.0,Joao Dinis Silva,Fabrizio Andaloro,M25 Porto (Portugal),2026-06-25,Hard,Mala,derrotas,Regular,derrotas,,,player2,False,False,True
0.9935897435897436,1,12.0,0.01,0.01,8.450000000000001,3,155.0,1484,0.11,2,1482,139.0,0.15,1.15,40.0,1.33,0.0,0.14,155.0,4.0,139.0,0.0,139.0,40.0,6.0,Francisco Faria,Rodrigo Fernandes,M25 Porto (Portugal),2026-06-25,Hard,Regular,derrotas,Regular,derrotas,,,player2,False,False,True
7.88,25,8.0,0.06,0.06,26.22,0,197.0,1628,0.22,1,1627,217.0,0.27,1.23,60.0,1.33,173.0,0.27,24.0,8.0,217.0,43.174699999999994,132.0,40.0,12.0,Daniel Evans,Tristan Schoolkate,Wimbledon (Reino Unido) - Fase previa,2026-06-25,Grass,Regular,victorias,Buena,victorias,,,player2,False,True,False
0.4595959595959596,30,13.0,0.07,0.04,31.5,0,91.0,1726,0.27,137,1589,132.0,0.27,1.35,35.0,1.2,-106.0,0.27,197.0,13.0,132.0,44.8598,155.0,65.0,7.0,Zsombor Piros,Billy Harris,Wimbledon (Reino Unido) - Fase previa,2026-06-25,Grass,Buena,victorias,Mala,victorias,,,player2,False,True,False
7.0,16,7.0,0.03,0.11,17.099999999999998,0,182.0,1728,0.13,-10,1738,215.0,0.27,1.48,65.0,1.45,157.0,0.27,25.0,12.0,215.0,0.0019,134.0,60.0,8.0,Remy Bertola,Jurij Rodionov,Wimbledon (Reino Unido) - Fase previa,2026-06-25,Grass,Buena,victorias,Buena,victorias,,,player1,False,True,False
1.325,17,4.0,0.0,0.02,12.6,2,53.0,1667,0.15,-134,1801,190.0,0.27,1.27,80.0,1.6,14.0,0.26,39.0,12.0,190.0,18.8712,175.0,60.0,8.0,Nicolas Mejia,Gustavo Heide,Wimbledon (Reino Unido) - Fase previa,2026-06-25,Grass,Buena,victorias,Excelente,victorias,,,player1,False,True,False
0.2619047619047619,10,6.0,0.01,0.0,3.0,1,22.0,1588,0.03,-147,1735,158.0,0.24,1.45,70.0,1.62,-61.0,0.27,83.0,9.0,158.0,6.9158,223.0,45.0,11.0,Federico Coria,Stefanos Sakellaridis,Wimbledon (Reino Unido) - Fase previa,2026-06-25,Grass,Regular,victorias,Buena,victorias,,,player2,False,True,False
0.23737373737373738,6,10.0,0.05,0.03,12.425,0,47.0,1673,0.03,-61,1734,132.0,0.27,1.55,50.0,1.52,-150.0,0.27,197.0,11.0,132.0,9.0699,181.0,55.0,9.0,Alexis Galarneau,Oliver Tarvet,Wimbledon (Reino Unido) - Fase previa,2026-06-25,Grass,Regular,victorias,Regular,victorias,,,player2,False,True,False
0.31683168316831684,18,13.0,0.04,0.02,31.75,1,32.0,1838,0.2,291,1547,152.0,0.27,1.45,35.0,1.25,-68.0,0.21,100.0,16.0,152.0,26.613400000000002,200.0,80.0,4.0,Gauthier Onclin,Shintaro Mochizuki,Wimbledon (Reino Unido) - Fase previa,2026-06-25,Grass,Excelente,victorias,Mala,victorias,,,player2,False,True,False
2.402439024390244,2,9.0,0.01,0.02,0.9499999999999997,0,197.0,1733,0.0,41,1692,159.0,0.24,1.52,55.0,1.72,116.0,0.18,81.0,13.0,159.0,0.0,132.0,65.0,7.0,Max Basing,Tom Gentzsch,Wimbledon (Reino Unido) - Fase previa,2026-06-25,Grass,Buena,victorias,Regular,victorias,,,player1,False,True,False
1.849056603773585,7,10.0,0.03,0.02,10.5,2,98.0,1676,0.06,55,1621,176.0,0.26,1.36,50.0,1.58,46.0,0.27,52.0,10.0,176.0,6.9192,152.0,50.0,10.0,Stefano Travaglia,Yi Zhou,Wimbledon (Reino Unido) - Fase previa,2026-06-25,Grass,Regular,victorias,Regular,victorias,,,player2,False,True,False
0.6666666666666666,9,7.0,0.01,0.11,5.1,2,52.0,1833,0.04,122,1711,161.0,0.27,1.37,65.0,1.11,-25.0,0.27,77.0,17.0,161.0,8.373199999999999,176.0,85.0,3.0,Yunchaokete Bu,Clement Tabur,Wimbledon (Reino Unido) - Fase previa,2026-06-25,Grass,Excelente,victorias,Buena,victorias,,,player2,False,True,False
0.7777777777777778,17,9.0,0.02,0.03,4.75,2,77.0,1681,0.09,-31,1712,152.0,0.26,1.21,55.0,1.51,-21.0,0.27,98.0,9.0,152.0,14.1152,161.0,45.0,11.0,Hugo Gaston,Federico Cina,Wimbledon (Reino Unido) - Fase previa,2026-06-25,Grass,Regular,victorias,Regular,victorias,,,player1,False,True,False
0.2935323383084577,12,10.0,0.05,0.01,18.75,0,59.0,1799,0.1,125,1674,132.0,0.26,1.61,50.0,1.43,-141.0,0.27,200.0,16.0,132.0,6.2576,171.0,80.0,4.0,Borna Gojo,Colton Smith,Wimbledon (Reino Unido) - Fase previa,2026-06-25,Grass,Excelente,victorias,Regular,victorias,,,player2,False,True,False
3.7884615384615383,17,10.0,0.04,0.04,20.3,0,197.0,1686,0.17,21,1665,177.0,0.27,1.25,50.0,1.33,146.0,0.23,51.0,11.0,177.0,27.474700000000002,132.0,55.0,9.0,Paul Jubb,Marcelo Tomas Barrios Vera,Wimbledon (Reino Unido) - Fase previa,2026-06-25,Grass,Regular,victorias,Regular,victorias,,,player2,False,True,False
0.96,22,10.0,0.08,0.03,46.0,3,24.0,1603,0.28,-103,1706,217.0,0.27,0.86,50.0,1.13,0.0,0.26,24.0,9.0,217.0,37.866299999999995,217.0,45.0,11.0,Bernard Tomic,Christopher O'Connell,Wimbledon (Reino Unido) - Fase previa,2026-06-25,Grass,Regular,victorias,Regular,victorias,,,player2,False,True,False
2.84375,11,8.0,0.05,0.04,12.25,0,182.0,1686,0.09,30,1656,168.0,0.26,1.4,60.0,1.47,119.0,0.27,63.0,9.0,168.0,6.331599999999999,134.0,45.0,11.0,Jerome Kym,August Holmgren,Wimbledon (Reino Unido) - Fase previa,2026-06-25,Grass,Regular,victorias,Buena,victorias,,,player1,False,True,False
1.1299435028248588,30,9.0,0.01,0.04,36.824999999999996,2,200.0,1610,0.24,-86,1696,135.0,0.27,1.17,55.0,1.31,24.0,0.27,176.0,8.0,135.0,59.7635,132.0,40.0,12.0,Mackenzie McDonald,Roberto Carballes Baena,Wimbledon (Reino Unido) - Fase previa,2026-06-25,Grass,Regular,victorias,Regular,victorias,,,player1,False,True,False
0.24242424242424243,14,9.0,0.02,0.05,19.905,2,8.0,1793,0.14,123,1670,200.0,0.26,1.48,55.0,1.4,-24.0,0.27,32.0,15.0,200.0,20.6448,319.0,75.0,5.0,Roman Safiullin,Kimmer Coppejans,Wimbledon (Reino Unido) - Fase previa,2026-06-25,Grass,Excelente,victorias,Regular,victorias,,,player1,False,True,False
0.8308457711442786,7,9.0,0.04,0.02,12.75,2,167.0,1756,0.07,1,1755,132.0,0.27,1.68,55.0,1.39,-33.0,0.27,200.0,14.0,132.0,3.0183,137.0,70.0,6.0,Laslo Djere,Michael Zheng,Wimbledon (Reino Unido) - Fase previa,2026-06-25,Grass,Buena,victorias,Regular,victorias,,,player2,False,True,False
8.565217391304348,6,7.0,0.02,0.03,0.0,0,197.0,1808,0.0,-41,1849,223.0,0.27,1.53,65.0,1.59,175.0,0.27,22.0,12.0,223.0,6.066499999999999,132.0,60.0,8.0,Toby Samuel,Thiago Agustin Tirante,Eastbourne (Reino Unido),2026-06-25,Grass,Buena,derrotas,Buena,victorias,,,player1,False,True,False
8.565217391304348,0,13.764376568032686,0.0,0.02,0.0,0,197.0,1778,-0.0,278,1500,223.0,0.0,1.62,31.178117159836543,0.0,175.0,0.27,22.0,12.0,223.0,0.0,132.0,60.0,8.0,Arthur Fery,Juan Manuel Cerundolo,Eastbourne (Reino Unido),2026-06-25,Grass,Buena,victorias,,,,,player2,False,True,False
0.38308457711442784,0,9.528972908457861,0.0,0.08,0.0,0,77.0,1855,-0.0,355,1500,132.0,0.0,1.69,34.34436154937538,0.0,-123.0,0.27,200.0,10.0,132.0,0.0,161.0,50.0,10.0,Ugo Humbert,Jenson Brooksby,Eastbourne (Reino Unido),2026-06-25,Grass,Regular,victorias,,,,,player1,False,True,False
1.975609756097561,0,7.598577755750894,0.0,0.02,0.0,2,81.0,1810,-0.0,310,1500,1150.0,0.0,1.43,62.007111221245545,0.0,41.0,0.27,40.0,10.0,1150.0,0.0,159.0,50.0,10.0,Daniel Altmaier,Zizou Bergs,Eastbourne (Reino Unido),2026-06-25,Grass,Regular,victorias,,,,,player2,False,True,False
0.9253731343283582,10,7.0,0.08,0.03,7.5,2,186.0,1767,0.05,10,1757,132.0,0.27,1.43,65.0,1.66,-14.0,0.27,200.0,13.0,132.0,4.7678,134.0,65.0,7.0,Mananchaya Sawangkaew,Mary Stoiana,Wimbledon (Reino Unido) - Fase previa,2026-06-25,Grass,Buena,victorias,Buena,victorias,,,player1,False,True,False
0.573170731707317,17,7.0,0.0,0.02,19.8,2,47.0,1609,0.17,-163,1772,159.0,0.27,1.31,65.0,1.4,-34.0,0.23,81.0,9.0,159.0,17.3423,181.0,45.0,11.0,Katherine Sebov,Noma Noha Akugue,Wimbledon (Reino Unido) - Fase previa,2026-06-25,Grass,Regular,victorias,Buena,victorias,,,player1,False,True,False
2.5256410256410255,5,8.0,0.05,0.0,6.6,0,197.0,1640,0.02,-84,1724,161.0,0.54,1.19,60.0,1.44,120.0,0.38,77.0,12.0,161.0,0.0,132.0,60.0,8.0,Esther Adeshina,Harmony Tan,Wimbledon (Reino Unido) - Fase previa,2026-06-25,Grass,Buena,victorias,Buena,victorias,,,player2,False,True,False
1.794871794871795,15,12.0,0.02,0.04,16.125,1,140.0,1686,0.13,76,1610,161.0,0.27,1.32,40.0,1.32,63.0,0.27,77.0,8.0,161.0,19.534499999999998,141.0,40.0,12.0,Lulu Sun,Oceane Dodin,Wimbledon (Reino Unido) - Fase previa,2026-06-25,Grass,Regular,victorias,Regular,victorias,,,player2,False,True,False
2.202020202020202,17,5.0,0.04,0.02,12.6,0,218.0,1671,0.15,-147,1818,152.0,0.27,1.23,75.0,1.59,120.0,0.27,98.0,10.0,152.0,24.398000000000003,130.0,50.0,10.0,Joanna Garland,Tyra Caterina Grant,Wimbledon (Reino Unido) - Fase previa,2026-06-25,Grass,Regular,victorias,Excelente,victorias,,,player2,False,True,False
0.24242424242424243,15,6.0,0.06,0.02,42.05,2,8.0,1676,0.18,-103,1779,200.0,0.27,1.28,70.0,1.57,-24.0,0.27,32.0,10.0,200.0,4.7595,319.0,50.0,10.0,Iryna Shymanovich,Greet Minnen,Wimbledon (Reino Unido) - Fase previa,2026-06-25,Grass,Regular,victorias,Buena,victorias,,,player1,False,True,False
0.03980099502487562,13,6.0,0.04,0.01,19.1,0,8.0,1717,0.1,-69,1786,132.0,0.27,1.5,70.0,1.57,-192.0,0.27,200.0,13.0,132.0,10.1399,319.0,65.0,7.0,Erika Andreeva,Kayla Day,Wimbledon (Reino Unido) - Fase previa,2026-06-25,Grass,Buena,victorias,Buena,victorias,,,player2,False,True,False
0.05714285714285714,17,10.0,0.03,0.05,21.549999999999997,0,8.0,1697,0.18,43,1654,142.0,0.27,1.35,50.0,1.33,-131.0,0.27,139.0,11.0,142.0,21.2616,319.0,55.0,9.0,Elena Pridankina,Suzan Lamens,Wimbledon (Reino Unido) - Fase previa,2026-06-25,Grass,Regular,victorias,Regular,victorias,,,player1,False,True,False
0.8756218905472637,12,6.0,0.07,0.02,6.649999999999999,2,176.0,1862,0.07,67,1795,132.0,0.27,1.59,70.0,1.57,-24.0,0.27,200.0,15.0,132.0,10.811499999999999,135.0,75.0,5.0,Kaitlin Quevedo,Claire Liu,Wimbledon (Reino Unido) - Fase previa,2026-06-25,Grass,Excelente,victorias,Buena,victorias,,,player2,False,True,False
0.04519774011299435,21,8.0,0.02,0.02,8.95,0,8.0,1800,0.16,76,1724,135.0,0.27,1.31,60.0,1.33,-168.0,0.27,176.0,11.0,135.0,31.718200000000003,319.0,55.0,9.0,Alina Korneeva,Andrea Lazaro Garcia,Wimbledon (Reino Unido) - Fase previa,2026-06-25,Grass,Regular,victorias,Buena,victorias,,,player1,False,True,False
0.10945273631840796,10,6.0,0.0,0.01,11.28,0,22.0,1772,0.06,31,1741,132.0,0.27,1.58,70.0,1.57,-178.0,0.27,200.0,15.0,132.0,3.0203,223.0,75.0,5.0,Julia Riera,Fiona Crawley,Wimbledon (Reino Unido) - Fase previa,2026-06-25,Grass,Excelente,victorias,Buena,victorias,,,player2,False,True,False
1.1717171717171717,0,13.7915172441986,0.0,0.0,0.0,2,116.0,1651,-0.0,151,1500,152.0,0.0,1.62,31.042413779007003,0.0,18.0,0.23,98.0,12.0,152.0,0.0,147.0,60.0,8.0,Justina Mikulskyte,Lucia Bronzetti,Wimbledon (Reino Unido) - Fase previa,2026-06-25,Grass,Buena,victorias,,,,,player1,False,True,False
1.1717171717171717,0,13.7915172441986,0.0,0.0,0.0,2,116.0,1651,-0.0,151,1500,152.0,0.0,1.62,31.042413779007003,0.0,18.0,0.23,98.0,12.0,152.0,0.0,147.0,60.0,8.0,Justina Mikulskyte,Lucia Bronzetti,Wimbledon (Reino Unido) - Fase previa,2026-06-25,Grass,Buena,victorias,,,,,player1,False,True,False
1.1717171717171717,0,13.7915172441986,0.0,0.0,0.0,2,116.0,1651,-0.0,151,1500,152.0,0.0,1.62,31.042413779007003,0.0,18.0,0.23,98.0,12.0,152.0,0.0,147.0,60.0,8.0,Justina Mikulskyte,Lucia Bronzetti,Wimbledon (Reino Unido) - Fase previa,2026-06-25,Grass,Buena,victorias,,,,,player2,False,True,False
1.3025210084033614,0,1.6739099072129742,0.0,0.01,0.0,2,155.0,1692,-0.0,192,1500,146.0,0.0,1.62,2.8135738626141666,0.0,37.0,0.26,118.0,12.0,146.0,0.0,139.0,60.0,8.0,Francisca Jorge,Lina Gjorcheska,Wimbledon (Reino Unido) - Fase previa,2026-06-25,Grass,Buena,victorias,,,,,player1,False,True,False
1.3025210084033614,0,1.6739099072129742,0.0,0.01,0.0,2,155.0,1692,-0.0,192,1500,146.0,0.0,1.62,2.8135738626141666,0.0,37.0,0.26,118.0,12.0,146.0,0.0,139.0,60.0,8.0,Francisca Jorge,Lina Gjorcheska,Wimbledon (Reino Unido) - Fase previa,2026-06-25,Grass,Buena,victorias,,,,,player1,False,True,False
1.3025210084033614,0,1.6739099072129742,0.0,0.01,0.0,2,155.0,1692,-0.0,192,1500,146.0,0.0,1.62,2.8135738626141666,0.0,37.0,0.26,118.0,12.0,146.0,0.0,139.0,60.0,8.0,Francisca Jorge,Lina Gjorcheska,Wimbledon (Reino Unido) - Fase previa,2026-06-25,Grass,Buena,victorias,,,,,player2,False,True,False
1.0891089108910892,0,12.669070954015043,0.0,0.05,0.0,3,110.0,1748,-0.0,248,1500,152.0,0.0,1.64,36.654645229924775,0.0,10.0,0.27,100.0,13.0,152.0,0.0,149.0,65.0,7.0,Darja Semenistaja,Nao Hibino,Wimbledon (Reino Unido) - Fase previa,2026-06-25,Grass,Buena,victorias,,,,,player1,False,True,False
1.0891089108910892,0,12.669070954015043,0.0,0.05,0.0,3,110.0,1748,-0.0,248,1500,152.0,0.0,1.64,36.654645229924775,0.0,10.0,0.27,100.0,13.0,152.0,0.0,149.0,65.0,7.0,Darja Semenistaja,Nao Hibino,Wimbledon (Reino Unido) - Fase previa,2026-06-25,Grass,Buena,victorias,,,,,player1,False,True,False
1.0891089108910892,0,12.669070954015043,0.0,0.05,0.0,3,110.0,1748,-0.0,248,1500,152.0,0.0,1.64,36.654645229924775,0.0,10.0,0.27,100.0,13.0,152.0,0.0,149.0,65.0,7.0,Darja Semenistaja,Nao Hibino,Wimbledon (Reino Unido) - Fase previa,2026-06-25,Grass,Buena,victorias,,,,,player1,False,True,False
0.32,0,11.223355307966326,0.0,0.03,0.0,2,8.0,1675,-0.0,175,1500,217.0,0.0,1.57,43.88322346016837,0.0,-16.0,0.27,24.0,10.0,217.0,0.0,319.0,50.0,10.0,Anastasia Gasanova,Emerson Jones,Wimbledon (Reino Unido) - Fase previa,2026-06-25,Grass,Regular,victorias,,,,,player1,False,True,False
0.32,0,11.223355307966326,0.0,0.03,0.0,2,8.0,1675,-0.0,175,1500,217.0,0.0,1.57,43.88322346016837,0.0,-16.0,0.27,24.0,10.0,217.0,0.0,319.0,50.0,10.0,Anastasia Gasanova,Emerson Jones,Wimbledon (Reino Unido) - Fase previa,2026-06-25,Grass,Regular,victorias,,,,,player1,False,True,False
0.32,0,11.223355307966326,0.0,0.03,0.0,2,8.0,1675,-0.0,175,1500,217.0,0.0,1.57,43.88322346016837,0.0,-16.0,0.27,24.0,10.0,217.0,0.0,319.0,50.0,10.0,Anastasia Gasanova,Emerson Jones,Wimbledon (Reino Unido) - Fase previa,2026-06-25,Grass,Regular,victorias,,,,,player1,False,True,False
4.761904761904762,0,14.364074573066118,0.0,0.03,0.0,0,200.0,1867,-0.0,367,1500,187.0,0.0,1.81,28.1796271346694,0.0,159.0,0.27,41.0,12.0,187.0,0.0,132.0,60.0,8.0,Katie Volynets,Elizara Yaneva,Wimbledon (Reino Unido) - Fase previa,2026-06-25,Grass,Buena,victorias,,,,,player1,False,True,False
0.7920792079207921,0,14.0,0.0,0.01,0.0,2,80.0,1637,-0.0,137,1500,152.0,0.0,1.45,30.0,0.0,-20.0,0.27,100.0,10.0,152.0,0.0,159.0,50.0,10.0,Mariam Bolkvadze,Hayu Kinoshita,Wimbledon (Reino Unido) - Fase previa,2026-06-25,Grass,Regular,victorias,,,,,player1,False,True,False
0.2568306010928962,0,8.589941072922882,0.0,0.05,0.0,0,47.0,1791,-0.0,291,1500,134.0,0.0,1.67,34.16698886932987,0.0,-135.0,0.27,182.0,11.0,134.0,0.0,181.0,55.0,9.0,Bianca Andreescu,Jil Teichmann,Wimbledon (Reino Unido) - Fase previa,2026-06-25,Grass,Regular,victorias,,,,,player1,False,True,False
0.6666666666666666,0,2.2301325304114017,0.0,0.02,0.0,3,22.0,1600,-0.0,100,1500,200.0,0.0,1.51,5.535596386851308,0.0,-10.0,0.26,32.0,8.0,200.0,0.0,223.0,40.0,12.0,Maria Lourdes Carle,Jeline Vandromme,Wimbledon (Reino Unido) - Fase previa,2026-06-25,Grass,Regular,victorias,,,,,player2,False,True,False
9.0,0,9.867492949260424,0.0,0.0,0.0,1,81.0,1650,-0.0,150,1500,319.0,0.0,1.62,36.44231333737396,0.0,73.0,0.26,8.0,12.0,319.0,0.0,159.0,60.0,8.0,Caroline Werner,Alina Charaeva,Wimbledon (Reino Unido) - Fase previa,2026-06-25,Grass,Buena,victorias,,,,,player2,False,True,False
0.9950248756218906,0,11.000000000000002,0.0,0.29,0.0,3,200.0,1810,-0.0,310,1500,132.0,0.0,1.48,45.00000000000001,0.0,0.0,0.27,200.0,13.0,132.0,0.0,132.0,65.0,7.0,Robin Montgomery,Elvina Kalieva,Wimbledon (Reino Unido) - Fase previa,2026-06-25,Grass,Buena,victorias,,,,,player1,False,True,False
1.0178571428571428,0,3.6312571038836365,0.0,0.05,0.0,3,171.0,1692,-0.0,192,1500,137.0,0.0,1.6,9.568207650485949,0.0,4.0,0.27,167.0,11.0,137.0,0.0,136.0,55.0,9.0,Rebecca Sramkova,Teodora Kostovic,Wimbledon (Reino Unido) - Fase previa,2026-06-25,Grass,Regular,victorias,,,,,player2,False,True,False
1.030612244897959,0,12.433591979636997,0.0,0.0,0.0,3,202.0,1860,-0.0,360,1500,133.0,0.0,1.88,37.83204010181502,0.0,7.0,0.27,195.0,17.0,133.0,0.0,132.0,85.0,3.0,Maria Timofeeva,Veronika Podrez,Wimbledon (Reino Unido) - Fase previa,2026-06-25,Grass,Excelente,victorias,,,,,player1,False,True,False
0.04040404040404041,0,4.543591969184327,0.0,0.03,0.0,0,8.0,1777,-0.0,277,1500,132.0,0.0,1.67,30.745117744833657,0.0,-189.0,0.27,197.0,14.0,132.0,0.0,319.0,70.0,6.0,Tatiana Prozorova,Heather Watson,Wimbledon (Reino Unido) - Fase previa,2026-06-25,Grass,Buena,victorias,,,,,player2,False,True,False
1.9801980198019802,0,12.531523403632706,0.0,0.15,0.0,1,200.0,1828,-0.0,328,1500,152.0,0.0,1.35,37.34238298183646,0.0,100.0,0.27,100.0,15.0,152.0,0.0,132.0,75.0,5.0,Ashlyn Krueger,Mai Hontama,Wimbledon (Reino Unido) - Fase previa,2026-06-25,Grass,Excelente,victorias,,,,,player1,False,True,False
0.1509433962264151,0,9.0,0.0,0.18,0.0,2,8.0,1732,-0.0,232,1500,176.0,0.0,1.48,25.0,0.0,-44.0,0.27,52.0,12.0,176.0,0.0,319.0,60.0,8.0,Polina Iatcenko,Zhuoxuan Bai,Wimbledon (Reino Unido) - Fase previa,2026-06-25,Grass,Buena,victorias,,,,,player1,False,True,False
0.32,0,9.0,0.0,0.04,0.0,2,8.0,1786,-0.0,286,1500,217.0,0.0,1.6,25.000000000000004,0.0,-16.0,0.27,24.0,11.0,217.0,0.0,319.0,55.0,9.0,Aliaksandra Sasnovich,Storm Hunter,Wimbledon (Reino Unido) - Fase previa,2026-06-25,Grass,Regular,victorias,,,,,player1,False,True,False
1.0049751243781095,0,11.000000000000002,0.0,0.04,0.0,3,202.0,1833,-0.0,333,1500,132.0,0.0,1.69,45.0,0.0,2.0,0.27,200.0,15.0,132.0,0.0,132.0,75.0,5.0,Polina Kudermetova,Clervie Ngounoue,Wimbledon (Reino Unido) - Fase previa,2026-06-25,Grass,Excelente,victorias,,,,,player1,False,True,False
0.8756218905472637,42,6.0,0.16,0.08,187.2965,2,176.0,1751,0.36,-244,1995,132.0,0.27,1.28,70.0,1.45,-24.0,0.27,200.0,10.0,132.0,29.8639,135.0,50.0,10.0,Jessica Bouzas Maneiro,Madison Keys,Eastbourne (Reino Unido),2026-06-25,Grass,Regular,victorias,Buena,victorias,,,player2,False,True,False
1.0204081632653061,33,7.0,0.06,0.09,83.695,3,200.0,1755,0.31,-136,1891,133.0,0.27,1.28,65.0,1.35,5.0,0.27,195.0,10.0,133.0,46.950500000000005,132.0,50.0,10.0,Mccartney Kessler,Anhelina Kalinina,Eastbourne (Reino Unido),2026-06-25,Grass,Regular,victorias,Buena,victorias,,,player1,False,True,False
1.1956521739130435,19,9.0,0.04,0.13,37.6,2,110.0,1893,0.27,130,1763,155.0,0.27,1.31,55.0,1.31,19.0,0.27,91.0,11.0,155.0,95.3108,149.0,55.0,9.0,Jelena Ostapenko,Panna Udvardy,Eastbourne (Reino Unido),2026-06-25,Grass,Regular,victorias,Regular,victorias,,,player1,False,True,False
2.48,0,14.710181252203915,0.0,0.02,0.0,2,62.0,1869,-0.0,369,1500,217.0,0.0,1.57,26.44909373898043,0.0,38.0,0.27,24.0,10.0,217.0,0.0,169.0,50.0,10.0,Tereza Valentova,Ajla Tomljanović,Eastbourne (Reino Unido),2026-06-25,Grass,Regular,victorias,,,,,player1,False,True,False
2.0202020202020203,0,11.59746075776978,0.0,0.07,0.0,0,200.0,1851,-0.0,351,1500,773.0,0.0,1.62,42.01269621115111,0.0,102.0,0.27,98.0,12.0,773.0,0.0,132.0,60.0,8.0,Caty Mcnally,Emiliana Arango,Eastbourne (Reino Unido),2026-06-25,Grass,Buena,victorias,,,,,player1,False,True,False
2.0202020202020203,0,11.59746075776978,0.0,0.07,0.0,0,200.0,1851,-0.0,351,1500,773.0,0.0,1.62,42.01269621115111,0.0,102.0,0.27,98.0,12.0,773.0,0.0,132.0,60.0,8.0,Caty Mcnally,Emiliana Arango,Eastbourne (Reino Unido),2026-06-25,Grass,Buena,victorias,,,,,player1,False,True,False
2.0202020202020203,0,11.59746075776978,0.0,0.07,0.0,0,200.0,1851,-0.0,351,1500,773.0,0.0,1.62,42.01269621115111,0.0,102.0,0.27,98.0,12.0,773.0,0.0,132.0,60.0,8.0,Caty Mcnally,Emiliana Arango,Eastbourne (Reino Unido),2026-06-25,Grass,Buena,victorias,,,,,player1,False,True,False
3.0317460317460316,0,13.782471211147213,0.0,0.09,0.0,0,191.0,1876,-0.0,376,1500,169.0,0.0,1.88,31.087643944263927,0.0,129.0,0.27,62.0,14.0,169.0,0.0,133.0,70.0,6.0,Zeynep Sonmez,Sara Bejlek,Eastbourne (Reino Unido),2026-06-25,Grass,Buena,victorias,,,,,player1,False,True,False
0.9950248756218906,13,10.0,0.06,0.04,15.0,3,200.0,1598,0.1,-219,1817,132.0,0.46,1.16,50.0,1.27,0.0,0.41,200.0,9.0,132.0,12.5184,132.0,45.0,11.0,Murphy Cassone,Ethan Quinn,Mallorca (España),2026-06-25,Grass,Regular,derrotas,Regular,victorias,,,player2,False,True,False
0.40522875816993464,22,7.0,0.03,0.02,33.504000000000005,1,62.0,1771,0.26,-107,1878,139.0,0.27,1.28,65.0,1.39,-90.0,0.27,152.0,10.0,139.0,38.772800000000004,169.0,50.0,10.0,Vit Kopriva,Ignacio Buse,Mallorca (España),2026-06-25,Grass,Regular,victorias,Buena,victorias,,,player1,False,True,False
0.9900990099009901,5,11.0,0.02,0.01,8.450000000000001,3,100.0,1477,0.13,-57,1534,152.0,0.09,1.25,45.0,1.13,0.0,0.09,100.0,7.0,152.0,3.25,152.0,35.0,13.0,Kurumi Tamura,Shiho Tsujioka,W15 Sapporo 2 (Japón),2026-06-25,Hard,Mala,derrotas,Regular,derrotas,,,player2,False,False,True
0.9900990099009901,5,15.0,0.0,0.01,0.0,3,100.0,1415,0.0,29,1386,152.0,0.16,1.03,25.0,1.14,0.0,0.0,100.0,6.0,152.0,8.9134,152.0,30.0,14.0,Riko Kikawada,Yuka Hosoki,W15 Sapporo 2 (Japón),2026-06-25,Hard,Mala,derrotas,Mala,derrotas,,,player2,False,False,True
1.8867924528301887,0,12.0,0.03,0.0,0.0,2,100.0,1484,0.0,-78,1562,176.0,0.19,1.2,40.0,1.25,48.0,0.12,52.0,4.0,176.0,0.0,152.0,33.3,8.0,Yuka Naito,Ying Zhang,W15 Sapporo 2 (Japón),2026-06-25,Hard,Mala,derrotas,Regular,derrotas,,,player2,False,False,True
0.07920792079207921,6,6.0,0.06,0.04,17.25,1,8.0,1620,0.21,-62,1682,152.0,0.13,0.93,70.0,0.98,-92.0,0.09,100.0,11.0,152.0,7.475299999999999,319.0,55.0,9.0,Anna Snigireva,Rinko Matsuda,W15 Maanshan 3 (China),2026-06-25,Hard,Regular,derrotas,Buena,derrotas,,,player1,False,False,True
0.07476635514018691,1,6.0,0.0,0.01,4.2250000000000005,1,8.0,1532,0.08,105,1427,150.0,0.0,1.18,25.0,1.19,-98.0,0.15,106.0,9.0,150.0,0.0,319.0,45.0,11.0,Maria Kalyakina,Hyeongju Han,W15 Maanshan 3 (China),2026-06-25,Hard,Regular,derrotas,Mala,derrotas,,,player1,False,False,True
0.48598130841121495,0,13.0,0.01,0.0,0.0,1,52.0,1500,0.0,19,1481,150.0,0.21,0.0,35.0,1.12,-54.0,0.0,106.0,8.388957463493393,150.0,0.0,176.0,41.944787317466954,11.611042536506607,Kuai Jiananxi,Onyu Choi,W15 Maanshan 3 (China),2026-06-25,Hard,,,Mala,derrotas,,,player2,False,False,True
1.8415841584158417,4,14.0,0.0,0.01,6.5,1,186.0,1501,0.12,73,1428,152.0,0.0,1.16,30.0,1.11,86.0,0.0,100.0,7.0,152.0,6.5291,134.0,35.0,13.0,Thantub Suksumrarn,Yua Taka,M15 Wuning 3 (China),2026-06-25,Hard,Mala,derrotas,Mala,derrotas,,,player2,False,False,True
1.0495049504950495,0,6.0,0.0,0.02,0.0,3,106.0,1623,0.0,218,1405,152.0,0.0,1.32,0.0,0.0,6.0,0.0,100.0,10.0,152.0,0.0,150.0,50.0,10.0,Dong Ju Kim,Ryo Minakata,M15 Wuning 3 (China),2026-06-25,Hard,Regular,derrotas,Mala,derrotas,,,player1,False,False,True
4.2631578947368425,0,8.0,0.01,0.0,0.0,1,81.0,1483,0.0,-116,1599,238.0,0.0,0.0,60.0,1.37,63.0,0.0,18.0,0.0,238.0,0.0,159.0,0.0,1.0,Deren Yigin,Samir Hamza Reguig,M15 Kursumlijska Banja 6 (Serbia),2026-06-25,Clay,Mala,derrotas,Buena,derrotas,,,player2,True,False,False
0.943502824858757,0,17.0,0.0,0.01,0.0,3,167.0,1447,0.0,71,1376,135.0,0.0,1.18,15.0,0.98,-9.0,0.0,176.0,6.0,135.0,0.0,137.0,30.0,14.0,Sasa Markovic,Alvaro Peiro Serrano,M15 Kursumlijska Banja 6 (Serbia),2026-06-25,Clay,Mala,derrotas,Mala,derrotas,,,player2,True,False,False
0.5536723163841808,0,13.0,0.0,0.01,0.0,1,98.0,1528,0.0,70,1458,135.0,0.12,1.26,35.0,1.22,-78.0,0.0,176.0,8.0,135.0,0.0,152.0,40.0,12.0,Giannicola Misasi,Aaron Gil Garcia,M15 Kursumlijska Banja 6 (Serbia),2026-06-25,Clay,Regular,derrotas,Mala,derrotas,,,player1,True,False,False
0.13736263736263737,0,3.0,0.0,0.0,0.0,0,25.0,1475,0.0,24,1451,135.0,0.0,1.16,0.0,0.0,-156.0,0.0,181.0,2.0,135.0,0.0,215.0,28.6,5.0,Marko Milosavljevic,Victor Ryden,M15 Kursumlijska Banja 6 (Serbia),2026-06-25,Clay,Mala,derrotas,Mala,derrotas,,,player1,True,False,False
0.9940476190476191,9,14.0,0.0,0.11,11.44,3,167.0,1755,0.43,330,1425,137.0,0.0,1.08,30.0,0.72,0.0,0.09,167.0,14.0,137.0,23.6281,137.0,70.0,6.0,Branko Djuric,Nikola Jovic,M15 Kursumlijska Banja 6 (Serbia),2026-06-25,Clay,Buena,victorias,Mala,derrotas,,,player1,True,False,False
10.88888888888889,1,13.0,0.01,0.0,0.0,1,98.0,1395,0.0,-129,1524,319.0,0.0,0.8,35.0,1.3,90.0,0.0,8.0,1.0,319.0,0.0,152.0,10.0,9.0,Matteo Mesaglio,Timofei Derepasko,M15 Kursumlijska Banja 6 (Serbia),2026-06-25,Clay,Mala,derrotas,Mala,derrotas,,,player1,True,False,False
0.12834224598930483,0,14.0,0.01,0.0,0.0,0,24.0,1420,0.0,-66,1486,134.0,0.0,0.9,30.0,1.18,-162.0,0.14,186.0,1.0,134.0,0.0,217.0,11.1,8.0,Thomas Patton,Wishaya Trongcharoenchaikul,M15 Kursumlijska Banja 6 (Serbia),2026-06-25,Clay,Mala,derrotas,Mala,derrotas,,,player2,True,False,False
0.29285714285714287,0,2.0,0.0,0.01,0.0,1,41.0,1509,0.0,19,1490,142.0,0.0,1.29,33.3,1.21,-98.0,0.0,139.0,9.0,142.0,0.0,187.0,45.0,11.0,George Lazarov,Marko Knezevic,M15 Kursumlijska Banja 6 (Serbia),2026-06-25,Clay,Regular,derrotas,Mala,derrotas,,,player1,True,False,False
7.260869565217392,0,13.0,0.01,0.0,0.0,0,167.0,1467,0.0,12,1455,223.0,0.17,0.0,35.0,1.13,145.0,0.0,22.0,0.0,223.0,0.0,137.0,0.0,2.0,Uros Zivkovic,Francisco Tomas Geschwind,M15 Kursumlijska Banja 6 (Serbia),2026-06-25,Clay,Mala,derrotas,Mala,derrotas,,,player2,True,False,False
3.2115384615384617,1,12.0,0.01,0.02,0.0,0,167.0,1512,0.0,22,1490,177.0,0.0,1.28,40.0,1.25,116.0,0.0,51.0,9.0,177.0,0.0,137.0,45.0,11.0,Vlado Jankanj,Nicolas Bruna,M15 Kursumlijska Banja 6 (Serbia),2026-06-25,Clay,Regular,derrotas,Regular,derrotas,,,player1,True,False,False
1.1904761904761905,1,12.0,0.02,0.03,1.95,2,200.0,1561,0.14,16,1545,137.0,0.0,1.18,40.0,1.34,33.0,0.16,167.0,9.0,137.0,0.0,132.0,45.0,11.0,Alexander Bernard,Vuk Radjenovic,M15 Kursumlijska Banja 6 (Serbia),2026-06-25,Clay,Regular,derrotas,Regular,derrotas,,,player2,True,False,False
1.1726190476190477,1,12.0,0.01,0.01,0.0,2,197.0,1540,0.0,65,1475,137.0,0.09,1.38,40.0,1.15,30.0,0.0,167.0,7.0,137.0,8.483400000000001,132.0,46.7,8.0,Oscar Brown,Novak Novakovic,M15 Kursumlijska Banja 6 (Serbia),2026-06-25,Clay,Regular,derrotas,Regular,derrotas,,,player2,True,False,False
0.5384615384615384,0,6.0,0.0,0.01,0.0,1,98.0,1564,0.0,122,1442,135.0,0.0,1.39,25.0,1.04,-83.0,0.0,181.0,9.0,135.0,0.0,152.0,45.0,11.0,Andrea De Marchi,Michael Minasyan,M15 Kursumlijska Banja 6 (Serbia),2026-06-25,Clay,Regular,derrotas,Mala,derrotas,,,player1,True,False,False
0.36904761904761907,3,10.0,0.03,0.04,6.5,0,62.0,1624,0.26,32,1592,137.0,0.16,1.17,50.0,0.89,-105.0,0.13,167.0,11.0,137.0,0.0,169.0,55.0,9.0,Amelie Justine Hejtmanek,Jana Bojovic,W15 Kursumlijska Banja 6 (Serbia),2026-06-25,Clay,Regular,victorias,Regular,derrotas,,,player1,True,False,False
0.6962025316455697,0,12.0,0.0,0.0,0.0,2,110.0,1418,0.0,-61,1479,138.0,0.09,0.0,40.0,1.26,-47.0,0.0,157.0,0.0,138.0,0.0,149.0,0.0,5.0,Odeta Panasa,Alessia Popescu,W15 Kursumlijska Banja 6 (Serbia),2026-06-25,Clay,Mala,derrotas,Regular,derrotas,,,player2,True,False,False
0.25949367088607594,0,1.0,0.0,0.0,0.0,0,41.0,1409,0.0,-96,1505,138.0,0.0,0.97,50.0,1.32,-116.0,0.0,157.0,1.0,138.0,0.0,187.0,14.3,6.0,Valeria Garnevska,Giulia Alexandra Musat,W15 Kursumlijska Banja 6 (Serbia),2026-06-25,Clay,Mala,derrotas,Regular,derrotas,,,player1,True,False,False
1.0569620253164558,3,13.0,0.01,0.0,6.5,3,167.0,1360,0.26,-109,1469,138.0,0.18,0.78,35.0,1.19,10.0,0.0,157.0,1.0,138.0,0.0,137.0,7.7,12.0,Doroteja Petrovic,Patricia Georgiana Goina,W15 Kursumlijska Banja 6 (Serbia),2026-06-25,Clay,Mala,derrotas,Mala,derrotas,,,player2,True,False,False
0.9940476190476191,0,1.0,0.0,0.01,0.0,3,167.0,1534,0.0,58,1476,137.0,0.0,1.26,0.0,0.0,0.0,0.12,167.0,8.0,137.0,0.0,137.0,40.0,12.0,Andrea Obradovic,Nina Tepic,W15 Kursumlijska Banja 6 (Serbia),2026-06-25,Clay,Regular,derrotas,Mala,derrotas,,,player1,True,False,False
0.24404761904761904,0,12.0,0.01,0.0,0.0,0,41.0,1437,0.0,-54,1491,137.0,0.09,0.0,40.0,1.16,-126.0,0.0,167.0,0.0,137.0,0.0,187.0,0.0,4.0,Andzhelina Kostova,Gala Ivanovic,W15 Kursumlijska Banja 6 (Serbia),2026-06-25,Clay,Mala,derrotas,Regular,derrotas,,,player2,True,False,False
0.047619047619047616,0,10.0,0.03,0.0,0.0,0,8.0,1437,0.0,-172,1609,137.0,0.2,0.0,50.0,1.32,-159.0,0.0,167.0,0.0,137.0,0.0,319.0,0.0,4.0,Kristina Kovgan,Anja Stankovic,W15 Kursumlijska Banja 6 (Serbia),2026-06-25,Clay,Mala,derrotas,Regular,derrotas,,,player2,True,False,False
0.9878048780487805,0,2.0,0.02,0.01,0.0,3,81.0,1579,0.0,20,1559,159.0,0.0,1.25,75.0,1.6,0.0,0.14,81.0,11.0,159.0,0.0,159.0,55.0,9.0,Benito Sanchez Martinez,Oliver Majdandzic,M15 Kamen (Alemania),2026-06-25,Clay,Regular,derrotas,Excelente,derrotas,,,player1,True,False,False
1.9285714285714286,6,13.0,0.0,0.01,9.85,2,81.0,1564,0.39,114,1450,187.0,0.0,1.24,35.0,1.14,40.0,0.09,41.0,10.0,187.0,9.5171,159.0,50.0,10.0,Louis Wessels,Leonid Sheyngezikht,M15 Kamen (Alemania),2026-06-25,Clay,Regular,derrotas,Mala,derrotas,,,player1,True,False,False
2.231707317073171,3,15.0,0.0,0.01,0.0,0,183.0,1531,0.0,126,1405,159.0,0.0,1.34,25.0,1.0,102.0,0.09,81.0,9.0,159.0,8.6864,134.0,45.0,11.0,Taym Al Azmeh,Tom Sickenberger,M15 Kamen (Alemania),2026-06-25,Clay,Regular,derrotas,Mala,derrotas,,,player1,True,False,False
1.404040404040404,6,9.0,0.02,0.01,1.5,2,139.0,1520,0.13,-72,1592,152.0,0.0,1.08,55.0,1.35,41.0,0.0,98.0,8.0,152.0,6.0141,142.0,40.0,12.0,Brian Bozemoj,Gabriele Maria Noce,M15 Kamen (Alemania),2026-06-25,Clay,Regular,derrotas,Regular,derrotas,,,player1,True,False,False
0.9878048780487805,0,13.830887681729518,0.0,0.01,0.0,3,81.0,1518,0.0,18,1500,159.0,0.0,1.4,30.845561591352407,0.0,0.0,0.0,81.0,2.0,159.0,0.0,159.0,66.7,1.0,Christopher Thies,Tim Hammes,M15 Kamen (Alemania),2026-06-25,Clay,Buena,derrotas,,,,,player2,True,False,False
0.4090909090909091,1,12.0,0.01,0.01,0.0,0,81.0,1434,0.0,-154,1588,132.0,0.09,1.03,40.0,1.34,-116.0,0.0,197.0,5.0,132.0,0.0,159.0,25.0,15.0,David Fix,Marcus Walters,M15 Kamen (Alemania),2026-06-25,Clay,Mala,derrotas,Regular,derrotas,,,player2,True,False,False
2.268292682926829,0,4.0,0.0,0.02,0.0,0,186.0,1512,0.0,75,1437,159.0,0.0,1.22,0.0,0.0,105.0,0.0,81.0,7.0,159.0,0.0,134.0,35.0,13.0,Markus Malaszszak,Marcel Volz,M15 Kamen (Alemania),2026-06-25,Clay,Mala,derrotas,Mala,derrotas,,,player1,True,False,False
2.3780487804878048,5,13.0,0.02,0.06,0.0,0,195.0,1672,0.0,186,1486,159.0,0.0,1.13,35.0,0.72,114.0,0.12,81.0,13.0,159.0,14.2709,133.0,65.0,7.0,Oleksii Krutykh,Mariano Dedura-Palomero,M15 Kamen (Alemania),2026-06-25,Clay,Buena,victorias,Mala,derrotas,,,player1,True,False,False
0.9943502824858758,1,11.0,0.02,0.02,0.0,3,176.0,1728,0.0,182,1546,135.0,0.0,1.58,45.0,1.21,0.0,0.16,176.0,14.0,135.0,3.0067,135.0,70.0,6.0,Sergi Perez Contri,Bernardo Munk Mesa,M25 Bakio (España),2026-06-25,Hard,Buena,victorias,Regular,victorias,,,player1,False,False,True
0.8888888888888888,0,7.0,0.08,0.0,0.0,2,176.0,1541,0.0,-166,1707,132.0,0.09,1.08,65.0,1.07,-21.0,0.0,197.0,2.0,132.0,0.0,135.0,66.7,1.0,Roberto Perez Socas,Emile Hudd,M25 Bakio (España),2026-06-25,Hard,Buena,victorias,Buena,victorias,,,player2,False,False,True
2.2564102564102564,1,12.0,0.04,0.01,0.0,1,176.0,1527,0.0,-51,1578,161.0,0.18,1.32,40.0,1.29,99.0,0.0,77.0,9.0,161.0,1.5,135.0,45.0,11.0,Enrique Carrascosa Diaz,Robin Bertrand,M25 Bakio (España),2026-06-25,Hard,Regular,victorias,Regular,victorias,,,player2,False,False,True
7.04,1,11.0,0.03,0.01,0.0,0,176.0,1509,0.0,-118,1627,217.0,0.15,1.29,45.0,1.32,152.0,0.09,24.0,8.0,217.0,0.0,135.0,40.0,12.0,Noah Lopez Cherubino,Edward Winter,M25 Bakio (España),2026-06-25,Hard,Regular,victorias,Regular,victorias,,,player2,False,False,True
0.22591743119266056,0,12.465293477745638,0.0,0.02,0.0,0,197.0,1634,0.0,134,1500,28.0,0.0,1.38,16.02700326349726,0.0,-674.0,0.12,871.0,11.0,28.0,0.0,132.0,55.0,9.0,Oscar Weightman,Carles Hernandez,M25 Bakio (España),2026-06-25,Hard,Regular,victorias,,,,,player1,False,False,True
5.259887005649717,0,12.0,0.01,0.0,0.0,0,931.0,1500,0.0,-1,1501,135.0,0.09,0.0,40.0,1.3,755.0,0.0,176.0,11.585485307527513,135.0,0.0,22.0,57.92742653763757,8.414514692472485,Paul Inchauspe,Iker Urribarrens Ramirez,M25 Bakio (España),2026-06-25,Hard,,,Regular,victorias,,,player2,False,False,True
5.259887005649717,0,12.0,0.01,0.0,0.0,0,931.0,1500,0.0,-1,1501,135.0,0.09,0.0,40.0,1.3,755.0,0.0,176.0,11.585485307527513,135.0,0.0,22.0,57.92742653763757,8.414514692472485,Paul Inchauspe,Iker Urribarrens Ramirez,M25 Bakio (España),2026-06-25,Hard,,,Regular,victorias,,,player2,False,False,True
5.259887005649717,0,12.0,0.01,0.0,0.0,0,931.0,1500,0.0,-1,1501,135.0,0.09,0.0,40.0,1.3,755.0,0.0,176.0,11.585485307527513,135.0,0.0,22.0,57.92742653763757,8.414514692472485,Paul Inchauspe,Iker Urribarrens Ramirez,M25 Bakio (España),2026-06-25,Hard,,,Regular,victorias,,,player1,False,False,True
0.9878048780487805,1,8.0,0.01,0.0,3.0,3,81.0,1569,0.18,-86,1655,159.0,0.15,1.39,60.0,1.36,0.0,0.0,81.0,4.0,159.0,0.0,159.0,66.7,2.0,Isabella Angelina Abendroth,Mara Guth,W15 Kamen (Alemania),2026-06-25,Clay,Buena,derrotas,Buena,derrotas,,,player2,True,False,False
2.6923076923076925,0,12.0,0.01,0.02,0.0,1,140.0,1679,0.0,190,1489,177.0,0.09,1.44,33.3,1.21,89.0,0.15,51.0,15.0,177.0,0.0,141.0,75.0,5.0,Valentina Ivanov,Camila Rodero,W15 Kamen (Alemania),2026-06-25,Clay,Excelente,derrotas,Mala,derrotas,,,player1,True,False,False
0.24427480916030533,1,7.0,0.0,0.01,0.0,1,32.0,1522,0.0,-6,1528,144.0,0.0,1.28,53.3,1.37,-98.0,0.17,130.0,9.0,144.0,0.0,200.0,45.0,11.0,Vicky Van De Peer,Daniela Ciobanu,W15 Kamen (Alemania),2026-06-25,Clay,Regular,derrotas,Regular,victorias,,,player2,True,False,False
0.6864406779661016,7,10.0,0.01,0.02,11.450000000000001,2,81.0,1426,0.41,-168,1594,147.0,0.23,1.02,50.0,1.33,-36.0,0.22,117.0,6.0,147.0,4.2250000000000005,159.0,30.0,14.0,Sonja Zhenikhova,Marie Weckerle,W15 Kamen (Alemania),2026-06-25,Clay,Mala,derrotas,Regular,derrotas,,,player1,True,False,False
0.9878048780487805,0,5.0,0.04,0.0,0.0,3,81.0,1431,0.0,-302,1733,159.0,0.09,0.98,75.0,1.54,0.0,0.14,81.0,2.0,159.0,0.0,159.0,20.0,8.0,Lola Giza,Eva Marie Voracek,W15 Kamen (Alemania),2026-06-25,Clay,Mala,derrotas,Excelente,derrotas,,,player2,True,False,False
1.0384615384615385,1,12.0,0.0,0.02,0.0,3,81.0,1591,0.0,100,1491,161.0,0.17,1.28,40.0,1.25,4.0,0.2,77.0,9.0,161.0,0.0,159.0,45.0,11.0,Josy Daems,Alice Soulie,W15 Kamen (Alemania),2026-06-25,Clay,Regular,derrotas,Regular,derrotas,,,player1,True,False,False
2.4634146341463414,1,3.0,0.0,0.0,0.0,0,202.0,1442,0.0,-102,1544,159.0,0.09,1.21,57.1,1.35,121.0,0.0,81.0,7.0,159.0,0.0,132.0,35.0,13.0,Milana Maslenkova,Sophie Greiner,W15 Kamen (Alemania),2026-06-25,Clay,Mala,derrotas,Regular,derrotas,,,player2,True,False,False
0.9696969696969697,1,1.0,0.0,0.04,0.0,3,32.0,1601,0.0,118,1483,200.0,0.0,1.31,0.0,0.0,0.0,0.0,32.0,10.0,200.0,0.0,200.0,50.0,10.0,Emilien Demanet,Felix Romeo,M25 Brussels (Bélgica),2026-06-25,Clay,Regular,derrotas,Mala,derrotas,,,player1,True,False,False
1.0384615384615385,5,17.0,0.0,0.04,0.0,3,81.0,1673,0.0,312,1361,161.0,0.17,1.36,15.0,0.85,4.0,0.15,77.0,11.0,161.0,13.9511,159.0,55.0,9.0,Marvin Moeller,Leo Deflandre,M25 Brussels (Bélgica),2026-06-25,Clay,Regular,derrotas,Mala,derrotas,,,player1,True,False,False
1.2195121951219512,1,6.0,0.06,0.01,3.0,2,100.0,1342,0.18,-331,1673,159.0,0.09,0.73,70.0,1.14,19.0,0.09,81.0,4.0,159.0,0.0,152.0,20.0,16.0,Yuichiro Inui,Max Wiskandt,M25 Brussels (Bélgica),2026-06-25,Clay,Mala,derrotas,Buena,derrotas,,,player2,True,False,False
2.3333333333333335,4,12.0,0.02,0.07,0.0,0,182.0,1745,0.0,217,1528,161.0,0.18,0.87,40.0,0.61,105.0,0.47,77.0,15.0,161.0,6.5235,134.0,75.0,5.0,Dylan Dietrich,Adan Freire Da Silva,M25 Brussels (Bélgica),2026-06-25,Clay,Excelente,derrotas,Regular,derrotas,,,player1,True,False,False
2.3333333333333335,0,1.0,0.0,0.0,0.0,2,77.0,1500,0.0,-10,1510,200.0,0.09,0.0,50.0,1.32,45.0,0.0,32.0,4.922917805760421,200.0,0.0,161.0,24.614589028802104,7.7690119829205795,Theo Mottier,Noah Martens,M25 Brussels (Bélgica),2026-06-25,Clay,,,Regular,derrotas,,,player2,True,False,False
0.9696969696969697,0,11.0,0.01,0.0,0.0,3,32.0,1500,0.0,-20,1520,200.0,0.12,0.0,45.0,1.29,0.0,0.0,32.0,5.340110394220239,200.0,0.0,200.0,26.70055197110119,10.863726553502618,Dorian Verrue,Harold Huens,M25 Brussels (Bélgica),2026-06-25,Clay,,,Regular,derrotas,,,player2,True,False,False
0.31683168316831684,0,15.0,0.01,0.0,0.0,1,32.0,1483,0.0,77,1406,152.0,0.09,0.0,25.0,1.13,-68.0,0.0,100.0,0.0,152.0,0.0,200.0,0.0,1.0,David Tixhon,Tomohiro Masabayashi,M25 Brussels (Bélgica),2026-06-25,Clay,Mala,derrotas,Mala,derrotas,,,player1,True,False,False
2.127659574468085,0,13.0,0.02,0.0,0.0,0,200.0,1466,0.0,-44,1510,154.0,0.0,1.12,35.0,1.21,107.0,0.0,93.0,2.0,154.0,0.0,132.0,25.0,6.0,Cyrus Mahjoob,Rethin Pranav Senthil Kumar,M15 Kayseri 6 (Turquía),2026-06-25,Hard,Mala,derrotas,Mala,derrotas,,,player2,False,False,True
0.2708333333333333,0,8.0,0.01,0.01,0.0,0,52.0,1406,0.0,-205,1611,133.0,0.0,1.06,60.0,1.37,-139.0,0.09,191.0,4.0,133.0,0.0,176.0,20.0,16.0,Fumin Jiang,Kerem Yilmaz,M15 Kayseri 6 (Turquía),2026-06-25,Hard,Mala,derrotas,Buena,derrotas,,,player2,False,False,True
0.9947916666666666,0,5.0,0.0,0.01,0.0,3,191.0,1521,0.0,86,1435,133.0,0.0,1.32,16.7,1.01,0.0,0.0,191.0,2.0,133.0,0.0,133.0,50.0,2.0,Cem Christopher Kucukhuseyin,Birtan Duran,M15 Kayseri 6 (Turquía),2026-06-25,Hard,Regular,derrotas,Mala,derrotas,,,player2,False,False,True
1.0416666666666667,0,12.0,0.0,0.0,0.0,3,200.0,1483,0.0,58,1425,133.0,0.0,0.0,20.0,1.06,9.0,0.0,191.0,0.0,133.0,0.0,132.0,0.0,1.0,Roman Sancilio,Cagan Efe Tufekci,M15 Kayseri 6 (Turquía),2026-06-25,Hard,Mala,derrotas,Mala,derrotas,,,player1,False,False,True
0.859375,2,15.0,0.0,0.01,0.0,2,165.0,1554,0.0,138,1416,133.0,0.0,1.29,25.0,1.1,-26.0,0.0,191.0,10.0,133.0,7.4750000000000005,137.0,50.0,10.0,Anmar Faleh Alhogbani,Bora Sengul,M15 Kayseri 6 (Turquía),2026-06-25,Hard,Regular,derrotas,Mala,derrotas,,,player2,False,False,True
0.38308457711442784,0,8.39754742119168,0.0,0.01,0.0,0,77.0,1467,0.0,-33,1500,132.0,0.0,1.14,31.540674459172287,0.0,-123.0,0.0,200.0,7.0,132.0,0.0,161.0,36.8,12.0,Theo Herrmann,Matias Reyniak,M15 Kayseri 6 (Turquía),2026-06-25,Hard,Mala,derrotas,,,,,player1,False,False,True
0.5202702702702703,1,14.0,0.0,0.0,0.0,1,77.0,1464,0.0,8,1456,140.0,0.17,1.2,30.0,1.16,-70.0,0.14,147.0,7.0,140.0,1.2349999999999997,161.0,35.0,13.0,Loan Lestir,Muzammil Murtaza,M15 Kayseri 6 (Turquía),2026-06-25,Hard,Mala,derrotas,Mala,derrotas,,,player1,False,False,True
0.40298507462686567,1,9.0,0.01,0.0,0.0,0,81.0,1464,0.0,-168,1632,132.0,0.12,1.11,55.0,1.43,-119.0,0.12,200.0,7.0,132.0,0.0,159.0,35.0,13.0,Rafael Giotis,Keshav Chopra,M15 Kayseri 6 (Turquía),2026-06-25,Hard,Mala,derrotas,Regular,derrotas,,,player2,False,False,True
2.448717948717949,4,7.0,0.04,0.01,27.950000000000003,0,191.0,1476,0.21,-204,1680,161.0,0.0,1.21,65.0,1.34,114.0,0.0,77.0,8.0,161.0,0.0,133.0,40.0,12.0,Melih Anavatan,Nicolas Tepmahc,M15 Kayseri 6 (Turquía),2026-06-25,Hard,Regular,derrotas,Buena,derrotas,,,player2,False,False,True
21.22222222222222,2,11.0,0.01,0.01,0.0,0,191.0,1449,0.0,-16,1465,319.0,0.0,1.24,45.0,1.17,183.0,0.12,8.0,6.0,319.0,3.0875,133.0,30.0,14.0,Selina Atay,Alisa Vasileva,W15 Kayseri 6 (Turquía),2026-06-25,Hard,Mala,derrotas,Regular,derrotas,,,player1,False,False,True
0.421875,0,6.0,0.03,0.0,0.0,0,81.0,1409,0.0,-243,1652,133.0,0.16,1.08,70.0,1.52,-110.0,0.12,191.0,6.0,133.0,0.0,159.0,30.0,14.0,Sophia Ksandinov,Irem Kurt,W15 Kayseri 6 (Turquía),2026-06-25,Hard,Mala,derrotas,Buena,derrotas,,,player2,False,False,True
3.6037735849056602,1,5.0,0.09,0.05,1.69,0,191.0,1604,0.05,-151,1755,176.0,0.19,1.05,75.0,0.99,139.0,0.23,52.0,10.0,176.0,0.0,133.0,50.0,10.0,Ilay Yoruk,Lan Mi,W15 Kayseri 6 (Turquía),2026-06-25,Hard,Regular,derrotas,Excelente,derrotas,,,player2,False,False,True
2.0105263157894737,0,1.0,0.0,0.03,0.0,1,191.0,1619,0.0,136,1483,154.0,0.0,1.39,0.0,0.0,97.0,0.23,94.0,13.0,154.0,0.0,133.0,65.0,7.0,Duru Soke,Hana Shabanpour,W15 Kayseri 6 (Turquía),2026-06-25,Hard,Buena,derrotas,Mala,derrotas,,,player1,False,False,True
0.9701492537313433,0,4.0,0.0,0.02,0.0,3,195.0,1540,0.0,81,1459,132.0,0.12,1.25,20.0,1.06,-5.0,0.18,200.0,8.0,132.0,0.0,133.0,40.0,12.0,Kateryna Lazarenko,Allison Nicole Isaacs,W15 Kayseri 6 (Turquía),2026-06-25,Hard,Regular,derrotas,Mala,derrotas,,,player1,False,False,True
1.854368932038835,7,14.0,0.01,0.0,12.75,1,191.0,1468,0.2,28,1440,151.0,0.12,1.13,30.0,1.09,89.0,0.21,102.0,7.0,151.0,6.2804,133.0,35.0,13.0,Doga Turkmen,Sandugash Kenzhibayeva,W15 Kayseri 6 (Turquía),2026-06-25,Hard,Mala,derrotas,Mala,derrotas,,,player1,False,False,True
0.125,2,5.0,0.0,0.06,1.69,0,24.0,1684,0.05,213,1471,133.0,0.16,1.01,28.6,0.85,-167.0,0.2,191.0,13.0,133.0,8.487000000000002,217.0,65.0,7.0,Alana Subasic,Berrak Kocak,W15 Kayseri 6 (Turquía),2026-06-25,Hard,Buena,derrotas,Mala,derrotas,,,player1,False,False,True
0.9893617021276596,1,4.0,0.0,0.0,0.0,3,93.0,1359,0.0,-62,1421,154.0,0.09,1.03,0.0,0.0,0.0,0.19,93.0,5.0,154.0,0.0,154.0,25.0,15.0,Prathyusha Rachapudi,Jannat Chiripal,W15 Kayseri 6 (Turquía),2026-06-25,Hard,Mala,derrotas,Mala,derrotas,,,player1,False,False,True
0.9936708860759493,6,11.0,0.02,0.0,26.0,3,157.0,1328,0.52,-219,1547,138.0,0.09,0.93,45.0,1.32,0.0,0.0,157.0,4.0,138.0,0.0,138.0,20.0,16.0,Alexandra Irina Anghel,Eva Maria Ionescu,W15 Galati (Rumanía),2026-06-25,Clay,Mala,derrotas,Regular,derrotas,,,player2,True,False,False
1.53125,3,13.0,0.01,0.01,0.0,2,98.0,1507,0.0,9,1498,168.0,0.15,1.22,35.0,1.18,35.0,0.0,63.0,8.0,168.0,11.581700000000001,152.0,40.0,12.0,Chiara Fornasieri,Laura Brunkel,W15 Galati (Rumanía),2026-06-25,Clay,Regular,derrotas,Mala,derrotas,,,player1,True,False,False
0.9936708860759493,3,9.0,0.02,0.04,0.0,3,157.0,1666,0.0,91,1575,138.0,0.2,1.41,55.0,1.19,0.0,0.09,157.0,12.0,138.0,19.5375,138.0,60.0,8.0,Lavinia Tanasie,Sara Victoria Balan,W15 Galati (Rumanía),2026-06-25,Clay,Buena,derrotas,Regular,derrotas,,,player2,True,False,False
0.879746835443038,3,8.0,0.02,0.0,0.0,2,139.0,1431,0.0,-177,1608,138.0,0.16,1.05,60.0,1.43,-18.0,0.19,157.0,6.0,138.0,4.8139,142.0,30.0,14.0,Melissa Boyden,Diana-Ioana Simionescu,W15 Galati (Rumanía),2026-06-25,Clay,Mala,derrotas,Buena,derrotas,,,player2,True,False,False
0.9936708860759493,3,5.0,0.0,0.02,0.0,3,157.0,1639,0.0,191,1448,138.0,0.0,1.24,16.7,1.05,0.0,0.21,157.0,13.0,138.0,14.991800000000001,138.0,65.0,7.0,Anamaria Federica Oana,Andreea Diana Soare,W15 Galati (Rumanía),2026-06-25,Clay,Buena,derrotas,Mala,derrotas,,,player1,True,False,False
0.7929292929292929,1,10.0,0.02,0.0,3.25,2,157.0,1464,0.19,-118,1582,132.0,0.15,1.15,50.0,1.4,-40.0,0.17,197.0,8.0,132.0,0.0096,138.0,40.0,12.0,Alexia Iulia Marginean,Allegra Korpanec Davies,W15 Galati (Rumanía),2026-06-25,Clay,Regular,derrotas,Regular,derrotas,,,player2,True,False,False
0.9936708860759493,1,10.0,0.01,0.0,8.450000000000001,3,157.0,1487,0.29,-73,1560,138.0,0.19,1.2,50.0,1.31,0.0,0.0,157.0,1.0,138.0,0.0,138.0,33.3,2.0,Teodora Miron,Cristiana Nicoleta Todoni,W15 Galati (Rumanía),2026-06-25,Clay,Mala,derrotas,Regular,derrotas,,,player2,True,False,False
0.9936708860759493,0,7.0,0.02,0.0,0.0,3,157.0,1428,0.0,-188,1616,138.0,0.2,1.06,65.0,1.5,0.0,0.0,157.0,3.0,138.0,0.0,138.0,27.3,8.0,Sofia Maria Barbulescu,Giulia Safina Popa,W15 Galati (Rumanía),2026-06-25,Clay,Mala,derrotas,Buena,derrotas,,,player2,True,False,False
0.620253164556962,0,11.0,0.01,0.02,0.0,1,98.0,1585,0.0,68,1517,138.0,0.18,1.42,45.0,1.2,-59.0,0.18,157.0,10.0,138.0,0.0,152.0,50.0,10.0,Enola Chiesa,Irina Fetecau,W15 Galati (Rumanía),2026-06-25,Clay,Regular,derrotas,Regular,derrotas,,,player2,True,False,False
0.14450867052023122,3,12.0,0.01,0.0,0.0,0,25.0,1384,0.0,-117,1501,136.0,0.16,0.88,40.0,1.31,-147.0,0.0,172.0,3.0,136.0,9.467500000000001,215.0,15.0,17.0,Jonas Gundacker,Aljaz Jeran,M15 Slovenska Bistrica (Eslovenia),2026-06-25,Clay,Mala,derrotas,Regular,derrotas,,,player2,True,False,False
6.961538461538462,3,15.0,0.0,0.01,6.5,0,181.0,1591,0.26,194,1397,215.0,0.0,1.38,25.0,1.01,156.0,0.0,25.0,10.0,215.0,1.5,135.0,50.0,10.0,John Hallquist Lithen,Niklas Waldner,M15 Slovenska Bistrica (Eslovenia),2026-06-25,Clay,Regular,derrotas,Mala,derrotas,,,player1,True,False,False
1.7373737373737375,0,14.0,0.01,0.0,0.0,1,172.0,1500,0.0,99,1401,152.0,0.0,0.0,30.0,1.09,74.0,0.0,98.0,7.727614963463263,152.0,0.0,136.0,38.63807481731631,12.272385036536742,Nik Miković,Maximilian Figl,M15 Slovenska Bistrica (Eslovenia),2026-06-25,Clay,,,Mala,derrotas,,,player1,True,False,False
1.046242774566474,1,12.0,0.0,0.0,0.0,3,181.0,1499,0.0,33,1466,136.0,0.0,1.13,29.4,1.24,9.0,0.0,172.0,7.0,136.0,6.2753,135.0,36.8,12.0,Melvin Kumar,Mak Mikovic,M15 Slovenska Bistrica (Eslovenia),2026-06-25,Clay,Mala,derrotas,Mala,derrotas,,,player2,True,False,False
0.1366120218579235,0,16.0,0.01,0.0,0.0,0,25.0,1422,0.0,8,1414,134.0,0.0,0.0,20.0,0.98,-157.0,0.0,182.0,0.0,134.0,0.0,215.0,0.0,5.0,Benedikt Szerencsits,Nicolas Parizzia,M15 Slovenska Bistrica (Eslovenia),2026-06-25,Clay,Mala,derrotas,Mala,derrotas,,,player2,True,False,False
0.34065934065934067,1,12.0,0.0,0.02,0.0,0,62.0,1520,0.0,113,1407,135.0,0.0,1.3,25.0,1.03,-119.0,0.0,181.0,7.0,135.0,0.0,169.0,35.0,13.0,Denis Petak,Oskar Jansson,M15 Slovenska Bistrica (Eslovenia),2026-06-25,Clay,Mala,derrotas,Mala,derrotas,,,player1,True,False,False
0.4682080924855491,1,4.0,0.0,0.02,0.0,1,81.0,1640,0.0,209,1431,136.0,0.0,1.35,0.0,0.0,-91.0,0.0,172.0,12.0,136.0,0.0093,159.0,60.0,8.0,Maximilian Homberg,Marko Retelj,M15 Slovenska Bistrica (Eslovenia),2026-06-25,Clay,Buena,derrotas,Mala,derrotas,,,player1,True,False,False
0.34065934065934067,1,13.0,0.02,0.02,4.75,0,62.0,1520,0.23,29,1491,135.0,0.16,1.28,35.0,1.21,-119.0,0.0,181.0,9.0,135.0,0.0,169.0,45.0,11.0,Stepan Baum,Nikola Slavic,M15 Slovenska Bistrica (Eslovenia),2026-06-25,Clay,Regular,derrotas,Mala,derrotas,,,player2,True,False,False
1.6956521739130435,14,6.0,0.1,0.08,26.5,2,39.0,1687,0.59,-56,1743,223.0,0.24,0.83,70.0,0.8,17.0,0.24,22.0,10.0,223.0,14.1595,190.0,50.0,10.0,Carolina Alves,Martina Capurro Taborda,W50 Gdansk (Polonia),2026-06-25,Clay,Regular,victorias,Buena,derrotas,,,player2,True,False,False
1.2222222222222223,1,12.0,0.01,0.04,0.0,2,77.0,1598,0.0,155,1443,169.0,0.36,1.01,40.0,0.79,15.0,0.69,62.0,9.0,169.0,1.95,161.0,45.0,11.0,Chloe Paquet,Amy Sucha,W50 Gdansk (Polonia),2026-06-25,Clay,Regular,derrotas,Regular,derrotas,,,player1,True,False,False
2.081081081081081,10,8.0,0.02,0.03,25.85,1,154.0,1546,0.61,-99,1645,163.0,0.25,1.2,60.0,1.16,81.0,0.19,73.0,7.0,163.0,0.0,139.0,35.0,13.0,Daria Kuczer,Elena Malygina,W50 Gdansk (Polonia),2026-06-25,Clay,Mala,derrotas,Buena,derrotas,,,player1,True,False,False
0.4,11,9.0,0.04,0.01,10.8,1,62.0,1583,0.43,-84,1667,139.0,0.22,0.86,55.0,0.88,-92.0,0.15,154.0,10.0,139.0,7.7473,169.0,50.0,10.0,Ivana Sebestova,Weronika Falkowska,W50 Gdansk (Polonia),2026-06-25,Clay,Regular,derrotas,Regular,derrotas,,,player2,True,False,False
2.2063492063492065,6,10.0,0.04,0.08,9.950000000000001,1,139.0,1700,0.34,44,1656,169.0,0.24,0.89,50.0,0.98,77.0,0.2,62.0,13.0,169.0,11.278,142.0,65.0,7.0,Britt Du Pree,Julie Pastikova,W50 Gdansk (Polonia),2026-06-25,Clay,Buena,derrotas,Regular,derrotas,,,player1,True,False,False
1.9285714285714286,1,15.0,0.03,0.14,0.0,2,81.0,1786,0.0,278,1508,187.0,0.27,1.22,25.0,0.71,40.0,0.23,41.0,15.0,187.0,0.0,159.0,75.0,5.0,Joelle Lilly Sophie Steur,Lia Karatancheva,W50 Gdansk (Polonia),2026-06-25,Clay,Excelente,victorias,Mala,derrotas,,,player1,True,False,False
0.7857142857142857,7,7.0,0.05,0.03,18.625,2,154.0,1551,0.47,-152,1703,133.0,0.55,0.82,65.0,1.11,-41.0,0.4,195.0,8.0,133.0,0.0,139.0,40.0,12.0,Marcelina Podlinska,Anastasiia Sobolieva,W50 Gdansk (Polonia),2026-06-25,Clay,Regular,derrotas,Buena,derrotas,,,player2,True,False,False
1.0129032258064516,4,10.0,0.02,0.03,3.0,3,157.0,1483,0.24,-137,1620,139.0,0.26,1.0,50.0,1.36,3.0,0.24,154.0,5.0,139.0,7.1467,138.0,25.0,15.0,Miriam Bianca Bulgaru,Weronika Ewald,W50 Gdansk (Polonia),2026-06-25,Clay,Mala,derrotas,Regular,derrotas,,,player2,True,False,False
1.6333333333333333,8,13.0,0.04,0.05,13.85,2,98.0,1674,0.46,92,1582,171.0,0.47,0.7,35.0,0.63,39.0,0.18,59.0,14.0,171.0,11.2701,152.0,70.0,6.0,Sofia Rocchetti,Lea Boskovic,W35 Tarvisio (Italia),2026-06-25,Clay,Buena,derrotas,Mala,derrotas,,,player1,True,False,False
4.526315789473684,8,15.0,0.0,0.0,6.5,0,172.0,1305,0.28,-89,1394,192.0,0.0,0.81,25.0,1.05,135.0,0.09,37.0,2.0,192.0,3.25,136.0,10.0,18.0,Matic Dimic,Drazen Petrovic,M25 Zagreb (Croacia),2026-06-25,Clay,Mala,derrotas,Mala,derrotas,,,player1,True,False,False
0.4166666666666667,5,11.0,0.01,0.04,2.375,2,25.0,1651,0.17,131,1520,171.0,0.18,1.34,45.0,1.13,-34.0,0.17,59.0,10.0,171.0,10.1469,215.0,50.0,10.0,Sebastian Sorger,Vito Tonejc,M25 Zagreb (Croacia),2026-06-25,Clay,Regular,derrotas,Regular,derrotas,,,player1,True,False,False
4.875,0,12.0,0.0,0.01,0.0,0,195.0,1525,0.0,25,1500,190.0,0.0,1.25,40.0,0.0,156.0,0.0,39.0,7.0,190.0,0.0,133.0,38.9,11.0,Glib Sekachov,Eduardo Lage,M25 Zagreb (Croacia),2026-06-25,Clay,Mala,derrotas,,,,,player1,True,False,False
0.9833333333333333,3,7.0,0.03,0.0,16.900000000000002,3,59.0,1377,0.38,-285,1662,171.0,0.09,0.66,65.0,1.19,0.0,0.18,59.0,4.0,171.0,3.25,171.0,20.0,16.0,Bozo Barun,Noa Vukadin,M25 Zagreb (Croacia),2026-06-25,Clay,Mala,derrotas,Buena,derrotas,,,player1,True,False,False
0.5210084033613446,0,9.0,0.03,0.0,0.0,1,62.0,1478,0.0,-151,1629,146.0,0.23,1.21,55.0,1.35,-56.0,0.0,118.0,2.0,146.0,0.0,169.0,33.3,4.0,Jan Facek,Kalin Ivanovski,M25 Zagreb (Croacia),2026-06-25,Clay,Mala,derrotas,Regular,derrotas,,,player2,True,False,False
0.4567901234567901,1,12.0,0.0,0.0,0.0,2,37.0,1417,0.0,-159,1576,159.0,0.21,1.08,40.0,1.25,-43.0,0.0,80.0,4.0,159.0,0.0,192.0,22.2,14.0,Ivan Biletic,Saba Purtseladze,M25 Zagreb (Croacia),2026-06-25,Clay,Mala,derrotas,Regular,derrotas,,,player2,True,False,False
0.98989898989899,3,14.0,0.01,0.01,10.725000000000001,3,98.0,1421,0.32,-12,1433,152.0,0.0,1.01,30.0,1.22,0.0,0.17,98.0,5.0,152.0,6.5725999999999996,152.0,25.0,15.0,Silvio Mencaglia,Antonio Caruso,M15 Bergamo (Italia),2026-06-25,Clay,Mala,derrotas,Mala,derrotas,,,player2,True,False,False
0.98989898989899,8,8.0,0.02,0.02,15.55,3,98.0,1654,0.48,35,1619,152.0,0.15,1.26,60.0,1.24,0.0,0.0,98.0,13.0,152.0,10.7692,152.0,65.0,7.0,Stefano D'Agostino,Federico Iannaccone,M15 Bergamo (Italia),2026-06-25,Clay,Buena,derrotas,Buena,derrotas,,,player2,True,False,False
1.8383838383838385,2,8.0,0.02,0.01,1.5,1,182.0,1525,0.12,-98,1623,152.0,0.09,1.27,60.0,1.35,84.0,0.0,98.0,9.0,152.0,0.0,134.0,45.0,11.0,Flynn Thomas,Giorgio Tabacco,M15 Bergamo (Italia),2026-06-25,Clay,Regular,derrotas,Buena,derrotas,,,player2,True,False,False
0.98989898989899,0,11.0,0.01,0.02,0.0,3,98.0,1538,0.0,-23,1561,152.0,0.09,1.27,45.0,1.29,0.0,0.0,98.0,5.0,152.0,0.0,152.0,41.7,7.0,Lorenzo Berto,Manuel Plunger,M15 Bergamo (Italia),2026-06-25,Clay,Regular,derrotas,Regular,derrotas,,,player2,True,False,False
0.8181818181818182,7,10.0,0.08,0.13,17.495,2,81.0,1739,0.4,38,1701,152.0,0.57,0.79,50.0,0.62,-17.0,0.41,98.0,14.0,152.0,4.55,159.0,70.0,6.0,Niels McDonald,Francesco Passaro,Targu Mures (Rumanía),2026-06-25,Clay,Buena,victorias,Regular,victorias,,,player1,True,False,False
0.4350282485875706,0,2.0,0.22,0.03,0.0,1,77.0,1571,0.0,-265,1836,135.0,0.24,0.62,90.0,0.92,-99.0,0.52,176.0,7.0,135.0,0.0,161.0,35.0,13.0,Sascha Gueymard Wayenburg,Max Alcala Gurri,Targu Mures (Rumanía),2026-06-25,Clay,Mala,victorias,Excelente,victorias,,,player2,True,False,False
1.2857142857142858,10,7.0,0.05,0.04,6.25,2,81.0,1598,0.26,-77,1675,169.0,0.2,1.16,65.0,1.29,19.0,0.25,62.0,7.0,169.0,3.9734,159.0,35.0,13.0,Marko Topo,Martin Krumich,Targu Mures (Rumanía),2026-06-25,Clay,Mala,victorias,Buena,victorias,,,player2,True,False,False
0.5959595959595959,9,8.0,0.03,0.03,13.850000000000001,2,59.0,1618,0.4,-7,1625,152.0,0.17,1.23,60.0,1.27,-39.0,0.21,98.0,10.0,152.0,13.2179,171.0,50.0,10.0,Duje Ajdukovic,Franco Agamenone,Targu Mures (Rumanía),2026-06-25,Clay,Regular,victorias,Buena,victorias,,,player1,True,False,False
1.1808510638297873,13,12.0,0.04,0.02,2.8,2,111.0,1544,0.19,-49,1593,154.0,0.26,1.01,40.0,1.22,18.0,0.23,93.0,8.0,154.0,25.5173,148.0,40.0,12.0,Benjamin Hassan,Sumit Nagal,Targu Mures (Rumanía),2026-06-25,Clay,Regular,derrotas,Regular,victorias,,,player2,True,False,False
0.8076923076923077,0,10.953813819302006,0.0,0.04,0.0,2,63.0,1693,0.0,193,1500,161.0,0.0,1.43,29.30541308663289,0.0,-14.0,0.27,77.0,10.0,161.0,0.0,168.0,50.0,10.0,Elmer Moller,Felix Balshaw,Targu Mures (Rumanía),2026-06-25,Clay,Regular,victorias,,,,,player1,True,False,False
0.8076923076923077,0,10.953813819302006,0.0,0.04,0.0,2,63.0,1693,0.0,193,1500,161.0,0.0,1.43,29.30541308663289,0.0,-14.0,0.27,77.0,10.0,161.0,0.0,168.0,50.0,10.0,Elmer Moller,Felix Balshaw,Targu Mures (Rumanía),2026-06-25,Clay,Regular,victorias,,,,,player1,True,False,False
0.8076923076923077,0,10.953813819302006,0.0,0.04,0.0,2,63.0,1693,0.0,193,1500,161.0,0.0,1.43,29.30541308663289,0.0,-14.0,0.27,77.0,10.0,161.0,0.0,168.0,50.0,10.0,Elmer Moller,Felix Balshaw,Targu Mures (Rumanía),2026-06-25,Clay,Regular,victorias,,,,,player2,True,False,False
0.975609756097561,0,10.0,0.04,0.0,0.0,3,80.0,1461,0.0,-124,1585,159.0,0.18,0.0,50.0,1.32,-1.0,0.09,81.0,0.0,159.0,0.0,159.0,0.0,2.0,Tinatini Mtvarelishvili,Karla Bartel,W15 Monastir 19 (Túnez),2026-06-25,Hard,Mala,derrotas,Regular,derrotas,,,player2,False,False,True
21.060303520594772,2,13.0,0.01,0.01,0.0,0,189.5427316853529,1507,0.0,6,1501,319.0,0.15,1.15,35.0,1.27,181.54273168535292,0.14,8.0,9.0,319.0,7.7845,133.16191870162746,45.0,11.0,Talia Neilson Gatenby,Maria Andrienko,W15 Monastir 19 (Túnez),2026-06-25,Hard,Regular,derrotas,Mala,derrotas,,,player2,False,False,True
0.2558139534883721,1,13.0,0.0,0.02,0.0,0,77.0,1543,0.0,155,1388,123.0,0.0,1.33,13.3,0.86,-223.0,0.21,300.0,8.0,123.0,6.5251,161.0,40.0,12.0,Alyssa Reguer,Sarah Victoria Majesty Nita,W15 Monastir 19 (Túnez),2026-06-25,Hard,Regular,derrotas,Mala,derrotas,,,player1,False,False,True
2.402439024390244,1,14.0,0.01,0.01,0.0,0,197.0,1455,0.0,-22,1477,159.0,0.09,1.16,30.0,1.16,116.0,0.12,81.0,6.0,159.0,0.0,132.0,30.0,14.0,Lois Newberry,Anja Wildgruber,W15 Monastir 19 (Túnez),2026-06-25,Hard,Mala,derrotas,Mala,derrotas,,,player2,False,False,True
0.96875,0,10.0,0.01,0.0,0.0,3,62.0,1445,0.0,-119,1564,168.0,0.14,1.09,50.0,1.32,-1.0,0.13,63.0,2.0,168.0,0.0,169.0,22.2,7.0,Lenka Munzarova,Elena Jamshidi,W15 Monastir 19 (Túnez),2026-06-25,Hard,Mala,derrotas,Regular,derrotas,,,player1,False,False,True
0.6576576576576577,0,8.0,0.01,0.0,0.0,2,73.0,1394,0.0,-85,1479,149.0,0.15,0.99,33.3,1.2,-37.0,0.12,110.0,2.0,149.0,0.0,163.0,15.4,11.0,Carol Plakk,Daniela Darta Feldmane,W15 Monastir 19 (Túnez),2026-06-25,Hard,Mala,derrotas,Mala,derrotas,,,player2,False,False,True
1.0869565217391304,1,16.0,0.01,0.0,0.0,3,25.0,1451,0.0,43,1408,223.0,0.2,0.0,20.0,1.05,3.0,0.0,22.0,0.0,223.0,0.0,215.0,0.0,3.0,Livia Keller,Lourdes Ayala,W15 Monastir 19 (Túnez),2026-06-25,Hard,Mala,derrotas,Mala,derrotas,,,player2,False,False,True
0.5130890052356021,0,2.0,0.0,0.01,0.0,1,98.0,1418,0.0,-80,1498,133.0,0.13,1.08,33.3,1.29,-92.0,0.18,190.0,6.0,133.0,0.0,152.0,30.0,14.0,Francesca Dell'Edera,Sarra Attig,W15 Monastir 19 (Túnez),2026-06-25,Hard,Mala,derrotas,Mala,derrotas,,,player1,False,False,True
0.0851063829787234,4,12.0,0.01,0.01,4.2250000000000005,1,8.0,1561,0.09,69,1492,154.0,0.09,1.27,40.0,1.21,-85.0,0.19,93.0,10.0,154.0,1.2999999999999998,319.0,50.0,10.0,Arina Arifullina,Tanisha Kashyap,W15 Monastir 19 (Túnez),2026-06-25,Hard,Regular,derrotas,Regular,derrotas,,,player1,False,False,True
0.9935483870967742,0,10.17344621625374,0.0,0.0,0.0,3,154.0,1471,0.0,-29,1500,139.0,0.0,1.14,33.3579862409227,0.0,0.0,0.0,154.0,4.0,139.0,0.0,139.0,26.7,11.0,Adam Majchrzak,Jakub Januchowski,M15 Rzeszow (Polonia),2026-06-25,Clay,Mala,derrotas,,,,,player1,True,False,False
1.2580645161290323,1,1.0,0.0,0.08,0.0,2,195.0,1662,0.0,179,1483,139.0,0.0,1.38,0.0,0.0,41.0,0.12,154.0,13.0,139.0,6.5226,133.0,65.0,7.0,Vladyslav Orlov,Mateusz Miton,M15 Rzeszow (Polonia),2026-06-25,Clay,Buena,derrotas,Mala,derrotas,,,player1,True,False,False
0.8953488372093024,2,18.0,0.0,0.01,1.5,2,154.0,1413,0.12,53,1360,136.0,0.12,1.2,10.0,0.86,-17.0,0.0,171.0,7.0,136.0,0.0,139.0,35.0,13.0,Oskar Grzegorzewski,Tomas Lanik,M15 Rzeszow (Polonia),2026-06-25,Clay,Mala,derrotas,Mala,derrotas,,,player2,True,False,False
1.3243243243243243,0,9.0,0.01,0.0,0.0,2,98.0,1354,0.0,-241,1595,163.0,0.0,1.04,55.0,1.51,25.0,0.0,73.0,5.0,163.0,0.0,152.0,25.0,15.0,Lorenzo Ferri,Markus Molder,M15 Rzeszow (Polonia),2026-06-25,Clay,Mala,derrotas,Regular,derrotas,,,player2,True,False,False
0.8051948051948052,0,14.0,0.0,0.01,0.0,2,62.0,1521,0.0,33,1488,161.0,0.09,1.35,30.0,1.09,-14.0,0.09,76.0,8.0,161.0,0.0,169.0,40.0,12.0,Jonas Kucera,Oskari Paldanius,M15 Rzeszow (Polonia),2026-06-25,Clay,Regular,derrotas,Mala,derrotas,,,player2,True,False,False
0.896774193548387,0,9.0,0.0,0.0,0.0,2,139.0,1397,0.0,-15,1412,139.0,0.0,1.03,18.2,1.04,-15.0,0.12,154.0,3.0,139.0,0.0,142.0,17.6,14.0,Jim Hendrikx,Jan Wygona,M15 Rzeszow (Polonia),2026-06-25,Clay,Mala,derrotas,Mala,derrotas,,,player1,True,False,False
1.9594594594594594,5,11.0,0.01,0.0,10.75,1,145.0,1409,0.4,-101,1510,163.0,0.15,1.21,45.0,1.14,72.0,0.0,73.0,6.0,163.0,0.0,140.0,30.0,14.0,Leyton Rivera,Kristjan Tamm,M15 Rzeszow (Polonia),2026-06-25,Clay,Mala,derrotas,Regular,derrotas,,,player1,True,False,False
1.2857142857142858,1,15.0,0.01,0.0,0.0,2,81.0,1544,0.0,101,1443,169.0,0.0,1.31,25.0,1.12,19.0,0.18,62.0,10.0,169.0,0.0,159.0,50.0,10.0,Stefan Seifert,Patrik Homola,M15 Rzeszow (Polonia),2026-06-25,Clay,Regular,derrotas,Mala,derrotas,,,player1,True,False,False
1.9898989898989898,0,11.0,0.01,0.0,0.0,1,197.0,1375,0.0,-173,1548,152.0,0.0,1.04,45.0,1.38,99.0,0.0,98.0,5.0,152.0,0.0,132.0,25.0,15.0,Benjamin Gusic Wan,Andrea Colombo,M15 Monastir 24 (Túnez),2026-06-25,Hard,Mala,derrotas,Regular,derrotas,,,player2,False,False,True
0.9595959595959596,0,13.0,0.01,0.0,0.0,3,190.0,1344,0.0,-121,1465,132.0,0.0,0.0,35.0,1.21,-7.0,0.0,197.0,0.0,132.0,0.0,133.0,0.0,12.0,Ibrahim Snoussi,Ali Habib,M15 Monastir 24 (Túnez),2026-06-25,Hard,Mala,derrotas,Mala,derrotas,,,player2,False,False,True
0.945273631840796,1,15.0,0.01,0.02,6.5,3,190.0,1627,0.1,208,1419,132.0,0.0,1.46,25.0,1.03,-10.0,0.19,200.0,12.0,132.0,0.0,133.0,60.0,8.0,Alaa Trifi,Jackson Ross,M15 Monastir 24 (Túnez),2026-06-25,Hard,Buena,derrotas,Mala,derrotas,,,player1,False,False,True
1.4230769230769231,1,14.0,0.01,0.0,8.450000000000001,2,111.0,1471,0.11,35,1436,161.0,0.13,1.19,30.0,1.07,34.0,0.0,77.0,1.0,161.0,0.0,148.0,25.0,3.0,Louay Makke,Nicolas Robert,M15 Monastir 24 (Túnez),2026-06-25,Hard,Mala,derrotas,Mala,derrotas,,,player2,False,False,True
0.9476439790575916,2,6.0,0.1,0.02,12.675,3,181.0,1541,0.13,-189,1730,133.0,0.12,0.85,70.0,1.2,-9.0,0.0,190.0,8.0,133.0,0.0,135.0,40.0,12.0,Jonas Eriksson Ziverts,Aziz Ouakaa,M15 Monastir 24 (Túnez),2026-06-25,Hard,Regular,derrotas,Buena,victorias,,,player1,False,False,True
1.205128205128205,1,11.0,0.01,0.02,3.9,2,94.0,1528,0.08,-7,1535,161.0,0.0,1.24,45.0,1.27,17.0,0.0,77.0,8.0,161.0,0.0,154.0,40.0,12.0,Ali Yazdani,Charles Bertimon,M15 Monastir 24 (Túnez),2026-06-25,Hard,Regular,derrotas,Regular,derrotas,,,player2,False,False,True
1.0471204188481675,0,13.0,0.0,0.0,0.0,3,200.0,1422,0.0,83,1339,133.0,0.0,1.12,0.0,0.0,10.0,0.14,190.0,5.0,133.0,0.0,132.0,25.0,15.0,Logan Zapp,Rayen Hermassi,M15 Monastir 24 (Túnez),2026-06-25,Hard,Mala,derrotas,Mala,derrotas,,,player1,False,False,True
2.5641025641025643,1,11.0,0.01,0.01,0.0,0,200.0,1417,0.0,-145,1562,161.0,0.15,1.11,45.0,1.27,123.0,0.15,77.0,5.0,161.0,0.0,132.0,25.0,15.0,Alexander Frusina,Liam Branger,M15 Monastir 24 (Túnez),2026-06-25,Hard,Mala,derrotas,Regular,derrotas,,,player1,False,False,True
0.8952879581151832,3,15.0,0.0,0.04,2.375,2,171.0,1613,0.07,239,1374,133.0,0.12,1.39,25.0,1.0,-19.0,0.2,190.0,11.0,133.0,13.0233,136.0,55.0,9.0,Lukas Pokorny,Anas Bennour Dit Sahli,M15 Monastir 24 (Túnez),2026-06-25,Hard,Regular,derrotas,Mala,derrotas,,,player1,False,False,True
1.4807692307692308,1,10.0,0.01,0.01,8.450000000000001,2,77.0,1452,0.11,-79,1531,177.0,0.12,1.08,50.0,1.4,26.0,0.0,51.0,5.0,177.0,0.0,161.0,31.2,11.0,Mathys Picard,Diego Fernandez Flores,M15 Monastir 24 (Túnez),2026-06-25,Hard,Mala,derrotas,Regular,derrotas,,,player1,False,False,True
2.0202020202020203,0,15.0,0.02,0.02,0.0,0,200.0,1560,0.0,104,1456,152.0,0.09,1.25,25.0,1.12,102.0,0.14,98.0,8.0,152.0,0.0,132.0,40.0,12.0,Dominick Mosejczuk,Andrea Paolini,M15 Monastir 24 (Túnez),2026-06-25,Hard,Regular,derrotas,Mala,derrotas,,,player1,False,False,True
0.1016949152542373,2,8.0,0.03,0.01,3.25,0,18.0,1533,0.07,-138,1671,135.0,0.16,1.23,60.0,1.34,-158.0,0.16,176.0,8.0,135.0,0.0,238.0,40.0,12.0,Mohamed Nazim Makhlouf,Roger Pascual Ferra,M15 Monastir 24 (Túnez),2026-06-25,Hard,Regular,derrotas,Buena,derrotas,,,player2,False,False,True
0.3888888888888889,3,12.0,0.01,0.13,8.450000000000001,0,77.0,1693,0.13,155,1538,132.0,0.19,1.01,40.0,0.83,-120.0,0.16,197.0,10.0,132.0,13.0304,161.0,50.0,10.0,Cesar Bouchelaghem,Billy Blaydes,M15 Monastir 24 (Túnez),2026-06-25,Hard,Regular,derrotas,Regular,derrotas,,,player1,False,False,True
0.4523809523809524,4,9.0,0.04,0.04,1.5499999999999996,1,76.0,1624,0.11,-132,1756,137.0,0.17,1.29,55.0,1.31,-91.0,0.2,167.0,10.0,137.0,1.8199999999999996,161.0,50.0,10.0,Eero Vasa,Ognjen Milic,Plovdiv (Bulgaria),2026-06-25,Clay,Regular,victorias,Regular,victorias,,,player2,True,False,False
1.8333333333333333,4,6.0,0.07,0.03,8.95,2,77.0,1636,0.32,-98,1734,187.0,0.12,0.98,70.0,1.02,36.0,0.2,41.0,11.0,187.0,0.9499999999999997,161.0,55.0,9.0,Matteo Martineau,Petr Nesterov,Plovdiv (Bulgaria),2026-06-25,Clay,Regular,victorias,Buena,victorias,,,player2,True,False,False
0.4350282485875706,8,6.0,0.13,0.04,14.325,1,77.0,1617,0.4,-131,1748,135.0,0.21,0.94,70.0,0.98,-99.0,0.09,176.0,11.0,135.0,0.0,161.0,55.0,9.0,Mathys Erhard,Inaki Montes-De La Torre,Plovdiv (Bulgaria),2026-06-25,Clay,Regular,victorias,Buena,victorias,,,player2,True,False,False
1.5555555555555556,6,6.0,0.08,0.03,19.900000000000002,1,154.0,1642,0.41,-83,1725,152.0,0.13,1.35,70.0,1.35,56.0,0.17,98.0,11.0,152.0,3.0202,139.0,55.0,9.0,Tomasz Berkieta,Tommaso Compagnucci,Plovdiv (Bulgaria),2026-06-25,Clay,Regular,victorias,Buena,victorias,,,player2,True,False,False
0.5952380952380952,6,6.0,0.08,0.12,0.0,2,25.0,1766,0.0,21,1745,187.0,0.19,1.11,70.0,1.03,-16.0,0.2,41.0,14.0,187.0,8.0259,215.0,70.0,6.0,Sandro Kopp,Alexander Vasilev,Plovdiv (Bulgaria),2026-06-25,Clay,Buena,victorias,Buena,victorias,,,player1,True,False,False
0.34265734265734266,0,11.614112410919468,0.0,0.02,0.0,0,98.0,1661,0.0,161,1500,229.0,0.0,1.53,37.80044074224098,0.0,-187.0,0.09,285.0,12.0,187.0,0.0,152.0,60.0,8.0,Lorenzo Angelini,Dali Blanch,Plovdiv (Bulgaria),2026-06-25,Clay,Buena,victorias,,,,,player1,True,False,False
0.34265734265734266,0,11.614112410919468,0.0,0.02,0.0,0,98.0,1661,0.0,161,1500,229.0,0.0,1.53,37.80044074224098,0.0,-187.0,0.09,285.0,12.0,187.0,0.0,152.0,60.0,8.0,Lorenzo Angelini,Dali Blanch,Plovdiv (Bulgaria),2026-06-25,Clay,Buena,victorias,,,,,player1,True,False,False
0.34265734265734266,0,11.614112410919468,0.0,0.02,0.0,0,98.0,1661,0.0,161,1500,229.0,0.0,1.53,37.80044074224098,0.0,-187.0,0.09,285.0,12.0,187.0,0.0,152.0,60.0,8.0,Lorenzo Angelini,Dali Blanch,Plovdiv (Bulgaria),2026-06-25,Clay,Buena,victorias,,,,,player2,True,False,False
2.1,0,13.0,0.04,0.0,0.0,0,294.0,1500,0.0,-76,1576,142.0,0.18,0.0,35.0,1.24,155.0,0.0,139.0,5.592996621346798,142.0,0.0,179.0,30.9961946217058,11.982034166675755,Daniel Michalski,Jelle Sels,Plovdiv (Bulgaria),2026-06-25,Clay,,,Mala,victorias,,,player1,True,False,False
0.7857142857142857,1,5.0,0.01,0.01,4.2250000000000005,2,110.0,1425,0.21,-79,1504,142.0,0.0,0.98,37.5,1.32,-29.0,0.25,139.0,4.0,142.0,0.0,149.0,20.0,16.0,Daniela Vismane,Jade Groen,W15 Alkmaar (Países Bajos),2026-06-25,Clay,Mala,derrotas,Mala,derrotas,,,player2,True,False,False
0.55,0,12.0,0.01,0.01,0.0,1,77.0,1494,0.0,-33,1527,142.0,0.23,1.24,40.0,1.26,-62.0,0.16,139.0,3.0,142.0,0.0,161.0,37.5,5.0,Charlotte Narti,Rikke de Koning,W15 Alkmaar (Países Bajos),2026-06-25,Clay,Mala,derrotas,Regular,derrotas,,,player1,True,False,False
0.5785714285714286,0,11.0,0.01,0.0,0.0,1,81.0,1352,0.0,-182,1534,142.0,0.2,0.76,45.0,1.29,-58.0,0.18,139.0,1.0,142.0,0.0,159.0,6.7,14.0,Estella Jaeger,Merel Hoedt,W15 Alkmaar (Países Bajos),2026-06-25,Clay,Mala,derrotas,Regular,derrotas,,,player2,True,False,False
5.333333333333333,0,5.0,0.05,0.01,0.0,0,176.0,1416,0.0,-297,1713,200.0,0.13,0.8,75.0,1.09,144.0,0.0,32.0,3.0,200.0,0.0,135.0,20.0,12.0,Lucia Ros Parres,Margaux Maquet,W15 Alkmaar (Países Bajos),2026-06-25,Clay,Mala,derrotas,Excelente,derrotas,,,player2,True,False,False
0.3902439024390244,3,13.0,0.03,0.01,8.19,2,32.0,1553,0.29,41,1512,159.0,0.21,1.29,35.0,1.19,-49.0,0.18,81.0,10.0,159.0,0.0,200.0,50.0,10.0,Lisa Claeys,Fabienne Gettwart,W15 Alkmaar (Países Bajos),2026-06-25,Clay,Regular,derrotas,Mala,derrotas,,,player2,True,False,False
0.9928571428571429,0,10.0,0.0,0.0,0.0,3,139.0,1483,0.0,-98,1581,142.0,0.0,0.0,50.0,1.32,0.0,0.0,139.0,0.0,142.0,0.0,142.0,0.0,1.0,James Pikkaart,Fons Van Sambeek,M15 Alkmaar (Países Bajos),2026-06-25,Clay,Mala,derrotas,Regular,derrotas,,,player2,True,False,False
0.8192090395480226,1,15.0,0.0,0.02,0.0,2,145.0,1599,0.0,169,1430,135.0,0.0,1.35,25.0,1.11,-31.0,0.0,176.0,12.0,135.0,3.9316999999999998,140.0,60.0,8.0,Johan Oscar Lien,Manel Lazaro Juncadella,M15 Alkmaar (Países Bajos),2026-06-25,Clay,Buena,derrotas,Mala,derrotas,,,player2,True,False,False
1.6951219512195121,0,15.0,0.01,0.0,0.0,1,139.0,1483,0.0,22,1461,159.0,0.0,0.0,25.0,1.13,58.0,0.0,81.0,0.0,159.0,0.0,142.0,0.0,1.0,Sebastian Bozemoj,Julien Penzlin,M15 Alkmaar (Países Bajos),2026-06-25,Clay,Mala,derrotas,Mala,derrotas,,,player2,True,False,False
0.15714285714285714,0,14.0,0.0,0.01,0.0,0,22.0,1499,0.0,58,1441,142.0,0.14,1.39,30.0,1.09,-117.0,0.09,139.0,9.0,142.0,0.0,223.0,45.0,11.0,Nicolas Garcia Longo,Jesse De Jager,M15 Alkmaar (Países Bajos),2026-06-25,Clay,Regular,derrotas,Mala,derrotas,,,player2,True,False,False
0.6642857142857143,1,9.0,0.02,0.01,3.0,2,93.0,1569,0.18,-57,1626,142.0,0.0,1.29,55.0,1.34,-46.0,0.0,139.0,8.0,142.0,0.0,154.0,47.1,9.0,Pranav Karthik,Pieter de Lange,M15 Alkmaar (Países Bajos),2026-06-25,Clay,Regular,derrotas,Regular,derrotas,,,player2,True,False,False
0.8756218905472637,1,15.0,0.0,0.01,0.0,2,176.0,1575,0.0,174,1401,132.0,0.0,1.41,25.0,1.03,-24.0,0.0,200.0,10.0,132.0,0.0,135.0,50.0,10.0,Alejandro Turriziani Alvarez,Dillon Beckles,M25 Tanger (Marruecos),2026-06-25,Clay,Regular,derrotas,Mala,derrotas,,,player2,True,False,False
0.5703703703703704,1,4.0,0.04,0.0,3.0,1,77.0,1442,0.18,-378,1820,143.0,0.0,0.95,80.0,1.62,-57.0,0.15,134.0,4.0,143.0,0.0,161.0,25.0,12.0,Andrea M'Chich,Yassine Dlimi,M25 Tanger (Marruecos),2026-06-25,Clay,Mala,derrotas,Excelente,victorias,,,player2,True,False,False
10.88888888888889,4,10.0,0.02,0.01,6.5,1,98.0,1518,0.28,-113,1631,319.0,0.13,1.08,50.0,1.36,90.0,0.0,8.0,7.0,319.0,11.7057,152.0,35.0,13.0,Lorenzo Rottoli,Denis Klok,M25 Tanger (Marruecos),2026-06-25,Clay,Mala,derrotas,Regular,derrotas,,,player1,True,False,False
1.3535353535353536,2,13.0,0.01,0.04,1.95,2,134.0,1610,0.14,153,1457,152.0,0.09,1.27,35.0,1.2,36.0,0.18,98.0,9.0,152.0,0.0,143.0,45.0,11.0,Reda Bennani,Francesco Ferrari,M25 Tanger (Marruecos),2026-06-25,Clay,Regular,derrotas,Mala,derrotas,,,player1,True,False,False
1.1666666666666667,7,8.0,0.18,0.07,7.1,2,91.0,1690,0.29,-113,1803,161.0,0.17,0.96,60.0,1.12,14.0,0.0,77.0,13.0,161.0,5.7231,155.0,65.0,7.0,Attila Boros,Sean Cuenin,M25 Tanger (Marruecos),2026-06-25,Clay,Buena,derrotas,Buena,victorias,,,player2,True,False,False
1.0151515151515151,0,6.0,0.0,0.0,0.0,3,134.0,1437,0.0,3,1434,143.0,0.0,1.04,14.3,1.04,3.0,0.09,131.0,5.0,143.0,0.0,143.0,25.0,15.0,Amine Jamji,Lenny Petit,M25 Tanger (Marruecos),2026-06-25,Clay,Mala,derrotas,Mala,derrotas,,,player1,True,False,False
0.05063291139240506,35,9.0,0.08,0.06,56.096999999999994,0,8.0,1922,0.37,39,1883,138.0,0.27,1.12,55.0,1.36,-149.0,0.27,157.0,11.0,138.0,73.7761,319.0,55.0,9.0,Anna Kalinskaya,Elena-Gabriela Ruse,Bad Homburg (Alemania),2026-06-25,Grass,Regular,victorias,Regular,victorias,,,player2,False,True,False
0.8125,42,11.0,0.05,0.04,128.1225,2,52.0,1944,0.45,191,1753,168.0,0.27,1.28,45.0,1.08,-11.0,0.27,63.0,10.0,168.0,124.78019999999998,176.0,50.0,10.0,Qinwen Zheng,Clara Tauson,Bad Homburg (Alemania),2026-06-25,Grass,Regular,victorias,Regular,victorias,,,player2,False,True,False
1.092896174863388,1,4.0,0.1,0.03,8.450000000000001,2,200.0,1530,0.11,-267,1797,134.0,0.0,0.83,80.0,1.21,18.0,0.12,182.0,10.0,134.0,0.0,132.0,50.0,10.0,Dominique Rolland,Patrick Schoen,M25 Porto (Portugal),2026-06-25,Hard,Regular,derrotas,Excelente,derrotas,,,player2,False,False,True
0.8888888888888888,4,8.0,0.05,0.02,0.0,2,176.0,1629,0.0,-84,1713,132.0,0.09,1.3,60.0,1.3,-21.0,0.0,197.0,12.0,132.0,11.897,135.0,60.0,8.0,Albert Pedrico Kravtsov,Lui Maxted,M25 Porto (Portugal),2026-06-25,Hard,Buena,derrotas,Buena,derrotas,,,player2,False,False,True
0.327683615819209,5,7.0,0.04,0.04,8.450000000000001,0,58.0,1666,0.14,-7,1673,135.0,0.0,1.29,65.0,1.31,-118.0,0.14,176.0,12.0,135.0,14.5201,172.0,60.0,8.0,Eliakim Coulibaly,John Echeverria,M25 Porto (Portugal),2026-06-25,Hard,Buena,derrotas,Buena,derrotas,,,player1,False,False,True
0.7711442786069652,4,7.0,0.02,0.04,0.0,2,155.0,1696,0.0,35,1661,132.0,0.09,1.21,65.0,1.41,-45.0,0.09,200.0,13.0,132.0,11.2659,139.0,65.0,7.0,Joao Domingues,Maxwell Mckennon,M25 Porto (Portugal),2026-06-25,Hard,Buena,derrotas,Buena,derrotas,,,player1,False,False,True
1.648936170212766,4,10.0,0.02,0.01,3.9499999999999997,1,155.0,1526,0.09,-70,1596,154.0,0.16,1.29,50.0,1.16,62.0,0.15,93.0,8.0,154.0,6.5227,139.0,40.0,12.0,Francisco Rocha,Karan Singh,M25 Porto (Portugal),2026-06-25,Hard,Regular,derrotas,Regular,derrotas,,,player1,False,False,True
1.5656565656565657,1,11.0,0.06,0.01,4.75,1,155.0,1481,0.1,-189,1670,152.0,0.21,1.16,45.0,1.27,57.0,0.14,98.0,6.0,152.0,0.0,139.0,30.0,14.0,Joao Dinis Silva,Fabrizio Andaloro,M25 Porto (Portugal),2026-06-25,Hard,Mala,derrotas,Regular,derrotas,,,player2,False,False,True
0.9935897435897436,1,12.0,0.01,0.01,8.450000000000001,3,155.0,1484,0.11,2,1482,139.0,0.15,1.15,40.0,1.33,0.0,0.14,155.0,4.0,139.0,0.0,139.0,40.0,6.0,Francisco Faria,Rodrigo Fernandes,M25 Porto (Portugal),2026-06-25,Hard,Regular,derrotas,Regular,derrotas,,,player2,False,False,True
7.88,25,8.0,0.06,0.06,26.22,0,197.0,1628,0.22,1,1627,217.0,0.27,1.23,60.0,1.33,173.0,0.27,24.0,8.0,217.0,43.174699999999994,132.0,40.0,12.0,Daniel Evans,Tristan Schoolkate,Wimbledon (Reino Unido) - Fase previa,2026-06-25,Grass,Regular,victorias,Buena,victorias,,,player2,False,True,False
0.4595959595959596,30,13.0,0.07,0.04,31.5,0,91.0,1726,0.27,137,1589,132.0,0.27,1.35,35.0,1.2,-106.0,0.27,197.0,13.0,132.0,44.8598,155.0,65.0,7.0,Zsombor Piros,Billy Harris,Wimbledon (Reino Unido) - Fase previa,2026-06-25,Grass,Buena,victorias,Mala,victorias,,,player2,False,True,False
7.0,16,7.0,0.03,0.11,17.1,0,182.0,1728,0.13,-10,1738,215.0,0.27,1.48,65.0,1.45,157.0,0.27,25.0,12.0,215.0,0.0019,134.0,60.0,8.0,Remy Bertola,Jurij Rodionov,Wimbledon (Reino Unido) - Fase previa,2026-06-25,Grass,Buena,victorias,Buena,victorias,,,player1,False,True,False
1.325,17,4.0,0.0,0.02,12.6,2,53.0,1667,0.15,-134,1801,190.0,0.27,1.27,80.0,1.6,14.0,0.26,39.0,12.0,190.0,18.8712,175.0,60.0,8.0,Nicolas Mejia,Gustavo Heide,Wimbledon (Reino Unido) - Fase previa,2026-06-25,Grass,Buena,victorias,Excelente,victorias,,,player1,False,True,False
0.2619047619047619,10,6.0,0.01,0.0,3.0,1,22.0,1588,0.03,-147,1735,158.0,0.24,1.45,70.0,1.62,-61.0,0.27,83.0,9.0,158.0,6.9158,223.0,45.0,11.0,Federico Coria,Stefanos Sakellaridis,Wimbledon (Reino Unido) - Fase previa,2026-06-25,Grass,Regular,victorias,Buena,victorias,,,player2,False,True,False
0.23737373737373738,6,10.0,0.05,0.03,12.425,0,47.0,1673,0.03,-61,1734,132.0,0.27,1.55,50.0,1.52,-150.0,0.27,197.0,11.0,132.0,9.0699,181.0,55.0,9.0,Alexis Galarneau,Oliver Tarvet,Wimbledon (Reino Unido) - Fase previa,2026-06-25,Grass,Regular,victorias,Regular,victorias,,,player2,False,True,False
0.31683168316831684,18,13.0,0.04,0.02,31.75,1,32.0,1838,0.2,291,1547,152.0,0.27,1.45,35.0,1.25,-68.0,0.21,100.0,16.0,152.0,26.613400000000002,200.0,80.0,4.0,Gauthier Onclin,Shintaro Mochizuki,Wimbledon (Reino Unido) - Fase previa,2026-06-25,Grass,Excelente,victorias,Mala,victorias,,,player2,False,True,False
2.402439024390244,2,9.0,0.01,0.02,0.9499999999999997,0,197.0,1733,0.0,41,1692,159.0,0.24,1.52,55.0,1.72,116.0,0.18,81.0,13.0,159.0,0.0,132.0,65.0,7.0,Max Basing,Tom Gentzsch,Wimbledon (Reino Unido) - Fase previa,2026-06-25,Grass,Buena,victorias,Regular,victorias,,,player1,False,True,False
1.849056603773585,7,10.0,0.03,0.02,10.5,2,98.0,1676,0.06,55,1621,176.0,0.26,1.36,50.0,1.58,46.0,0.27,52.0,10.0,176.0,6.9192,152.0,50.0,10.0,Stefano Travaglia,Yi Zhou,Wimbledon (Reino Unido) - Fase previa,2026-06-25,Grass,Regular,victorias,Regular,victorias,,,player2,False,True,False
0.6666666666666666,9,7.0,0.01,0.11,5.1,2,52.0,1833,0.04,122,1711,161.0,0.27,1.37,65.0,1.11,-25.0,0.27,77.0,17.0,161.0,8.373199999999999,176.0,85.0,3.0,Yunchaokete Bu,Clement Tabur,Wimbledon (Reino Unido) - Fase previa,2026-06-25,Grass,Excelente,victorias,Buena,victorias,,,player2,False,True,False
0.7777777777777778,17,9.0,0.02,0.03,4.75,2,77.0,1681,0.09,-31,1712,152.0,0.26,1.21,55.0,1.51,-21.0,0.27,98.0,9.0,152.0,14.1152,161.0,45.0,11.0,Hugo Gaston,Federico Cina,Wimbledon (Reino Unido) - Fase previa,2026-06-25,Grass,Regular,victorias,Regular,victorias,,,player1,False,True,False
0.2935323383084577,12,10.0,0.05,0.01,18.75,0,59.0,1799,0.1,125,1674,132.0,0.26,1.61,50.0,1.43,-141.0,0.27,200.0,16.0,132.0,6.2576,171.0,80.0,4.0,Borna Gojo,Colton Smith,Wimbledon (Reino Unido) - Fase previa,2026-06-25,Grass,Excelente,victorias,Regular,victorias,,,player2,False,True,False
3.7884615384615383,17,10.0,0.04,0.04,20.3,0,197.0,1686,0.17,21,1665,177.0,0.27,1.25,50.0,1.33,146.0,0.23,51.0,11.0,177.0,27.474700000000002,132.0,55.0,9.0,Paul Jubb,Marcelo Tomas Barrios Vera,Wimbledon (Reino Unido) - Fase previa,2026-06-25,Grass,Regular,victorias,Regular,victorias,,,player2,False,True,False
0.96,22,10.0,0.08,0.03,46.00000000000001,3,24.0,1603,0.28,-103,1706,217.0,0.27,0.86,50.0,1.13,0.0,0.26,24.0,9.0,217.0,37.866299999999995,217.0,45.0,11.0,Bernard Tomic,Christopher O'Connell,Wimbledon (Reino Unido) - Fase previa,2026-06-25,Grass,Regular,victorias,Regular,victorias,,,player2,False,True,False
2.84375,11,8.0,0.05,0.04,12.25,0,182.0,1686,0.09,30,1656,168.0,0.26,1.4,60.0,1.47,119.0,0.27,63.0,9.0,168.0,6.331599999999999,134.0,45.0,11.0,Jerome Kym,August Holmgren,Wimbledon (Reino Unido) - Fase previa,2026-06-25,Grass,Regular,victorias,Buena,victorias,,,player1,False,True,False
1.1299435028248588,30,9.0,0.01,0.04,36.824999999999996,2,200.0,1610,0.24,-86,1696,135.0,0.27,1.17,55.0,1.31,24.0,0.27,176.0,8.0,135.0,59.7635,132.0,40.0,12.0,Mackenzie McDonald,Roberto Carballes Baena,Wimbledon (Reino Unido) - Fase previa,2026-06-25,Grass,Regular,victorias,Regular,victorias,,,player1,False,True,False
0.24242424242424243,14,9.0,0.02,0.05,19.905,2,8.0,1793,0.14,123,1670,200.0,0.26,1.48,55.0,1.4,-24.0,0.27,32.0,15.0,200.0,20.6448,319.0,75.0,5.0,Roman Safiullin,Kimmer Coppejans,Wimbledon (Reino Unido) - Fase previa,2026-06-25,Grass,Excelente,victorias,Regular,victorias,,,player1,False,True,False
0.8308457711442786,7,9.0,0.04,0.02,12.75,2,167.0,1756,0.07,1,1755,132.0,0.27,1.68,55.0,1.39,-33.0,0.27,200.0,14.0,132.0,3.0183,137.0,70.0,6.0,Laslo Djere,Michael Zheng,Wimbledon (Reino Unido) - Fase previa,2026-06-25,Grass,Buena,victorias,Regular,victorias,,,player2,False,True,False
8.565217391304348,6,7.0,0.02,0.03,0.0,0,197.0,1808,0.0,-41,1849,223.0,0.27,1.53,65.0,1.59,175.0,0.27,22.0,12.0,223.0,6.066499999999999,132.0,60.0,8.0,Toby Samuel,Thiago Agustin Tirante,Eastbourne (Reino Unido),2026-06-25,Grass,Buena,derrotas,Buena,victorias,,,player1,False,True,False
8.565217391304348,0,13.764376568032686,0.0,0.02,0.0,0,197.0,1778,-0.0,278,1500,223.0,0.0,1.62,31.178117159836543,0.0,175.0,0.27,22.0,12.0,223.0,0.0,132.0,60.0,8.0,Arthur Fery,Juan Manuel Cerundolo,Eastbourne (Reino Unido),2026-06-25,Grass,Buena,victorias,,,,,player2,False,True,False
0.38308457711442784,0,9.528972908457861,0.0,0.08,0.0,0,77.0,1855,-0.0,355,1500,132.0,0.0,1.69,34.34436154937538,0.0,-123.0,0.27,200.0,10.0,132.0,0.0,161.0,50.0,10.0,Ugo Humbert,Jenson Brooksby,Eastbourne (Reino Unido),2026-06-25,Grass,Regular,victorias,,,,,player1,False,True,False
1.975609756097561,0,7.598577755750894,0.0,0.02,0.0,2,81.0,1810,-0.0,310,1500,1150.0,0.0,1.43,62.007111221245545,0.0,41.0,0.27,40.0,10.0,1150.0,0.0,159.0,50.0,10.0,Daniel Altmaier,Zizou Bergs,Eastbourne (Reino Unido),2026-06-25,Grass,Regular,victorias,,,,,player2,False,True,False
0.9253731343283582,10,7.0,0.08,0.03,7.5,2,186.0,1767,0.05,10,1757,132.0,0.27,1.43,65.0,1.66,-14.0,0.27,200.0,13.0,132.0,4.7678,134.0,65.0,7.0,Mananchaya Sawangkaew,Mary Stoiana,Wimbledon (Reino Unido) - Fase previa,2026-06-25,Grass,Buena,victorias,Buena,victorias,,,player1,False,True,False
0.573170731707317,17,7.0,0.0,0.02,19.8,2,47.0,1609,0.17,-163,1772,159.0,0.27,1.31,65.0,1.4,-34.0,0.23,81.0,9.0,159.0,17.342299999999998,181.0,45.0,11.0,Katherine Sebov,Noma Noha Akugue,Wimbledon (Reino Unido) - Fase previa,2026-06-25,Grass,Regular,victorias,Buena,victorias,,,player1,False,True,False
2.5256410256410255,5,8.0,0.05,0.0,6.6,0,197.0,1640,0.02,-84,1724,161.0,0.54,1.19,60.0,1.44,120.0,0.38,77.0,12.0,161.0,0.0,132.0,60.0,8.0,Esther Adeshina,Harmony Tan,Wimbledon (Reino Unido) - Fase previa,2026-06-25,Grass,Buena,victorias,Buena,victorias,,,player2,False,True,False
1.794871794871795,15,12.0,0.02,0.04,16.125,1,140.0,1686,0.13,76,1610,161.0,0.27,1.32,40.0,1.32,63.0,0.27,77.0,8.0,161.0,19.534499999999998,141.0,40.0,12.0,Lulu Sun,Oceane Dodin,Wimbledon (Reino Unido) - Fase previa,2026-06-25,Grass,Regular,victorias,Regular,victorias,,,player2,False,True,False
2.202020202020202,17,5.0,0.04,0.02,12.6,0,218.0,1671,0.15,-147,1818,152.0,0.27,1.23,75.0,1.59,120.0,0.27,98.0,10.0,152.0,24.398,130.0,50.0,10.0,Joanna Garland,Tyra Caterina Grant,Wimbledon (Reino Unido) - Fase previa,2026-06-25,Grass,Regular,victorias,Excelente,victorias,,,player2,False,True,False
0.24242424242424243,15,6.0,0.06,0.02,42.05,2,8.0,1676,0.18,-103,1779,200.0,0.27,1.28,70.0,1.57,-24.0,0.27,32.0,10.0,200.0,4.7595,319.0,50.0,10.0,Iryna Shymanovich,Greet Minnen,Wimbledon (Reino Unido) - Fase previa,2026-06-25,Grass,Regular,victorias,Buena,victorias,,,player1,False,True,False
0.03980099502487562,13,6.0,0.04,0.01,19.1,0,8.0,1717,0.1,-69,1786,132.0,0.27,1.5,70.0,1.57,-192.0,0.27,200.0,13.0,132.0,10.1399,319.0,65.0,7.0,Erika Andreeva,Kayla Day,Wimbledon (Reino Unido) - Fase previa,2026-06-25,Grass,Buena,victorias,Buena,victorias,,,player2,False,True,False
0.05714285714285714,17,10.0,0.03,0.05,21.549999999999997,0,8.0,1697,0.18,43,1654,142.0,0.27,1.35,50.0,1.33,-131.0,0.27,139.0,11.0,142.0,21.2616,319.0,55.0,9.0,Elena Pridankina,Suzan Lamens,Wimbledon (Reino Unido) - Fase previa,2026-06-25,Grass,Regular,victorias,Regular,victorias,,,player1,False,True,False
0.8756218905472637,12,6.0,0.07,0.02,6.649999999999999,2,176.0,1862,0.07,67,1795,132.0,0.27,1.59,70.0,1.57,-24.0,0.27,200.0,15.0,132.0,10.811499999999999,135.0,75.0,5.0,Kaitlin Quevedo,Claire Liu,Wimbledon (Reino Unido) - Fase previa,2026-06-25,Grass,Excelente,victorias,Buena,victorias,,,player2,False,True,False
0.04519774011299435,21,8.0,0.02,0.02,8.95,0,8.0,1800,0.16,76,1724,135.0,0.27,1.31,60.0,1.33,-168.0,0.27,176.0,11.0,135.0,31.718200000000003,319.0,55.0,9.0,Alina Korneeva,Andrea Lazaro Garcia,Wimbledon (Reino Unido) - Fase previa,2026-06-25,Grass,Regular,victorias,Buena,victorias,,,player1,False,True,False
0.10945273631840796,10,6.0,0.0,0.01,11.28,0,22.0,1772,0.06,31,1741,132.0,0.27,1.58,70.0,1.57,-178.0,0.27,200.0,15.0,132.0,3.0203,223.0,75.0,5.0,Julia Riera,Fiona Crawley,Wimbledon (Reino Unido) - Fase previa,2026-06-25,Grass,Excelente,victorias,Buena,victorias,,,player2,False,True,False
1.1717171717171717,0,13.7915172441986,0.0,0.0,0.0,2,116.0,1651,-0.0,151,1500,152.0,0.0,1.62,31.042413779007003,0.0,18.0,0.23,98.0,12.0,152.0,0.0,147.0,60.0,8.0,Justina Mikulskyte,Lucia Bronzetti,Wimbledon (Reino Unido) - Fase previa,2026-06-25,Grass,Buena,victorias,,,,,player1,False,True,False
1.1717171717171717,0,13.7915172441986,0.0,0.0,0.0,2,116.0,1651,-0.0,151,1500,152.0,0.0,1.62,31.042413779007003,0.0,18.0,0.23,98.0,12.0,152.0,0.0,147.0,60.0,8.0,Justina Mikulskyte,Lucia Bronzetti,Wimbledon (Reino Unido) - Fase previa,2026-06-25,Grass,Buena,victorias,,,,,player1,False,True,False
1.1717171717171717,0,13.7915172441986,0.0,0.0,0.0,2,116.0,1651,-0.0,151,1500,152.0,0.0,1.62,31.042413779007003,0.0,18.0,0.23,98.0,12.0,152.0,0.0,147.0,60.0,8.0,Justina Mikulskyte,Lucia Bronzetti,Wimbledon (Reino Unido) - Fase previa,2026-06-25,Grass,Buena,victorias,,,,,player2,False,True,False
1.3025210084033614,0,1.6739099072129742,0.0,0.01,0.0,2,155.0,1692,-0.0,192,1500,146.0,0.0,1.62,2.8135738626141666,0.0,37.0,0.26,118.0,12.0,146.0,0.0,139.0,60.0,8.0,Francisca Jorge,Lina Gjorcheska,Wimbledon (Reino Unido) - Fase previa,2026-06-25,Grass,Buena,victorias,,,,,player1,False,True,False
1.3025210084033614,0,1.6739099072129742,0.0,0.01,0.0,2,155.0,1692,-0.0,192,1500,146.0,0.0,1.62,2.8135738626141666,0.0,37.0,0.26,118.0,12.0,146.0,0.0,139.0,60.0,8.0,Francisca Jorge,Lina Gjorcheska,Wimbledon (Reino Unido) - Fase previa,2026-06-25,Grass,Buena,victorias,,,,,player1,False,True,False
1.3025210084033614,0,1.6739099072129742,0.0,0.01,0.0,2,155.0,1692,-0.0,192,1500,146.0,0.0,1.62,2.8135738626141666,0.0,37.0,0.26,118.0,12.0,146.0,0.0,139.0,60.0,8.0,Francisca Jorge,Lina Gjorcheska,Wimbledon (Reino Unido) - Fase previa,2026-06-25,Grass,Buena,victorias,,,,,player2,False,True,False
1.0891089108910892,0,12.669070954015043,0.0,0.05,0.0,3,110.0,1748,-0.0,248,1500,152.0,0.0,1.64,36.654645229924775,0.0,10.0,0.27,100.0,13.0,152.0,0.0,149.0,65.0,7.0,Darja Semenistaja,Nao Hibino,Wimbledon (Reino Unido) - Fase previa,2026-06-25,Grass,Buena,victorias,,,,,player1,False,True,False
1.0891089108910892,0,12.669070954015043,0.0,0.05,0.0,3,110.0,1748,-0.0,248,1500,152.0,0.0,1.64,36.654645229924775,0.0,10.0,0.27,100.0,13.0,152.0,0.0,149.0,65.0,7.0,Darja Semenistaja,Nao Hibino,Wimbledon (Reino Unido) - Fase previa,2026-06-25,Grass,Buena,victorias,,,,,player1,False,True,False
1.0891089108910892,0,12.669070954015043,0.0,0.05,0.0,3,110.0,1748,-0.0,248,1500,152.0,0.0,1.64,36.654645229924775,0.0,10.0,0.27,100.0,13.0,152.0,0.0,149.0,65.0,7.0,Darja Semenistaja,Nao Hibino,Wimbledon (Reino Unido) - Fase previa,2026-06-25,Grass,Buena,victorias,,,,,player1,False,True,False
0.32,0,11.223355307966326,0.0,0.03,0.0,2,8.0,1675,-0.0,175,1500,217.0,0.0,1.57,43.88322346016837,0.0,-16.0,0.27,24.0,10.0,217.0,0.0,319.0,50.0,10.0,Anastasia Gasanova,Emerson Jones,Wimbledon (Reino Unido) - Fase previa,2026-06-25,Grass,Regular,victorias,,,,,player1,False,True,False
0.32,0,11.223355307966326,0.0,0.03,0.0,2,8.0,1675,-0.0,175,1500,217.0,0.0,1.57,43.88322346016837,0.0,-16.0,0.27,24.0,10.0,217.0,0.0,319.0,50.0,10.0,Anastasia Gasanova,Emerson Jones,Wimbledon (Reino Unido) - Fase previa,2026-06-25,Grass,Regular,victorias,,,,,player1,False,True,False
0.32,0,11.223355307966326,0.0,0.03,0.0,2,8.0,1675,-0.0,175,1500,217.0,0.0,1.57,43.88322346016837,0.0,-16.0,0.27,24.0,10.0,217.0,0.0,319.0,50.0,10.0,Anastasia Gasanova,Emerson Jones,Wimbledon (Reino Unido) - Fase previa,2026-06-25,Grass,Regular,victorias,,,,,player1,False,True,False
4.761904761904762,0,14.364074573066118,0.0,0.03,0.0,0,200.0,1867,-0.0,367,1500,187.0,0.0,1.81,28.1796271346694,0.0,159.0,0.27,41.0,12.0,187.0,0.0,132.0,60.0,8.0,Katie Volynets,Elizara Yaneva,Wimbledon (Reino Unido) - Fase previa,2026-06-25,Grass,Buena,victorias,,,,,player1,False,True,False
0.7920792079207921,0,14.0,0.0,0.01,0.0,2,80.0,1637,-0.0,137,1500,152.0,0.0,1.45,30.0,0.0,-20.0,0.27,100.0,10.0,152.0,0.0,159.0,50.0,10.0,Mariam Bolkvadze,Hayu Kinoshita,Wimbledon (Reino Unido) - Fase previa,2026-06-25,Grass,Regular,victorias,,,,,player1,False,True,False
0.2568306010928962,0,8.589941072922882,0.0,0.05,0.0,0,47.0,1791,-0.0,291,1500,134.0,0.0,1.67,34.16698886932987,0.0,-135.0,0.27,182.0,11.0,134.0,0.0,181.0,55.0,9.0,Bianca Andreescu,Jil Teichmann,Wimbledon (Reino Unido) - Fase previa,2026-06-25,Grass,Regular,victorias,,,,,player1,False,True,False
0.6666666666666666,0,2.2301325304114017,0.0,0.02,0.0,3,22.0,1600,-0.0,100,1500,200.0,0.0,1.51,5.535596386851308,0.0,-10.0,0.26,32.0,8.0,200.0,0.0,223.0,40.0,12.0,Maria Lourdes Carle,Jeline Vandromme,Wimbledon (Reino Unido) - Fase previa,2026-06-25,Grass,Regular,victorias,,,,,player2,False,True,False
9.0,0,9.867492949260424,0.0,0.0,0.0,1,81.0,1650,-0.0,150,1500,319.0,0.0,1.62,36.44231333737396,0.0,73.0,0.26,8.0,12.0,319.0,0.0,159.0,60.0,8.0,Caroline Werner,Alina Charaeva,Wimbledon (Reino Unido) - Fase previa,2026-06-25,Grass,Buena,victorias,,,,,player2,False,True,False
0.9950248756218906,0,11.000000000000002,0.0,0.29,0.0,3,200.0,1810,-0.0,310,1500,132.0,0.0,1.48,45.00000000000001,0.0,0.0,0.27,200.0,13.0,132.0,0.0,132.0,65.0,7.0,Robin Montgomery,Elvina Kalieva,Wimbledon (Reino Unido) - Fase previa,2026-06-25,Grass,Buena,victorias,,,,,player1,False,True,False
1.0178571428571428,0,3.6312571038836365,0.0,0.05,0.0,3,171.0,1692,-0.0,192,1500,137.0,0.0,1.6,9.568207650485949,0.0,4.0,0.27,167.0,11.0,137.0,0.0,136.0,55.0,9.0,Rebecca Sramkova,Teodora Kostovic,Wimbledon (Reino Unido) - Fase previa,2026-06-25,Grass,Regular,victorias,,,,,player2,False,True,False
1.030612244897959,0,12.433591979636997,0.0,0.0,0.0,3,202.0,1860,-0.0,360,1500,133.0,0.0,1.88,37.83204010181502,0.0,7.0,0.27,195.0,17.0,133.0,0.0,132.0,85.0,3.0,Maria Timofeeva,Veronika Podrez,Wimbledon (Reino Unido) - Fase previa,2026-06-25,Grass,Excelente,victorias,,,,,player1,False,True,False
0.04040404040404041,0,4.543591969184327,0.0,0.03,0.0,0,8.0,1777,-0.0,277,1500,132.0,0.0,1.67,30.745117744833657,0.0,-189.0,0.27,197.0,14.0,132.0,0.0,319.0,70.0,6.0,Tatiana Prozorova,Heather Watson,Wimbledon (Reino Unido) - Fase previa,2026-06-25,Grass,Buena,victorias,,,,,player2,False,True,False
1.9801980198019802,0,12.531523403632706,0.0,0.15,0.0,1,200.0,1828,-0.0,328,1500,152.0,0.0,1.35,37.34238298183646,0.0,100.0,0.27,100.0,15.0,152.0,0.0,132.0,75.0,5.0,Ashlyn Krueger,Mai Hontama,Wimbledon (Reino Unido) - Fase previa,2026-06-25,Grass,Excelente,victorias,,,,,player1,False,True,False
0.1509433962264151,0,9.0,0.0,0.18,0.0,2,8.0,1732,-0.0,232,1500,176.0,0.0,1.48,25.0,0.0,-44.0,0.27,52.0,12.0,176.0,0.0,319.0,60.0,8.0,Polina Iatcenko,Zhuoxuan Bai,Wimbledon (Reino Unido) - Fase previa,2026-06-25,Grass,Buena,victorias,,,,,player1,False,True,False
0.32,0,9.0,0.0,0.04,0.0,2,8.0,1786,-0.0,286,1500,217.0,0.0,1.6,25.000000000000004,0.0,-16.0,0.27,24.0,11.0,217.0,0.0,319.0,55.0,9.0,Aliaksandra Sasnovich,Storm Hunter,Wimbledon (Reino Unido) - Fase previa,2026-06-25,Grass,Regular,victorias,,,,,player1,False,True,False
1.0049751243781095,0,11.000000000000002,0.0,0.04,0.0,3,202.0,1833,-0.0,333,1500,132.0,0.0,1.69,45.0,0.0,2.0,0.27,200.0,15.0,132.0,0.0,132.0,75.0,5.0,Polina Kudermetova,Clervie Ngounoue,Wimbledon (Reino Unido) - Fase previa,2026-06-25,Grass,Excelente,victorias,,,,,player1,False,True,False
0.8756218905472637,42,6.0,0.16,0.08,187.29649999999998,2,176.0,1751,0.36,-244,1995,132.0,0.27,1.28,70.0,1.45,-24.0,0.27,200.0,10.0,132.0,29.8639,135.0,50.0,10.0,Jessica Bouzas Maneiro,Madison Keys,Eastbourne (Reino Unido),2026-06-25,Grass,Regular,victorias,Buena,victorias,,,player2,False,True,False
1.0204081632653061,33,7.0,0.06,0.09,83.69500000000001,3,200.0,1755,0.31,-136,1891,133.0,0.27,1.28,65.0,1.35,5.0,0.27,195.0,10.0,133.0,46.950500000000005,132.0,50.0,10.0,Mccartney Kessler,Anhelina Kalinina,Eastbourne (Reino Unido),2026-06-25,Grass,Regular,victorias,Buena,victorias,,,player1,False,True,False
1.1956521739130435,19,9.0,0.04,0.13,37.6,2,110.0,1893,0.27,130,1763,155.0,0.27,1.31,55.0,1.31,19.0,0.27,91.0,11.0,155.0,95.31080000000001,149.0,55.0,9.0,Jelena Ostapenko,Panna Udvardy,Eastbourne (Reino Unido),2026-06-25,Grass,Regular,victorias,Regular,victorias,,,player1,False,True,False
2.48,0,14.710181252203915,0.0,0.02,0.0,2,62.0,1869,-0.0,369,1500,217.0,0.0,1.57,26.44909373898043,0.0,38.0,0.27,24.0,10.0,217.0,0.0,169.0,50.0,10.0,Tereza Valentova,Ajla Tomljanović,Eastbourne (Reino Unido),2026-06-25,Grass,Regular,victorias,,,,,player1,False,True,False
2.0202020202020203,0,11.59746075776978,0.0,0.07,0.0,0,200.0,1851,-0.0,351,1500,773.0,0.0,1.62,42.01269621115111,0.0,102.0,0.27,98.0,12.0,773.0,0.0,132.0,60.0,8.0,Caty Mcnally,Emiliana Arango,Eastbourne (Reino Unido),2026-06-25,Grass,Buena,victorias,,,,,player1,False,True,False
2.0202020202020203,0,11.59746075776978,0.0,0.07,0.0,0,200.0,1851,-0.0,351,1500,773.0,0.0,1.62,42.01269621115111,0.0,102.0,0.27,98.0,12.0,773.0,0.0,132.0,60.0,8.0,Caty Mcnally,Emiliana Arango,Eastbourne (Reino Unido),2026-06-25,Grass,Buena,victorias,,,,,player1,False,True,False
2.0202020202020203,0,11.59746075776978,0.0,0.07,0.0,0,200.0,1851,-0.0,351,1500,773.0,0.0,1.62,42.01269621115111,0.0,102.0,0.27,98.0,12.0,773.0,0.0,132.0,60.0,8.0,Caty Mcnally,Emiliana Arango,Eastbourne (Reino Unido),2026-06-25,Grass,Buena,victorias,,,,,player1,False,True,False
3.0317460317460316,0,13.782471211147213,0.0,0.09,0.0,0,191.0,1876,-0.0,376,1500,169.0,0.0,1.88,31.087643944263927,0.0,129.0,0.27,62.0,14.0,169.0,0.0,133.0,70.0,6.0,Zeynep Sonmez,Sara Bejlek,Eastbourne (Reino Unido),2026-06-25,Grass,Buena,victorias,,,,,player1,False,True,False
0.9950248756218906,13,10.0,0.06,0.04,15.0,3,200.0,1598,0.1,-219,1817,132.0,0.46,1.16,50.0,1.27,0.0,0.41,200.0,9.0,132.0,12.5184,132.0,45.0,11.0,Murphy Cassone,Ethan Quinn,Mallorca (España),2026-06-25,Grass,Regular,derrotas,Regular,victorias,,,player2,False,True,False
0.40522875816993464,22,7.0,0.03,0.02,33.504000000000005,1,62.0,1771,0.26,-107,1878,139.0,0.27,1.28,65.0,1.39,-90.0,0.27,152.0,10.0,139.0,38.772800000000004,169.0,50.0,10.0,Vit Kopriva,Ignacio Buse,Mallorca (España),2026-06-25,Grass,Regular,victorias,Buena,victorias,,,player1,False,True,False
0.9900990099009901,5,11.0,0.02,0.01,8.450000000000001,3,100.0,1477,0.13,-57,1534,152.0,0.09,1.25,45.0,1.13,0.0,0.09,100.0,7.0,152.0,3.25,152.0,35.0,13.0,Kurumi Tamura,Shiho Tsujioka,W15 Sapporo 2 (Japón),2026-06-25,Hard,Mala,derrotas,Regular,derrotas,,,player2,False,False,True
0.9900990099009901,5,15.0,0.0,0.01,0.0,3,100.0,1415,0.0,29,1386,152.0,0.16,1.03,25.0,1.14,0.0,0.0,100.0,6.0,152.0,8.9134,152.0,30.0,14.0,Riko Kikawada,Yuka Hosoki,W15 Sapporo 2 (Japón),2026-06-25,Hard,Mala,derrotas,Mala,derrotas,,,player2,False,False,True
1.8867924528301887,0,12.0,0.03,0.0,0.0,2,100.0,1484,0.0,-78,1562,176.0,0.19,1.2,40.0,1.25,48.0,0.12,52.0,4.0,176.0,0.0,152.0,33.3,8.0,Yuka Naito,Ying Zhang,W15 Sapporo 2 (Japón),2026-06-25,Hard,Mala,derrotas,Regular,derrotas,,,player2,False,False,True
0.07920792079207921,6,6.0,0.06,0.04,17.25,1,8.0,1620,0.21,-62,1682,152.0,0.13,0.93,70.0,0.98,-92.0,0.09,100.0,11.0,152.0,7.475299999999999,319.0,55.0,9.0,Anna Snigireva,Rinko Matsuda,W15 Maanshan 3 (China),2026-06-25,Hard,Regular,derrotas,Buena,derrotas,,,player1,False,False,True
0.07476635514018691,1,6.0,0.0,0.01,4.2250000000000005,1,8.0,1532,0.08,105,1427,150.0,0.0,1.18,25.0,1.19,-98.0,0.15,106.0,9.0,150.0,0.0,319.0,45.0,11.0,Maria Kalyakina,Hyeongju Han,W15 Maanshan 3 (China),2026-06-25,Hard,Regular,derrotas,Mala,derrotas,,,player1,False,False,True
0.48598130841121495,0,13.0,0.01,0.0,0.0,1,52.0,1500,0.0,19,1481,150.0,0.21,0.0,35.0,1.12,-54.0,0.0,106.0,8.388957463493393,150.0,0.0,176.0,41.944787317466954,11.611042536506607,Kuai Jiananxi,Onyu Choi,W15 Maanshan 3 (China),2026-06-25,Hard,,,Mala,derrotas,,,player2,False,False,True
1.8415841584158417,4,14.0,0.0,0.01,6.5,1,186.0,1501,0.12,73,1428,152.0,0.0,1.16,30.0,1.11,86.0,0.0,100.0,7.0,152.0,6.5291,134.0,35.0,13.0,Thantub Suksumrarn,Yua Taka,M15 Wuning 3 (China),2026-06-25,Hard,Mala,derrotas,Mala,derrotas,,,player2,False,False,True
1.0495049504950495,0,6.0,0.0,0.02,0.0,3,106.0,1623,0.0,218,1405,152.0,0.0,1.32,0.0,0.0,6.0,0.0,100.0,10.0,152.0,0.0,150.0,50.0,10.0,Dong Ju Kim,Ryo Minakata,M15 Wuning 3 (China),2026-06-25,Hard,Regular,derrotas,Mala,derrotas,,,player1,False,False,True
4.2631578947368425,0,8.0,0.01,0.0,0.0,1,81.0,1483,0.0,-116,1599,238.0,0.0,0.0,60.0,1.37,63.0,0.0,18.0,0.0,238.0,0.0,159.0,0.0,1.0,Deren Yigin,Samir Hamza Reguig,M15 Kursumlijska Banja 6 (Serbia),2026-06-25,Clay,Mala,derrotas,Buena,derrotas,,,player2,True,False,False
0.943502824858757,0,17.0,0.0,0.01,0.0,3,167.0,1447,0.0,71,1376,135.0,0.0,1.18,15.0,0.98,-9.0,0.0,176.0,6.0,135.0,0.0,137.0,30.0,14.0,Sasa Markovic,Alvaro Peiro Serrano,M15 Kursumlijska Banja 6 (Serbia),2026-06-25,Clay,Mala,derrotas,Mala,derrotas,,,player2,True,False,False
0.5536723163841808,0,13.0,0.0,0.01,0.0,1,98.0,1528,0.0,70,1458,135.0,0.12,1.26,35.0,1.22,-78.0,0.0,176.0,8.0,135.0,0.0,152.0,40.0,12.0,Giannicola Misasi,Aaron Gil Garcia,M15 Kursumlijska Banja 6 (Serbia),2026-06-25,Clay,Regular,derrotas,Mala,derrotas,,,player1,True,False,False
0.13736263736263737,0,3.0,0.0,0.0,0.0,0,25.0,1475,0.0,24,1451,135.0,0.0,1.16,0.0,0.0,-156.0,0.0,181.0,2.0,135.0,0.0,215.0,28.6,5.0,Marko Milosavljevic,Victor Ryden,M15 Kursumlijska Banja 6 (Serbia),2026-06-25,Clay,Mala,derrotas,Mala,derrotas,,,player1,True,False,False
0.9940476190476191,9,14.0,0.0,0.11,11.44,3,167.0,1755,0.43,330,1425,137.0,0.0,1.08,30.0,0.72,0.0,0.09,167.0,14.0,137.0,23.6281,137.0,70.0,6.0,Branko Djuric,Nikola Jovic,M15 Kursumlijska Banja 6 (Serbia),2026-06-25,Clay,Buena,victorias,Mala,derrotas,,,player1,True,False,False
10.88888888888889,1,13.0,0.01,0.0,0.0,1,98.0,1395,0.0,-129,1524,319.0,0.0,0.8,35.0,1.3,90.0,0.0,8.0,1.0,319.0,0.0,152.0,10.0,9.0,Matteo Mesaglio,Timofei Derepasko,M15 Kursumlijska Banja 6 (Serbia),2026-06-25,Clay,Mala,derrotas,Mala,derrotas,,,player1,True,False,False
0.12834224598930483,0,14.0,0.01,0.0,0.0,0,24.0,1420,0.0,-66,1486,134.0,0.0,0.9,30.0,1.18,-162.0,0.14,186.0,1.0,134.0,0.0,217.0,11.1,8.0,Thomas Patton,Wishaya Trongcharoenchaikul,M15 Kursumlijska Banja 6 (Serbia),2026-06-25,Clay,Mala,derrotas,Mala,derrotas,,,player2,True,False,False
0.29285714285714287,0,2.0,0.0,0.01,0.0,1,41.0,1509,0.0,19,1490,142.0,0.0,1.29,33.3,1.21,-98.0,0.0,139.0,9.0,142.0,0.0,187.0,45.0,11.0,George Lazarov,Marko Knezevic,M15 Kursumlijska Banja 6 (Serbia),2026-06-25,Clay,Regular,derrotas,Mala,derrotas,,,player1,True,False,False
7.260869565217392,0,13.0,0.01,0.0,0.0,0,167.0,1467,0.0,12,1455,223.0,0.17,0.0,35.0,1.13,145.0,0.0,22.0,0.0,223.0,0.0,137.0,0.0,2.0,Uros Zivkovic,Francisco Tomas Geschwind,M15 Kursumlijska Banja 6 (Serbia),2026-06-25,Clay,Mala,derrotas,Mala,derrotas,,,player2,True,False,False
3.2115384615384617,1,12.0,0.01,0.02,0.0,0,167.0,1512,0.0,22,1490,177.0,0.0,1.28,40.0,1.25,116.0,0.0,51.0,9.0,177.0,0.0,137.0,45.0,11.0,Vlado Jankanj,Nicolas Bruna,M15 Kursumlijska Banja 6 (Serbia),2026-06-25,Clay,Regular,derrotas,Regular,derrotas,,,player1,True,False,False
1.1904761904761905,1,12.0,0.02,0.03,1.95,2,200.0,1561,0.14,16,1545,137.0,0.0,1.18,40.0,1.34,33.0,0.16,167.0,9.0,137.0,0.0,132.0,45.0,11.0,Alexander Bernard,Vuk Radjenovic,M15 Kursumlijska Banja 6 (Serbia),2026-06-25,Clay,Regular,derrotas,Regular,derrotas,,,player2,True,False,False
1.1726190476190477,1,12.0,0.01,0.01,0.0,2,197.0,1540,0.0,65,1475,137.0,0.09,1.38,40.0,1.15,30.0,0.0,167.0,7.0,137.0,8.483400000000001,132.0,46.7,8.0,Oscar Brown,Novak Novakovic,M15 Kursumlijska Banja 6 (Serbia),2026-06-25,Clay,Regular,derrotas,Regular,derrotas,,,player2,True,False,False
0.5384615384615384,0,6.0,0.0,0.01,0.0,1,98.0,1564,0.0,122,1442,135.0,0.0,1.39,25.0,1.04,-83.0,0.0,181.0,9.0,135.0,0.0,152.0,45.0,11.0,Andrea De Marchi,Michael Minasyan,M15 Kursumlijska Banja 6 (Serbia),2026-06-25,Clay,Regular,derrotas,Mala,derrotas,,,player1,True,False,False
0.36904761904761907,3,10.0,0.03,0.04,6.5,0,62.0,1624,0.26,32,1592,137.0,0.16,1.17,50.0,0.89,-105.0,0.13,167.0,11.0,137.0,0.0,169.0,55.0,9.0,Amelie Justine Hejtmanek,Jana Bojovic,W15 Kursumlijska Banja 6 (Serbia),2026-06-25,Clay,Regular,victorias,Regular,derrotas,,,player1,True,False,False
0.6962025316455697,0,12.0,0.0,0.0,0.0,2,110.0,1418,0.0,-61,1479,138.0,0.09,0.0,40.0,1.26,-47.0,0.0,157.0,0.0,138.0,0.0,149.0,0.0,5.0,Odeta Panasa,Alessia Popescu,W15 Kursumlijska Banja 6 (Serbia),2026-06-25,Clay,Mala,derrotas,Regular,derrotas,,,player2,True,False,False
0.25949367088607594,0,1.0,0.0,0.0,0.0,0,41.0,1409,0.0,-96,1505,138.0,0.0,0.97,50.0,1.32,-116.0,0.0,157.0,1.0,138.0,0.0,187.0,14.3,6.0,Valeria Garnevska,Giulia Alexandra Musat,W15 Kursumlijska Banja 6 (Serbia),2026-06-25,Clay,Mala,derrotas,Regular,derrotas,,,player1,True,False,False
1.0569620253164558,3,13.0,0.01,0.0,6.5,3,167.0,1360,0.26,-109,1469,138.0,0.18,0.78,35.0,1.19,10.0,0.0,157.0,1.0,138.0,0.0,137.0,7.7,12.0,Doroteja Petrovic,Patricia Georgiana Goina,W15 Kursumlijska Banja 6 (Serbia),2026-06-25,Clay,Mala,derrotas,Mala,derrotas,,,player2,True,False,False
0.9940476190476191,0,1.0,0.0,0.01,0.0,3,167.0,1534,0.0,58,1476,137.0,0.0,1.26,0.0,0.0,0.0,0.12,167.0,8.0,137.0,0.0,137.0,40.0,12.0,Andrea Obradovic,Nina Tepic,W15 Kursumlijska Banja 6 (Serbia),2026-06-25,Clay,Regular,derrotas,Mala,derrotas,,,player1,True,False,False
0.24404761904761904,0,12.0,0.01,0.0,0.0,0,41.0,1437,0.0,-54,1491,137.0,0.09,0.0,40.0,1.16,-126.0,0.0,167.0,0.0,137.0,0.0,187.0,0.0,4.0,Andzhelina Kostova,Gala Ivanovic,W15 Kursumlijska Banja 6 (Serbia),2026-06-25,Clay,Mala,derrotas,Regular,derrotas,,,player2,True,False,False
0.047619047619047616,0,10.0,0.03,0.0,0.0,0,8.0,1437,0.0,-172,1609,137.0,0.2,0.0,50.0,1.32,-159.0,0.0,167.0,0.0,137.0,0.0,319.0,0.0,4.0,Kristina Kovgan,Anja Stankovic,W15 Kursumlijska Banja 6 (Serbia),2026-06-25,Clay,Mala,derrotas,Regular,derrotas,,,player2,True,False,False
0.9878048780487805,0,2.0,0.02,0.01,0.0,3,81.0,1579,0.0,20,1559,159.0,0.0,1.25,75.0,1.6,0.0,0.14,81.0,11.0,159.0,0.0,159.0,55.0,9.0,Benito Sanchez Martinez,Oliver Majdandzic,M15 Kamen (Alemania),2026-06-25,Clay,Regular,derrotas,Excelente,derrotas,,,player1,True,False,False
1.9285714285714286,6,13.0,0.0,0.01,9.85,2,81.0,1564,0.39,114,1450,187.0,0.0,1.24,35.0,1.14,40.0,0.09,41.0,10.0,187.0,9.5171,159.0,50.0,10.0,Louis Wessels,Leonid Sheyngezikht,M15 Kamen (Alemania),2026-06-25,Clay,Regular,derrotas,Mala,derrotas,,,player1,True,False,False
2.231707317073171,3,15.0,0.0,0.01,0.0,0,183.0,1531,0.0,126,1405,159.0,0.0,1.34,25.0,1.0,102.0,0.09,81.0,9.0,159.0,8.6864,134.0,45.0,11.0,Taym Al Azmeh,Tom Sickenberger,M15 Kamen (Alemania),2026-06-25,Clay,Regular,derrotas,Mala,derrotas,,,player1,True,False,False
1.404040404040404,6,9.0,0.02,0.01,1.5,2,139.0,1520,0.13,-72,1592,152.0,0.0,1.08,55.0,1.35,41.0,0.0,98.0,8.0,152.0,6.0141,142.0,40.0,12.0,Brian Bozemoj,Gabriele Maria Noce,M15 Kamen (Alemania),2026-06-25,Clay,Regular,derrotas,Regular,derrotas,,,player1,True,False,False
0.9878048780487805,0,13.830887681729518,0.0,0.01,0.0,3,81.0,1518,0.0,18,1500,159.0,0.0,1.4,30.845561591352407,0.0,0.0,0.0,81.0,2.0,159.0,0.0,159.0,66.7,1.0,Christopher Thies,Tim Hammes,M15 Kamen (Alemania),2026-06-25,Clay,Buena,derrotas,,,,,player2,True,False,False
0.4090909090909091,1,12.0,0.01,0.01,0.0,0,81.0,1434,0.0,-154,1588,132.0,0.09,1.03,40.0,1.34,-116.0,0.0,197.0,5.0,132.0,0.0,159.0,25.0,15.0,David Fix,Marcus Walters,M15 Kamen (Alemania),2026-06-25,Clay,Mala,derrotas,Regular,derrotas,,,player2,True,False,False
2.268292682926829,0,4.0,0.0,0.02,0.0,0,186.0,1512,0.0,75,1437,159.0,0.0,1.22,0.0,0.0,105.0,0.0,81.0,7.0,159.0,0.0,134.0,35.0,13.0,Markus Malaszszak,Marcel Volz,M15 Kamen (Alemania),2026-06-25,Clay,Mala,derrotas,Mala,derrotas,,,player1,True,False,False
2.3780487804878048,5,13.0,0.02,0.06,0.0,0,195.0,1672,0.0,186,1486,159.0,0.0,1.13,35.0,0.72,114.0,0.12,81.0,13.0,159.0,14.2709,133.0,65.0,7.0,Oleksii Krutykh,Mariano Dedura-Palomero,M15 Kamen (Alemania),2026-06-25,Clay,Buena,victorias,Mala,derrotas,,,player1,True,False,False
0.9943502824858758,1,11.0,0.02,0.02,0.0,3,176.0,1728,0.0,182,1546,135.0,0.0,1.58,45.0,1.21,0.0,0.16,176.0,14.0,135.0,3.0067,135.0,70.0,6.0,Sergi Perez Contri,Bernardo Munk Mesa,M25 Bakio (España),2026-06-25,Hard,Buena,victorias,Regular,victorias,,,player1,False,False,True
0.8888888888888888,0,7.0,0.08,0.0,0.0,2,176.0,1541,0.0,-166,1707,132.0,0.09,1.08,65.0,1.07,-21.0,0.0,197.0,2.0,132.0,0.0,135.0,66.7,1.0,Roberto Perez Socas,Emile Hudd,M25 Bakio (España),2026-06-25,Hard,Buena,victorias,Buena,victorias,,,player2,False,False,True
2.2564102564102564,1,12.0,0.04,0.01,0.0,1,176.0,1527,0.0,-51,1578,161.0,0.18,1.32,40.0,1.29,99.0,0.0,77.0,9.0,161.0,1.5,135.0,45.0,11.0,Enrique Carrascosa Diaz,Robin Bertrand,M25 Bakio (España),2026-06-25,Hard,Regular,victorias,Regular,victorias,,,player2,False,False,True
7.04,1,11.0,0.03,0.01,0.0,0,176.0,1509,0.0,-118,1627,217.0,0.15,1.29,45.0,1.32,152.0,0.09,24.0,8.0,217.0,0.0,135.0,40.0,12.0,Noah Lopez Cherubino,Edward Winter,M25 Bakio (España),2026-06-25,Hard,Regular,victorias,Regular,victorias,,,player2,False,False,True
0.22591743119266056,0,12.465293477745638,0.0,0.02,0.0,0,197.0,1634,0.0,134,1500,28.0,0.0,1.38,16.02700326349726,0.0,-674.0,0.12,871.0,11.0,28.0,0.0,132.0,55.0,9.0,Oscar Weightman,Carles Hernandez,M25 Bakio (España),2026-06-25,Hard,Regular,victorias,,,,,player1,False,False,True
5.259887005649717,0,12.0,0.01,0.0,0.0,0,931.0,1500,0.0,-1,1501,135.0,0.09,0.0,40.0,1.3,755.0,0.0,176.0,11.585485307527513,135.0,0.0,22.0,57.92742653763757,8.414514692472485,Paul Inchauspe,Iker Urribarrens Ramirez,M25 Bakio (España),2026-06-25,Hard,,,Regular,victorias,,,player2,False,False,True
5.259887005649717,0,12.0,0.01,0.0,0.0,0,931.0,1500,0.0,-1,1501,135.0,0.09,0.0,40.0,1.3,755.0,0.0,176.0,11.585485307527513,135.0,0.0,22.0,57.92742653763757,8.414514692472485,Paul Inchauspe,Iker Urribarrens Ramirez,M25 Bakio (España),2026-06-25,Hard,,,Regular,victorias,,,player2,False,False,True
5.259887005649717,0,12.0,0.01,0.0,0.0,0,931.0,1500,0.0,-1,1501,135.0,0.09,0.0,40.0,1.3,755.0,0.0,176.0,11.585485307527513,135.0,0.0,22.0,57.92742653763757,8.414514692472485,Paul Inchauspe,Iker Urribarrens Ramirez,M25 Bakio (España),2026-06-25,Hard,,,Regular,victorias,,,player1,False,False,True
0.9878048780487805,1,8.0,0.01,0.0,3.0,3,81.0,1569,0.18,-86,1655,159.0,0.15,1.39,60.0,1.36,0.0,0.0,81.0,4.0,159.0,0.0,159.0,66.7,2.0,Isabella Angelina Abendroth,Mara Guth,W15 Kamen (Alemania),2026-06-25,Clay,Buena,derrotas,Buena,derrotas,,,player2,True,False,False
2.6923076923076925,0,12.0,0.01,0.02,0.0,1,140.0,1679,0.0,190,1489,177.0,0.09,1.44,33.3,1.21,89.0,0.15,51.0,15.0,177.0,0.0,141.0,75.0,5.0,Valentina Ivanov,Camila Rodero,W15 Kamen (Alemania),2026-06-25,Clay,Excelente,derrotas,Mala,derrotas,,,player1,True,False,False
0.24427480916030533,1,7.0,0.0,0.01,0.0,1,32.0,1522,0.0,-6,1528,144.0,0.0,1.28,53.3,1.37,-98.0,0.17,130.0,9.0,144.0,0.0,200.0,45.0,11.0,Vicky Van De Peer,Daniela Ciobanu,W15 Kamen (Alemania),2026-06-25,Clay,Regular,derrotas,Regular,victorias,,,player2,True,False,False
0.6864406779661016,7,10.0,0.01,0.02,11.450000000000001,2,81.0,1426,0.41,-168,1594,147.0,0.23,1.02,50.0,1.33,-36.0,0.22,117.0,6.0,147.0,4.2250000000000005,159.0,30.0,14.0,Sonja Zhenikhova,Marie Weckerle,W15 Kamen (Alemania),2026-06-25,Clay,Mala,derrotas,Regular,derrotas,,,player1,True,False,False
0.9878048780487805,0,5.0,0.04,0.0,0.0,3,81.0,1431,0.0,-302,1733,159.0,0.09,0.98,75.0,1.54,0.0,0.14,81.0,2.0,159.0,0.0,159.0,20.0,8.0,Lola Giza,Eva Marie Voracek,W15 Kamen (Alemania),2026-06-25,Clay,Mala,derrotas,Excelente,derrotas,,,player2,True,False,False
1.0384615384615385,1,12.0,0.0,0.02,0.0,3,81.0,1591,0.0,100,1491,161.0,0.17,1.28,40.0,1.25,4.0,0.2,77.0,9.0,161.0,0.0,159.0,45.0,11.0,Josy Daems,Alice Soulie,W15 Kamen (Alemania),2026-06-25,Clay,Regular,derrotas,Regular,derrotas,,,player1,True,False,False
2.4634146341463414,1,3.0,0.0,0.0,0.0,0,202.0,1442,0.0,-102,1544,159.0,0.09,1.21,57.1,1.35,121.0,0.0,81.0,7.0,159.0,0.0,132.0,35.0,13.0,Milana Maslenkova,Sophie Greiner,W15 Kamen (Alemania),2026-06-25,Clay,Mala,derrotas,Regular,derrotas,,,player2,True,False,False
0.9696969696969697,1,1.0,0.0,0.04,0.0,3,32.0,1601,0.0,118,1483,200.0,0.0,1.31,0.0,0.0,0.0,0.0,32.0,10.0,200.0,0.0,200.0,50.0,10.0,Emilien Demanet,Felix Romeo,M25 Brussels (Bélgica),2026-06-25,Clay,Regular,derrotas,Mala,derrotas,,,player1,True,False,False
1.0384615384615385,5,17.0,0.0,0.04,0.0,3,81.0,1673,0.0,312,1361,161.0,0.17,1.36,15.0,0.85,4.0,0.15,77.0,11.0,161.0,13.9511,159.0,55.0,9.0,Marvin Moeller,Leo Deflandre,M25 Brussels (Bélgica),2026-06-25,Clay,Regular,derrotas,Mala,derrotas,,,player1,True,False,False
1.2195121951219512,1,6.0,0.06,0.01,3.0,2,100.0,1342,0.18,-331,1673,159.0,0.09,0.73,70.0,1.14,19.0,0.09,81.0,4.0,159.0,0.0,152.0,20.0,16.0,Yuichiro Inui,Max Wiskandt,M25 Brussels (Bélgica),2026-06-25,Clay,Mala,derrotas,Buena,derrotas,,,player2,True,False,False
2.3333333333333335,4,12.0,0.02,0.07,0.0,0,182.0,1745,0.0,217,1528,161.0,0.18,0.87,40.0,0.61,105.0,0.47,77.0,15.0,161.0,6.5235,134.0,75.0,5.0,Dylan Dietrich,Adan Freire Da Silva,M25 Brussels (Bélgica),2026-06-25,Clay,Excelente,derrotas,Regular,derrotas,,,player1,True,False,False
2.3333333333333335,0,1.0,0.0,0.0,0.0,2,77.0,1500,0.0,-10,1510,200.0,0.09,0.0,50.0,1.32,45.0,0.0,32.0,4.922917805760421,200.0,0.0,161.0,24.614589028802104,7.7690119829205795,Theo Mottier,Noah Martens,M25 Brussels (Bélgica),2026-06-25,Clay,,,Regular,derrotas,,,player2,True,False,False
0.9696969696969697,0,11.0,0.01,0.0,0.0,3,32.0,1500,0.0,-20,1520,200.0,0.12,0.0,45.0,1.29,0.0,0.0,32.0,5.340110394220239,200.0,0.0,200.0,26.70055197110119,10.863726553502618,Dorian Verrue,Harold Huens,M25 Brussels (Bélgica),2026-06-25,Clay,,,Regular,derrotas,,,player2,True,False,False
0.31683168316831684,0,15.0,0.01,0.0,0.0,1,32.0,1483,0.0,77,1406,152.0,0.09,0.0,25.0,1.13,-68.0,0.0,100.0,0.0,152.0,0.0,200.0,0.0,1.0,David Tixhon,Tomohiro Masabayashi,M25 Brussels (Bélgica),2026-06-25,Clay,Mala,derrotas,Mala,derrotas,,,player1,True,False,False
2.127659574468085,0,13.0,0.02,0.0,0.0,0,200.0,1466,0.0,-44,1510,154.0,0.0,1.12,35.0,1.21,107.0,0.0,93.0,2.0,154.0,0.0,132.0,25.0,6.0,Cyrus Mahjoob,Rethin Pranav Senthil Kumar,M15 Kayseri 6 (Turquía),2026-06-25,Hard,Mala,derrotas,Mala,derrotas,,,player2,False,False,True
0.2708333333333333,0,8.0,0.01,0.01,0.0,0,52.0,1406,0.0,-205,1611,133.0,0.0,1.06,60.0,1.37,-139.0,0.09,191.0,4.0,133.0,0.0,176.0,20.0,16.0,Fumin Jiang,Kerem Yilmaz,M15 Kayseri 6 (Turquía),2026-06-25,Hard,Mala,derrotas,Buena,derrotas,,,player2,False,False,True
0.9947916666666666,0,5.0,0.0,0.01,0.0,3,191.0,1521,0.0,86,1435,133.0,0.0,1.32,16.7,1.01,0.0,0.0,191.0,2.0,133.0,0.0,133.0,50.0,2.0,Cem Christopher Kucukhuseyin,Birtan Duran,M15 Kayseri 6 (Turquía),2026-06-25,Hard,Regular,derrotas,Mala,derrotas,,,player2,False,False,True
1.0416666666666667,0,12.0,0.0,0.0,0.0,3,200.0,1483,0.0,58,1425,133.0,0.0,0.0,20.0,1.06,9.0,0.0,191.0,0.0,133.0,0.0,132.0,0.0,1.0,Roman Sancilio,Cagan Efe Tufekci,M15 Kayseri 6 (Turquía),2026-06-25,Hard,Mala,derrotas,Mala,derrotas,,,player1,False,False,True
0.859375,2,15.0,0.0,0.01,0.0,2,165.0,1554,0.0,138,1416,133.0,0.0,1.29,25.0,1.1,-26.0,0.0,191.0,10.0,133.0,7.4750000000000005,137.0,50.0,10.0,Anmar Faleh Alhogbani,Bora Sengul,M15 Kayseri 6 (Turquía),2026-06-25,Hard,Regular,derrotas,Mala,derrotas,,,player2,False,False,True
0.38308457711442784,0,8.39754742119168,0.0,0.01,0.0,0,77.0,1467,0.0,-33,1500,132.0,0.0,1.14,31.540674459172287,0.0,-123.0,0.0,200.0,7.0,132.0,0.0,161.0,36.8,12.0,Theo Herrmann,Matias Reyniak,M15 Kayseri 6 (Turquía),2026-06-25,Hard,Mala,derrotas,,,,,player1,False,False,True
0.5202702702702703,1,14.0,0.0,0.0,0.0,1,77.0,1464,0.0,8,1456,140.0,0.17,1.2,30.0,1.16,-70.0,0.14,147.0,7.0,140.0,1.2349999999999997,161.0,35.0,13.0,Loan Lestir,Muzammil Murtaza,M15 Kayseri 6 (Turquía),2026-06-25,Hard,Mala,derrotas,Mala,derrotas,,,player1,False,False,True
0.40298507462686567,1,9.0,0.01,0.0,0.0,0,81.0,1464,0.0,-168,1632,132.0,0.12,1.11,55.0,1.43,-119.0,0.12,200.0,7.0,132.0,0.0,159.0,35.0,13.0,Rafael Giotis,Keshav Chopra,M15 Kayseri 6 (Turquía),2026-06-25,Hard,Mala,derrotas,Regular,derrotas,,,player2,False,False,True
2.448717948717949,4,7.0,0.04,0.01,27.950000000000003,0,191.0,1476,0.21,-204,1680,161.0,0.0,1.21,65.0,1.34,114.0,0.0,77.0,8.0,161.0,0.0,133.0,40.0,12.0,Melih Anavatan,Nicolas Tepmahc,M15 Kayseri 6 (Turquía),2026-06-25,Hard,Regular,derrotas,Buena,derrotas,,,player2,False,False,True
21.22222222222222,2,11.0,0.01,0.01,0.0,0,191.0,1449,0.0,-16,1465,319.0,0.0,1.24,45.0,1.17,183.0,0.12,8.0,6.0,319.0,3.0875,133.0,30.0,14.0,Selina Atay,Alisa Vasileva,W15 Kayseri 6 (Turquía),2026-06-25,Hard,Mala,derrotas,Regular,derrotas,,,player1,False,False,True
0.421875,0,6.0,0.03,0.0,0.0,0,81.0,1409,0.0,-243,1652,133.0,0.16,1.08,70.0,1.52,-110.0,0.12,191.0,6.0,133.0,0.0,159.0,30.0,14.0,Sophia Ksandinov,Irem Kurt,W15 Kayseri 6 (Turquía),2026-06-25,Hard,Mala,derrotas,Buena,derrotas,,,player2,False,False,True
3.6037735849056602,1,5.0,0.09,0.05,1.69,0,191.0,1604,0.05,-151,1755,176.0,0.19,1.05,75.0,0.99,139.0,0.23,52.0,10.0,176.0,0.0,133.0,50.0,10.0,Ilay Yoruk,Lan Mi,W15 Kayseri 6 (Turquía),2026-06-25,Hard,Regular,derrotas,Excelente,derrotas,,,player2,False,False,True
2.0105263157894737,0,1.0,0.0,0.03,0.0,1,191.0,1619,0.0,136,1483,154.0,0.0,1.39,0.0,0.0,97.0,0.23,94.0,13.0,154.0,0.0,133.0,65.0,7.0,Duru Soke,Hana Shabanpour,W15 Kayseri 6 (Turquía),2026-06-25,Hard,Buena,derrotas,Mala,derrotas,,,player1,False,False,True
0.9701492537313433,0,4.0,0.0,0.02,0.0,3,195.0,1540,0.0,81,1459,132.0,0.12,1.25,20.0,1.06,-5.0,0.18,200.0,8.0,132.0,0.0,133.0,40.0,12.0,Kateryna Lazarenko,Allison Nicole Isaacs,W15 Kayseri 6 (Turquía),2026-06-25,Hard,Regular,derrotas,Mala,derrotas,,,player1,False,False,True
1.854368932038835,7,14.0,0.01,0.0,12.75,1,191.0,1468,0.2,28,1440,151.0,0.12,1.13,30.0,1.09,89.0,0.21,102.0,7.0,151.0,6.2804,133.0,35.0,13.0,Doga Turkmen,Sandugash Kenzhibayeva,W15 Kayseri 6 (Turquía),2026-06-25,Hard,Mala,derrotas,Mala,derrotas,,,player1,False,False,True
0.125,2,5.0,0.0,0.06,1.69,0,24.0,1684,0.05,213,1471,133.0,0.16,1.01,28.6,0.85,-167.0,0.2,191.0,13.0,133.0,8.487000000000002,217.0,65.0,7.0,Alana Subasic,Berrak Kocak,W15 Kayseri 6 (Turquía),2026-06-25,Hard,Buena,derrotas,Mala,derrotas,,,player1,False,False,True
0.9893617021276596,1,4.0,0.0,0.0,0.0,3,93.0,1359,0.0,-62,1421,154.0,0.09,1.03,0.0,0.0,0.0,0.19,93.0,5.0,154.0,0.0,154.0,25.0,15.0,Prathyusha Rachapudi,Jannat Chiripal,W15 Kayseri 6 (Turquía),2026-06-25,Hard,Mala,derrotas,Mala,derrotas,,,player1,False,False,True
0.9936708860759493,6,11.0,0.02,0.0,26.0,3,157.0,1328,0.52,-219,1547,138.0,0.09,0.93,45.0,1.32,0.0,0.0,157.0,4.0,138.0,0.0,138.0,20.0,16.0,Alexandra Irina Anghel,Eva Maria Ionescu,W15 Galati (Rumanía),2026-06-25,Clay,Mala,derrotas,Regular,derrotas,,,player2,True,False,False
1.53125,3,13.0,0.01,0.01,0.0,2,98.0,1507,0.0,9,1498,168.0,0.15,1.22,35.0,1.18,35.0,0.0,63.0,8.0,168.0,11.581700000000001,152.0,40.0,12.0,Chiara Fornasieri,Laura Brunkel,W15 Galati (Rumanía),2026-06-25,Clay,Regular,derrotas,Mala,derrotas,,,player1,True,False,False
0.9936708860759493,3,9.0,0.02,0.04,0.0,3,157.0,1666,0.0,91,1575,138.0,0.2,1.41,55.0,1.19,0.0,0.09,157.0,12.0,138.0,19.5375,138.0,60.0,8.0,Lavinia Tanasie,Sara Victoria Balan,W15 Galati (Rumanía),2026-06-25,Clay,Buena,derrotas,Regular,derrotas,,,player2,True,False,False
0.879746835443038,3,8.0,0.02,0.0,0.0,2,139.0,1431,0.0,-177,1608,138.0,0.16,1.05,60.0,1.43,-18.0,0.19,157.0,6.0,138.0,4.8139,142.0,30.0,14.0,Melissa Boyden,Diana-Ioana Simionescu,W15 Galati (Rumanía),2026-06-25,Clay,Mala,derrotas,Buena,derrotas,,,player2,True,False,False
0.9936708860759493,3,5.0,0.0,0.02,0.0,3,157.0,1639,0.0,191,1448,138.0,0.0,1.24,16.7,1.05,0.0,0.21,157.0,13.0,138.0,14.991800000000001,138.0,65.0,7.0,Anamaria Federica Oana,Andreea Diana Soare,W15 Galati (Rumanía),2026-06-25,Clay,Buena,derrotas,Mala,derrotas,,,player1,True,False,False
0.7929292929292929,1,10.0,0.02,0.0,3.25,2,157.0,1464,0.19,-118,1582,132.0,0.15,1.15,50.0,1.4,-40.0,0.17,197.0,8.0,132.0,0.0096,138.0,40.0,12.0,Alexia Iulia Marginean,Allegra Korpanec Davies,W15 Galati (Rumanía),2026-06-25,Clay,Regular,derrotas,Regular,derrotas,,,player2,True,False,False
0.9936708860759493,1,10.0,0.01,0.0,8.450000000000001,3,157.0,1487,0.29,-73,1560,138.0,0.19,1.2,50.0,1.31,0.0,0.0,157.0,1.0,138.0,0.0,138.0,33.3,2.0,Teodora Miron,Cristiana Nicoleta Todoni,W15 Galati (Rumanía),2026-06-25,Clay,Mala,derrotas,Regular,derrotas,,,player2,True,False,False
0.9936708860759493,0,7.0,0.02,0.0,0.0,3,157.0,1428,0.0,-188,1616,138.0,0.2,1.06,65.0,1.5,0.0,0.0,157.0,3.0,138.0,0.0,138.0,27.3,8.0,Sofia Maria Barbulescu,Giulia Safina Popa,W15 Galati (Rumanía),2026-06-25,Clay,Mala,derrotas,Buena,derrotas,,,player2,True,False,False
0.620253164556962,0,11.0,0.01,0.02,0.0,1,98.0,1585,0.0,68,1517,138.0,0.18,1.42,45.0,1.2,-59.0,0.18,157.0,10.0,138.0,0.0,152.0,50.0,10.0,Enola Chiesa,Irina Fetecau,W15 Galati (Rumanía),2026-06-25,Clay,Regular,derrotas,Regular,derrotas,,,player2,True,False,False
0.14450867052023122,3,12.0,0.01,0.0,0.0,0,25.0,1384,0.0,-117,1501,136.0,0.16,0.88,40.0,1.31,-147.0,0.0,172.0,3.0,136.0,9.467500000000001,215.0,15.0,17.0,Jonas Gundacker,Aljaz Jeran,M15 Slovenska Bistrica (Eslovenia),2026-06-25,Clay,Mala,derrotas,Regular,derrotas,,,player2,True,False,False
6.961538461538462,3,15.0,0.0,0.01,6.5,0,181.0,1591,0.26,194,1397,215.0,0.0,1.38,25.0,1.01,156.0,0.0,25.0,10.0,215.0,1.5,135.0,50.0,10.0,John Hallquist Lithen,Niklas Waldner,M15 Slovenska Bistrica (Eslovenia),2026-06-25,Clay,Regular,derrotas,Mala,derrotas,,,player1,True,False,False
1.7373737373737375,0,14.0,0.01,0.0,0.0,1,172.0,1500,0.0,99,1401,152.0,0.0,0.0,30.0,1.09,74.0,0.0,98.0,7.727614963463263,152.0,0.0,136.0,38.63807481731631,12.272385036536742,Nik Miković,Maximilian Figl,M15 Slovenska Bistrica (Eslovenia),2026-06-25,Clay,,,Mala,derrotas,,,player1,True,False,False
1.046242774566474,1,12.0,0.0,0.0,0.0,3,181.0,1499,0.0,33,1466,136.0,0.0,1.13,29.4,1.24,9.0,0.0,172.0,7.0,136.0,6.2753,135.0,36.8,12.0,Melvin Kumar,Mak Mikovic,M15 Slovenska Bistrica (Eslovenia),2026-06-25,Clay,Mala,derrotas,Mala,derrotas,,,player2,True,False,False
0.1366120218579235,0,16.0,0.01,0.0,0.0,0,25.0,1422,0.0,8,1414,134.0,0.0,0.0,20.0,0.98,-157.0,0.0,182.0,0.0,134.0,0.0,215.0,0.0,5.0,Benedikt Szerencsits,Nicolas Parizzia,M15 Slovenska Bistrica (Eslovenia),2026-06-25,Clay,Mala,derrotas,Mala,derrotas,,,player2,True,False,False
0.34065934065934067,1,12.0,0.0,0.02,0.0,0,62.0,1520,0.0,113,1407,135.0,0.0,1.3,25.0,1.03,-119.0,0.0,181.0,7.0,135.0,0.0,169.0,35.0,13.0,Denis Petak,Oskar Jansson,M15 Slovenska Bistrica (Eslovenia),2026-06-25,Clay,Mala,derrotas,Mala,derrotas,,,player1,True,False,False
0.4682080924855491,1,4.0,0.0,0.02,0.0,1,81.0,1640,0.0,209,1431,136.0,0.0,1.35,0.0,0.0,-91.0,0.0,172.0,12.0,136.0,0.0093,159.0,60.0,8.0,Maximilian Homberg,Marko Retelj,M15 Slovenska Bistrica (Eslovenia),2026-06-25,Clay,Buena,derrotas,Mala,derrotas,,,player1,True,False,False
0.34065934065934067,1,13.0,0.02,0.02,4.75,0,62.0,1520,0.23,29,1491,135.0,0.16,1.28,35.0,1.21,-119.0,0.0,181.0,9.0,135.0,0.0,169.0,45.0,11.0,Stepan Baum,Nikola Slavic,M15 Slovenska Bistrica (Eslovenia),2026-06-25,Clay,Regular,derrotas,Mala,derrotas,,,player2,True,False,False
1.6956521739130435,14,6.0,0.1,0.08,26.5,2,39.0,1687,0.59,-56,1743,223.0,0.24,0.83,70.0,0.8,17.0,0.24,22.0,10.0,223.0,14.1595,190.0,50.0,10.0,Carolina Alves,Martina Capurro Taborda,W50 Gdansk (Polonia),2026-06-25,Clay,Regular,victorias,Buena,derrotas,,,player2,True,False,False
1.2222222222222223,1,12.0,0.01,0.04,0.0,2,77.0,1598,0.0,155,1443,169.0,0.36,1.01,40.0,0.79,15.0,0.69,62.0,9.0,169.0,1.95,161.0,45.0,11.0,Chloe Paquet,Amy Sucha,W50 Gdansk (Polonia),2026-06-25,Clay,Regular,derrotas,Regular,derrotas,,,player1,True,False,False
2.081081081081081,10,8.0,0.02,0.03,25.85,1,154.0,1546,0.61,-99,1645,163.0,0.25,1.2,60.0,1.16,81.0,0.19,73.0,7.0,163.0,0.0,139.0,35.0,13.0,Daria Kuczer,Elena Malygina,W50 Gdansk (Polonia),2026-06-25,Clay,Mala,derrotas,Buena,derrotas,,,player1,True,False,False
0.4,11,9.0,0.04,0.01,10.8,1,62.0,1583,0.43,-84,1667,139.0,0.22,0.86,55.0,0.88,-92.0,0.15,154.0,10.0,139.0,7.7473,169.0,50.0,10.0,Ivana Sebestova,Weronika Falkowska,W50 Gdansk (Polonia),2026-06-25,Clay,Regular,derrotas,Regular,derrotas,,,player2,True,False,False
2.2063492063492065,6,10.0,0.04,0.08,9.950000000000001,1,139.0,1700,0.34,44,1656,169.0,0.24,0.89,50.0,0.98,77.0,0.2,62.0,13.0,169.0,11.278,142.0,65.0,7.0,Britt Du Pree,Julie Pastikova,W50 Gdansk (Polonia),2026-06-25,Clay,Buena,derrotas,Regular,derrotas,,,player1,True,False,False
1.9285714285714286,1,15.0,0.03,0.14,0.0,2,81.0,1786,0.0,278,1508,187.0,0.27,1.22,25.0,0.71,40.0,0.23,41.0,15.0,187.0,0.0,159.0,75.0,5.0,Joelle Lilly Sophie Steur,Lia Karatancheva,W50 Gdansk (Polonia),2026-06-25,Clay,Excelente,victorias,Mala,derrotas,,,player1,True,False,False
0.7857142857142857,7,7.0,0.05,0.03,18.625,2,154.0,1551,0.47,-152,1703,133.0,0.55,0.82,65.0,1.11,-41.0,0.4,195.0,8.0,133.0,0.0,139.0,40.0,12.0,Marcelina Podlinska,Anastasiia Sobolieva,W50 Gdansk (Polonia),2026-06-25,Clay,Regular,derrotas,Buena,derrotas,,,player2,True,False,False
1.0129032258064516,4,10.0,0.02,0.03,3.0,3,157.0,1483,0.24,-137,1620,139.0,0.26,1.0,50.0,1.36,3.0,0.24,154.0,5.0,139.0,7.1467,138.0,25.0,15.0,Miriam Bianca Bulgaru,Weronika Ewald,W50 Gdansk (Polonia),2026-06-25,Clay,Mala,derrotas,Regular,derrotas,,,player2,True,False,False
1.6333333333333333,8,13.0,0.04,0.05,13.85,2,98.0,1674,0.46,92,1582,171.0,0.47,0.7,35.0,0.63,39.0,0.18,59.0,14.0,171.0,11.2701,152.0,70.0,6.0,Sofia Rocchetti,Lea Boskovic,W35 Tarvisio (Italia),2026-06-25,Clay,Buena,derrotas,Mala,derrotas,,,player1,True,False,False
4.526315789473684,8,15.0,0.0,0.0,6.5,0,172.0,1305,0.28,-89,1394,192.0,0.0,0.81,25.0,1.05,135.0,0.09,37.0,2.0,192.0,3.25,136.0,10.0,18.0,Matic Dimic,Drazen Petrovic,M25 Zagreb (Croacia),2026-06-25,Clay,Mala,derrotas,Mala,derrotas,,,player1,True,False,False
0.4166666666666667,5,11.0,0.01,0.04,2.375,2,25.0,1651,0.17,131,1520,171.0,0.18,1.34,45.0,1.13,-34.0,0.17,59.0,10.0,171.0,10.1469,215.0,50.0,10.0,Sebastian Sorger,Vito Tonejc,M25 Zagreb (Croacia),2026-06-25,Clay,Regular,derrotas,Regular,derrotas,,,player1,True,False,False
4.875,0,12.0,0.0,0.01,0.0,0,195.0,1525,0.0,25,1500,190.0,0.0,1.25,40.0,0.0,156.0,0.0,39.0,7.0,190.0,0.0,133.0,38.9,11.0,Glib Sekachov,Eduardo Lage,M25 Zagreb (Croacia),2026-06-25,Clay,Mala,derrotas,,,,,player1,True,False,False
0.9833333333333333,3,7.0,0.03,0.0,16.900000000000002,3,59.0,1377,0.38,-285,1662,171.0,0.09,0.66,65.0,1.19,0.0,0.18,59.0,4.0,171.0,3.25,171.0,20.0,16.0,Bozo Barun,Noa Vukadin,M25 Zagreb (Croacia),2026-06-25,Clay,Mala,derrotas,Buena,derrotas,,,player1,True,False,False
0.5210084033613446,0,9.0,0.03,0.0,0.0,1,62.0,1478,0.0,-151,1629,146.0,0.23,1.21,55.0,1.35,-56.0,0.0,118.0,2.0,146.0,0.0,169.0,33.3,4.0,Jan Facek,Kalin Ivanovski,M25 Zagreb (Croacia),2026-06-25,Clay,Mala,derrotas,Regular,derrotas,,,player2,True,False,False
0.4567901234567901,1,12.0,0.0,0.0,0.0,2,37.0,1417,0.0,-159,1576,159.0,0.21,1.08,40.0,1.25,-43.0,0.0,80.0,4.0,159.0,0.0,192.0,22.2,14.0,Ivan Biletic,Saba Purtseladze,M25 Zagreb (Croacia),2026-06-25,Clay,Mala,derrotas,Regular,derrotas,,,player2,True,False,False
0.98989898989899,3,14.0,0.01,0.01,10.725000000000001,3,98.0,1421,0.32,-12,1433,152.0,0.0,1.01,30.0,1.22,0.0,0.17,98.0,5.0,152.0,6.5725999999999996,152.0,25.0,15.0,Silvio Mencaglia,Antonio Caruso,M15 Bergamo (Italia),2026-06-25,Clay,Mala,derrotas,Mala,derrotas,,,player2,True,False,False
0.98989898989899,8,8.0,0.02,0.02,15.55,3,98.0,1654,0.48,35,1619,152.0,0.15,1.26,60.0,1.24,0.0,0.0,98.0,13.0,152.0,10.7692,152.0,65.0,7.0,Stefano D'Agostino,Federico Iannaccone,M15 Bergamo (Italia),2026-06-25,Clay,Buena,derrotas,Buena,derrotas,,,player2,True,False,False
1.8383838383838385,2,8.0,0.02,0.01,1.5,1,182.0,1525,0.12,-98,1623,152.0,0.09,1.27,60.0,1.35,84.0,0.0,98.0,9.0,152.0,0.0,134.0,45.0,11.0,Flynn Thomas,Giorgio Tabacco,M15 Bergamo (Italia),2026-06-25,Clay,Regular,derrotas,Buena,derrotas,,,player2,True,False,False
0.98989898989899,0,11.0,0.01,0.02,0.0,3,98.0,1538,0.0,-23,1561,152.0,0.09,1.27,45.0,1.29,0.0,0.0,98.0,5.0,152.0,0.0,152.0,41.7,7.0,Lorenzo Berto,Manuel Plunger,M15 Bergamo (Italia),2026-06-25,Clay,Regular,derrotas,Regular,derrotas,,,player2,True,False,False
0.8181818181818182,7,10.0,0.08,0.13,17.495,2,81.0,1739,0.4,38,1701,152.0,0.57,0.79,50.0,0.62,-17.0,0.41,98.0,14.0,152.0,4.55,159.0,70.0,6.0,Niels McDonald,Francesco Passaro,Targu Mures (Rumanía),2026-06-25,Clay,Buena,victorias,Regular,victorias,,,player1,True,False,False
0.4350282485875706,0,2.0,0.22,0.03,0.0,1,77.0,1571,0.0,-265,1836,135.0,0.24,0.62,90.0,0.92,-99.0,0.52,176.0,7.0,135.0,0.0,161.0,35.0,13.0,Sascha Gueymard Wayenburg,Max Alcala Gurri,Targu Mures (Rumanía),2026-06-25,Clay,Mala,victorias,Excelente,victorias,,,player2,True,False,False
1.2857142857142858,10,7.0,0.05,0.04,6.25,2,81.0,1598,0.26,-77,1675,169.0,0.2,1.16,65.0,1.29,19.0,0.25,62.0,7.0,169.0,3.9734,159.0,35.0,13.0,Marko Topo,Martin Krumich,Targu Mures (Rumanía),2026-06-25,Clay,Mala,victorias,Buena,victorias,,,player2,True,False,False
0.5959595959595959,9,8.0,0.03,0.03,13.85,2,59.0,1618,0.4,-7,1625,152.0,0.17,1.23,60.0,1.27,-39.0,0.21,98.0,10.0,152.0,13.2179,171.0,50.0,10.0,Duje Ajdukovic,Franco Agamenone,Targu Mures (Rumanía),2026-06-25,Clay,Regular,victorias,Buena,victorias,,,player1,True,False,False
1.1808510638297873,13,12.0,0.04,0.02,2.8,2,111.0,1544,0.19,-49,1593,154.0,0.26,1.01,40.0,1.22,18.0,0.23,93.0,8.0,154.0,25.5173,148.0,40.0,12.0,Benjamin Hassan,Sumit Nagal,Targu Mures (Rumanía),2026-06-25,Clay,Regular,derrotas,Regular,victorias,,,player2,True,False,False
0.8076923076923077,0,10.953813819302006,0.0,0.04,0.0,2,63.0,1693,0.0,193,1500,161.0,0.0,1.43,29.30541308663289,0.0,-14.0,0.27,77.0,10.0,161.0,0.0,168.0,50.0,10.0,Elmer Moller,Felix Balshaw,Targu Mures (Rumanía),2026-06-25,Clay,Regular,victorias,,,,,player1,True,False,False
0.8076923076923077,0,10.953813819302006,0.0,0.04,0.0,2,63.0,1693,0.0,193,1500,161.0,0.0,1.43,29.30541308663289,0.0,-14.0,0.27,77.0,10.0,161.0,0.0,168.0,50.0,10.0,Elmer Moller,Felix Balshaw,Targu Mures (Rumanía),2026-06-25,Clay,Regular,victorias,,,,,player1,True,False,False
0.8076923076923077,0,10.953813819302006,0.0,0.04,0.0,2,63.0,1693,0.0,193,1500,161.0,0.0,1.43,29.30541308663289,0.0,-14.0,0.27,77.0,10.0,161.0,0.0,168.0,50.0,10.0,Elmer Moller,Felix Balshaw,Targu Mures (Rumanía),2026-06-25,Clay,Regular,victorias,,,,,player2,True,False,False
0.975609756097561,0,10.0,0.04,0.0,0.0,3,80.0,1461,0.0,-124,1585,159.0,0.18,0.0,50.0,1.32,-1.0,0.09,81.0,0.0,159.0,0.0,159.0,0.0,2.0,Tinatini Mtvarelishvili,Karla Bartel,W15 Monastir 19 (Túnez),2026-06-25,Hard,Mala,derrotas,Regular,derrotas,,,player2,False,False,True
21.060303520594772,2,13.0,0.01,0.01,0.0,0,189.5427316853529,1507,0.0,6,1501,319.0,0.15,1.15,35.0,1.27,181.54273168535292,0.14,8.0,9.0,319.0,7.7845,133.16191870162746,45.0,11.0,Talia Neilson Gatenby,Maria Andrienko,W15 Monastir 19 (Túnez),2026-06-25,Hard,Regular,derrotas,Mala,derrotas,,,player2,False,False,True
0.2558139534883721,1,13.0,0.0,0.02,0.0,0,77.0,1543,0.0,155,1388,123.0,0.0,1.33,13.3,0.86,-223.0,0.21,300.0,8.0,123.0,6.5251,161.0,40.0,12.0,Alyssa Reguer,Sarah Victoria Majesty Nita,W15 Monastir 19 (Túnez),2026-06-25,Hard,Regular,derrotas,Mala,derrotas,,,player1,False,False,True
2.402439024390244,1,14.0,0.01,0.01,0.0,0,197.0,1455,0.0,-22,1477,159.0,0.09,1.16,30.0,1.16,116.0,0.12,81.0,6.0,159.0,0.0,132.0,30.0,14.0,Lois Newberry,Anja Wildgruber,W15 Monastir 19 (Túnez),2026-06-25,Hard,Mala,derrotas,Mala,derrotas,,,player2,False,False,True
0.96875,0,10.0,0.01,0.0,0.0,3,62.0,1445,0.0,-119,1564,168.0,0.14,1.09,50.0,1.32,-1.0,0.13,63.0,2.0,168.0,0.0,169.0,22.2,7.0,Lenka Munzarova,Elena Jamshidi,W15 Monastir 19 (Túnez),2026-06-25,Hard,Mala,derrotas,Regular,derrotas,,,player1,False,False,True
0.6576576576576577,0,8.0,0.01,0.0,0.0,2,73.0,1394,0.0,-85,1479,149.0,0.15,0.99,33.3,1.2,-37.0,0.12,110.0,2.0,149.0,0.0,163.0,15.4,11.0,Carol Plakk,Daniela Darta Feldmane,W15 Monastir 19 (Túnez),2026-06-25,Hard,Mala,derrotas,Mala,derrotas,,,player2,False,False,True
1.0869565217391304,1,16.0,0.01,0.0,0.0,3,25.0,1451,0.0,43,1408,223.0,0.2,0.0,20.0,1.05,3.0,0.0,22.0,0.0,223.0,0.0,215.0,0.0,3.0,Livia Keller,Lourdes Ayala,W15 Monastir 19 (Túnez),2026-06-25,Hard,Mala,derrotas,Mala,derrotas,,,player2,False,False,True
0.5130890052356021,0,2.0,0.0,0.01,0.0,1,98.0,1418,0.0,-80,1498,133.0,0.13,1.08,33.3,1.29,-92.0,0.18,190.0,6.0,133.0,0.0,152.0,30.0,14.0,Francesca Dell'Edera,Sarra Attig,W15 Monastir 19 (Túnez),2026-06-25,Hard,Mala,derrotas,Mala,derrotas,,,player1,False,False,True
0.0851063829787234,4,12.0,0.01,0.01,4.2250000000000005,1,8.0,1561,0.09,69,1492,154.0,0.09,1.27,40.0,1.21,-85.0,0.19,93.0,10.0,154.0,1.2999999999999998,319.0,50.0,10.0,Arina Arifullina,Tanisha Kashyap,W15 Monastir 19 (Túnez),2026-06-25,Hard,Regular,derrotas,Regular,derrotas,,,player1,False,False,True
0.9935483870967742,0,10.17344621625374,0.0,0.0,0.0,3,154.0,1471,0.0,-29,1500,139.0,0.0,1.14,33.3579862409227,0.0,0.0,0.0,154.0,4.0,139.0,0.0,139.0,26.7,11.0,Adam Majchrzak,Jakub Januchowski,M15 Rzeszow (Polonia),2026-06-25,Clay,Mala,derrotas,,,,,player1,True,False,False
1.2580645161290323,1,1.0,0.0,0.08,0.0,2,195.0,1662,0.0,179,1483,139.0,0.0,1.38,0.0,0.0,41.0,0.12,154.0,13.0,139.0,6.5226,133.0,65.0,7.0,Vladyslav Orlov,Mateusz Miton,M15 Rzeszow (Polonia),2026-06-25,Clay,Buena,derrotas,Mala,derrotas,,,player1,True,False,False
0.8953488372093024,2,18.0,0.0,0.01,1.5,2,154.0,1413,0.12,53,1360,136.0,0.12,1.2,10.0,0.86,-17.0,0.0,171.0,7.0,136.0,0.0,139.0,35.0,13.0,Oskar Grzegorzewski,Tomas Lanik,M15 Rzeszow (Polonia),2026-06-25,Clay,Mala,derrotas,Mala,derrotas,,,player2,True,False,False
1.3243243243243243,0,9.0,0.01,0.0,0.0,2,98.0,1354,0.0,-241,1595,163.0,0.0,1.04,55.0,1.51,25.0,0.0,73.0,5.0,163.0,0.0,152.0,25.0,15.0,Lorenzo Ferri,Markus Molder,M15 Rzeszow (Polonia),2026-06-25,Clay,Mala,derrotas,Regular,derrotas,,,player2,True,False,False
0.8051948051948052,0,14.0,0.0,0.01,0.0,2,62.0,1521,0.0,33,1488,161.0,0.09,1.35,30.0,1.09,-14.0,0.09,76.0,8.0,161.0,0.0,169.0,40.0,12.0,Jonas Kucera,Oskari Paldanius,M15 Rzeszow (Polonia),2026-06-25,Clay,Regular,derrotas,Mala,derrotas,,,player2,True,False,False
0.896774193548387,0,9.0,0.0,0.0,0.0,2,139.0,1397,0.0,-15,1412,139.0,0.0,1.03,18.2,1.04,-15.0,0.12,154.0,3.0,139.0,0.0,142.0,17.6,14.0,Jim Hendrikx,Jan Wygona,M15 Rzeszow (Polonia),2026-06-25,Clay,Mala,derrotas,Mala,derrotas,,,player1,True,False,False
1.9594594594594594,5,11.0,0.01,0.0,10.75,1,145.0,1409,0.4,-101,1510,163.0,0.15,1.21,45.0,1.14,72.0,0.0,73.0,6.0,163.0,0.0,140.0,30.0,14.0,Leyton Rivera,Kristjan Tamm,M15 Rzeszow (Polonia),2026-06-25,Clay,Mala,derrotas,Regular,derrotas,,,player1,True,False,False
1.2857142857142858,1,15.0,0.01,0.0,0.0,2,81.0,1544,0.0,101,1443,169.0,0.0,1.31,25.0,1.12,19.0,0.18,62.0,10.0,169.0,0.0,159.0,50.0,10.0,Stefan Seifert,Patrik Homola,M15 Rzeszow (Polonia),2026-06-25,Clay,Regular,derrotas,Mala,derrotas,,,player1,True,False,False
1.9898989898989898,0,11.0,0.01,0.0,0.0,1,197.0,1375,0.0,-173,1548,152.0,0.0,1.04,45.0,1.38,99.0,0.0,98.0,5.0,152.0,0.0,132.0,25.0,15.0,Benjamin Gusic Wan,Andrea Colombo,M15 Monastir 24 (Túnez),2026-06-25,Hard,Mala,derrotas,Regular,derrotas,,,player2,False,False,True
0.9595959595959596,0,13.0,0.01,0.0,0.0,3,190.0,1344,0.0,-121,1465,132.0,0.0,0.0,35.0,1.21,-7.0,0.0,197.0,0.0,132.0,0.0,133.0,0.0,12.0,Ibrahim Snoussi,Ali Habib,M15 Monastir 24 (Túnez),2026-06-25,Hard,Mala,derrotas,Mala,derrotas,,,player2,False,False,True
0.945273631840796,1,15.0,0.01,0.02,6.5,3,190.0,1627,0.1,208,1419,132.0,0.0,1.46,25.0,1.03,-10.0,0.19,200.0,12.0,132.0,0.0,133.0,60.0,8.0,Alaa Trifi,Jackson Ross,M15 Monastir 24 (Túnez),2026-06-25,Hard,Buena,derrotas,Mala,derrotas,,,player1,False,False,True
1.4230769230769231,1,14.0,0.01,0.0,8.450000000000001,2,111.0,1471,0.11,35,1436,161.0,0.13,1.19,30.0,1.07,34.0,0.0,77.0,1.0,161.0,0.0,148.0,25.0,3.0,Louay Makke,Nicolas Robert,M15 Monastir 24 (Túnez),2026-06-25,Hard,Mala,derrotas,Mala,derrotas,,,player2,False,False,True
0.9476439790575916,2,6.0,0.1,0.02,12.675,3,181.0,1541,0.13,-189,1730,133.0,0.12,0.85,70.0,1.2,-9.0,0.0,190.0,8.0,133.0,0.0,135.0,40.0,12.0,Jonas Eriksson Ziverts,Aziz Ouakaa,M15 Monastir 24 (Túnez),2026-06-25,Hard,Regular,derrotas,Buena,victorias,,,player1,False,False,True
1.205128205128205,1,11.0,0.01,0.02,3.9,2,94.0,1528,0.08,-7,1535,161.0,0.0,1.24,45.0,1.27,17.0,0.0,77.0,8.0,161.0,0.0,154.0,40.0,12.0,Ali Yazdani,Charles Bertimon,M15 Monastir 24 (Túnez),2026-06-25,Hard,Regular,derrotas,Regular,derrotas,,,player2,False,False,True
1.0471204188481675,0,13.0,0.0,0.0,0.0,3,200.0,1422,0.0,83,1339,133.0,0.0,1.12,0.0,0.0,10.0,0.14,190.0,5.0,133.0,0.0,132.0,25.0,15.0,Logan Zapp,Rayen Hermassi,M15 Monastir 24 (Túnez),2026-06-25,Hard,Mala,derrotas,Mala,derrotas,,,player1,False,False,True
2.5641025641025643,1,11.0,0.01,0.01,0.0,0,200.0,1417,0.0,-145,1562,161.0,0.15,1.11,45.0,1.27,123.0,0.15,77.0,5.0,161.0,0.0,132.0,25.0,15.0,Alexander Frusina,Liam Branger,M15 Monastir 24 (Túnez),2026-06-25,Hard,Mala,derrotas,Regular,derrotas,,,player1,False,False,True
0.8952879581151832,3,15.0,0.0,0.04,2.375,2,171.0,1613,0.07,239,1374,133.0,0.12,1.39,25.0,1.0,-19.0,0.2,190.0,11.0,133.0,13.0233,136.0,55.0,9.0,Lukas Pokorny,Anas Bennour Dit Sahli,M15 Monastir 24 (Túnez),2026-06-25,Hard,Regular,derrotas,Mala,derrotas,,,player1,False,False,True
1.4807692307692308,1,10.0,0.01,0.01,8.450000000000001,2,77.0,1452,0.11,-79,1531,177.0,0.12,1.08,50.0,1.4,26.0,0.0,51.0,5.0,177.0,0.0,161.0,31.2,11.0,Mathys Picard,Diego Fernandez Flores,M15 Monastir 24 (Túnez),2026-06-25,Hard,Mala,derrotas,Regular,derrotas,,,player1,False,False,True
2.0202020202020203,0,15.0,0.02,0.02,0.0,0,200.0,1560,0.0,104,1456,152.0,0.09,1.25,25.0,1.12,102.0,0.14,98.0,8.0,152.0,0.0,132.0,40.0,12.0,Dominick Mosejczuk,Andrea Paolini,M15 Monastir 24 (Túnez),2026-06-25,Hard,Regular,derrotas,Mala,derrotas,,,player1,False,False,True
0.1016949152542373,2,8.0,0.03,0.01,3.25,0,18.0,1533,0.07,-138,1671,135.0,0.16,1.23,60.0,1.34,-158.0,0.16,176.0,8.0,135.0,0.0,238.0,40.0,12.0,Mohamed Nazim Makhlouf,Roger Pascual Ferra,M15 Monastir 24 (Túnez),2026-06-25,Hard,Regular,derrotas,Buena,derrotas,,,player2,False,False,True
0.3888888888888889,3,12.0,0.01,0.13,8.450000000000001,0,77.0,1693,0.13,155,1538,132.0,0.19,1.01,40.0,0.83,-120.0,0.16,197.0,10.0,132.0,13.0304,161.0,50.0,10.0,Cesar Bouchelaghem,Billy Blaydes,M15 Monastir 24 (Túnez),2026-06-25,Hard,Regular,derrotas,Regular,derrotas,,,player1,False,False,True
0.4523809523809524,4,9.0,0.04,0.04,1.5499999999999996,1,76.0,1624,0.11,-132,1756,137.0,0.17,1.29,55.0,1.31,-91.0,0.2,167.0,10.0,137.0,1.8199999999999996,161.0,50.0,10.0,Eero Vasa,Ognjen Milic,Plovdiv (Bulgaria),2026-06-25,Clay,Regular,victorias,Regular,victorias,,,player2,True,False,False
1.8333333333333333,4,6.0,0.07,0.03,8.95,2,77.0,1636,0.32,-98,1734,187.0,0.12,0.98,70.0,1.02,36.0,0.2,41.0,11.0,187.0,0.9499999999999997,161.0,55.0,9.0,Matteo Martineau,Petr Nesterov,Plovdiv (Bulgaria),2026-06-25,Clay,Regular,victorias,Buena,victorias,,,player2,True,False,False
0.4350282485875706,8,6.0,0.13,0.04,14.325,1,77.0,1617,0.4,-131,1748,135.0,0.21,0.94,70.0,0.98,-99.0,0.09,176.0,11.0,135.0,0.0,161.0,55.0,9.0,Mathys Erhard,Inaki Montes-De La Torre,Plovdiv (Bulgaria),2026-06-25,Clay,Regular,victorias,Buena,victorias,,,player2,True,False,False
1.5555555555555556,6,6.0,0.08,0.03,19.900000000000002,1,154.0,1642,0.41,-83,1725,152.0,0.13,1.35,70.0,1.35,56.0,0.17,98.0,11.0,152.0,3.0202,139.0,55.0,9.0,Tomasz Berkieta,Tommaso Compagnucci,Plovdiv (Bulgaria),2026-06-25,Clay,Regular,victorias,Buena,victorias,,,player2,True,False,False
0.5952380952380952,6,6.0,0.08,0.12,0.0,2,25.0,1766,0.0,21,1745,187.0,0.19,1.11,70.0,1.03,-16.0,0.2,41.0,14.0,187.0,8.0259,215.0,70.0,6.0,Sandro Kopp,Alexander Vasilev,Plovdiv (Bulgaria),2026-06-25,Clay,Buena,victorias,Buena,victorias,,,player1,True,False,False
0.34265734265734266,0,11.614112410919468,0.0,0.02,0.0,0,98.0,1661,0.0,161,1500,229.0,0.0,1.53,37.80044074224098,0.0,-187.0,0.09,285.0,12.0,187.0,0.0,152.0,60.0,8.0,Lorenzo Angelini,Dali Blanch,Plovdiv (Bulgaria),2026-06-25,Clay,Buena,victorias,,,,,player1,True,False,False
0.34265734265734266,0,11.614112410919468,0.0,0.02,0.0,0,98.0,1661,0.0,161,1500,229.0,0.0,1.53,37.80044074224098,0.0,-187.0,0.09,285.0,12.0,187.0,0.0,152.0,60.0,8.0,Lorenzo Angelini,Dali Blanch,Plovdiv (Bulgaria),2026-06-25,Clay,Buena,victorias,,,,,player1,True,False,False
0.34265734265734266,0,11.614112410919468,0.0,0.02,0.0,0,98.0,1661,0.0,161,1500,229.0,0.0,1.53,37.80044074224098,0.0,-187.0,0.09,285.0,12.0,187.0,0.0,152.0,60.0,8.0,Lorenzo Angelini,Dali Blanch,Plovdiv (Bulgaria),2026-06-25,Clay,Buena,victorias,,,,,player2,True,False,False
2.1,0,13.0,0.04,0.0,0.0,0,294.0,1500,0.0,-76,1576,142.0,0.18,0.0,35.0,1.24,155.0,0.0,139.0,5.592996621346798,142.0,0.0,179.0,30.9961946217058,11.982034166675755,Daniel Michalski,Jelle Sels,Plovdiv (Bulgaria),2026-06-25,Clay,,,Mala,victorias,,,player1,True,False,False
0.7857142857142857,1,5.0,0.01,0.01,4.2250000000000005,2,110.0,1425,0.21,-79,1504,142.0,0.0,0.98,37.5,1.32,-29.0,0.25,139.0,4.0,142.0,0.0,149.0,20.0,16.0,Daniela Vismane,Jade Groen,W15 Alkmaar (Países Bajos),2026-06-25,Clay,Mala,derrotas,Mala,derrotas,,,player2,True,False,False
0.55,0,12.0,0.01,0.01,0.0,1,77.0,1494,0.0,-33,1527,142.0,0.23,1.24,40.0,1.26,-62.0,0.16,139.0,3.0,142.0,0.0,161.0,37.5,5.0,Charlotte Narti,Rikke de Koning,W15 Alkmaar (Países Bajos),2026-06-25,Clay,Mala,derrotas,Regular,derrotas,,,player1,True,False,False
0.5785714285714286,0,11.0,0.01,0.0,0.0,1,81.0,1352,0.0,-182,1534,142.0,0.2,0.76,45.0,1.29,-58.0,0.18,139.0,1.0,142.0,0.0,159.0,6.7,14.0,Estella Jaeger,Merel Hoedt,W15 Alkmaar (Países Bajos),2026-06-25,Clay,Mala,derrotas,Regular,derrotas,,,player2,True,False,False
5.333333333333333,0,5.0,0.05,0.01,0.0,0,176.0,1416,0.0,-297,1713,200.0,0.13,0.8,75.0,1.09,144.0,0.0,32.0,3.0,200.0,0.0,135.0,20.0,12.0,Lucia Ros Parres,Margaux Maquet,W15 Alkmaar (Países Bajos),2026-06-25,Clay,Mala,derrotas,Excelente,derrotas,,,player2,True,False,False
0.3902439024390244,3,13.0,0.03,0.01,8.19,2,32.0,1553,0.29,41,1512,159.0,0.21,1.29,35.0,1.19,-49.0,0.18,81.0,10.0,159.0,0.0,200.0,50.0,10.0,Lisa Claeys,Fabienne Gettwart,W15 Alkmaar (Países Bajos),2026-06-25,Clay,Regular,derrotas,Mala,derrotas,,,player2,True,False,False
0.9928571428571429,0,10.0,0.0,0.0,0.0,3,139.0,1483,0.0,-98,1581,142.0,0.0,0.0,50.0,1.32,0.0,0.0,139.0,0.0,142.0,0.0,142.0,0.0,1.0,James Pikkaart,Fons Van Sambeek,M15 Alkmaar (Países Bajos),2026-06-25,Clay,Mala,derrotas,Regular,derrotas,,,player2,True,False,False
0.8192090395480226,1,15.0,0.0,0.02,0.0,2,145.0,1599,0.0,169,1430,135.0,0.0,1.35,25.0,1.11,-31.0,0.0,176.0,12.0,135.0,3.9316999999999998,140.0,60.0,8.0,Johan Oscar Lien,Manel Lazaro Juncadella,M15 Alkmaar (Países Bajos),2026-06-25,Clay,Buena,derrotas,Mala,derrotas,,,player2,True,False,False
1.6951219512195121,0,15.0,0.01,0.0,0.0,1,139.0,1483,0.0,22,1461,159.0,0.0,0.0,25.0,1.13,58.0,0.0,81.0,0.0,159.0,0.0,142.0,0.0,1.0,Sebastian Bozemoj,Julien Penzlin,M15 Alkmaar (Países Bajos),2026-06-25,Clay,Mala,derrotas,Mala,derrotas,,,player2,True,False,False
0.15714285714285714,0,14.0,0.0,0.01,0.0,0,22.0,1499,0.0,58,1441,142.0,0.14,1.39,30.0,1.09,-117.0,0.09,139.0,9.0,142.0,0.0,223.0,45.0,11.0,Nicolas Garcia Longo,Jesse De Jager,M15 Alkmaar (Países Bajos),2026-06-25,Clay,Regular,derrotas,Mala,derrotas,,,player2,True,False,False
0.6642857142857143,1,9.0,0.02,0.01,3.0,2,93.0,1569,0.18,-57,1626,142.0,0.0,1.29,55.0,1.34,-46.0,0.0,139.0,8.0,142.0,0.0,154.0,47.1,9.0,Pranav Karthik,Pieter de Lange,M15 Alkmaar (Países Bajos),2026-06-25,Clay,Regular,derrotas,Regular,derrotas,,,player2,True,False,False
0.8756218905472637,1,15.0,0.0,0.01,0.0,2,176.0,1575,0.0,174,1401,132.0,0.0,1.41,25.0,1.03,-24.0,0.0,200.0,10.0,132.0,0.0,135.0,50.0,10.0,Alejandro Turriziani Alvarez,Dillon Beckles,M25 Tanger (Marruecos),2026-06-25,Clay,Regular,derrotas,Mala,derrotas,,,player2,True,False,False
0.5703703703703704,1,4.0,0.04,0.0,3.0,1,77.0,1442,0.18,-378,1820,143.0,0.0,0.95,80.0,1.62,-57.0,0.15,134.0,4.0,143.0,0.0,161.0,25.0,12.0,Andrea M'Chich,Yassine Dlimi,M25 Tanger (Marruecos),2026-06-25,Clay,Mala,derrotas,Excelente,victorias,,,player2,True,False,False
10.88888888888889,4,10.0,0.02,0.01,6.5,1,98.0,1518,0.28,-113,1631,319.0,0.13,1.08,50.0,1.36,90.0,0.0,8.0,7.0,319.0,11.7057,152.0,35.0,13.0,Lorenzo Rottoli,Denis Klok,M25 Tanger (Marruecos),2026-06-25,Clay,Mala,derrotas,Regular,derrotas,,,player1,True,False,False
1.3535353535353536,2,13.0,0.01,0.04,1.95,2,134.0,1610,0.14,153,1457,152.0,0.09,1.27,35.0,1.2,36.0,0.18,98.0,9.0,152.0,0.0,143.0,45.0,11.0,Reda Bennani,Francesco Ferrari,M25 Tanger (Marruecos),2026-06-25,Clay,Regular,derrotas,Mala,derrotas,,,player1,True,False,False
1.1666666666666667,7,8.0,0.18,0.07,7.1,2,91.0,1690,0.29,-113,1803,161.0,0.17,0.96,60.0,1.12,14.0,0.0,77.0,13.0,161.0,5.7231,155.0,65.0,7.0,Attila Boros,Sean Cuenin,M25 Tanger (Marruecos),2026-06-25,Clay,Buena,derrotas,Buena,victorias,,,player2,True,False,False
1.0151515151515151,0,6.0,0.0,0.0,0.0,3,134.0,1437,0.0,3,1434,143.0,0.0,1.04,14.3,1.04,3.0,0.09,131.0,5.0,143.0,0.0,143.0,25.0,15.0,Amine Jamji,Lenny Petit,M25 Tanger (Marruecos),2026-06-25,Clay,Mala,derrotas,Mala,derrotas,,,player1,True,False,False
0.05063291139240506,35,9.0,0.08,0.06,56.097,0,8.0,1922,0.37,39,1883,138.0,0.27,1.12,55.0,1.36,-149.0,0.27,157.0,11.0,138.0,73.7761,319.0,55.0,9.0,Anna Kalinskaya,Elena-Gabriela Ruse,Bad Homburg (Alemania),2026-06-25,Grass,Regular,victorias,Regular,victorias,,,player2,False,True,False
0.8125,42,11.0,0.05,0.04,128.1225,2,52.0,1944,0.45,191,1753,168.0,0.27,1.28,45.0,1.08,-11.0,0.27,63.0,10.0,168.0,124.7802,176.0,50.0,10.0,Qinwen Zheng,Clara Tauson,Bad Homburg (Alemania),2026-06-25,Grass,Regular,victorias,Regular,victorias,,,player2,False,True,False
1.092896174863388,1,4.0,0.1,0.03,8.450000000000001,2,200.0,1530,0.11,-267,1797,134.0,0.0,0.83,80.0,1.21,18.0,0.12,182.0,10.0,134.0,0.0,132.0,50.0,10.0,Dominique Rolland,Patrick Schoen,M25 Porto (Portugal),2026-06-25,Hard,Regular,derrotas,Excelente,derrotas,,,player2,False,False,True
0.8888888888888888,4,8.0,0.05,0.02,0.0,2,176.0,1629,0.0,-84,1713,132.0,0.09,1.3,60.0,1.3,-21.0,0.0,197.0,12.0,132.0,11.897,135.0,60.0,8.0,Albert Pedrico Kravtsov,Lui Maxted,M25 Porto (Portugal),2026-06-25,Hard,Buena,derrotas,Buena,derrotas,,,player2,False,False,True
0.327683615819209,5,7.0,0.04,0.04,8.450000000000001,0,58.0,1666,0.14,-7,1673,135.0,0.0,1.29,65.0,1.31,-118.0,0.14,176.0,12.0,135.0,14.5201,172.0,60.0,8.0,Eliakim Coulibaly,John Echeverria,M25 Porto (Portugal),2026-06-25,Hard,Buena,derrotas,Buena,derrotas,,,player1,False,False,True
0.7711442786069652,4,7.0,0.02,0.04,0.0,2,155.0,1696,0.0,35,1661,132.0,0.09,1.21,65.0,1.41,-45.0,0.09,200.0,13.0,132.0,11.2659,139.0,65.0,7.0,Joao Domingues,Maxwell Mckennon,M25 Porto (Portugal),2026-06-25,Hard,Buena,derrotas,Buena,derrotas,,,player1,False,False,True
1.648936170212766,4,10.0,0.02,0.01,3.9499999999999997,1,155.0,1526,0.09,-70,1596,154.0,0.16,1.29,50.0,1.16,62.0,0.15,93.0,8.0,154.0,6.5227,139.0,40.0,12.0,Francisco Rocha,Karan Singh,M25 Porto (Portugal),2026-06-25,Hard,Regular,derrotas,Regular,derrotas,,,player1,False,False,True
1.5656565656565657,1,11.0,0.06,0.01,4.75,1,155.0,1481,0.1,-189,1670,152.0,0.21,1.16,45.0,1.27,57.0,0.14,98.0,6.0,152.0,0.0,139.0,30.0,14.0,Joao Dinis Silva,Fabrizio Andaloro,M25 Porto (Portugal),2026-06-25,Hard,Mala,derrotas,Regular,derrotas,,,player2,False,False,True
0.9935897435897436,1,12.0,0.01,0.01,8.450000000000001,3,155.0,1484,0.11,2,1482,139.0,0.15,1.15,40.0,1.33,0.0,0.14,155.0,4.0,139.0,0.0,139.0,40.0,6.0,Francisco Faria,Rodrigo Fernandes,M25 Porto (Portugal),2026-06-25,Hard,Regular,derrotas,Regular,derrotas,,,player2,False,False,True
7.88,25,8.0,0.06,0.06,26.22,0,197.0,1628,0.22,1,1627,217.0,0.27,1.23,60.0,1.33,173.0,0.27,24.0,8.0,217.0,43.1747,132.0,40.0,12.0,Daniel Evans,Tristan Schoolkate,Wimbledon (Reino Unido) - Fase previa,2026-06-25,Grass,Regular,victorias,Buena,victorias,,,player2,False,True,False
0.4595959595959596,30,13.0,0.07,0.04,31.5,0,91.0,1726,0.27,137,1589,132.0,0.27,1.35,35.0,1.2,-106.0,0.27,197.0,13.0,132.0,44.85979999999999,155.0,65.0,7.0,Zsombor Piros,Billy Harris,Wimbledon (Reino Unido) - Fase previa,2026-06-25,Grass,Buena,victorias,Mala,victorias,,,player2,False,True,False
7.0,16,7.0,0.03,0.11,17.1,0,182.0,1728,0.13,-10,1738,215.0,0.27,1.48,65.0,1.45,157.0,0.27,25.0,12.0,215.0,0.0019,134.0,60.0,8.0,Remy Bertola,Jurij Rodionov,Wimbledon (Reino Unido) - Fase previa,2026-06-25,Grass,Buena,victorias,Buena,victorias,,,player1,False,True,False
1.325,17,4.0,0.0,0.02,12.6,2,53.0,1667,0.15,-134,1801,190.0,0.27,1.27,80.0,1.6,14.0,0.26,39.0,12.0,190.0,18.8712,175.0,60.0,8.0,Nicolas Mejia,Gustavo Heide,Wimbledon (Reino Unido) - Fase previa,2026-06-25,Grass,Buena,victorias,Excelente,victorias,,,player1,False,True,False
0.2619047619047619,10,6.0,0.01,0.0,3.0,1,22.0,1588,0.03,-147,1735,158.0,0.24,1.45,70.0,1.62,-61.0,0.27,83.0,9.0,158.0,6.9158,223.0,45.0,11.0,Federico Coria,Stefanos Sakellaridis,Wimbledon (Reino Unido) - Fase previa,2026-06-25,Grass,Regular,victorias,Buena,victorias,,,player2,False,True,False
0.23737373737373738,6,10.0,0.05,0.03,12.425,0,47.0,1673,0.03,-61,1734,132.0,0.27,1.55,50.0,1.52,-150.0,0.27,197.0,11.0,132.0,9.0699,181.0,55.0,9.0,Alexis Galarneau,Oliver Tarvet,Wimbledon (Reino Unido) - Fase previa,2026-06-25,Grass,Regular,victorias,Regular,victorias,,,player2,False,True,False
0.31683168316831684,18,13.0,0.04,0.02,31.75,1,32.0,1838,0.2,291,1547,152.0,0.27,1.45,35.0,1.25,-68.0,0.21,100.0,16.0,152.0,26.613400000000002,200.0,80.0,4.0,Gauthier Onclin,Shintaro Mochizuki,Wimbledon (Reino Unido) - Fase previa,2026-06-25,Grass,Excelente,victorias,Mala,victorias,,,player2,False,True,False
2.402439024390244,2,9.0,0.01,0.02,0.9499999999999997,0,197.0,1733,0.0,41,1692,159.0,0.24,1.52,55.0,1.72,116.0,0.18,81.0,13.0,159.0,0.0,132.0,65.0,7.0,Max Basing,Tom Gentzsch,Wimbledon (Reino Unido) - Fase previa,2026-06-25,Grass,Buena,victorias,Regular,victorias,,,player1,False,True,False
1.849056603773585,7,10.0,0.03,0.02,10.5,2,98.0,1676,0.06,55,1621,176.0,0.26,1.36,50.0,1.58,46.0,0.27,52.0,10.0,176.0,6.9192,152.0,50.0,10.0,Stefano Travaglia,Yi Zhou,Wimbledon (Reino Unido) - Fase previa,2026-06-25,Grass,Regular,victorias,Regular,victorias,,,player2,False,True,False
0.6666666666666666,9,7.0,0.01,0.11,5.1,2,52.0,1833,0.04,122,1711,161.0,0.27,1.37,65.0,1.11,-25.0,0.27,77.0,17.0,161.0,8.373199999999999,176.0,85.0,3.0,Yunchaokete Bu,Clement Tabur,Wimbledon (Reino Unido) - Fase previa,2026-06-25,Grass,Excelente,victorias,Buena,victorias,,,player2,False,True,False
0.7777777777777778,17,9.0,0.02,0.03,4.75,2,77.0,1681,0.09,-31,1712,152.0,0.26,1.21,55.0,1.51,-21.0,0.27,98.0,9.0,152.0,14.1152,161.0,45.0,11.0,Hugo Gaston,Federico Cina,Wimbledon (Reino Unido) - Fase previa,2026-06-25,Grass,Regular,victorias,Regular,victorias,,,player1,False,True,False
0.2935323383084577,12,10.0,0.05,0.01,18.75,0,59.0,1799,0.1,125,1674,132.0,0.26,1.61,50.0,1.43,-141.0,0.27,200.0,16.0,132.0,6.2576,171.0,80.0,4.0,Borna Gojo,Colton Smith,Wimbledon (Reino Unido) - Fase previa,2026-06-25,Grass,Excelente,victorias,Regular,victorias,,,player2,False,True,False
3.7884615384615383,17,10.0,0.04,0.04,20.3,0,197.0,1686,0.17,21,1665,177.0,0.27,1.25,50.0,1.33,146.0,0.23,51.0,11.0,177.0,27.474700000000002,132.0,55.0,9.0,Paul Jubb,Marcelo Tomas Barrios Vera,Wimbledon (Reino Unido) - Fase previa,2026-06-25,Grass,Regular,victorias,Regular,victorias,,,player2,False,True,False
0.96,22,10.0,0.08,0.03,46.0,3,24.0,1603,0.28,-103,1706,217.0,0.27,0.86,50.0,1.13,0.0,0.26,24.0,9.0,217.0,37.866299999999995,217.0,45.0,11.0,Bernard Tomic,Christopher O'Connell,Wimbledon (Reino Unido) - Fase previa,2026-06-25,Grass,Regular,victorias,Regular,victorias,,,player2,False,True,False
2.84375,11,8.0,0.05,0.04,12.25,0,182.0,1686,0.09,30,1656,168.0,0.26,1.4,60.0,1.47,119.0,0.27,63.0,9.0,168.0,6.331599999999999,134.0,45.0,11.0,Jerome Kym,August Holmgren,Wimbledon (Reino Unido) - Fase previa,2026-06-25,Grass,Regular,victorias,Buena,victorias,,,player1,False,True,False
1.1299435028248588,30,9.0,0.01,0.04,36.825,2,200.0,1610,0.24,-86,1696,135.0,0.27,1.17,55.0,1.31,24.0,0.27,176.0,8.0,135.0,59.7635,132.0,40.0,12.0,Mackenzie McDonald,Roberto Carballes Baena,Wimbledon (Reino Unido) - Fase previa,2026-06-25,Grass,Regular,victorias,Regular,victorias,,,player1,False,True,False
0.24242424242424243,14,9.0,0.02,0.05,19.905,2,8.0,1793,0.14,123,1670,200.0,0.26,1.48,55.0,1.4,-24.0,0.27,32.0,15.0,200.0,20.6448,319.0,75.0,5.0,Roman Safiullin,Kimmer Coppejans,Wimbledon (Reino Unido) - Fase previa,2026-06-25,Grass,Excelente,victorias,Regular,victorias,,,player1,False,True,False
0.8308457711442786,7,9.0,0.04,0.02,12.75,2,167.0,1756,0.07,1,1755,132.0,0.27,1.68,55.0,1.39,-33.0,0.27,200.0,14.0,132.0,3.0183,137.0,70.0,6.0,Laslo Djere,Michael Zheng,Wimbledon (Reino Unido) - Fase previa,2026-06-25,Grass,Buena,victorias,Regular,victorias,,,player2,False,True,False
8.565217391304348,6,7.0,0.02,0.03,0.0,0,197.0,1808,0.0,-41,1849,223.0,0.27,1.53,65.0,1.59,175.0,0.27,22.0,12.0,223.0,6.0665,132.0,60.0,8.0,Toby Samuel,Thiago Agustin Tirante,Eastbourne (Reino Unido),2026-06-25,Grass,Buena,derrotas,Buena,victorias,,,player1,False,True,False
8.565217391304348,0,13.764376568032686,0.0,0.02,0.0,0,197.0,1778,-0.0,278,1500,223.0,0.0,1.62,31.178117159836543,0.0,175.0,0.27,22.0,12.0,223.0,0.0,132.0,60.0,8.0,Arthur Fery,Juan Manuel Cerundolo,Eastbourne (Reino Unido),2026-06-25,Grass,Buena,victorias,,,,,player2,False,True,False
0.38308457711442784,0,9.528972908457861,0.0,0.08,0.0,0,77.0,1855,-0.0,355,1500,132.0,0.0,1.69,34.34436154937538,0.0,-123.0,0.27,200.0,10.0,132.0,0.0,161.0,50.0,10.0,Ugo Humbert,Jenson Brooksby,Eastbourne (Reino Unido),2026-06-25,Grass,Regular,victorias,,,,,player1,False,True,False
1.975609756097561,0,7.598577755750894,0.0,0.02,0.0,2,81.0,1810,-0.0,310,1500,1150.0,0.0,1.43,62.007111221245545,0.0,41.0,0.27,40.0,10.0,1150.0,0.0,159.0,50.0,10.0,Daniel Altmaier,Zizou Bergs,Eastbourne (Reino Unido),2026-06-25,Grass,Regular,victorias,,,,,player2,False,True,False
0.9253731343283582,10,7.0,0.08,0.03,7.5,2,186.0,1767,0.05,10,1757,132.0,0.27,1.43,65.0,1.66,-14.0,0.27,200.0,13.0,132.0,4.7678,134.0,65.0,7.0,Mananchaya Sawangkaew,Mary Stoiana,Wimbledon (Reino Unido) - Fase previa,2026-06-25,Grass,Buena,victorias,Buena,victorias,,,player1,False,True,False
0.573170731707317,17,7.0,0.0,0.02,19.8,2,47.0,1609,0.17,-163,1772,159.0,0.27,1.31,65.0,1.4,-34.0,0.23,81.0,9.0,159.0,17.342299999999998,181.0,45.0,11.0,Katherine Sebov,Noma Noha Akugue,Wimbledon (Reino Unido) - Fase previa,2026-06-25,Grass,Regular,victorias,Buena,victorias,,,player1,False,True,False
2.5256410256410255,5,8.0,0.05,0.0,6.6,0,197.0,1640,0.02,-84,1724,161.0,0.54,1.19,60.0,1.44,120.0,0.38,77.0,12.0,161.0,0.0,132.0,60.0,8.0,Esther Adeshina,Harmony Tan,Wimbledon (Reino Unido) - Fase previa,2026-06-25,Grass,Buena,victorias,Buena,victorias,,,player2,False,True,False
1.794871794871795,15,12.0,0.02,0.04,16.125,1,140.0,1686,0.13,76,1610,161.0,0.27,1.32,40.0,1.32,63.0,0.27,77.0,8.0,161.0,19.534499999999998,141.0,40.0,12.0,Lulu Sun,Oceane Dodin,Wimbledon (Reino Unido) - Fase previa,2026-06-25,Grass,Regular,victorias,Regular,victorias,,,player2,False,True,False
2.202020202020202,17,5.0,0.04,0.02,12.6,0,218.0,1671,0.15,-147,1818,152.0,0.27,1.23,75.0,1.59,120.0,0.27,98.0,10.0,152.0,24.398,130.0,50.0,10.0,Joanna Garland,Tyra Caterina Grant,Wimbledon (Reino Unido) - Fase previa,2026-06-25,Grass,Regular,victorias,Excelente,victorias,,,player2,False,True,False
0.24242424242424243,15,6.0,0.06,0.02,42.050000000000004,2,8.0,1676,0.18,-103,1779,200.0,0.27,1.28,70.0,1.57,-24.0,0.27,32.0,10.0,200.0,4.7595,319.0,50.0,10.0,Iryna Shymanovich,Greet Minnen,Wimbledon (Reino Unido) - Fase previa,2026-06-25,Grass,Regular,victorias,Buena,victorias,,,player1,False,True,False
0.03980099502487562,13,6.0,0.04,0.01,19.1,0,8.0,1717,0.1,-69,1786,132.0,0.27,1.5,70.0,1.57,-192.0,0.27,200.0,13.0,132.0,10.1399,319.0,65.0,7.0,Erika Andreeva,Kayla Day,Wimbledon (Reino Unido) - Fase previa,2026-06-25,Grass,Buena,victorias,Buena,victorias,,,player2,False,True,False
0.05714285714285714,17,10.0,0.03,0.05,21.55,0,8.0,1697,0.18,43,1654,142.0,0.27,1.35,50.0,1.33,-131.0,0.27,139.0,11.0,142.0,21.2616,319.0,55.0,9.0,Elena Pridankina,Suzan Lamens,Wimbledon (Reino Unido) - Fase previa,2026-06-25,Grass,Regular,victorias,Regular,victorias,,,player1,False,True,False
0.8756218905472637,12,6.0,0.07,0.02,6.649999999999999,2,176.0,1862,0.07,67,1795,132.0,0.27,1.59,70.0,1.57,-24.0,0.27,200.0,15.0,132.0,10.811499999999999,135.0,75.0,5.0,Kaitlin Quevedo,Claire Liu,Wimbledon (Reino Unido) - Fase previa,2026-06-25,Grass,Excelente,victorias,Buena,victorias,,,player2,False,True,False
0.04519774011299435,21,8.0,0.02,0.02,8.95,0,8.0,1800,0.16,76,1724,135.0,0.27,1.31,60.0,1.33,-168.0,0.27,176.0,11.0,135.0,31.718200000000003,319.0,55.0,9.0,Alina Korneeva,Andrea Lazaro Garcia,Wimbledon (Reino Unido) - Fase previa,2026-06-25,Grass,Regular,victorias,Buena,victorias,,,player1,False,True,False
0.10945273631840796,10,6.0,0.0,0.01,11.28,0,22.0,1772,0.06,31,1741,132.0,0.27,1.58,70.0,1.57,-178.0,0.27,200.0,15.0,132.0,3.0203,223.0,75.0,5.0,Julia Riera,Fiona Crawley,Wimbledon (Reino Unido) - Fase previa,2026-06-25,Grass,Excelente,victorias,Buena,victorias,,,player2,False,True,False
1.1717171717171717,0,13.7915172441986,0.0,0.0,0.0,2,116.0,1651,-0.0,151,1500,152.0,0.0,1.62,31.042413779007003,0.0,18.0,0.23,98.0,12.0,152.0,0.0,147.0,60.0,8.0,Justina Mikulskyte,Lucia Bronzetti,Wimbledon (Reino Unido) - Fase previa,2026-06-25,Grass,Buena,victorias,,,,,player1,False,True,False
1.1717171717171717,0,13.7915172441986,0.0,0.0,0.0,2,116.0,1651,-0.0,151,1500,152.0,0.0,1.62,31.042413779007003,0.0,18.0,0.23,98.0,12.0,152.0,0.0,147.0,60.0,8.0,Justina Mikulskyte,Lucia Bronzetti,Wimbledon (Reino Unido) - Fase previa,2026-06-25,Grass,Buena,victorias,,,,,player1,False,True,False
1.1717171717171717,0,13.7915172441986,0.0,0.0,0.0,2,116.0,1651,-0.0,151,1500,152.0,0.0,1.62,31.042413779007003,0.0,18.0,0.23,98.0,12.0,152.0,0.0,147.0,60.0,8.0,Justina Mikulskyte,Lucia Bronzetti,Wimbledon (Reino Unido) - Fase previa,2026-06-25,Grass,Buena,victorias,,,,,player2,False,True,False
1.3025210084033614,0,1.6739099072129742,0.0,0.01,0.0,2,155.0,1692,-0.0,192,1500,146.0,0.0,1.62,2.8135738626141666,0.0,37.0,0.26,118.0,12.0,146.0,0.0,139.0,60.0,8.0,Francisca Jorge,Lina Gjorcheska,Wimbledon (Reino Unido) - Fase previa,2026-06-25,Grass,Buena,victorias,,,,,player1,False,True,False
1.3025210084033614,0,1.6739099072129742,0.0,0.01,0.0,2,155.0,1692,-0.0,192,1500,146.0,0.0,1.62,2.8135738626141666,0.0,37.0,0.26,118.0,12.0,146.0,0.0,139.0,60.0,8.0,Francisca Jorge,Lina Gjorcheska,Wimbledon (Reino Unido) - Fase previa,2026-06-25,Grass,Buena,victorias,,,,,player1,False,True,False
1.3025210084033614,0,1.6739099072129742,0.0,0.01,0.0,2,155.0,1692,-0.0,192,1500,146.0,0.0,1.62,2.8135738626141666,0.0,37.0,0.26,118.0,12.0,146.0,0.0,139.0,60.0,8.0,Francisca Jorge,Lina Gjorcheska,Wimbledon (Reino Unido) - Fase previa,2026-06-25,Grass,Buena,victorias,,,,,player2,False,True,False
1.0891089108910892,0,12.669070954015043,0.0,0.05,0.0,3,110.0,1748,-0.0,248,1500,152.0,0.0,1.64,36.654645229924775,0.0,10.0,0.27,100.0,13.0,152.0,0.0,149.0,65.0,7.0,Darja Semenistaja,Nao Hibino,Wimbledon (Reino Unido) - Fase previa,2026-06-25,Grass,Buena,victorias,,,,,player1,False,True,False
1.0891089108910892,0,12.669070954015043,0.0,0.05,0.0,3,110.0,1748,-0.0,248,1500,152.0,0.0,1.64,36.654645229924775,0.0,10.0,0.27,100.0,13.0,152.0,0.0,149.0,65.0,7.0,Darja Semenistaja,Nao Hibino,Wimbledon (Reino Unido) - Fase previa,2026-06-25,Grass,Buena,victorias,,,,,player1,False,True,False
1.0891089108910892,0,12.669070954015043,0.0,0.05,0.0,3,110.0,1748,-0.0,248,1500,152.0,0.0,1.64,36.654645229924775,0.0,10.0,0.27,100.0,13.0,152.0,0.0,149.0,65.0,7.0,Darja Semenistaja,Nao Hibino,Wimbledon (Reino Unido) - Fase previa,2026-06-25,Grass,Buena,victorias,,,,,player1,False,True,False
0.32,0,11.223355307966326,0.0,0.03,0.0,2,8.0,1675,-0.0,175,1500,217.0,0.0,1.57,43.88322346016837,0.0,-16.0,0.27,24.0,10.0,217.0,0.0,319.0,50.0,10.0,Anastasia Gasanova,Emerson Jones,Wimbledon (Reino Unido) - Fase previa,2026-06-25,Grass,Regular,victorias,,,,,player1,False,True,False
0.32,0,11.223355307966326,0.0,0.03,0.0,2,8.0,1675,-0.0,175,1500,217.0,0.0,1.57,43.88322346016837,0.0,-16.0,0.27,24.0,10.0,217.0,0.0,319.0,50.0,10.0,Anastasia Gasanova,Emerson Jones,Wimbledon (Reino Unido) - Fase previa,2026-06-25,Grass,Regular,victorias,,,,,player1,False,True,False
0.32,0,11.223355307966326,0.0,0.03,0.0,2,8.0,1675,-0.0,175,1500,217.0,0.0,1.57,43.88322346016837,0.0,-16.0,0.27,24.0,10.0,217.0,0.0,319.0,50.0,10.0,Anastasia Gasanova,Emerson Jones,Wimbledon (Reino Unido) - Fase previa,2026-06-25,Grass,Regular,victorias,,,,,player1,False,True,False
4.761904761904762,0,14.364074573066118,0.0,0.03,0.0,0,200.0,1867,-0.0,367,1500,187.0,0.0,1.81,28.1796271346694,0.0,159.0,0.27,41.0,12.0,187.0,0.0,132.0,60.0,8.0,Katie Volynets,Elizara Yaneva,Wimbledon (Reino Unido) - Fase previa,2026-06-25,Grass,Buena,victorias,,,,,player1,False,True,False
0.7920792079207921,0,14.0,0.0,0.01,0.0,2,80.0,1637,-0.0,137,1500,152.0,0.0,1.45,30.0,0.0,-20.0,0.27,100.0,10.0,152.0,0.0,159.0,50.0,10.0,Mariam Bolkvadze,Hayu Kinoshita,Wimbledon (Reino Unido) - Fase previa,2026-06-25,Grass,Regular,victorias,,,,,player1,False,True,False
0.2568306010928962,0,8.589941072922882,0.0,0.05,0.0,0,47.0,1791,-0.0,291,1500,134.0,0.0,1.67,34.16698886932987,0.0,-135.0,0.27,182.0,11.0,134.0,0.0,181.0,55.0,9.0,Bianca Andreescu,Jil Teichmann,Wimbledon (Reino Unido) - Fase previa,2026-06-25,Grass,Regular,victorias,,,,,player1,False,True,False
0.6666666666666666,0,2.2301325304114017,0.0,0.02,0.0,3,22.0,1600,-0.0,100,1500,200.0,0.0,1.51,5.535596386851308,0.0,-10.0,0.26,32.0,8.0,200.0,0.0,223.0,40.0,12.0,Maria Lourdes Carle,Jeline Vandromme,Wimbledon (Reino Unido) - Fase previa,2026-06-25,Grass,Regular,victorias,,,,,player2,False,True,False
9.0,0,9.867492949260424,0.0,0.0,0.0,1,81.0,1650,-0.0,150,1500,319.0,0.0,1.62,36.44231333737396,0.0,73.0,0.26,8.0,12.0,319.0,0.0,159.0,60.0,8.0,Caroline Werner,Alina Charaeva,Wimbledon (Reino Unido) - Fase previa,2026-06-25,Grass,Buena,victorias,,,,,player2,False,True,False
0.9950248756218906,0,11.000000000000002,0.0,0.29,0.0,3,200.0,1810,-0.0,310,1500,132.0,0.0,1.48,45.00000000000001,0.0,0.0,0.27,200.0,13.0,132.0,0.0,132.0,65.0,7.0,Robin Montgomery,Elvina Kalieva,Wimbledon (Reino Unido) - Fase previa,2026-06-25,Grass,Buena,victorias,,,,,player1,False,True,False
1.0178571428571428,0,3.6312571038836365,0.0,0.05,0.0,3,171.0,1692,-0.0,192,1500,137.0,0.0,1.6,9.568207650485949,0.0,4.0,0.27,167.0,11.0,137.0,0.0,136.0,55.0,9.0,Rebecca Sramkova,Teodora Kostovic,Wimbledon (Reino Unido) - Fase previa,2026-06-25,Grass,Regular,victorias,,,,,player2,False,True,False
1.030612244897959,0,12.433591979636997,0.0,0.0,0.0,3,202.0,1860,-0.0,360,1500,133.0,0.0,1.88,37.83204010181502,0.0,7.0,0.27,195.0,17.0,133.0,0.0,132.0,85.0,3.0,Maria Timofeeva,Veronika Podrez,Wimbledon (Reino Unido) - Fase previa,2026-06-25,Grass,Excelente,victorias,,,,,player1,False,True,False
0.04040404040404041,0,4.543591969184327,0.0,0.03,0.0,0,8.0,1777,-0.0,277,1500,132.0,0.0,1.67,30.745117744833657,0.0,-189.0,0.27,197.0,14.0,132.0,0.0,319.0,70.0,6.0,Tatiana Prozorova,Heather Watson,Wimbledon (Reino Unido) - Fase previa,2026-06-25,Grass,Buena,victorias,,,,,player2,False,True,False
1.9801980198019802,0,12.531523403632706,0.0,0.15,0.0,1,200.0,1828,-0.0,328,1500,152.0,0.0,1.35,37.34238298183646,0.0,100.0,0.27,100.0,15.0,152.0,0.0,132.0,75.0,5.0,Ashlyn Krueger,Mai Hontama,Wimbledon (Reino Unido) - Fase previa,2026-06-25,Grass,Excelente,victorias,,,,,player1,False,True,False
0.1509433962264151,0,9.0,0.0,0.18,0.0,2,8.0,1732,-0.0,232,1500,176.0,0.0,1.48,25.0,0.0,-44.0,0.27,52.0,12.0,176.0,0.0,319.0,60.0,8.0,Polina Iatcenko,Zhuoxuan Bai,Wimbledon (Reino Unido) - Fase previa,2026-06-25,Grass,Buena,victorias,,,,,player1,False,True,False
0.32,0,9.0,0.0,0.04,0.0,2,8.0,1786,-0.0,286,1500,217.0,0.0,1.6,25.000000000000004,0.0,-16.0,0.27,24.0,11.0,217.0,0.0,319.0,55.0,9.0,Aliaksandra Sasnovich,Storm Hunter,Wimbledon (Reino Unido) - Fase previa,2026-06-25,Grass,Regular,victorias,,,,,player1,False,True,False
1.0049751243781095,0,11.000000000000002,0.0,0.04,0.0,3,202.0,1833,-0.0,333,1500,132.0,0.0,1.69,45.0,0.0,2.0,0.27,200.0,15.0,132.0,0.0,132.0,75.0,5.0,Polina Kudermetova,Clervie Ngounoue,Wimbledon (Reino Unido) - Fase previa,2026-06-25,Grass,Excelente,victorias,,,,,player1,False,True,False
0.8756218905472637,42,6.0,0.16,0.08,187.29649999999998,2,176.0,1751,0.36,-244,1995,132.0,0.27,1.28,70.0,1.45,-24.0,0.27,200.0,10.0,132.0,29.8639,135.0,50.0,10.0,Jessica Bouzas Maneiro,Madison Keys,Eastbourne (Reino Unido),2026-06-25,Grass,Regular,victorias,Buena,victorias,,,player2,False,True,False
1.0204081632653061,33,7.0,0.06,0.09,83.695,3,200.0,1755,0.31,-136,1891,133.0,0.27,1.28,65.0,1.35,5.0,0.27,195.0,10.0,133.0,46.950500000000005,132.0,50.0,10.0,Mccartney Kessler,Anhelina Kalinina,Eastbourne (Reino Unido),2026-06-25,Grass,Regular,victorias,Buena,victorias,,,player1,False,True,False
1.1956521739130435,19,9.0,0.04,0.13,37.6,2,110.0,1893,0.27,130,1763,155.0,0.27,1.31,55.0,1.31,19.0,0.27,91.0,11.0,155.0,95.3108,149.0,55.0,9.0,Jelena Ostapenko,Panna Udvardy,Eastbourne (Reino Unido),2026-06-25,Grass,Regular,victorias,Regular,victorias,,,player1,False,True,False
2.48,0,14.710181252203915,0.0,0.02,0.0,2,62.0,1869,-0.0,369,1500,217.0,0.0,1.57,26.44909373898043,0.0,38.0,0.27,24.0,10.0,217.0,0.0,169.0,50.0,10.0,Tereza Valentova,Ajla Tomljanović,Eastbourne (Reino Unido),2026-06-25,Grass,Regular,victorias,,,,,player1,False,True,False
2.0202020202020203,0,11.59746075776978,0.0,0.07,0.0,0,200.0,1851,-0.0,351,1500,773.0,0.0,1.62,42.01269621115111,0.0,102.0,0.27,98.0,12.0,773.0,0.0,132.0,60.0,8.0,Caty Mcnally,Emiliana Arango,Eastbourne (Reino Unido),2026-06-25,Grass,Buena,victorias,,,,,player1,False,True,False
2.0202020202020203,0,11.59746075776978,0.0,0.07,0.0,0,200.0,1851,-0.0,351,1500,773.0,0.0,1.62,42.01269621115111,0.0,102.0,0.27,98.0,12.0,773.0,0.0,132.0,60.0,8.0,Caty Mcnally,Emiliana Arango,Eastbourne (Reino Unido),2026-06-25,Grass,Buena,victorias,,,,,player1,False,True,False
2.0202020202020203,0,11.59746075776978,0.0,0.07,0.0,0,200.0,1851,-0.0,351,1500,773.0,0.0,1.62,42.01269621115111,0.0,102.0,0.27,98.0,12.0,773.0,0.0,132.0,60.0,8.0,Caty Mcnally,Emiliana Arango,Eastbourne (Reino Unido),2026-06-25,Grass,Buena,victorias,,,,,player1,False,True,False
3.0317460317460316,0,13.782471211147213,0.0,0.09,0.0,0,191.0,1876,-0.0,376,1500,169.0,0.0,1.88,31.087643944263927,0.0,129.0,0.27,62.0,14.0,169.0,0.0,133.0,70.0,6.0,Zeynep Sonmez,Sara Bejlek,Eastbourne (Reino Unido),2026-06-25,Grass,Buena,victorias,,,,,player1,False,True,False
0.9950248756218906,13,10.0,0.06,0.04,15.0,3,200.0,1598,0.1,-219,1817,132.0,0.46,1.16,50.0,1.27,0.0,0.41,200.0,9.0,132.0,12.5184,132.0,45.0,11.0,Murphy Cassone,Ethan Quinn,Mallorca (España),2026-06-25,Grass,Regular,derrotas,Regular,victorias,,,player2,False,True,False
0.40522875816993464,22,7.0,0.03,0.02,33.504000000000005,1,62.0,1771,0.26,-107,1878,139.0,0.27,1.28,65.0,1.39,-90.0,0.27,152.0,10.0,139.0,38.772800000000004,169.0,50.0,10.0,Vit Kopriva,Ignacio Buse,Mallorca (España),2026-06-25,Grass,Regular,victorias,Buena,victorias,,,player1,False,True,False
0.975,1,10.0,0.02,0.04,0.0,3,39.0,1661,0.0,83,1578,190.0,0.73,0.9,50.0,0.9,0.0,0.25,39.0,14.0,190.0,0.0,190.0,70.0,6.0,Luis Felipe Miguel,Thiago Seyboth Wild,Piracicaba (Brasil),2026-06-25,Clay,Buena,derrotas,Regular,derrotas,,,player2,True,False,False
0.55,0,2.4503984405420116,0.0,0.02,0.0,2,22.0,1599,0.0,99,1500,190.0,0.0,1.29,6.526792982439052,0.0,-17.0,0.21,39.0,10.0,190.0,0.0,223.0,50.0,10.0,Nicolas Kicker,Bruno Fernandez,Piracicaba (Brasil),2026-06-25,Clay,Regular,derrotas,,,,,player1,True,False,False
0.55,0,2.4503984405420116,0.0,0.02,0.0,2,22.0,1599,0.0,99,1500,190.0,0.0,1.29,6.526792982439052,0.0,-17.0,0.21,39.0,10.0,190.0,0.0,223.0,50.0,10.0,Nicolas Kicker,Bruno Fernandez,Piracicaba (Brasil),2026-06-25,Clay,Regular,derrotas,,,,,player1,True,False,False
0.55,0,2.4503984405420116,0.0,0.02,0.0,2,22.0,1599,0.0,99,1500,190.0,0.0,1.29,6.526792982439052,0.0,-17.0,0.21,39.0,10.0,190.0,0.0,223.0,50.0,10.0,Nicolas Kicker,Bruno Fernandez,Piracicaba (Brasil),2026-06-25,Clay,Regular,derrotas,,,,,player1,True,False,False
0.55,0,2.4503984405420116,0.0,0.02,0.0,2,22.0,1599,0.0,99,1500,190.0,0.0,1.29,6.526792982439052,0.0,-17.0,0.21,39.0,10.0,190.0,0.0,223.0,50.0,10.0,Nicolas Kicker,Bruno Fernandez,Piracicaba (Brasil),2026-06-25,Clay,Regular,derrotas,,,,,player1,True,False,False
0.55,7,8.0,0.02,0.03,4.9399999999999995,2,22.0,1590,0.23,-38,1628,190.0,0.0,1.23,60.0,1.31,-17.0,0.09,39.0,11.0,190.0,22.7719,223.0,55.0,9.0,Maximo Zeitune,Nicolas Zanellato,Piracicaba (Brasil),2026-06-25,Clay,Regular,derrotas,Buena,victorias,,,player2,True,False,False
0.9942196531791907,4,7.0,0.12,0.03,17.75,3,172.0,1513,0.46,-166,1679,136.0,0.0,0.87,65.0,1.0,0.0,0.0,172.0,7.0,136.0,4.78,136.0,35.0,13.0,Jan Kupcic,Bor Artnak,M15 Slovenska Bistrica (Eslovenia),2026-06-25,Clay,Mala,derrotas,Buena,derrotas,,,player2,True,False,False
0.9942196531791907,4,7.0,0.12,0.03,17.75,3,172.0,1513,0.46,-166,1679,136.0,0.0,0.87,65.0,1.0,0.0,0.0,172.0,7.0,136.0,4.78,136.0,35.0,13.0,Jan Kupcic,Bor Artnak,M15 Slovenska Bistrica (Eslovenia),2026-06-25,Clay,Mala,derrotas,Buena,derrotas,,,player2,True,False,False
0.9942196531791907,4,7.0,0.12,0.03,17.75,3,172.0,1513,0.46,-166,1679,136.0,0.0,0.87,65.0,1.0,0.0,0.0,172.0,7.0,136.0,4.78,136.0,35.0,13.0,Jan Kupcic,Bor Artnak,M15 Slovenska Bistrica (Eslovenia),2026-06-25,Clay,Mala,derrotas,Buena,derrotas,,,player2,True,False,False
0.9942196531791907,4,7.0,0.12,0.03,17.75,3,172.0,1513,0.46,-166,1679,136.0,0.0,0.87,65.0,1.0,0.0,0.0,172.0,7.0,136.0,4.78,136.0,35.0,13.0,Jan Kupcic,Bor Artnak,M15 Slovenska Bistrica (Eslovenia),2026-06-25,Clay,Mala,derrotas,Buena,derrotas,,,player2,True,False,False
1.1919191919191918,13,7.0,0.04,0.0,10.8,2,118.0,1635,0.09,-85,1720,152.0,0.27,1.19,65.0,1.71,20.0,0.25,98.0,9.0,152.0,3.0132,146.0,45.0,11.0,Lina Gjorcheska,Lucia Bronzetti,Wimbledon (Reino Unido) - Fase previa,2026-06-25,Grass,Regular,victorias,Buena,victorias,,,player1,False,True,False
0.9871794871794872,41,10.0,0.04,0.08,46.53,3,77.0,1855,0.34,100,1755,161.0,0.27,1.09,50.0,1.07,0.0,0.27,77.0,10.0,161.0,221.4747,161.0,50.0,10.0,Ugo Humbert,Quentin Halys,Eastbourne (Reino Unido),2026-06-25,Grass,Regular,victorias,Regular,derrotas,,,player1,False,True,False
8.304347826086957,1,8.0,0.01,0.12,0.0,0,191.0,1632,0.0,201,1431,223.0,0.0,1.1,20.0,0.73,169.0,0.15,22.0,11.0,223.0,0.0,133.0,55.0,9.0,Mert Alkaya,Ivan Dreycopp,M25 Porto (Portugal),2026-06-25,Hard,Regular,victorias,Mala,derrotas,,,player1,False,False,True
0.8888888888888888,3,8.0,0.05,0.02,11.25,2,176.0,1590,0.14,-123,1713,132.0,0.09,1.24,60.0,1.32,-21.0,0.17,197.0,9.0,132.0,4.7721,135.0,45.0,11.0,Alberto Barroso Campos,Lui Maxted,M25 Porto (Portugal),2026-06-25,Hard,Regular,derrotas,Buena,derrotas,,,player2,False,False,True
1.6396396396396395,5,7.0,0.02,0.07,0.0,1,182.0,1745,0.0,37,1708,149.0,0.15,0.95,65.0,0.76,72.0,0.4,110.0,15.0,149.0,3.25,134.0,75.0,5.0,Dylan Dietrich,Robert Strombachs,M25 Brussels (Bélgica),2026-06-25,Clay,Excelente,derrotas,Buena,victorias,,,player1,True,False,False
1.6396396396396395,5,7.0,0.02,0.07,0.0,1,182.0,1745,0.0,37,1708,149.0,0.15,0.95,65.0,0.76,72.0,0.4,110.0,15.0,149.0,3.25,134.0,75.0,5.0,Dylan Dietrich,Robert Strombachs,M25 Brussels (Bélgica),2026-06-25,Clay,Excelente,derrotas,Buena,victorias,,,player1,True,False,False
1.6396396396396395,5,7.0,0.02,0.07,0.0,1,182.0,1745,0.0,37,1708,149.0,0.15,0.95,65.0,0.76,72.0,0.4,110.0,15.0,149.0,3.25,134.0,75.0,5.0,Dylan Dietrich,Robert Strombachs,M25 Brussels (Bélgica),2026-06-25,Clay,Excelente,derrotas,Buena,victorias,,,player1,True,False,False
1.6396396396396395,5,7.0,0.02,0.07,0.0,1,182.0,1745,0.0,37,1708,149.0,0.15,0.95,65.0,0.76,72.0,0.4,110.0,15.0,149.0,3.25,134.0,75.0,5.0,Dylan Dietrich,Robert Strombachs,M25 Brussels (Bélgica),2026-06-25,Clay,Excelente,derrotas,Buena,victorias,,,player1,True,False,False
0.8181818181818182,8,7.0,0.08,0.03,4.75,2,81.0,1515,0.26,-180,1695,152.0,0.17,0.77,65.0,1.0,-17.0,0.0,98.0,6.0,152.0,12.2173,159.0,30.0,14.0,Tim Handel,Samuele Pieri,M25 Brussels (Bélgica),2026-06-25,Clay,Mala,victorias,Buena,derrotas,,,player2,True,False,False
1.0384615384615385,0,14.0,0.0,0.03,0.0,3,81.0,1673,0.0,173,1500,161.0,0.0,1.39,30.0,0.0,4.0,0.21,77.0,11.0,161.0,0.0,159.0,55.0,9.0,Max Hans Rehberg,Gregoire Delattre,M25 Brussels (Bélgica),2026-06-25,Clay,Regular,victorias,,,,,player1,True,False,False
1.0384615384615385,0,14.0,0.0,0.03,0.0,3,81.0,1673,0.0,173,1500,161.0,0.0,1.39,30.0,0.0,4.0,0.21,77.0,11.0,161.0,0.0,159.0,55.0,9.0,Max Hans Rehberg,Gregoire Delattre,M25 Brussels (Bélgica),2026-06-25,Clay,Regular,victorias,,,,,player1,True,False,False
1.0384615384615385,0,14.0,0.0,0.03,0.0,3,81.0,1673,0.0,173,1500,161.0,0.0,1.39,30.0,0.0,4.0,0.21,77.0,11.0,161.0,0.0,159.0,55.0,9.0,Max Hans Rehberg,Gregoire Delattre,M25 Brussels (Bélgica),2026-06-25,Clay,Regular,victorias,,,,,player1,True,False,False
1.0384615384615385,0,14.0,0.0,0.03,0.0,3,81.0,1673,0.0,173,1500,161.0,0.0,1.39,30.0,0.0,4.0,0.21,77.0,11.0,161.0,0.0,159.0,55.0,9.0,Max Hans Rehberg,Gregoire Delattre,M25 Brussels (Bélgica),2026-06-25,Clay,Regular,victorias,,,,,player1,True,False,False
0.17582417582417584,0,9.0,0.02,0.0,0.0,0,32.0,1510,0.0,-97,1607,135.0,0.19,1.42,55.0,1.25,-149.0,0.09,181.0,1.0,135.0,0.0,200.0,50.0,1.0,Noah Martens,Olle Wallin,M25 Brussels (Bélgica),2026-06-25,Clay,Regular,derrotas,Regular,derrotas,,,player2,True,False,False
0.17582417582417584,0,9.0,0.02,0.0,0.0,0,32.0,1510,0.0,-97,1607,135.0,0.19,1.42,55.0,1.25,-149.0,0.09,181.0,1.0,135.0,0.0,200.0,50.0,1.0,Noah Martens,Olle Wallin,M25 Brussels (Bélgica),2026-06-25,Clay,Regular,derrotas,Regular,derrotas,,,player2,True,False,False
0.17582417582417584,0,9.0,0.02,0.0,0.0,0,32.0,1510,0.0,-97,1607,135.0,0.19,1.42,55.0,1.25,-149.0,0.09,181.0,1.0,135.0,0.0,200.0,50.0,1.0,Noah Martens,Olle Wallin,M25 Brussels (Bélgica),2026-06-25,Clay,Regular,derrotas,Regular,derrotas,,,player2,True,False,False
0.17582417582417584,0,9.0,0.02,0.0,0.0,0,32.0,1510,0.0,-97,1607,135.0,0.19,1.42,55.0,1.25,-149.0,0.09,181.0,1.0,135.0,0.0,200.0,50.0,1.0,Noah Martens,Olle Wallin,M25 Brussels (Bélgica),2026-06-25,Clay,Regular,derrotas,Regular,derrotas,,,player2,True,False,False
7.88,5,11.0,0.03,0.02,15.375,0,197.0,1634,0.18,7,1627,217.0,0.15,1.31,45.0,1.27,173.0,0.12,24.0,11.0,217.0,4.2250000000000005,132.0,55.0,9.0,Oscar Weightman,Edward Winter,M25 Bakio (España),2026-06-25,Hard,Regular,victorias,Regular,victorias,,,player1,False,False,True
7.88,5,11.0,0.03,0.02,15.375,0,197.0,1634,0.18,7,1627,217.0,0.15,1.31,45.0,1.27,173.0,0.12,24.0,11.0,217.0,4.2250000000000005,132.0,55.0,9.0,Oscar Weightman,Edward Winter,M25 Bakio (España),2026-06-25,Hard,Regular,victorias,Regular,victorias,,,player1,False,False,True
7.88,5,11.0,0.03,0.02,15.375,0,197.0,1634,0.18,7,1627,217.0,0.15,1.31,45.0,1.27,173.0,0.12,24.0,11.0,217.0,4.2250000000000005,132.0,55.0,9.0,Oscar Weightman,Edward Winter,M25 Bakio (España),2026-06-25,Hard,Regular,victorias,Regular,victorias,,,player1,False,False,True
7.88,5,11.0,0.03,0.02,15.375,0,197.0,1634,0.18,7,1627,217.0,0.15,1.31,45.0,1.27,173.0,0.12,24.0,11.0,217.0,4.2250000000000005,132.0,55.0,9.0,Oscar Weightman,Edward Winter,M25 Bakio (España),2026-06-25,Hard,Regular,victorias,Regular,victorias,,,player1,False,False,True
0.96875,42,11.0,0.05,0.03,134.885,3,62.0,2027,0.46,275,1752,168.0,0.27,1.42,45.0,1.08,-1.0,0.27,63.0,14.0,168.0,122.43269999999997,169.0,70.0,6.0,Karolina Muchova,Clara Tauson,Bad Homburg (Alemania),2026-06-25,Grass,Buena,derrotas,Regular,victorias,,,player1,False,True,False
0.96875,42,11.0,0.05,0.03,134.885,3,62.0,2027,0.46,275,1752,168.0,0.27,1.42,45.0,1.08,-1.0,0.27,63.0,14.0,168.0,122.43269999999997,169.0,70.0,6.0,Karolina Muchova,Clara Tauson,Bad Homburg (Alemania),2026-06-25,Grass,Buena,derrotas,Regular,victorias,,,player1,False,True,False
0.96875,42,11.0,0.05,0.03,134.885,3,62.0,2027,0.46,275,1752,168.0,0.27,1.42,45.0,1.08,-1.0,0.27,63.0,14.0,168.0,122.43269999999997,169.0,70.0,6.0,Karolina Muchova,Clara Tauson,Bad Homburg (Alemania),2026-06-25,Grass,Buena,derrotas,Regular,victorias,,,player1,False,True,False
0.96875,42,11.0,0.05,0.03,134.885,3,62.0,2027,0.46,275,1752,168.0,0.27,1.42,45.0,1.08,-1.0,0.27,63.0,14.0,168.0,122.43269999999997,169.0,70.0,6.0,Karolina Muchova,Clara Tauson,Bad Homburg (Alemania),2026-06-25,Grass,Buena,derrotas,Regular,victorias,,,player1,False,True,False
0.41414141414141414,11,6.0,0.12,0.07,10.665000000000001,1,41.0,1734,0.4,9,1725,152.0,0.13,0.93,70.0,0.93,-57.0,0.12,98.0,14.0,152.0,22.5197,187.0,70.0,6.0,Petr Nesterov,Tommaso Compagnucci,Plovdiv (Bulgaria),2026-06-25,Clay,Buena,victorias,Buena,victorias,,,player1,True,False,False
0.5785714285714286,2,10.0,0.0,0.02,0.0,1,81.0,1618,0.0,37,1581,142.0,0.0,1.32,50.0,1.29,-58.0,0.0,139.0,11.0,142.0,1.7009999999999998,159.0,55.0,9.0,Nino Ehrenschneider,Fons Van Sambeek,M15 Alkmaar (Países Bajos),2026-06-25,Clay,Regular,derrotas,Regular,derrotas,,,player2,True,False,False
3.3333333333333335,18,7.0,0.03,0.06,7.55,0,200.0,1862,0.13,83,1779,171.0,0.27,1.38,65.0,1.4,141.0,0.27,59.0,12.0,171.0,19.2851,132.0,60.0,8.0,Caty Mcnally,Petra Marcinko,Eastbourne (Reino Unido),2026-06-25,Grass,Buena,victorias,Buena,victorias,,,player2,False,True,False
0.98989898989899,11,8.0,0.02,0.02,16.25,3,98.0,1632,0.52,9,1623,152.0,0.17,1.03,60.0,0.97,0.0,0.36,98.0,12.0,152.0,28.861200000000004,152.0,60.0,8.0,Federico Arnaboldi,Giorgio Tabacco,M15 Bergamo (Italia),2026-06-25,Clay,Buena,victorias,Buena,derrotas,,,player1,True,False,False
0.9935483870967742,2,11.0,0.02,0.0,8.0,3,154.0,1471,0.29,-131,1602,139.0,0.0,1.12,45.0,1.27,0.0,0.0,154.0,4.0,139.0,0.0,139.0,26.7,11.0,Adam Majchrzak,Karol Filar,M15 Rzeszow (Polonia),2026-06-25,Clay,Mala,derrotas,Regular,derrotas,,,player2,True,False,False
0.9950248756218906,0,11.0,0.01,0.0,0.0,3,200.0,1331,0.0,-197,1528,132.0,0.17,1.04,45.0,1.43,0.0,0.12,200.0,5.0,132.0,0.0,132.0,25.0,15.0,Paola Lopez,Salma Ewing,"W15 Claremont, CA (Estados Unidos)",2026-06-25,Hard,Mala,derrotas,Regular,victorias,,,player2,False,False,True
0.9950248756218906,0,4.0,0.01,0.02,0.0,3,200.0,1699,0.0,141,1558,132.0,0.0,1.55,55.6,1.24,0.0,0.13,200.0,14.0,132.0,0.0,132.0,70.0,6.0,Anne-Christine Lutkemeyer,Brandelyn Fulgenzi,"W15 Claremont, CA (Estados Unidos)",2026-06-25,Hard,Buena,victorias,Regular,derrotas,,,player1,False,False,True
0.9950248756218906,5,14.0,0.0,0.01,6.5,3,200.0,1496,0.12,61,1435,132.0,0.15,1.11,30.0,1.11,0.0,0.14,200.0,6.0,132.0,6.5607,132.0,30.0,14.0,Midori Castillo Meza,Kelly Keller,"W15 Claremont, CA (Estados Unidos)",2026-06-25,Hard,Mala,derrotas,Mala,derrotas,,,player1,False,False,True
0.9950248756218906,5,14.0,0.0,0.01,6.5,3,200.0,1496,0.12,61,1435,132.0,0.15,1.11,30.0,1.11,0.0,0.14,200.0,6.0,132.0,6.5607,132.0,30.0,14.0,Midori Castillo Meza,Kelly Keller,"W15 Claremont, CA (Estados Unidos)",2026-06-25,Hard,Mala,derrotas,Mala,derrotas,,,player1,False,False,True
0.9950248756218906,5,14.0,0.0,0.01,6.5,3,200.0,1496,0.12,61,1435,132.0,0.15,1.11,30.0,1.11,0.0,0.14,200.0,6.0,132.0,6.5607,132.0,30.0,14.0,Midori Castillo Meza,Kelly Keller,"W15 Claremont, CA (Estados Unidos)",2026-06-25,Hard,Mala,derrotas,Mala,derrotas,,,player1,False,False,True
0.9950248756218906,5,14.0,0.0,0.01,6.5,3,200.0,1496,0.12,61,1435,132.0,0.15,1.11,30.0,1.11,0.0,0.14,200.0,6.0,132.0,6.5607,132.0,30.0,14.0,Midori Castillo Meza,Kelly Keller,"W15 Claremont, CA (Estados Unidos)",2026-06-25,Hard,Mala,derrotas,Mala,derrotas,,,player1,False,False,True
0.9950248756218906,0,13.0,0.01,0.01,0.0,3,200.0,1483,0.0,15,1468,132.0,0.14,1.33,35.0,1.12,0.0,0.0,200.0,3.0,132.0,0.0,132.0,37.5,5.0,Avery Nguyen,Amy Zhu,"W15 Claremont, CA (Estados Unidos)",2026-06-25,Hard,Mala,derrotas,Mala,derrotas,,,player2,False,False,True
0.9950248756218906,0,3.0,0.03,0.01,0.0,3,200.0,1513,0.0,-49,1562,132.0,0.0,1.32,62.5,1.38,0.0,0.09,200.0,1.0,132.0,0.0,132.0,50.0,1.0,Caroline Driscoll,Thara Gowda,"W15 Claremont, CA (Estados Unidos)",2026-06-25,Hard,Regular,derrotas,Buena,derrotas,,,player2,False,False,True
0.9950248756218906,1,6.0,0.0,0.01,0.0,3,200.0,1639,0.0,200,1439,132.0,0.09,1.25,14.3,1.03,0.0,0.22,200.0,12.0,132.0,3.25,132.0,60.0,8.0,Alyssa Ahn,Anya Arora,"W15 Claremont, CA (Estados Unidos)",2026-06-25,Hard,Buena,derrotas,Mala,derrotas,,,player1,False,False,True
0.9950248756218906,1,13.0,0.01,0.01,6.5,3,200.0,1513,0.1,-24,1537,132.0,0.18,1.3,35.0,1.26,0.0,0.0,200.0,2.0,132.0,0.0,132.0,50.0,2.0,Brooke Kwon,Alexis Nguyen,"W15 Claremont, CA (Estados Unidos)",2026-06-25,Hard,Regular,derrotas,Mala,victorias,,,player2,False,False,True
0.23383084577114427,2,10.0,0.0,0.02,0.0,0,47.0,1591,0.0,145,1446,132.0,0.12,1.55,28.6,1.01,-153.0,0.18,200.0,11.0,132.0,6.5371,181.0,55.0,9.0,Alexandra Vagramov,Sophie Suh,"W15 Claremont, CA (Estados Unidos)",2026-06-25,Hard,Regular,victorias,Mala,victorias,,,player1,False,False,True
0.5252525252525253,2,8.0,0.02,0.04,0.0,2,52.0,1630,0.0,-20,1650,152.0,0.23,1.1,60.0,1.12,-46.0,0.48,98.0,9.0,152.0,4.2250000000000005,176.0,45.0,11.0,Fangran Tian,Viola Turini,W50 Palma del Rio (España),2026-06-25,Hard,Regular,victorias,Buena,victorias,,,player1,False,False,True
1.4528301886792452,7,9.0,0.05,0.02,18.7,2,77.0,1557,0.22,-102,1659,176.0,0.23,1.09,55.0,1.28,25.0,0.23,52.0,6.0,176.0,7.8084,161.0,30.0,14.0,Tiphanie Lemaitre,Han Shi,W50 Palma del Rio (España),2026-06-25,Hard,Mala,derrotas,Regular,victorias,,,player2,False,False,True
0.13559322033898305,0,12.0,0.01,0.02,0.0,0,24.0,1576,0.0,72,1504,135.0,0.0,0.97,40.0,0.89,-152.0,0.6,176.0,9.0,135.0,0.0,217.0,45.0,11.0,Elena Micic,Meritxell Teixido Garcia,W50 Palma del Rio (España),2026-06-25,Hard,Regular,victorias,Regular,victorias,,,player1,False,False,True
0.13559322033898305,0,12.0,0.01,0.02,0.0,0,24.0,1576,0.0,72,1504,135.0,0.0,0.97,40.0,0.89,-152.0,0.6,176.0,9.0,135.0,0.0,217.0,45.0,11.0,Elena Micic,Meritxell Teixido Garcia,W50 Palma del Rio (España),2026-06-25,Hard,Regular,victorias,Regular,victorias,,,player1,False,False,True
0.13559322033898305,0,12.0,0.01,0.02,0.0,0,24.0,1576,0.0,72,1504,135.0,0.0,0.97,40.0,0.89,-152.0,0.6,176.0,9.0,135.0,0.0,217.0,45.0,11.0,Elena Micic,Meritxell Teixido Garcia,W50 Palma del Rio (España),2026-06-25,Hard,Regular,victorias,Regular,victorias,,,player1,False,False,True
0.13559322033898305,0,12.0,0.01,0.02,0.0,0,24.0,1576,0.0,72,1504,135.0,0.0,0.97,40.0,0.89,-152.0,0.6,176.0,9.0,135.0,0.0,217.0,45.0,11.0,Elena Micic,Meritxell Teixido Garcia,W50 Palma del Rio (España),2026-06-25,Hard,Regular,victorias,Regular,victorias,,,player1,False,False,True
0.7595628415300546,8,9.0,0.01,0.03,1.5,2,139.0,1730,0.07,132,1598,134.0,0.17,1.38,55.0,1.13,-43.0,0.22,182.0,14.0,134.0,28.2681,142.0,70.0,6.0,Eva Vedder,Chelsea Fontenel,W50 Palma del Rio (España),2026-06-25,Hard,Buena,victorias,Regular,victorias,,,player1,False,False,True
0.7595628415300546,8,9.0,0.01,0.03,1.5,2,139.0,1730,0.07,132,1598,134.0,0.17,1.38,55.0,1.13,-43.0,0.22,182.0,14.0,134.0,28.2681,142.0,70.0,6.0,Eva Vedder,Chelsea Fontenel,W50 Palma del Rio (España),2026-06-25,Hard,Buena,victorias,Regular,victorias,,,player1,False,False,True
0.7595628415300546,8,9.0,0.01,0.03,1.5,2,139.0,1730,0.07,132,1598,134.0,0.17,1.38,55.0,1.13,-43.0,0.22,182.0,14.0,134.0,28.2681,142.0,70.0,6.0,Eva Vedder,Chelsea Fontenel,W50 Palma del Rio (España),2026-06-25,Hard,Buena,victorias,Regular,victorias,,,player1,False,False,True
0.7595628415300546,8,9.0,0.01,0.03,1.5,2,139.0,1730,0.07,132,1598,134.0,0.17,1.38,55.0,1.13,-43.0,0.22,182.0,14.0,134.0,28.2681,142.0,70.0,6.0,Eva Vedder,Chelsea Fontenel,W50 Palma del Rio (España),2026-06-25,Hard,Buena,victorias,Regular,victorias,,,player1,False,False,True
0.4476744186046512,5,11.0,0.03,0.02,6.5,1,77.0,1595,0.12,-13,1608,136.0,0.21,1.26,45.0,1.22,-94.0,0.24,171.0,9.0,136.0,4.7696,161.0,45.0,11.0,Amandine Hesse,Viktoria Morvayova,W50 Palma del Rio (España),2026-06-25,Hard,Regular,victorias,Regular,derrotas,,,player1,False,False,True
0.10945273631840796,2,9.0,0.04,0.01,0.0,0,22.0,1526,0.0,-95,1621,132.0,0.19,1.25,55.0,1.35,-178.0,0.0,200.0,7.0,132.0,0.0,223.0,35.0,13.0,Berta Bonardi,Carolyn Ansari,W50 Palma del Rio (España),2026-06-25,Hard,Mala,victorias,Regular,victorias,,,player2,False,False,True
0.9900990099009901,11,6.0,0.02,0.02,16.965,3,100.0,1534,0.25,-154,1688,152.0,0.18,0.97,70.0,1.44,0.0,0.17,100.0,9.0,152.0,8.477300000000001,152.0,45.0,11.0,Shiho Tsujioka,Sae Noguchi,W15 Sapporo 2 (Japón),2026-06-25,Hard,Regular,derrotas,Buena,victorias,,,player2,False,False,True
2.0,4,12.0,0.03,0.02,0.0,1,106.0,1572,0.0,14,1558,176.0,0.19,1.2,40.0,1.2,54.0,0.23,52.0,8.0,176.0,6.546,150.0,40.0,12.0,Gaeul Jang,Ying Zhang,W15 Sapporo 2 (Japón),2026-06-25,Hard,Regular,derrotas,Regular,derrotas,,,player1,False,False,True
0.9900990099009901,5,10.0,0.02,0.07,21.450000000000003,3,100.0,1714,0.2,157,1557,152.0,0.2,1.15,50.0,0.86,0.0,0.24,100.0,12.0,152.0,0.0,152.0,60.0,8.0,Ayumi Miyamoto,Mayuka Aikawa,W15 Sapporo 2 (Japón),2026-06-25,Hard,Buena,victorias,Regular,derrotas,,,player1,False,False,True
0.1509433962264151,5,6.0,0.08,0.04,1.69,2,8.0,1620,0.06,-88,1708,176.0,0.21,1.08,70.0,0.93,-44.0,0.23,52.0,8.0,176.0,16.2717,319.0,40.0,12.0,Evialina Laskevich,Jiayi Wang,W15 Maanshan 3 (China),2026-06-25,Hard,Regular,victorias,Buena,victorias,,,player1,False,False,True
0.975,1,10.0,0.02,0.04,0.0,3,39.0,1661,0.0,85,1576,190.0,0.79,0.84,50.0,0.85,0.0,0.27,39.0,14.0,190.0,0.0,190.0,70.0,6.0,Luis Felipe Miguel,Thiago Seyboth Wild,Piracicaba (Brasil),2026-06-25,Clay,Buena,derrotas,Regular,derrotas,,,player2,True,False,False
0.55,0,2.4503984405420116,0.0,0.02,0.0,2,22.0,1599,0.0,99,1500,190.0,0.0,1.29,6.526792982439052,0.0,-17.0,0.21,39.0,10.0,190.0,0.0,223.0,50.0,10.0,Nicolas Kicker,Bruno Fernandez,Piracicaba (Brasil),2026-06-25,Clay,Regular,derrotas,,,,,player1,True,False,False
0.55,0,2.4503984405420116,0.0,0.02,0.0,2,22.0,1599,0.0,99,1500,190.0,0.0,1.29,6.526792982439052,0.0,-17.0,0.21,39.0,10.0,190.0,0.0,223.0,50.0,10.0,Nicolas Kicker,Bruno Fernandez,Piracicaba (Brasil),2026-06-25,Clay,Regular,derrotas,,,,,player1,True,False,False
0.55,0,2.4503984405420116,0.0,0.02,0.0,2,22.0,1599,0.0,99,1500,190.0,0.0,1.29,6.526792982439052,0.0,-17.0,0.21,39.0,10.0,190.0,0.0,223.0,50.0,10.0,Nicolas Kicker,Bruno Fernandez,Piracicaba (Brasil),2026-06-25,Clay,Regular,derrotas,,,,,player1,True,False,False
0.55,0,2.4503984405420116,0.0,0.02,0.0,2,22.0,1599,0.0,99,1500,190.0,0.0,1.29,6.526792982439052,0.0,-17.0,0.21,39.0,10.0,190.0,0.0,223.0,50.0,10.0,Nicolas Kicker,Bruno Fernandez,Piracicaba (Brasil),2026-06-25,Clay,Regular,derrotas,,,,,player1,True,False,False
0.55,7,8.0,0.02,0.03,4.9399999999999995,2,22.0,1590,0.23,-37,1627,190.0,0.0,1.23,60.0,1.31,-17.0,0.09,39.0,11.0,190.0,22.7719,223.0,55.0,9.0,Maximo Zeitune,Nicolas Zanellato,Piracicaba (Brasil),2026-06-25,Clay,Regular,derrotas,Buena,victorias,,,player2,True,False,False
0.9942196531791907,4,7.0,0.13,0.03,17.75,3,172.0,1513,0.46,-170,1683,136.0,0.0,0.87,65.0,1.0,0.0,0.0,172.0,7.0,136.0,4.78,136.0,35.0,13.0,Jan Kupcic,Bor Artnak,M15 Slovenska Bistrica (Eslovenia),2026-06-25,Clay,Mala,derrotas,Buena,derrotas,,,player2,True,False,False
0.9942196531791907,4,7.0,0.13,0.03,17.75,3,172.0,1513,0.46,-170,1683,136.0,0.0,0.87,65.0,1.0,0.0,0.0,172.0,7.0,136.0,4.78,136.0,35.0,13.0,Jan Kupcic,Bor Artnak,M15 Slovenska Bistrica (Eslovenia),2026-06-25,Clay,Mala,derrotas,Buena,derrotas,,,player2,True,False,False
0.9942196531791907,4,7.0,0.13,0.03,17.75,3,172.0,1513,0.46,-170,1683,136.0,0.0,0.87,65.0,1.0,0.0,0.0,172.0,7.0,136.0,4.78,136.0,35.0,13.0,Jan Kupcic,Bor Artnak,M15 Slovenska Bistrica (Eslovenia),2026-06-25,Clay,Mala,derrotas,Buena,derrotas,,,player2,True,False,False
0.9942196531791907,4,7.0,0.13,0.03,17.75,3,172.0,1513,0.46,-170,1683,136.0,0.0,0.87,65.0,1.0,0.0,0.0,172.0,7.0,136.0,4.78,136.0,35.0,13.0,Jan Kupcic,Bor Artnak,M15 Slovenska Bistrica (Eslovenia),2026-06-25,Clay,Mala,derrotas,Buena,derrotas,,,player2,True,False,False
1.1919191919191918,13,7.0,0.04,0.0,10.8,2,118.0,1635,0.09,-86,1721,152.0,0.27,1.19,65.0,1.71,20.0,0.25,98.0,9.0,152.0,3.0132,146.0,45.0,11.0,Lina Gjorcheska,Lucia Bronzetti,Wimbledon (Reino Unido) - Fase previa,2026-06-25,Grass,Regular,victorias,Buena,victorias,,,player1,False,True,False
0.9871794871794872,41,10.0,0.03,0.08,50.14,3,77.0,1850,0.36,85,1765,161.0,0.27,1.09,50.0,1.07,0.0,0.27,77.0,10.0,161.0,219.09970000000004,161.0,50.0,10.0,Ugo Humbert,Quentin Halys,Eastbourne (Reino Unido),2026-06-25,Grass,Regular,victorias,Regular,derrotas,,,player1,False,True,False
8.304347826086957,1,8.0,0.01,0.12,0.0,0,191.0,1633,0.0,202,1431,223.0,0.0,1.1,20.0,0.73,169.0,0.15,22.0,11.0,223.0,0.0,133.0,55.0,9.0,Mert Alkaya,Ivan Dreycopp,M25 Porto (Portugal),2026-06-25,Hard,Regular,victorias,Mala,derrotas,,,player1,False,False,True
0.8888888888888888,3,8.0,0.05,0.02,11.25,2,176.0,1596,0.14,-118,1714,132.0,0.09,1.24,60.0,1.32,-21.0,0.15,197.0,9.0,132.0,4.7721,135.0,45.0,11.0,Alberto Barroso Campos,Lui Maxted,M25 Porto (Portugal),2026-06-25,Hard,Regular,derrotas,Buena,derrotas,,,player2,False,False,True
1.6396396396396395,5,7.0,0.02,0.07,0.0,1,182.0,1746,0.0,34,1712,149.0,0.09,1.14,65.0,0.94,72.0,0.23,110.0,15.0,149.0,3.25,134.0,75.0,5.0,Dylan Dietrich,Robert Strombachs,M25 Brussels (Bélgica),2026-06-25,Clay,Excelente,derrotas,Buena,victorias,,,player1,True,False,False
1.6396396396396395,5,7.0,0.02,0.07,0.0,1,182.0,1746,0.0,34,1712,149.0,0.09,1.14,65.0,0.94,72.0,0.23,110.0,15.0,149.0,3.25,134.0,75.0,5.0,Dylan Dietrich,Robert Strombachs,M25 Brussels (Bélgica),2026-06-25,Clay,Excelente,derrotas,Buena,victorias,,,player1,True,False,False
1.6396396396396395,5,7.0,0.02,0.07,0.0,1,182.0,1746,0.0,34,1712,149.0,0.09,1.14,65.0,0.94,72.0,0.23,110.0,15.0,149.0,3.25,134.0,75.0,5.0,Dylan Dietrich,Robert Strombachs,M25 Brussels (Bélgica),2026-06-25,Clay,Excelente,derrotas,Buena,victorias,,,player1,True,False,False
1.6396396396396395,5,7.0,0.02,0.07,0.0,1,182.0,1746,0.0,34,1712,149.0,0.09,1.14,65.0,0.94,72.0,0.23,110.0,15.0,149.0,3.25,134.0,75.0,5.0,Dylan Dietrich,Robert Strombachs,M25 Brussels (Bélgica),2026-06-25,Clay,Excelente,derrotas,Buena,victorias,,,player1,True,False,False
0.8181818181818182,8,7.0,0.08,0.03,4.75,2,81.0,1515,0.26,-181,1696,152.0,0.17,0.77,65.0,1.0,-17.0,0.13,98.0,6.0,152.0,12.2173,159.0,30.0,14.0,Tim Handel,Samuele Pieri,M25 Brussels (Bélgica),2026-06-25,Clay,Mala,victorias,Buena,derrotas,,,player2,True,False,False
1.0384615384615385,0,14.0,0.0,0.03,0.0,3,81.0,1675,0.0,175,1500,161.0,0.0,1.39,30.0,0.0,4.0,0.22,77.0,11.0,161.0,0.0,159.0,55.0,9.0,Max Hans Rehberg,Gregoire Delattre,M25 Brussels (Bélgica),2026-06-25,Clay,Regular,victorias,,,,,player1,True,False,False
1.0384615384615385,0,14.0,0.0,0.03,0.0,3,81.0,1675,0.0,175,1500,161.0,0.0,1.39,30.0,0.0,4.0,0.22,77.0,11.0,161.0,0.0,159.0,55.0,9.0,Max Hans Rehberg,Gregoire Delattre,M25 Brussels (Bélgica),2026-06-25,Clay,Regular,victorias,,,,,player1,True,False,False
1.0384615384615385,0,14.0,0.0,0.03,0.0,3,81.0,1675,0.0,175,1500,161.0,0.0,1.39,30.0,0.0,4.0,0.22,77.0,11.0,161.0,0.0,159.0,55.0,9.0,Max Hans Rehberg,Gregoire Delattre,M25 Brussels (Bélgica),2026-06-25,Clay,Regular,victorias,,,,,player1,True,False,False
1.0384615384615385,0,14.0,0.0,0.03,0.0,3,81.0,1675,0.0,175,1500,161.0,0.0,1.39,30.0,0.0,4.0,0.22,77.0,11.0,161.0,0.0,159.0,55.0,9.0,Max Hans Rehberg,Gregoire Delattre,M25 Brussels (Bélgica),2026-06-25,Clay,Regular,victorias,,,,,player1,True,False,False
0.17582417582417584,0,9.0,0.02,0.0,0.0,0,32.0,1511,0.0,-95,1606,135.0,0.19,1.42,55.0,1.25,-149.0,0.09,181.0,1.0,135.0,0.0,200.0,50.0,1.0,Noah Martens,Olle Wallin,M25 Brussels (Bélgica),2026-06-25,Clay,Regular,derrotas,Regular,derrotas,,,player2,True,False,False
0.17582417582417584,0,9.0,0.02,0.0,0.0,0,32.0,1511,0.0,-95,1606,135.0,0.19,1.42,55.0,1.25,-149.0,0.09,181.0,1.0,135.0,0.0,200.0,50.0,1.0,Noah Martens,Olle Wallin,M25 Brussels (Bélgica),2026-06-25,Clay,Regular,derrotas,Regular,derrotas,,,player2,True,False,False
0.17582417582417584,0,9.0,0.02,0.0,0.0,0,32.0,1511,0.0,-95,1606,135.0,0.19,1.42,55.0,1.25,-149.0,0.09,181.0,1.0,135.0,0.0,200.0,50.0,1.0,Noah Martens,Olle Wallin,M25 Brussels (Bélgica),2026-06-25,Clay,Regular,derrotas,Regular,derrotas,,,player2,True,False,False
0.17582417582417584,0,9.0,0.02,0.0,0.0,0,32.0,1511,0.0,-95,1606,135.0,0.19,1.42,55.0,1.25,-149.0,0.09,181.0,1.0,135.0,0.0,200.0,50.0,1.0,Noah Martens,Olle Wallin,M25 Brussels (Bélgica),2026-06-25,Clay,Regular,derrotas,Regular,derrotas,,,player2,True,False,False
7.88,5,11.0,0.03,0.02,15.375,0,197.0,1634,0.18,5,1629,217.0,0.16,1.31,45.0,1.27,173.0,0.12,24.0,11.0,217.0,4.2250000000000005,132.0,55.0,9.0,Oscar Weightman,Edward Winter,M25 Bakio (España),2026-06-25,Hard,Regular,victorias,Regular,victorias,,,player1,False,False,True
7.88,5,11.0,0.03,0.02,15.375,0,197.0,1634,0.18,5,1629,217.0,0.16,1.31,45.0,1.27,173.0,0.12,24.0,11.0,217.0,4.2250000000000005,132.0,55.0,9.0,Oscar Weightman,Edward Winter,M25 Bakio (España),2026-06-25,Hard,Regular,victorias,Regular,victorias,,,player1,False,False,True
7.88,5,11.0,0.03,0.02,15.375,0,197.0,1634,0.18,5,1629,217.0,0.16,1.31,45.0,1.27,173.0,0.12,24.0,11.0,217.0,4.2250000000000005,132.0,55.0,9.0,Oscar Weightman,Edward Winter,M25 Bakio (España),2026-06-25,Hard,Regular,victorias,Regular,victorias,,,player1,False,False,True
7.88,5,11.0,0.03,0.02,15.375,0,197.0,1634,0.18,5,1629,217.0,0.16,1.31,45.0,1.27,173.0,0.12,24.0,11.0,217.0,4.2250000000000005,132.0,55.0,9.0,Oscar Weightman,Edward Winter,M25 Bakio (España),2026-06-25,Hard,Regular,victorias,Regular,victorias,,,player1,False,False,True
0.96875,42,11.0,0.05,0.03,139.74999999999997,3,62.0,2019,0.46,267,1752,168.0,0.27,1.42,45.0,1.08,-1.0,0.27,63.0,14.0,168.0,116.58269999999999,169.0,70.0,6.0,Karolina Muchova,Clara Tauson,Bad Homburg (Alemania),2026-06-25,Grass,Buena,derrotas,Regular,victorias,,,player1,False,True,False
0.96875,42,11.0,0.05,0.03,139.74999999999997,3,62.0,2019,0.46,267,1752,168.0,0.27,1.42,45.0,1.08,-1.0,0.27,63.0,14.0,168.0,116.58269999999999,169.0,70.0,6.0,Karolina Muchova,Clara Tauson,Bad Homburg (Alemania),2026-06-25,Grass,Buena,derrotas,Regular,victorias,,,player1,False,True,False
0.96875,42,11.0,0.05,0.03,139.74999999999997,3,62.0,2019,0.46,267,1752,168.0,0.27,1.42,45.0,1.08,-1.0,0.27,63.0,14.0,168.0,116.58269999999999,169.0,70.0,6.0,Karolina Muchova,Clara Tauson,Bad Homburg (Alemania),2026-06-25,Grass,Buena,derrotas,Regular,victorias,,,player1,False,True,False
0.96875,42,11.0,0.05,0.03,139.74999999999997,3,62.0,2019,0.46,267,1752,168.0,0.27,1.42,45.0,1.08,-1.0,0.27,63.0,14.0,168.0,116.58269999999999,169.0,70.0,6.0,Karolina Muchova,Clara Tauson,Bad Homburg (Alemania),2026-06-25,Grass,Buena,derrotas,Regular,victorias,,,player1,False,True,False
0.41414141414141414,11,6.0,0.12,0.07,10.665000000000001,1,41.0,1733,0.4,8,1725,152.0,0.13,0.93,70.0,0.93,-57.0,0.12,98.0,14.0,152.0,22.5197,187.0,70.0,6.0,Petr Nesterov,Tommaso Compagnucci,Plovdiv (Bulgaria),2026-06-25,Clay,Buena,victorias,Buena,victorias,,,player1,True,False,False
0.5785714285714286,2,10.0,0.0,0.02,0.0,1,81.0,1618,0.0,38,1580,142.0,0.0,1.32,50.0,1.29,-58.0,0.0,139.0,11.0,142.0,1.7009999999999998,159.0,55.0,9.0,Nino Ehrenschneider,Fons Van Sambeek,M15 Alkmaar (Países Bajos),2026-06-25,Clay,Regular,derrotas,Regular,derrotas,,,player2,True,False,False
3.3333333333333335,18,7.0,0.03,0.06,7.55,0,200.0,1861,0.13,78,1783,171.0,0.27,1.38,65.0,1.4,141.0,0.27,59.0,12.0,171.0,19.2851,132.0,60.0,8.0,Caty Mcnally,Petra Marcinko,Eastbourne (Reino Unido),2026-06-25,Grass,Buena,victorias,Buena,victorias,,,player2,False,True,False
0.98989898989899,11,8.0,0.02,0.02,16.25,3,98.0,1636,0.52,13,1623,152.0,0.17,1.03,60.0,0.97,0.0,0.38,98.0,12.0,152.0,28.861200000000004,152.0,60.0,8.0,Federico Arnaboldi,Giorgio Tabacco,M15 Bergamo (Italia),2026-06-25,Clay,Buena,victorias,Buena,derrotas,,,player1,True,False,False
0.9935483870967742,2,11.0,0.02,0.01,8.0,3,154.0,1477,0.29,-131,1608,139.0,0.0,1.12,45.0,1.27,0.0,0.0,154.0,4.0,139.0,0.0,139.0,26.7,11.0,Adam Majchrzak,Karol Filar,M15 Rzeszow (Polonia),2026-06-25,Clay,Mala,derrotas,Regular,derrotas,,,player2,True,False,False
0.9950248756218906,0,11.0,0.01,0.0,0.0,3,200.0,1328,0.0,-200,1528,132.0,0.16,1.04,45.0,1.43,0.0,0.09,200.0,5.0,132.0,0.0,132.0,25.0,15.0,Paola Lopez,Salma Ewing,"W15 Claremont, CA (Estados Unidos)",2026-06-25,Hard,Mala,derrotas,Regular,victorias,,,player2,False,False,True
0.9950248756218906,0,4.0,0.01,0.03,0.0,3,200.0,1705,0.0,147,1558,132.0,0.0,1.55,55.6,1.24,0.0,0.13,200.0,14.0,132.0,0.0,132.0,70.0,6.0,Anne-Christine Lutkemeyer,Brandelyn Fulgenzi,"W15 Claremont, CA (Estados Unidos)",2026-06-25,Hard,Buena,victorias,Regular,derrotas,,,player1,False,False,True
0.9950248756218906,5,14.0,0.0,0.01,6.5,3,200.0,1503,0.12,65,1438,132.0,0.15,1.11,30.0,1.11,0.0,0.12,200.0,6.0,132.0,6.5607,132.0,30.0,14.0,Midori Castillo Meza,Kelly Keller,"W15 Claremont, CA (Estados Unidos)",2026-06-25,Hard,Mala,derrotas,Mala,derrotas,,,player1,False,False,True
0.9950248756218906,5,14.0,0.0,0.01,6.5,3,200.0,1503,0.12,65,1438,132.0,0.15,1.11,30.0,1.11,0.0,0.12,200.0,6.0,132.0,6.5607,132.0,30.0,14.0,Midori Castillo Meza,Kelly Keller,"W15 Claremont, CA (Estados Unidos)",2026-06-25,Hard,Mala,derrotas,Mala,derrotas,,,player1,False,False,True
0.9950248756218906,5,14.0,0.0,0.01,6.5,3,200.0,1503,0.12,65,1438,132.0,0.15,1.11,30.0,1.11,0.0,0.12,200.0,6.0,132.0,6.5607,132.0,30.0,14.0,Midori Castillo Meza,Kelly Keller,"W15 Claremont, CA (Estados Unidos)",2026-06-25,Hard,Mala,derrotas,Mala,derrotas,,,player1,False,False,True
0.9950248756218906,5,14.0,0.0,0.01,6.5,3,200.0,1503,0.12,65,1438,132.0,0.15,1.11,30.0,1.11,0.0,0.12,200.0,6.0,132.0,6.5607,132.0,30.0,14.0,Midori Castillo Meza,Kelly Keller,"W15 Claremont, CA (Estados Unidos)",2026-06-25,Hard,Mala,derrotas,Mala,derrotas,,,player1,False,False,True
0.9950248756218906,0,13.0,0.01,0.01,0.0,3,200.0,1483,0.0,15,1468,132.0,0.14,1.33,35.0,1.12,0.0,0.0,200.0,3.0,132.0,0.0,132.0,37.5,5.0,Avery Nguyen,Amy Zhu,"W15 Claremont, CA (Estados Unidos)",2026-06-25,Hard,Mala,derrotas,Mala,derrotas,,,player2,False,False,True
0.9950248756218906,0,3.0,0.03,0.01,0.0,3,200.0,1513,0.0,-55,1568,132.0,0.0,1.32,62.5,1.38,0.0,0.09,200.0,1.0,132.0,0.0,132.0,50.0,1.0,Caroline Driscoll,Thara Gowda,"W15 Claremont, CA (Estados Unidos)",2026-06-25,Hard,Regular,derrotas,Buena,derrotas,,,player2,False,False,True
0.9950248756218906,1,6.0,0.0,0.01,0.0,3,200.0,1636,0.0,197,1439,132.0,0.09,1.25,14.3,1.03,0.0,0.22,200.0,12.0,132.0,3.25,132.0,60.0,8.0,Alyssa Ahn,Anya Arora,"W15 Claremont, CA (Estados Unidos)",2026-06-25,Hard,Buena,derrotas,Mala,derrotas,,,player1,False,False,True
0.9950248756218906,1,13.0,0.01,0.01,6.5,3,200.0,1513,0.1,-28,1541,132.0,0.18,1.3,35.0,1.26,0.0,0.0,200.0,2.0,132.0,0.0,132.0,50.0,2.0,Brooke Kwon,Alexis Nguyen,"W15 Claremont, CA (Estados Unidos)",2026-06-25,Hard,Regular,derrotas,Mala,victorias,,,player2,False,False,True
0.23383084577114427,2,10.0,0.0,0.02,0.0,0,47.0,1605,0.0,157,1448,132.0,0.12,1.55,28.6,1.01,-153.0,0.17,200.0,11.0,132.0,6.5371,181.0,55.0,9.0,Alexandra Vagramov,Sophie Suh,"W15 Claremont, CA (Estados Unidos)",2026-06-25,Hard,Regular,victorias,Mala,victorias,,,player1,False,False,True
0.5252525252525253,2,8.0,0.02,0.04,0.0,2,52.0,1632,0.0,-20,1652,152.0,0.22,1.13,60.0,1.15,-46.0,0.44,98.0,9.0,152.0,4.2250000000000005,176.0,45.0,11.0,Fangran Tian,Viola Turini,W50 Palma del Rio (España),2026-06-25,Hard,Regular,victorias,Buena,victorias,,,player1,False,False,True
1.4528301886792452,7,9.0,0.05,0.02,18.7,2,77.0,1557,0.22,-104,1661,176.0,0.23,1.09,55.0,1.28,25.0,0.23,52.0,6.0,176.0,7.8084,161.0,30.0,14.0,Tiphanie Lemaitre,Han Shi,W50 Palma del Rio (España),2026-06-25,Hard,Mala,derrotas,Regular,victorias,,,player2,False,False,True
0.13559322033898305,0,12.0,0.01,0.02,0.0,0,24.0,1576,0.0,72,1504,135.0,0.0,0.95,40.0,0.87,-152.0,0.62,176.0,9.0,135.0,0.0,217.0,45.0,11.0,Elena Micic,Meritxell Teixido Garcia,W50 Palma del Rio (España),2026-06-25,Hard,Regular,victorias,Regular,victorias,,,player1,False,False,True
0.13559322033898305,0,12.0,0.01,0.02,0.0,0,24.0,1576,0.0,72,1504,135.0,0.0,0.95,40.0,0.87,-152.0,0.62,176.0,9.0,135.0,0.0,217.0,45.0,11.0,Elena Micic,Meritxell Teixido Garcia,W50 Palma del Rio (España),2026-06-25,Hard,Regular,victorias,Regular,victorias,,,player1,False,False,True
0.13559322033898305,0,12.0,0.01,0.02,0.0,0,24.0,1576,0.0,72,1504,135.0,0.0,0.95,40.0,0.87,-152.0,0.62,176.0,9.0,135.0,0.0,217.0,45.0,11.0,Elena Micic,Meritxell Teixido Garcia,W50 Palma del Rio (España),2026-06-25,Hard,Regular,victorias,Regular,victorias,,,player1,False,False,True
0.13559322033898305,0,12.0,0.01,0.02,0.0,0,24.0,1576,0.0,72,1504,135.0,0.0,0.95,40.0,0.87,-152.0,0.62,176.0,9.0,135.0,0.0,217.0,45.0,11.0,Elena Micic,Meritxell Teixido Garcia,W50 Palma del Rio (España),2026-06-25,Hard,Regular,victorias,Regular,victorias,,,player1,False,False,True
0.7595628415300546,8,9.0,0.01,0.03,1.5,2,139.0,1733,0.07,135,1598,134.0,0.17,1.38,55.0,1.13,-43.0,0.23,182.0,14.0,134.0,28.2681,142.0,70.0,6.0,Eva Vedder,Chelsea Fontenel,W50 Palma del Rio (España),2026-06-25,Hard,Buena,victorias,Regular,victorias,,,player1,False,False,True
0.7595628415300546,8,9.0,0.01,0.03,1.5,2,139.0,1733,0.07,135,1598,134.0,0.17,1.38,55.0,1.13,-43.0,0.23,182.0,14.0,134.0,28.2681,142.0,70.0,6.0,Eva Vedder,Chelsea Fontenel,W50 Palma del Rio (España),2026-06-25,Hard,Buena,victorias,Regular,victorias,,,player1,False,False,True
0.7595628415300546,8,9.0,0.01,0.03,1.5,2,139.0,1733,0.07,135,1598,134.0,0.17,1.38,55.0,1.13,-43.0,0.23,182.0,14.0,134.0,28.2681,142.0,70.0,6.0,Eva Vedder,Chelsea Fontenel,W50 Palma del Rio (España),2026-06-25,Hard,Buena,victorias,Regular,victorias,,,player1,False,False,True
0.7595628415300546,8,9.0,0.01,0.03,1.5,2,139.0,1733,0.07,135,1598,134.0,0.17,1.38,55.0,1.13,-43.0,0.23,182.0,14.0,134.0,28.2681,142.0,70.0,6.0,Eva Vedder,Chelsea Fontenel,W50 Palma del Rio (España),2026-06-25,Hard,Buena,victorias,Regular,victorias,,,player1,False,False,True
0.4476744186046512,5,11.0,0.03,0.02,6.5,1,77.0,1599,0.12,-9,1608,136.0,0.22,1.26,45.0,1.22,-94.0,0.24,171.0,9.0,136.0,4.7696,161.0,45.0,11.0,Amandine Hesse,Viktoria Morvayova,W50 Palma del Rio (España),2026-06-25,Hard,Regular,victorias,Regular,derrotas,,,player1,False,False,True
0.10945273631840796,2,9.0,0.04,0.01,0.0,0,22.0,1525,0.0,-96,1621,132.0,0.19,1.25,55.0,1.35,-178.0,0.0,200.0,7.0,132.0,0.0,223.0,35.0,13.0,Berta Bonardi,Carolyn Ansari,W50 Palma del Rio (España),2026-06-25,Hard,Mala,victorias,Regular,victorias,,,player2,False,False,True
0.9900990099009901,11,6.0,0.02,0.02,16.965000000000003,3,100.0,1534,0.25,-154,1688,152.0,0.19,0.97,70.0,1.44,0.0,0.17,100.0,9.0,152.0,8.477300000000001,152.0,45.0,11.0,Shiho Tsujioka,Sae Noguchi,W15 Sapporo 2 (Japón),2026-06-25,Hard,Regular,derrotas,Buena,victorias,,,player2,False,False,True
2.0,4,12.0,0.02,0.02,0.0,1,106.0,1571,0.0,14,1557,176.0,0.19,1.2,40.0,1.2,54.0,0.23,52.0,8.0,176.0,6.546,150.0,40.0,12.0,Gaeul Jang,Ying Zhang,W15 Sapporo 2 (Japón),2026-06-25,Hard,Regular,derrotas,Regular,derrotas,,,player1,False,False,True
0.9900990099009901,5,10.0,0.02,0.07,21.450000000000003,3,100.0,1713,0.2,155,1558,152.0,0.2,1.15,50.0,0.86,0.0,0.24,100.0,12.0,152.0,0.0,152.0,60.0,8.0,Ayumi Miyamoto,Mayuka Aikawa,W15 Sapporo 2 (Japón),2026-06-25,Hard,Buena,victorias,Regular,derrotas,,,player1,False,False,True
0.1509433962264151,5,6.0,0.08,0.04,1.69,2,8.0,1620,0.06,-89,1709,176.0,0.21,1.08,70.0,0.93,-44.0,0.24,52.0,8.0,176.0,16.2717,319.0,40.0,12.0,Evialina Laskevich,Jiayi Wang,W15 Maanshan 3 (China),2026-06-25,Hard,Regular,victorias,Buena,victorias,,,player1,False,False,True
0.975,1,10.0,0.02,0.04,0.0,3,39.0,1661,0.0,85,1576,190.0,0.79,0.84,50.0,0.85,0.0,0.27,39.0,14.0,190.0,0.0,190.0,70.0,6.0,Luis Felipe Miguel,Thiago Seyboth Wild,Piracicaba (Brasil),2026-06-25,Clay,Buena,derrotas,Regular,derrotas,,,player2,True,False,False
0.55,0,2.4503984405420116,0.0,0.02,0.0,2,22.0,1599,0.0,99,1500,190.0,0.0,1.29,6.526792982439052,0.0,-17.0,0.21,39.0,10.0,190.0,0.0,223.0,50.0,10.0,Nicolas Kicker,Bruno Fernandez,Piracicaba (Brasil),2026-06-25,Clay,Regular,derrotas,,,,,player1,True,False,False
0.55,0,2.4503984405420116,0.0,0.02,0.0,2,22.0,1599,0.0,99,1500,190.0,0.0,1.29,6.526792982439052,0.0,-17.0,0.21,39.0,10.0,190.0,0.0,223.0,50.0,10.0,Nicolas Kicker,Bruno Fernandez,Piracicaba (Brasil),2026-06-25,Clay,Regular,derrotas,,,,,player1,True,False,False
0.55,0,2.4503984405420116,0.0,0.02,0.0,2,22.0,1599,0.0,99,1500,190.0,0.0,1.29,6.526792982439052,0.0,-17.0,0.21,39.0,10.0,190.0,0.0,223.0,50.0,10.0,Nicolas Kicker,Bruno Fernandez,Piracicaba (Brasil),2026-06-25,Clay,Regular,derrotas,,,,,player1,True,False,False
0.55,0,2.4503984405420116,0.0,0.02,0.0,2,22.0,1599,0.0,99,1500,190.0,0.0,1.29,6.526792982439052,0.0,-17.0,0.21,39.0,10.0,190.0,0.0,223.0,50.0,10.0,Nicolas Kicker,Bruno Fernandez,Piracicaba (Brasil),2026-06-25,Clay,Regular,derrotas,,,,,player1,True,False,False
0.55,7,8.0,0.02,0.03,4.9399999999999995,2,22.0,1590,0.23,-37,1627,190.0,0.0,1.23,60.0,1.31,-17.0,0.09,39.0,11.0,190.0,22.771900000000002,223.0,55.0,9.0,Maximo Zeitune,Nicolas Zanellato,Piracicaba (Brasil),2026-06-25,Clay,Regular,derrotas,Buena,victorias,,,player2,True,False,False
0.9942196531791907,4,7.0,0.13,0.03,17.75,3,172.0,1513,0.46,-170,1683,136.0,0.0,0.87,65.0,1.0,0.0,0.0,172.0,7.0,136.0,4.78,136.0,35.0,13.0,Jan Kupcic,Bor Artnak,M15 Slovenska Bistrica (Eslovenia),2026-06-25,Clay,Mala,derrotas,Buena,derrotas,,,player2,True,False,False
0.9942196531791907,4,7.0,0.13,0.03,17.75,3,172.0,1513,0.46,-170,1683,136.0,0.0,0.87,65.0,1.0,0.0,0.0,172.0,7.0,136.0,4.78,136.0,35.0,13.0,Jan Kupcic,Bor Artnak,M15 Slovenska Bistrica (Eslovenia),2026-06-25,Clay,Mala,derrotas,Buena,derrotas,,,player2,True,False,False
0.9942196531791907,4,7.0,0.13,0.03,17.75,3,172.0,1513,0.46,-170,1683,136.0,0.0,0.87,65.0,1.0,0.0,0.0,172.0,7.0,136.0,4.78,136.0,35.0,13.0,Jan Kupcic,Bor Artnak,M15 Slovenska Bistrica (Eslovenia),2026-06-25,Clay,Mala,derrotas,Buena,derrotas,,,player2,True,False,False
0.9942196531791907,4,7.0,0.13,0.03,17.75,3,172.0,1513,0.46,-170,1683,136.0,0.0,0.87,65.0,1.0,0.0,0.0,172.0,7.0,136.0,4.78,136.0,35.0,13.0,Jan Kupcic,Bor Artnak,M15 Slovenska Bistrica (Eslovenia),2026-06-25,Clay,Mala,derrotas,Buena,derrotas,,,player2,True,False,False
1.1919191919191918,13,7.0,0.04,0.0,10.8,2,118.0,1635,0.09,-87,1722,152.0,0.27,1.19,65.0,1.71,20.0,0.25,98.0,9.0,152.0,3.0132,146.0,45.0,11.0,Lina Gjorcheska,Lucia Bronzetti,Wimbledon (Reino Unido) - Fase previa,2026-06-25,Grass,Regular,victorias,Buena,victorias,,,player1,False,True,False
0.9871794871794872,41,10.0,0.03,0.08,50.14,3,77.0,1847,0.36,84,1763,161.0,0.27,1.09,50.0,1.07,0.0,0.27,77.0,10.0,161.0,219.0997,161.0,50.0,10.0,Ugo Humbert,Quentin Halys,Eastbourne (Reino Unido),2026-06-25,Grass,Regular,victorias,Regular,derrotas,,,player1,False,True,False
8.304347826086957,1,8.0,0.01,0.12,0.0,0,191.0,1633,0.0,202,1431,223.0,0.0,1.1,20.0,0.73,169.0,0.15,22.0,11.0,223.0,0.0,133.0,55.0,9.0,Mert Alkaya,Ivan Dreycopp,M25 Porto (Portugal),2026-06-25,Hard,Regular,victorias,Mala,derrotas,,,player1,False,False,True
0.8888888888888888,3,8.0,0.05,0.02,11.25,2,176.0,1596,0.14,-118,1714,132.0,0.09,1.24,60.0,1.32,-21.0,0.15,197.0,9.0,132.0,4.7721,135.0,45.0,11.0,Alberto Barroso Campos,Lui Maxted,M25 Porto (Portugal),2026-06-25,Hard,Regular,derrotas,Buena,derrotas,,,player2,False,False,True
1.6396396396396395,5,7.0,0.02,0.07,0.0,1,182.0,1746,0.0,35,1711,149.0,0.09,1.14,65.0,0.94,72.0,0.23,110.0,15.0,149.0,3.25,134.0,75.0,5.0,Dylan Dietrich,Robert Strombachs,M25 Brussels (Bélgica),2026-06-25,Clay,Excelente,derrotas,Buena,victorias,,,player1,True,False,False
1.6396396396396395,5,7.0,0.02,0.07,0.0,1,182.0,1746,0.0,35,1711,149.0,0.09,1.14,65.0,0.94,72.0,0.23,110.0,15.0,149.0,3.25,134.0,75.0,5.0,Dylan Dietrich,Robert Strombachs,M25 Brussels (Bélgica),2026-06-25,Clay,Excelente,derrotas,Buena,victorias,,,player1,True,False,False
1.6396396396396395,5,7.0,0.02,0.07,0.0,1,182.0,1746,0.0,35,1711,149.0,0.09,1.14,65.0,0.94,72.0,0.23,110.0,15.0,149.0,3.25,134.0,75.0,5.0,Dylan Dietrich,Robert Strombachs,M25 Brussels (Bélgica),2026-06-25,Clay,Excelente,derrotas,Buena,victorias,,,player1,True,False,False
1.6396396396396395,5,7.0,0.02,0.07,0.0,1,182.0,1746,0.0,35,1711,149.0,0.09,1.14,65.0,0.94,72.0,0.23,110.0,15.0,149.0,3.25,134.0,75.0,5.0,Dylan Dietrich,Robert Strombachs,M25 Brussels (Bélgica),2026-06-25,Clay,Excelente,derrotas,Buena,victorias,,,player1,True,False,False
0.8181818181818182,8,7.0,0.08,0.03,4.75,2,81.0,1515,0.26,-181,1696,152.0,0.17,0.77,65.0,1.0,-17.0,0.13,98.0,6.0,152.0,12.2173,159.0,30.0,14.0,Tim Handel,Samuele Pieri,M25 Brussels (Bélgica),2026-06-25,Clay,Mala,victorias,Buena,derrotas,,,player2,True,False,False
1.0384615384615385,0,14.0,0.0,0.03,0.0,3,81.0,1675,0.0,175,1500,161.0,0.0,1.39,30.0,0.0,4.0,0.22,77.0,11.0,161.0,0.0,159.0,55.0,9.0,Max Hans Rehberg,Gregoire Delattre,M25 Brussels (Bélgica),2026-06-25,Clay,Regular,victorias,,,,,player1,True,False,False
1.0384615384615385,0,14.0,0.0,0.03,0.0,3,81.0,1675,0.0,175,1500,161.0,0.0,1.39,30.0,0.0,4.0,0.22,77.0,11.0,161.0,0.0,159.0,55.0,9.0,Max Hans Rehberg,Gregoire Delattre,M25 Brussels (Bélgica),2026-06-25,Clay,Regular,victorias,,,,,player1,True,False,False
1.0384615384615385,0,14.0,0.0,0.03,0.0,3,81.0,1675,0.0,175,1500,161.0,0.0,1.39,30.0,0.0,4.0,0.22,77.0,11.0,161.0,0.0,159.0,55.0,9.0,Max Hans Rehberg,Gregoire Delattre,M25 Brussels (Bélgica),2026-06-25,Clay,Regular,victorias,,,,,player1,True,False,False
1.0384615384615385,0,14.0,0.0,0.03,0.0,3,81.0,1675,0.0,175,1500,161.0,0.0,1.39,30.0,0.0,4.0,0.22,77.0,11.0,161.0,0.0,159.0,55.0,9.0,Max Hans Rehberg,Gregoire Delattre,M25 Brussels (Bélgica),2026-06-25,Clay,Regular,victorias,,,,,player1,True,False,False
0.17582417582417584,0,9.0,0.02,0.0,0.0,0,32.0,1511,0.0,-95,1606,135.0,0.19,1.42,55.0,1.25,-149.0,0.09,181.0,1.0,135.0,0.0,200.0,50.0,1.0,Noah Martens,Olle Wallin,M25 Brussels (Bélgica),2026-06-25,Clay,Regular,derrotas,Regular,derrotas,,,player2,True,False,False
0.17582417582417584,0,9.0,0.02,0.0,0.0,0,32.0,1511,0.0,-95,1606,135.0,0.19,1.42,55.0,1.25,-149.0,0.09,181.0,1.0,135.0,0.0,200.0,50.0,1.0,Noah Martens,Olle Wallin,M25 Brussels (Bélgica),2026-06-25,Clay,Regular,derrotas,Regular,derrotas,,,player2,True,False,False
0.17582417582417584,0,9.0,0.02,0.0,0.0,0,32.0,1511,0.0,-95,1606,135.0,0.19,1.42,55.0,1.25,-149.0,0.09,181.0,1.0,135.0,0.0,200.0,50.0,1.0,Noah Martens,Olle Wallin,M25 Brussels (Bélgica),2026-06-25,Clay,Regular,derrotas,Regular,derrotas,,,player2,True,False,False
0.17582417582417584,0,9.0,0.02,0.0,0.0,0,32.0,1511,0.0,-95,1606,135.0,0.19,1.42,55.0,1.25,-149.0,0.09,181.0,1.0,135.0,0.0,200.0,50.0,1.0,Noah Martens,Olle Wallin,M25 Brussels (Bélgica),2026-06-25,Clay,Regular,derrotas,Regular,derrotas,,,player2,True,False,False
7.88,5,11.0,0.03,0.02,15.375,0,197.0,1634,0.18,5,1629,217.0,0.16,1.31,45.0,1.27,173.0,0.12,24.0,11.0,217.0,4.2250000000000005,132.0,55.0,9.0,Oscar Weightman,Edward Winter,M25 Bakio (España),2026-06-25,Hard,Regular,victorias,Regular,victorias,,,player1,False,False,True
7.88,5,11.0,0.03,0.02,15.375,0,197.0,1634,0.18,5,1629,217.0,0.16,1.31,45.0,1.27,173.0,0.12,24.0,11.0,217.0,4.2250000000000005,132.0,55.0,9.0,Oscar Weightman,Edward Winter,M25 Bakio (España),2026-06-25,Hard,Regular,victorias,Regular,victorias,,,player1,False,False,True
7.88,5,11.0,0.03,0.02,15.375,0,197.0,1634,0.18,5,1629,217.0,0.16,1.31,45.0,1.27,173.0,0.12,24.0,11.0,217.0,4.2250000000000005,132.0,55.0,9.0,Oscar Weightman,Edward Winter,M25 Bakio (España),2026-06-25,Hard,Regular,victorias,Regular,victorias,,,player1,False,False,True
7.88,5,11.0,0.03,0.02,15.375,0,197.0,1634,0.18,5,1629,217.0,0.16,1.31,45.0,1.27,173.0,0.12,24.0,11.0,217.0,4.2250000000000005,132.0,55.0,9.0,Oscar Weightman,Edward Winter,M25 Bakio (España),2026-06-25,Hard,Regular,victorias,Regular,victorias,,,player1,False,False,True
0.96875,42,11.0,0.05,0.03,139.74999999999997,3,62.0,2019,0.46,267,1752,168.0,0.27,1.42,45.0,1.08,-1.0,0.27,63.0,14.0,168.0,116.5827,169.0,70.0,6.0,Karolina Muchova,Clara Tauson,Bad Homburg (Alemania),2026-06-25,Grass,Buena,derrotas,Regular,victorias,,,player1,False,True,False
0.96875,42,11.0,0.05,0.03,139.74999999999997,3,62.0,2019,0.46,267,1752,168.0,0.27,1.42,45.0,1.08,-1.0,0.27,63.0,14.0,168.0,116.5827,169.0,70.0,6.0,Karolina Muchova,Clara Tauson,Bad Homburg (Alemania),2026-06-25,Grass,Buena,derrotas,Regular,victorias,,,player1,False,True,False
0.96875,42,11.0,0.05,0.03,139.74999999999997,3,62.0,2019,0.46,267,1752,168.0,0.27,1.42,45.0,1.08,-1.0,0.27,63.0,14.0,168.0,116.5827,169.0,70.0,6.0,Karolina Muchova,Clara Tauson,Bad Homburg (Alemania),2026-06-25,Grass,Buena,derrotas,Regular,victorias,,,player1,False,True,False
0.96875,42,11.0,0.05,0.03,139.74999999999997,3,62.0,2019,0.46,267,1752,168.0,0.27,1.42,45.0,1.08,-1.0,0.27,63.0,14.0,168.0,116.5827,169.0,70.0,6.0,Karolina Muchova,Clara Tauson,Bad Homburg (Alemania),2026-06-25,Grass,Buena,derrotas,Regular,victorias,,,player1,False,True,False
0.41414141414141414,11,6.0,0.12,0.07,10.665000000000001,1,41.0,1733,0.4,8,1725,152.0,0.13,0.93,70.0,0.93,-57.0,0.12,98.0,14.0,152.0,22.5197,187.0,70.0,6.0,Petr Nesterov,Tommaso Compagnucci,Plovdiv (Bulgaria),2026-06-25,Clay,Buena,victorias,Buena,victorias,,,player1,True,False,False
0.5785714285714286,2,10.0,0.0,0.02,0.0,1,81.0,1618,0.0,38,1580,142.0,0.0,1.32,50.0,1.29,-58.0,0.0,139.0,11.0,142.0,1.7009999999999998,159.0,55.0,9.0,Nino Ehrenschneider,Fons Van Sambeek,M15 Alkmaar (Países Bajos),2026-06-25,Clay,Regular,derrotas,Regular,derrotas,,,player2,True,False,False
3.3333333333333335,18,7.0,0.03,0.06,7.549999999999999,0,200.0,1861,0.13,78,1783,171.0,0.27,1.38,65.0,1.4,141.0,0.27,59.0,12.0,171.0,19.2851,132.0,60.0,8.0,Caty Mcnally,Petra Marcinko,Eastbourne (Reino Unido),2026-06-25,Grass,Buena,victorias,Buena,victorias,,,player2,False,True,False
0.98989898989899,11,8.0,0.02,0.02,16.25,3,98.0,1636,0.52,13,1623,152.0,0.17,1.03,60.0,0.97,0.0,0.38,98.0,12.0,152.0,28.8612,152.0,60.0,8.0,Federico Arnaboldi,Giorgio Tabacco,M15 Bergamo (Italia),2026-06-25,Clay,Buena,victorias,Buena,derrotas,,,player1,True,False,False
0.9935483870967742,2,11.0,0.02,0.01,8.0,3,154.0,1477,0.29,-131,1608,139.0,0.0,1.12,45.0,1.27,0.0,0.0,154.0,4.0,139.0,0.0,139.0,26.7,11.0,Adam Majchrzak,Karol Filar,M15 Rzeszow (Polonia),2026-06-25,Clay,Mala,derrotas,Regular,derrotas,,,player2,True,False,False
0.9950248756218906,0,11.0,0.01,0.0,0.0,3,200.0,1328,0.0,-200,1528,132.0,0.16,1.04,45.0,1.43,0.0,0.09,200.0,5.0,132.0,0.0,132.0,25.0,15.0,Paola Lopez,Salma Ewing,"W15 Claremont, CA (Estados Unidos)",2026-06-25,Hard,Mala,derrotas,Regular,victorias,,,player2,False,False,True
0.9950248756218906,0,4.0,0.01,0.03,0.0,3,200.0,1705,0.0,147,1558,132.0,0.0,1.55,55.6,1.24,0.0,0.13,200.0,14.0,132.0,0.0,132.0,70.0,6.0,Anne-Christine Lutkemeyer,Brandelyn Fulgenzi,"W15 Claremont, CA (Estados Unidos)",2026-06-25,Hard,Buena,victorias,Regular,derrotas,,,player1,False,False,True
0.9950248756218906,5,14.0,0.0,0.01,6.5,3,200.0,1503,0.12,65,1438,132.0,0.15,1.11,30.0,1.11,0.0,0.12,200.0,6.0,132.0,6.5607,132.0,30.0,14.0,Midori Castillo Meza,Kelly Keller,"W15 Claremont, CA (Estados Unidos)",2026-06-25,Hard,Mala,derrotas,Mala,derrotas,,,player1,False,False,True
0.9950248756218906,5,14.0,0.0,0.01,6.5,3,200.0,1503,0.12,65,1438,132.0,0.15,1.11,30.0,1.11,0.0,0.12,200.0,6.0,132.0,6.5607,132.0,30.0,14.0,Midori Castillo Meza,Kelly Keller,"W15 Claremont, CA (Estados Unidos)",2026-06-25,Hard,Mala,derrotas,Mala,derrotas,,,player1,False,False,True
0.9950248756218906,5,14.0,0.0,0.01,6.5,3,200.0,1503,0.12,65,1438,132.0,0.15,1.11,30.0,1.11,0.0,0.12,200.0,6.0,132.0,6.5607,132.0,30.0,14.0,Midori Castillo Meza,Kelly Keller,"W15 Claremont, CA (Estados Unidos)",2026-06-25,Hard,Mala,derrotas,Mala,derrotas,,,player1,False,False,True
0.9950248756218906,5,14.0,0.0,0.01,6.5,3,200.0,1503,0.12,65,1438,132.0,0.15,1.11,30.0,1.11,0.0,0.12,200.0,6.0,132.0,6.5607,132.0,30.0,14.0,Midori Castillo Meza,Kelly Keller,"W15 Claremont, CA (Estados Unidos)",2026-06-25,Hard,Mala,derrotas,Mala,derrotas,,,player1,False,False,True
0.9950248756218906,0,13.0,0.01,0.01,0.0,3,200.0,1483,0.0,15,1468,132.0,0.14,1.33,35.0,1.12,0.0,0.0,200.0,3.0,132.0,0.0,132.0,37.5,5.0,Avery Nguyen,Amy Zhu,"W15 Claremont, CA (Estados Unidos)",2026-06-25,Hard,Mala,derrotas,Mala,derrotas,,,player2,False,False,True
0.9950248756218906,0,3.0,0.03,0.01,0.0,3,200.0,1513,0.0,-55,1568,132.0,0.0,1.32,62.5,1.38,0.0,0.09,200.0,1.0,132.0,0.0,132.0,50.0,1.0,Caroline Driscoll,Thara Gowda,"W15 Claremont, CA (Estados Unidos)",2026-06-25,Hard,Regular,derrotas,Buena,derrotas,,,player2,False,False,True
0.9950248756218906,1,6.0,0.0,0.01,0.0,3,200.0,1636,0.0,197,1439,132.0,0.09,1.25,14.3,1.03,0.0,0.22,200.0,12.0,132.0,3.25,132.0,60.0,8.0,Alyssa Ahn,Anya Arora,"W15 Claremont, CA (Estados Unidos)",2026-06-25,Hard,Buena,derrotas,Mala,derrotas,,,player1,False,False,True
0.9950248756218906,1,13.0,0.01,0.01,6.5,3,200.0,1513,0.1,-28,1541,132.0,0.18,1.3,35.0,1.26,0.0,0.0,200.0,2.0,132.0,0.0,132.0,50.0,2.0,Brooke Kwon,Alexis Nguyen,"W15 Claremont, CA (Estados Unidos)",2026-06-25,Hard,Regular,derrotas,Mala,victorias,,,player2,False,False,True
0.23383084577114427,2,10.0,0.0,0.02,0.0,0,47.0,1605,0.0,157,1448,132.0,0.12,1.55,28.6,1.01,-153.0,0.17,200.0,11.0,132.0,6.5371,181.0,55.0,9.0,Alexandra Vagramov,Sophie Suh,"W15 Claremont, CA (Estados Unidos)",2026-06-25,Hard,Regular,victorias,Mala,victorias,,,player1,False,False,True
0.5252525252525253,2,8.0,0.02,0.04,0.0,2,52.0,1632,0.0,-20,1652,152.0,0.22,1.13,60.0,1.15,-46.0,0.44,98.0,9.0,152.0,4.2250000000000005,176.0,45.0,11.0,Fangran Tian,Viola Turini,W50 Palma del Rio (España),2026-06-25,Hard,Regular,victorias,Buena,victorias,,,player1,False,False,True
1.4528301886792452,7,9.0,0.05,0.02,18.7,2,77.0,1557,0.22,-104,1661,176.0,0.23,1.09,55.0,1.28,25.0,0.23,52.0,6.0,176.0,7.8084,161.0,30.0,14.0,Tiphanie Lemaitre,Han Shi,W50 Palma del Rio (España),2026-06-25,Hard,Mala,derrotas,Regular,victorias,,,player2,False,False,True
0.13559322033898305,0,12.0,0.01,0.02,0.0,0,24.0,1576,0.0,72,1504,135.0,0.0,0.95,40.0,0.87,-152.0,0.62,176.0,9.0,135.0,0.0,217.0,45.0,11.0,Elena Micic,Meritxell Teixido Garcia,W50 Palma del Rio (España),2026-06-25,Hard,Regular,victorias,Regular,victorias,,,player1,False,False,True
0.13559322033898305,0,12.0,0.01,0.02,0.0,0,24.0,1576,0.0,72,1504,135.0,0.0,0.95,40.0,0.87,-152.0,0.62,176.0,9.0,135.0,0.0,217.0,45.0,11.0,Elena Micic,Meritxell Teixido Garcia,W50 Palma del Rio (España),2026-06-25,Hard,Regular,victorias,Regular,victorias,,,player1,False,False,True
0.13559322033898305,0,12.0,0.01,0.02,0.0,0,24.0,1576,0.0,72,1504,135.0,0.0,0.95,40.0,0.87,-152.0,0.62,176.0,9.0,135.0,0.0,217.0,45.0,11.0,Elena Micic,Meritxell Teixido Garcia,W50 Palma del Rio (España),2026-06-25,Hard,Regular,victorias,Regular,victorias,,,player1,False,False,True
0.13559322033898305,0,12.0,0.01,0.02,0.0,0,24.0,1576,0.0,72,1504,135.0,0.0,0.95,40.0,0.87,-152.0,0.62,176.0,9.0,135.0,0.0,217.0,45.0,11.0,Elena Micic,Meritxell Teixido Garcia,W50 Palma del Rio (España),2026-06-25,Hard,Regular,victorias,Regular,victorias,,,player1,False,False,True
0.7595628415300546,8,9.0,0.01,0.03,1.5,2,139.0,1733,0.07,135,1598,134.0,0.17,1.38,55.0,1.13,-43.0,0.23,182.0,14.0,134.0,28.2681,142.0,70.0,6.0,Eva Vedder,Chelsea Fontenel,W50 Palma del Rio (España),2026-06-25,Hard,Buena,victorias,Regular,victorias,,,player1,False,False,True
0.7595628415300546,8,9.0,0.01,0.03,1.5,2,139.0,1733,0.07,135,1598,134.0,0.17,1.38,55.0,1.13,-43.0,0.23,182.0,14.0,134.0,28.2681,142.0,70.0,6.0,Eva Vedder,Chelsea Fontenel,W50 Palma del Rio (España),2026-06-25,Hard,Buena,victorias,Regular,victorias,,,player1,False,False,True
0.7595628415300546,8,9.0,0.01,0.03,1.5,2,139.0,1733,0.07,135,1598,134.0,0.17,1.38,55.0,1.13,-43.0,0.23,182.0,14.0,134.0,28.2681,142.0,70.0,6.0,Eva Vedder,Chelsea Fontenel,W50 Palma del Rio (España),2026-06-25,Hard,Buena,victorias,Regular,victorias,,,player1,False,False,True
0.7595628415300546,8,9.0,0.01,0.03,1.5,2,139.0,1733,0.07,135,1598,134.0,0.17,1.38,55.0,1.13,-43.0,0.23,182.0,14.0,134.0,28.2681,142.0,70.0,6.0,Eva Vedder,Chelsea Fontenel,W50 Palma del Rio (España),2026-06-25,Hard,Buena,victorias,Regular,victorias,,,player1,False,False,True
0.4476744186046512,5,11.0,0.03,0.02,6.5,1,77.0,1599,0.12,-9,1608,136.0,0.22,1.26,45.0,1.22,-94.0,0.24,171.0,9.0,136.0,4.7696,161.0,45.0,11.0,Amandine Hesse,Viktoria Morvayova,W50 Palma del Rio (España),2026-06-25,Hard,Regular,victorias,Regular,derrotas,,,player1,False,False,True
0.10945273631840796,2,9.0,0.04,0.01,0.0,0,22.0,1525,0.0,-96,1621,132.0,0.19,1.25,55.0,1.35,-178.0,0.0,200.0,7.0,132.0,0.0,223.0,35.0,13.0,Berta Bonardi,Carolyn Ansari,W50 Palma del Rio (España),2026-06-25,Hard,Mala,victorias,Regular,victorias,,,player2,False,False,True
0.9900990099009901,11,6.0,0.02,0.02,16.965,3,100.0,1563,0.25,-125,1688,152.0,0.19,1.11,70.0,1.37,0.0,0.17,100.0,10.0,152.0,8.477,152.0,50.0,10.0,Shiho Tsujioka,Sae Noguchi,W15 Sapporo 2 (Japón),2026-06-25,Hard,Regular,victorias,Buena,victorias,,,player2,False,False,True
2.0,4,12.0,0.02,0.02,0.0,1,106.0,1597,0.0,40,1557,176.0,0.19,1.37,40.0,1.11,54.0,0.23,52.0,9.0,176.0,6.545,150.0,45.0,11.0,Gaeul Jang,Ying Zhang,W15 Sapporo 2 (Japón),2026-06-25,Hard,Regular,victorias,Regular,derrotas,,,player1,False,False,True
0.9900990099009901,6,9.0,0.02,0.07,19.5,3,100.0,1724,0.21,139,1585,152.0,0.2,1.14,55.0,0.89,0.0,0.24,100.0,13.0,152.0,0.0,152.0,65.0,7.0,Ayumi Miyamoto,Mayuka Aikawa,W15 Sapporo 2 (Japón),2026-06-25,Hard,Buena,victorias,Regular,victorias,,,player1,False,False,True
0.1509433962264151,6,6.0,0.08,0.05,1.69,2,8.0,1642,0.07,-67,1709,176.0,0.21,1.08,70.0,0.91,-44.0,0.24,52.0,9.0,176.0,22.7672,319.0,45.0,11.0,Evialina Laskevich,Jiayi Wang,W15 Maanshan 3 (China),2026-06-25,Hard,Regular,victorias,Buena,victorias,,,player1,False,False,True
0.55,0,2.4503984405420116,0.0,0.02,0.0,2,22.0,1599,0.0,99,1500,190.0,0.0,1.29,6.526792982439052,0.0,-17.0,0.21,39.0,10.0,190.0,0.0,223.0,50.0,10.0,Nicolas Kicker,Bruno Fernandez,Piracicaba (Brasil),2026-06-25,Clay,Regular,derrotas,,,,,player1,True,False,False
0.55,0,2.4503984405420116,0.0,0.02,0.0,2,22.0,1599,0.0,99,1500,190.0,0.0,1.29,6.526792982439052,0.0,-17.0,0.21,39.0,10.0,190.0,0.0,223.0,50.0,10.0,Nicolas Kicker,Bruno Fernandez,Piracicaba (Brasil),2026-06-25,Clay,Regular,derrotas,,,,,player1,True,False,False
0.55,0,2.4503984405420116,0.0,0.02,0.0,2,22.0,1599,0.0,99,1500,190.0,0.0,1.29,6.526792982439052,0.0,-17.0,0.21,39.0,10.0,190.0,0.0,223.0,50.0,10.0,Nicolas Kicker,Bruno Fernandez,Piracicaba (Brasil),2026-06-25,Clay,Regular,derrotas,,,,,player1,True,False,False
0.55,0,2.4503984405420116,0.0,0.02,0.0,2,22.0,1599,0.0,99,1500,190.0,0.0,1.29,6.526792982439052,0.0,-17.0,0.21,39.0,10.0,190.0,0.0,223.0,50.0,10.0,Nicolas Kicker,Bruno Fernandez,Piracicaba (Brasil),2026-06-25,Clay,Regular,derrotas,,,,,player1,True,False,False
0.5252525252525253,2,8.0,0.02,0.04,0.0,2,52.0,1632,0.0,-20,1652,152.0,0.22,1.13,60.0,1.15,-46.0,0.43,98.0,9.0,152.0,4.2250000000000005,176.0,45.0,11.0,Fangran Tian,Viola Turini,W50 Palma del Rio (España),2026-06-25,Hard,Regular,victorias,Buena,victorias,,,player1,False,False,True
1.4528301886792452,7,9.0,0.05,0.02,18.7,2,77.0,1557,0.22,-104,1661,176.0,0.23,1.09,55.0,1.28,25.0,0.23,52.0,6.0,176.0,7.8084,161.0,30.0,14.0,Tiphanie Lemaitre,Han Shi,W50 Palma del Rio (España),2026-06-25,Hard,Mala,derrotas,Regular,victorias,,,player2,False,False,True
0.13559322033898305,0,12.0,0.01,0.02,0.0,0,24.0,1576,0.0,72,1504,135.0,0.0,0.96,40.0,0.88,-152.0,0.59,176.0,9.0,135.0,0.0,217.0,45.0,11.0,Elena Micic,Meritxell Teixido Garcia,W50 Palma del Rio (España),2026-06-25,Hard,Regular,victorias,Regular,victorias,,,player1,False,False,True
0.13559322033898305,0,12.0,0.01,0.02,0.0,0,24.0,1576,0.0,72,1504,135.0,0.0,0.96,40.0,0.88,-152.0,0.59,176.0,9.0,135.0,0.0,217.0,45.0,11.0,Elena Micic,Meritxell Teixido Garcia,W50 Palma del Rio (España),2026-06-25,Hard,Regular,victorias,Regular,victorias,,,player1,False,False,True
0.13559322033898305,0,12.0,0.01,0.02,0.0,0,24.0,1576,0.0,72,1504,135.0,0.0,0.96,40.0,0.88,-152.0,0.59,176.0,9.0,135.0,0.0,217.0,45.0,11.0,Elena Micic,Meritxell Teixido Garcia,W50 Palma del Rio (España),2026-06-25,Hard,Regular,victorias,Regular,victorias,,,player1,False,False,True
0.13559322033898305,0,12.0,0.01,0.02,0.0,0,24.0,1576,0.0,72,1504,135.0,0.0,0.96,40.0,0.88,-152.0,0.59,176.0,9.0,135.0,0.0,217.0,45.0,11.0,Elena Micic,Meritxell Teixido Garcia,W50 Palma del Rio (España),2026-06-25,Hard,Regular,victorias,Regular,victorias,,,player1,False,False,True
0.7595628415300546,8,9.0,0.01,0.03,1.5,2,139.0,1733,0.07,135,1598,134.0,0.17,1.38,55.0,1.13,-43.0,0.22,182.0,14.0,134.0,28.2681,142.0,70.0,6.0,Eva Vedder,Chelsea Fontenel,W50 Palma del Rio (España),2026-06-25,Hard,Buena,victorias,Regular,victorias,,,player1,False,False,True
0.7595628415300546,8,9.0,0.01,0.03,1.5,2,139.0,1733,0.07,135,1598,134.0,0.17,1.38,55.0,1.13,-43.0,0.22,182.0,14.0,134.0,28.2681,142.0,70.0,6.0,Eva Vedder,Chelsea Fontenel,W50 Palma del Rio (España),2026-06-25,Hard,Buena,victorias,Regular,victorias,,,player1,False,False,True
0.7595628415300546,8,9.0,0.01,0.03,1.5,2,139.0,1733,0.07,135,1598,134.0,0.17,1.38,55.0,1.13,-43.0,0.22,182.0,14.0,134.0,28.2681,142.0,70.0,6.0,Eva Vedder,Chelsea Fontenel,W50 Palma del Rio (España),2026-06-25,Hard,Buena,victorias,Regular,victorias,,,player1,False,False,True
0.7595628415300546,8,9.0,0.01,0.03,1.5,2,139.0,1733,0.07,135,1598,134.0,0.17,1.38,55.0,1.13,-43.0,0.22,182.0,14.0,134.0,28.2681,142.0,70.0,6.0,Eva Vedder,Chelsea Fontenel,W50 Palma del Rio (España),2026-06-25,Hard,Buena,victorias,Regular,victorias,,,player1,False,False,True
0.4476744186046512,5,11.0,0.03,0.02,6.5,1,77.0,1599,0.12,-9,1608,136.0,0.22,1.26,45.0,1.22,-94.0,0.24,171.0,9.0,136.0,4.7696,161.0,45.0,11.0,Amandine Hesse,Viktoria Morvayova,W50 Palma del Rio (España),2026-06-25,Hard,Regular,victorias,Regular,derrotas,,,player1,False,False,True
0.10945273631840796,2,9.0,0.04,0.01,0.0,0,22.0,1525,0.0,-96,1621,132.0,0.19,1.25,55.0,1.35,-178.0,0.0,200.0,7.0,132.0,0.0,223.0,35.0,13.0,Berta Bonardi,Carolyn Ansari,W50 Palma del Rio (España),2026-06-25,Hard,Mala,victorias,Regular,victorias,,,player2,False,False,True
0.9950248756218906,1,6.0,0.0,0.01,0.0,3,200.0,1635,0.0,203,1432,132.0,0.0,1.25,14.3,1.03,0.0,0.21,200.0,12.0,132.0,3.25,132.0,60.0,8.0,Alyssa Ahn,Anya Arora,"W15 Claremont, CA (Estados Unidos)",2026-06-25,Hard,Buena,derrotas,Mala,derrotas,,,player1,False,False,True
0.9950248756218906,0,3.0,0.03,0.01,0.0,3,200.0,1513,0.0,-55,1568,132.0,0.0,1.32,62.5,1.38,0.0,0.13,200.0,1.0,132.0,0.0,132.0,50.0,1.0,Caroline Driscoll,Thara Gowda,"W15 Claremont, CA (Estados Unidos)",2026-06-25,Hard,Regular,derrotas,Buena,derrotas,,,player2,False,False,True
0.23383084577114427,2,10.0,0.0,0.02,0.0,0,47.0,1605,0.0,157,1448,132.0,0.12,1.55,28.6,1.01,-153.0,0.17,200.0,11.0,132.0,6.5371,181.0,55.0,9.0,Alexandra Vagramov,Sophie Suh,"W15 Claremont, CA (Estados Unidos)",2026-06-25,Hard,Regular,victorias,Mala,victorias,,,player1,False,False,True
0.9900990099009901,11,6.0,0.02,0.02,16.965,3,100.0,1562,0.25,-126,1688,152.0,0.19,1.11,70.0,1.37,0.0,0.14,100.0,10.0,152.0,8.477,152.0,50.0,10.0,Shiho Tsujioka,Sae Noguchi,W15 Sapporo 2 (Japón),2026-06-25,Hard,Regular,victorias,Buena,victorias,,,player2,False,False,True
2.0,4,12.0,0.02,0.02,0.0,1,106.0,1597,0.0,40,1557,176.0,0.19,1.37,40.0,1.11,54.0,0.23,52.0,9.0,176.0,6.545,150.0,45.0,11.0,Gaeul Jang,Ying Zhang,W15 Sapporo 2 (Japón),2026-06-25,Hard,Regular,victorias,Regular,derrotas,,,player1,False,False,True
0.9900990099009901,6,9.0,0.02,0.07,19.5,3,100.0,1724,0.21,139,1585,152.0,0.2,1.14,55.0,0.89,0.0,0.24,100.0,13.0,152.0,0.0,152.0,65.0,7.0,Ayumi Miyamoto,Mayuka Aikawa,W15 Sapporo 2 (Japón),2026-06-25,Hard,Buena,victorias,Regular,victorias,,,player1,False,False,True
0.1509433962264151,6,6.0,0.08,0.05,1.69,2,8.0,1642,0.07,-67,1709,176.0,0.21,1.08,70.0,0.91,-44.0,0.24,52.0,9.0,176.0,22.7672,319.0,45.0,11.0,Evialina Laskevich,Jiayi Wang,W15 Maanshan 3 (China),2026-06-25,Hard,Regular,victorias,Buena,victorias,,,player1,False,False,True
0.9936708860759493,4,7.0,0.02,0.01,14.5,3,157.0,1515,0.44,-98,1613,138.0,0.19,1.15,65.0,1.44,0.0,0.18,157.0,9.0,138.0,0.0017,138.0,45.0,11.0,Irina Fetecau,Giulia Safina Popa,W15 Galati (Rumanía),2026-06-25,Clay,Regular,derrotas,Buena,derrotas,,,player2,True,False,False
0.9936708860759493,4,7.0,0.02,0.01,14.5,3,157.0,1515,0.44,-98,1613,138.0,0.19,1.15,65.0,1.44,0.0,0.18,157.0,9.0,138.0,0.0017,138.0,45.0,11.0,Irina Fetecau,Giulia Safina Popa,W15 Galati (Rumanía),2026-06-25,Clay,Regular,derrotas,Buena,derrotas,,,player2,True,False,False
0.9936708860759493,4,7.0,0.02,0.01,14.5,3,157.0,1515,0.44,-98,1613,138.0,0.19,1.15,65.0,1.44,0.0,0.18,157.0,9.0,138.0,0.0017,138.0,45.0,11.0,Irina Fetecau,Giulia Safina Popa,W15 Galati (Rumanía),2026-06-25,Clay,Regular,derrotas,Buena,derrotas,,,player2,True,False,False
0.620253164556962,2,13.0,0.01,0.0,0.0,1,98.0,1554,0.0,56,1498,138.0,0.0,1.28,35.0,1.2,-59.0,0.19,157.0,8.0,138.0,0.0,152.0,40.0,12.0,Lavinia Luciano,Anastasia Safta,W15 Galati (Rumanía),2026-06-25,Clay,Regular,victorias,Mala,derrotas,,,player2,True,False,False
0.620253164556962,2,13.0,0.01,0.0,0.0,1,98.0,1554,0.0,56,1498,138.0,0.0,1.28,35.0,1.2,-59.0,0.19,157.0,8.0,138.0,0.0,152.0,40.0,12.0,Lavinia Luciano,Anastasia Safta,W15 Galati (Rumanía),2026-06-25,Clay,Regular,victorias,Mala,derrotas,,,player2,True,False,False
0.620253164556962,2,13.0,0.01,0.0,0.0,1,98.0,1554,0.0,56,1498,138.0,0.0,1.28,35.0,1.2,-59.0,0.19,157.0,8.0,138.0,0.0,152.0,40.0,12.0,Lavinia Luciano,Anastasia Safta,W15 Galati (Rumanía),2026-06-25,Clay,Regular,victorias,Mala,derrotas,,,player2,True,False,False
0.7929292929292929,1,10.0,0.02,0.01,3.25,2,157.0,1576,0.19,-3,1579,132.0,0.14,1.34,50.0,1.31,-40.0,0.16,197.0,11.0,132.0,0.0,138.0,55.0,9.0,Sara Victoria Balan,Allegra Korpanec Davies,W15 Galati (Rumanía),2026-06-25,Clay,Regular,derrotas,Regular,derrotas,,,player1,True,False,False
0.7929292929292929,1,10.0,0.02,0.01,3.25,2,157.0,1576,0.19,-3,1579,132.0,0.14,1.34,50.0,1.31,-40.0,0.16,197.0,11.0,132.0,0.0,138.0,55.0,9.0,Sara Victoria Balan,Allegra Korpanec Davies,W15 Galati (Rumanía),2026-06-25,Clay,Regular,derrotas,Regular,derrotas,,,player1,True,False,False
0.7929292929292929,1,10.0,0.02,0.01,3.25,2,157.0,1576,0.19,-3,1579,132.0,0.14,1.34,50.0,1.31,-40.0,0.16,197.0,11.0,132.0,0.0,138.0,55.0,9.0,Sara Victoria Balan,Allegra Korpanec Davies,W15 Galati (Rumanía),2026-06-25,Clay,Regular,derrotas,Regular,derrotas,,,player1,True,False,False
1.2857142857142858,4,11.0,0.02,0.01,0.0,2,81.0,1576,0.0,-6,1582,169.0,0.09,1.19,45.0,1.37,19.0,0.14,62.0,11.0,169.0,2.6428,159.0,55.0,9.0,Benito Sanchez Martinez,Jakub Filip,M15 Kamen (Alemania),2026-06-25,Clay,Regular,derrotas,Regular,victorias,,,player1,True,False,False
1.2857142857142858,4,11.0,0.02,0.01,0.0,2,81.0,1576,0.0,-6,1582,169.0,0.09,1.19,45.0,1.37,19.0,0.14,62.0,11.0,169.0,2.6428,159.0,55.0,9.0,Benito Sanchez Martinez,Jakub Filip,M15 Kamen (Alemania),2026-06-25,Clay,Regular,derrotas,Regular,victorias,,,player1,True,False,False
1.2857142857142858,4,11.0,0.02,0.01,0.0,2,81.0,1576,0.0,-6,1582,169.0,0.09,1.19,45.0,1.37,19.0,0.14,62.0,11.0,169.0,2.6428,159.0,55.0,9.0,Benito Sanchez Martinez,Jakub Filip,M15 Kamen (Alemania),2026-06-25,Clay,Regular,derrotas,Regular,victorias,,,player1,True,False,False
2.3780487804878048,3,10.0,0.03,0.06,0.0,0,195.0,1672,0.0,80,1592,159.0,0.0,1.19,50.0,0.92,114.0,0.16,81.0,13.0,159.0,0.9499999999999997,133.0,65.0,7.0,Oleksii Krutykh,Michel Hopp,M15 Kamen (Alemania),2026-06-25,Clay,Buena,victorias,Regular,victorias,,,player1,True,False,False
2.3780487804878048,3,10.0,0.03,0.06,0.0,0,195.0,1672,0.0,80,1592,159.0,0.0,1.19,50.0,0.92,114.0,0.16,81.0,13.0,159.0,0.9499999999999997,133.0,65.0,7.0,Oleksii Krutykh,Michel Hopp,M15 Kamen (Alemania),2026-06-25,Clay,Buena,victorias,Regular,victorias,,,player1,True,False,False
2.3780487804878048,3,10.0,0.03,0.06,0.0,0,195.0,1672,0.0,80,1592,159.0,0.0,1.19,50.0,0.92,114.0,0.16,81.0,13.0,159.0,0.9499999999999997,133.0,65.0,7.0,Oleksii Krutykh,Michel Hopp,M15 Kamen (Alemania),2026-06-25,Clay,Buena,victorias,Regular,victorias,,,player1,True,False,False
0.40298507462686567,1,9.0,0.02,0.01,6.175,0,81.0,1506,0.26,-100,1606,132.0,0.12,1.26,55.0,1.37,-119.0,0.16,200.0,7.0,132.0,0.0,159.0,35.0,13.0,Victoria Pohle,Kailey Evans,W15 Kamen (Alemania),2026-06-25,Clay,Mala,victorias,Regular,victorias,,,player1,True,False,False
0.40298507462686567,1,9.0,0.02,0.01,6.175,0,81.0,1506,0.26,-100,1606,132.0,0.12,1.26,55.0,1.37,-119.0,0.16,200.0,7.0,132.0,0.0,159.0,35.0,13.0,Victoria Pohle,Kailey Evans,W15 Kamen (Alemania),2026-06-25,Clay,Mala,victorias,Regular,victorias,,,player1,True,False,False
0.40298507462686567,1,9.0,0.02,0.01,6.175,0,81.0,1506,0.26,-100,1606,132.0,0.12,1.26,55.0,1.37,-119.0,0.16,200.0,7.0,132.0,0.0,159.0,35.0,13.0,Victoria Pohle,Kailey Evans,W15 Kamen (Alemania),2026-06-25,Clay,Mala,victorias,Regular,victorias,,,player1,True,False,False
2.3780487804878048,4,5.0,0.04,0.01,14.175,0,195.0,1629,0.4,-105,1734,159.0,0.17,1.34,75.0,1.39,114.0,0.14,81.0,11.0,159.0,0.0,133.0,55.0,9.0,Anastasiia Firman,Eva Marie Voracek,W15 Kamen (Alemania),2026-06-25,Clay,Regular,victorias,Excelente,derrotas,,,player2,True,False,False
2.3780487804878048,4,5.0,0.04,0.01,14.175,0,195.0,1629,0.4,-105,1734,159.0,0.17,1.34,75.0,1.39,114.0,0.14,81.0,11.0,159.0,0.0,133.0,55.0,9.0,Anastasiia Firman,Eva Marie Voracek,W15 Kamen (Alemania),2026-06-25,Clay,Regular,victorias,Excelente,derrotas,,,player2,True,False,False
2.3780487804878048,4,5.0,0.04,0.01,14.175,0,195.0,1629,0.4,-105,1734,159.0,0.17,1.34,75.0,1.39,114.0,0.14,81.0,11.0,159.0,0.0,133.0,55.0,9.0,Anastasiia Firman,Eva Marie Voracek,W15 Kamen (Alemania),2026-06-25,Clay,Regular,victorias,Excelente,derrotas,,,player2,True,False,False
1.7073170731707317,5,8.0,0.01,0.02,6.0,1,140.0,1680,0.32,20,1660,159.0,0.22,1.36,60.0,1.3,59.0,0.18,81.0,15.0,159.0,7.744599999999999,141.0,75.0,5.0,Valentina Ivanov,Mara Guth,W15 Kamen (Alemania),2026-06-25,Clay,Excelente,derrotas,Buena,derrotas,,,player1,True,False,False
1.7073170731707317,5,8.0,0.01,0.02,6.0,1,140.0,1680,0.32,20,1660,159.0,0.22,1.36,60.0,1.3,59.0,0.18,81.0,15.0,159.0,7.744599999999999,141.0,75.0,5.0,Valentina Ivanov,Mara Guth,W15 Kamen (Alemania),2026-06-25,Clay,Excelente,derrotas,Buena,derrotas,,,player1,True,False,False
1.7073170731707317,5,8.0,0.01,0.02,6.0,1,140.0,1680,0.32,20,1660,159.0,0.22,1.36,60.0,1.3,59.0,0.18,81.0,15.0,159.0,7.744599999999999,141.0,75.0,5.0,Valentina Ivanov,Mara Guth,W15 Kamen (Alemania),2026-06-25,Clay,Excelente,derrotas,Buena,derrotas,,,player1,True,False,False
0.359375,3,6.0,0.03,0.01,9.75,0,69.0,1542,0.13,-106,1648,133.0,0.09,1.25,70.0,1.37,-122.0,0.09,191.0,9.0,133.0,0.0,165.0,45.0,11.0,Jana Hossam Salah,Irem Kurt,W15 Kayseri 6 (Turquía),2026-06-25,Hard,Regular,derrotas,Buena,derrotas,,,player1,False,False,True
0.359375,3,6.0,0.03,0.01,9.75,0,69.0,1542,0.13,-106,1648,133.0,0.09,1.25,70.0,1.37,-122.0,0.09,191.0,9.0,133.0,0.0,165.0,45.0,11.0,Jana Hossam Salah,Irem Kurt,W15 Kayseri 6 (Turquía),2026-06-25,Hard,Regular,derrotas,Buena,derrotas,,,player1,False,False,True
0.359375,3,6.0,0.03,0.01,9.75,0,69.0,1542,0.13,-106,1648,133.0,0.09,1.25,70.0,1.37,-122.0,0.09,191.0,9.0,133.0,0.0,165.0,45.0,11.0,Jana Hossam Salah,Irem Kurt,W15 Kayseri 6 (Turquía),2026-06-25,Hard,Regular,derrotas,Buena,derrotas,,,player1,False,False,True
0.125,4,7.0,0.11,0.07,10.14,0,24.0,1686,0.15,-11,1697,133.0,0.21,0.92,65.0,1.17,-167.0,0.23,191.0,13.0,133.0,0.0,217.0,65.0,7.0,Alana Subasic,Deniz Dilek,W15 Kayseri 6 (Turquía),2026-06-25,Hard,Buena,derrotas,Buena,victorias,,,player1,False,False,True
0.125,4,7.0,0.11,0.07,10.14,0,24.0,1686,0.15,-11,1697,133.0,0.21,0.92,65.0,1.17,-167.0,0.23,191.0,13.0,133.0,0.0,217.0,65.0,7.0,Alana Subasic,Deniz Dilek,W15 Kayseri 6 (Turquía),2026-06-25,Hard,Buena,derrotas,Buena,victorias,,,player1,False,False,True
0.125,4,7.0,0.11,0.07,10.14,0,24.0,1686,0.15,-11,1697,133.0,0.21,0.92,65.0,1.17,-167.0,0.23,191.0,13.0,133.0,0.0,217.0,65.0,7.0,Alana Subasic,Deniz Dilek,W15 Kayseri 6 (Turquía),2026-06-25,Hard,Buena,derrotas,Buena,victorias,,,player1,False,False,True
1.015625,5,13.0,0.0,0.02,4.75,3,195.0,1547,0.1,80,1467,133.0,0.17,1.19,35.0,1.15,4.0,0.23,191.0,8.0,133.0,9.7556,133.0,40.0,12.0,Kateryna Lazarenko,Doga Turkmen,W15 Kayseri 6 (Turquía),2026-06-25,Hard,Regular,derrotas,Mala,derrotas,,,player1,False,False,True
1.015625,5,13.0,0.0,0.02,4.75,3,195.0,1547,0.1,80,1467,133.0,0.17,1.19,35.0,1.15,4.0,0.23,191.0,8.0,133.0,9.7556,133.0,40.0,12.0,Kateryna Lazarenko,Doga Turkmen,W15 Kayseri 6 (Turquía),2026-06-25,Hard,Regular,derrotas,Mala,derrotas,,,player1,False,False,True
1.015625,5,13.0,0.0,0.02,4.75,3,195.0,1547,0.1,80,1467,133.0,0.17,1.19,35.0,1.15,4.0,0.23,191.0,8.0,133.0,9.7556,133.0,40.0,12.0,Kateryna Lazarenko,Doga Turkmen,W15 Kayseri 6 (Turquía),2026-06-25,Hard,Regular,derrotas,Mala,derrotas,,,player1,False,False,True
3.6037735849056602,0,10.221040959766308,0.0,0.05,0.0,0,191.0,1642,0.0,142,1500,176.0,0.0,1.39,30.12667719407232,0.0,139.0,0.25,52.0,13.0,176.0,0.0,133.0,65.0,7.0,Duru Soke,Lan Mi,W15 Kayseri 6 (Turquía),2026-06-25,Hard,Buena,derrotas,,,,,player1,False,False,True
3.6037735849056602,0,10.221040959766308,0.0,0.05,0.0,0,191.0,1642,0.0,142,1500,176.0,0.0,1.39,30.12667719407232,0.0,139.0,0.25,52.0,13.0,176.0,0.0,133.0,65.0,7.0,Duru Soke,Lan Mi,W15 Kayseri 6 (Turquía),2026-06-25,Hard,Buena,derrotas,,,,,player1,False,False,True
3.6037735849056602,0,10.221040959766308,0.0,0.05,0.0,0,191.0,1642,0.0,142,1500,176.0,0.0,1.39,30.12667719407232,0.0,139.0,0.25,52.0,13.0,176.0,0.0,133.0,65.0,7.0,Duru Soke,Lan Mi,W15 Kayseri 6 (Turquía),2026-06-25,Hard,Buena,derrotas,,,,,player1,False,False,True
0.4129353233830846,3,9.0,0.02,0.03,7.8,0,83.0,1604,0.12,-27,1631,132.0,0.12,1.06,55.0,0.97,-117.0,0.09,200.0,10.0,132.0,8.480900000000002,158.0,50.0,10.0,Dimitris Azoidis,Keshav Chopra,M15 Kayseri 6 (Turquía),2026-06-25,Hard,Regular,victorias,Regular,derrotas,,,player2,False,False,True
0.4129353233830846,3,9.0,0.02,0.03,7.8,0,83.0,1604,0.12,-27,1631,132.0,0.12,1.06,55.0,0.97,-117.0,0.09,200.0,10.0,132.0,8.480900000000002,158.0,50.0,10.0,Dimitris Azoidis,Keshav Chopra,M15 Kayseri 6 (Turquía),2026-06-25,Hard,Regular,victorias,Regular,derrotas,,,player2,False,False,True
0.4129353233830846,3,9.0,0.02,0.03,7.8,0,83.0,1604,0.12,-27,1631,132.0,0.12,1.06,55.0,0.97,-117.0,0.09,200.0,10.0,132.0,8.480900000000002,158.0,50.0,10.0,Dimitris Azoidis,Keshav Chopra,M15 Kayseri 6 (Turquía),2026-06-25,Hard,Regular,victorias,Regular,derrotas,,,player2,False,False,True
2.0319148936170213,2,13.0,0.02,0.0,8.450000000000001,1,191.0,1416,0.11,-94,1510,154.0,0.0,1.1,35.0,1.19,98.0,0.0,93.0,5.0,154.0,0.0,133.0,25.0,15.0,Bora Sengul,Rethin Pranav Senthil Kumar,M15 Kayseri 6 (Turquía),2026-06-25,Hard,Mala,derrotas,Mala,derrotas,,,player2,False,False,True
2.0319148936170213,2,13.0,0.02,0.0,8.450000000000001,1,191.0,1416,0.11,-94,1510,154.0,0.0,1.1,35.0,1.19,98.0,0.0,93.0,5.0,154.0,0.0,133.0,25.0,15.0,Bora Sengul,Rethin Pranav Senthil Kumar,M15 Kayseri 6 (Turquía),2026-06-25,Hard,Mala,derrotas,Mala,derrotas,,,player2,False,False,True
2.0319148936170213,2,13.0,0.02,0.0,8.450000000000001,1,191.0,1416,0.11,-94,1510,154.0,0.0,1.1,35.0,1.19,98.0,0.0,93.0,5.0,154.0,0.0,133.0,25.0,15.0,Bora Sengul,Rethin Pranav Senthil Kumar,M15 Kayseri 6 (Turquía),2026-06-25,Hard,Mala,derrotas,Mala,derrotas,,,player2,False,False,True
0.55,1,11.0,0.01,0.01,0.0,1,77.0,1483,0.0,-47,1530,142.0,0.13,1.32,45.0,1.18,-62.0,0.0,139.0,3.0,142.0,0.0,161.0,37.5,5.0,Charlotte Narti,Merel Hoedt,W15 Alkmaar (Países Bajos),2026-06-25,Clay,Mala,derrotas,Regular,derrotas,,,player1,True,False,False
0.55,1,11.0,0.01,0.01,0.0,1,77.0,1483,0.0,-47,1530,142.0,0.13,1.32,45.0,1.18,-62.0,0.0,139.0,3.0,142.0,0.0,161.0,37.5,5.0,Charlotte Narti,Merel Hoedt,W15 Alkmaar (Países Bajos),2026-06-25,Clay,Mala,derrotas,Regular,derrotas,,,player1,True,False,False
0.55,1,11.0,0.01,0.01,0.0,1,77.0,1483,0.0,-47,1530,142.0,0.13,1.32,45.0,1.18,-62.0,0.0,139.0,3.0,142.0,0.0,161.0,37.5,5.0,Charlotte Narti,Merel Hoedt,W15 Alkmaar (Países Bajos),2026-06-25,Clay,Mala,derrotas,Regular,derrotas,,,player1,True,False,False
0.801980198019802,1,10.0,0.04,0.01,0.0,2,81.0,1584,0.0,-16,1600,152.0,0.0,1.2,50.0,1.44,-19.0,0.09,100.0,10.0,152.0,4.7753,159.0,50.0,10.0,Marc Majdandzic,Ryo Tabata,M15 Alkmaar (Países Bajos),2026-06-25,Clay,Regular,derrotas,Regular,victorias,,,player1,True,False,False
0.801980198019802,1,10.0,0.04,0.01,0.0,2,81.0,1584,0.0,-16,1600,152.0,0.0,1.2,50.0,1.44,-19.0,0.09,100.0,10.0,152.0,4.7753,159.0,50.0,10.0,Marc Majdandzic,Ryo Tabata,M15 Alkmaar (Países Bajos),2026-06-25,Clay,Regular,derrotas,Regular,victorias,,,player1,True,False,False
0.801980198019802,1,10.0,0.04,0.01,0.0,2,81.0,1584,0.0,-16,1600,152.0,0.0,1.2,50.0,1.44,-19.0,0.09,100.0,10.0,152.0,4.7753,159.0,50.0,10.0,Marc Majdandzic,Ryo Tabata,M15 Alkmaar (Países Bajos),2026-06-25,Clay,Regular,derrotas,Regular,victorias,,,player1,True,False,False
1.4047619047619047,7,9.0,0.01,0.02,4.75,2,118.0,1593,0.26,-15,1608,158.0,0.0,0.98,55.0,0.94,35.0,0.48,83.0,10.0,158.0,17.519,146.0,50.0,10.0,Oleg Prihodko,Dimitris Sakellaridis,M25 Zagreb (Croacia),2026-06-25,Clay,Regular,victorias,Regular,victorias,,,player1,True,False,False
1.4047619047619047,7,9.0,0.01,0.02,4.75,2,118.0,1593,0.26,-15,1608,158.0,0.0,0.98,55.0,0.94,35.0,0.48,83.0,10.0,158.0,17.519,146.0,50.0,10.0,Oleg Prihodko,Dimitris Sakellaridis,M25 Zagreb (Croacia),2026-06-25,Clay,Regular,victorias,Regular,victorias,,,player1,True,False,False
1.4047619047619047,7,9.0,0.01,0.02,4.75,2,118.0,1593,0.26,-15,1608,158.0,0.0,0.98,55.0,0.94,35.0,0.48,83.0,10.0,158.0,17.519,146.0,50.0,10.0,Oleg Prihodko,Dimitris Sakellaridis,M25 Zagreb (Croacia),2026-06-25,Clay,Regular,victorias,Regular,victorias,,,player1,True,False,False
0.04081632653061224,2,10.0,0.02,0.01,0.0,0,8.0,1554,0.0,-24,1578,133.0,0.0,1.29,50.0,1.33,-187.0,0.14,195.0,10.0,133.0,0.0,319.0,50.0,10.0,Arina Arifullina,Yelyzaveta Chainykova,W15 Monastir 19 (Túnez),2026-06-25,Hard,Regular,derrotas,Regular,victorias,,,player1,False,False,True
0.04081632653061224,2,10.0,0.02,0.01,0.0,0,8.0,1554,0.0,-24,1578,133.0,0.0,1.29,50.0,1.33,-187.0,0.14,195.0,10.0,133.0,0.0,319.0,50.0,10.0,Arina Arifullina,Yelyzaveta Chainykova,W15 Monastir 19 (Túnez),2026-06-25,Hard,Regular,derrotas,Regular,victorias,,,player1,False,False,True
0.04081632653061224,2,10.0,0.02,0.01,0.0,0,8.0,1554,0.0,-24,1578,133.0,0.0,1.29,50.0,1.33,-187.0,0.14,195.0,10.0,133.0,0.0,319.0,50.0,10.0,Arina Arifullina,Yelyzaveta Chainykova,W15 Monastir 19 (Túnez),2026-06-25,Hard,Regular,derrotas,Regular,victorias,,,player1,False,False,True
0.5273972602739726,1,9.0,0.02,0.02,4.75,1,77.0,1538,0.08,-51,1589,140.0,0.19,1.24,55.0,1.33,-68.0,0.19,145.0,8.0,140.0,0.0,161.0,40.0,12.0,Alyssa Reguer,Emily Sartz-Lunde,W15 Monastir 19 (Túnez),2026-06-25,Hard,Regular,derrotas,Regular,derrotas,,,player1,False,False,True
0.5273972602739726,1,9.0,0.02,0.02,4.75,1,77.0,1538,0.08,-51,1589,140.0,0.19,1.24,55.0,1.33,-68.0,0.19,145.0,8.0,140.0,0.0,161.0,40.0,12.0,Alyssa Reguer,Emily Sartz-Lunde,W15 Monastir 19 (Túnez),2026-06-25,Hard,Regular,derrotas,Regular,derrotas,,,player1,False,False,True
0.5273972602739726,1,9.0,0.02,0.02,4.75,1,77.0,1538,0.08,-51,1589,140.0,0.19,1.24,55.0,1.33,-68.0,0.19,145.0,8.0,140.0,0.0,161.0,40.0,12.0,Alyssa Reguer,Emily Sartz-Lunde,W15 Monastir 19 (Túnez),2026-06-25,Hard,Regular,derrotas,Regular,derrotas,,,player1,False,False,True
0.2682926829268293,1,10.0,0.03,0.01,0.0,1,22.0,1403,0.0,-177,1580,159.0,0.18,1.05,50.0,1.3,-59.0,0.12,81.0,4.0,159.0,0.0,223.0,20.0,16.0,Lourdes Ayala,Karla Bartel,W15 Monastir 19 (Túnez),2026-06-25,Hard,Mala,derrotas,Regular,derrotas,,,player2,False,False,True
0.2682926829268293,1,10.0,0.03,0.01,0.0,1,22.0,1403,0.0,-177,1580,159.0,0.18,1.05,50.0,1.3,-59.0,0.12,81.0,4.0,159.0,0.0,223.0,20.0,16.0,Lourdes Ayala,Karla Bartel,W15 Monastir 19 (Túnez),2026-06-25,Hard,Mala,derrotas,Regular,derrotas,,,player2,False,False,True
0.2682926829268293,1,10.0,0.03,0.01,0.0,1,22.0,1403,0.0,-177,1580,159.0,0.18,1.05,50.0,1.3,-59.0,0.12,81.0,4.0,159.0,0.0,223.0,20.0,16.0,Lourdes Ayala,Karla Bartel,W15 Monastir 19 (Túnez),2026-06-25,Hard,Mala,derrotas,Regular,derrotas,,,player2,False,False,True
2.3333333333333335,4,11.0,0.01,0.01,18.200000000000003,1,98.0,1524,0.47,15,1509,187.0,0.09,1.21,45.0,1.24,57.0,0.0,41.0,8.0,187.0,6.534,152.0,40.0,12.0,Giannicola Misasi,George Lazarov,M15 Kursumlijska Banja 6 (Serbia),2026-06-25,Clay,Regular,derrotas,Regular,derrotas,,,player1,True,False,False
2.3333333333333335,4,11.0,0.01,0.01,18.200000000000003,1,98.0,1524,0.47,15,1509,187.0,0.09,1.21,45.0,1.24,57.0,0.0,41.0,8.0,187.0,6.534,152.0,40.0,12.0,Giannicola Misasi,George Lazarov,M15 Kursumlijska Banja 6 (Serbia),2026-06-25,Clay,Regular,derrotas,Regular,derrotas,,,player1,True,False,False
2.3333333333333335,4,11.0,0.01,0.01,18.200000000000003,1,98.0,1524,0.47,15,1509,187.0,0.09,1.21,45.0,1.24,57.0,0.0,41.0,8.0,187.0,6.534,152.0,40.0,12.0,Giannicola Misasi,George Lazarov,M15 Kursumlijska Banja 6 (Serbia),2026-06-25,Clay,Regular,derrotas,Regular,derrotas,,,player1,True,False,False
0.4230769230769231,1,12.0,0.02,0.01,0.0,0,77.0,1535,0.0,-6,1541,135.0,0.0,1.27,40.0,1.24,-104.0,0.0,181.0,9.0,135.0,0.0,161.0,45.0,11.0,Charles Bertimon,Jonas Eriksson Ziverts,M15 Monastir 24 (Túnez),2026-06-25,Hard,Regular,derrotas,Regular,derrotas,,,player1,False,False,True
0.4230769230769231,1,12.0,0.02,0.01,0.0,0,77.0,1535,0.0,-6,1541,135.0,0.0,1.27,40.0,1.24,-104.0,0.0,181.0,9.0,135.0,0.0,161.0,45.0,11.0,Charles Bertimon,Jonas Eriksson Ziverts,M15 Monastir 24 (Túnez),2026-06-25,Hard,Regular,derrotas,Regular,derrotas,,,player1,False,False,True
0.4230769230769231,1,12.0,0.02,0.01,0.0,0,77.0,1535,0.0,-6,1541,135.0,0.0,1.27,40.0,1.24,-104.0,0.0,181.0,9.0,135.0,0.0,161.0,45.0,11.0,Charles Bertimon,Jonas Eriksson Ziverts,M15 Monastir 24 (Túnez),2026-06-25,Hard,Regular,derrotas,Regular,derrotas,,,player1,False,False,True
2.5641025641025643,0,11.0,0.01,0.02,0.0,0,200.0,1560,0.0,108,1452,161.0,0.0,1.35,31.2,1.09,123.0,0.14,77.0,8.0,161.0,0.0,132.0,40.0,12.0,Dominick Mosejczuk,Mathys Picard,M15 Monastir 24 (Túnez),2026-06-25,Hard,Regular,derrotas,Mala,derrotas,,,player2,False,False,True
2.5641025641025643,0,11.0,0.01,0.02,0.0,0,200.0,1560,0.0,108,1452,161.0,0.0,1.35,31.2,1.09,123.0,0.14,77.0,8.0,161.0,0.0,132.0,40.0,12.0,Dominick Mosejczuk,Mathys Picard,M15 Monastir 24 (Túnez),2026-06-25,Hard,Regular,derrotas,Mala,derrotas,,,player2,False,False,True
2.5641025641025643,0,11.0,0.01,0.02,0.0,0,200.0,1560,0.0,108,1452,161.0,0.0,1.35,31.2,1.09,123.0,0.14,77.0,8.0,161.0,0.0,132.0,40.0,12.0,Dominick Mosejczuk,Mathys Picard,M15 Monastir 24 (Túnez),2026-06-25,Hard,Regular,derrotas,Mala,derrotas,,,player2,False,False,True
1.1299435028248588,2,8.0,0.03,0.01,11.25,2,200.0,1413,0.13,-251,1664,135.0,0.12,1.1,60.0,1.34,24.0,0.15,176.0,5.0,135.0,0.0,132.0,25.0,15.0,Alexander Frusina,Roger Pascual Ferra,M15 Monastir 24 (Túnez),2026-06-25,Hard,Mala,derrotas,Buena,derrotas,,,player2,False,False,True
1.1299435028248588,2,8.0,0.03,0.01,11.25,2,200.0,1413,0.13,-251,1664,135.0,0.12,1.1,60.0,1.34,24.0,0.15,176.0,5.0,135.0,0.0,132.0,25.0,15.0,Alexander Frusina,Roger Pascual Ferra,M15 Monastir 24 (Túnez),2026-06-25,Hard,Mala,derrotas,Buena,derrotas,,,player2,False,False,True
1.1299435028248588,2,8.0,0.03,0.01,11.25,2,200.0,1413,0.13,-251,1664,135.0,0.12,1.1,60.0,1.34,24.0,0.15,176.0,5.0,135.0,0.0,132.0,25.0,15.0,Alexander Frusina,Roger Pascual Ferra,M15 Monastir 24 (Túnez),2026-06-25,Hard,Mala,derrotas,Buena,derrotas,,,player2,False,False,True
0.98989898989899,12,13.0,0.02,0.07,1.5,3,98.0,1717,0.15,201,1516,152.0,0.0,1.03,35.0,0.66,0.0,0.14,98.0,13.0,152.0,21.3169,152.0,65.0,7.0,Massimo Giunta,Lorenzo Rottoli,M25 Tanger (Marruecos),2026-06-25,Clay,Buena,victorias,Mala,derrotas,,,player2,True,False,False
0.98989898989899,12,13.0,0.02,0.07,1.5,3,98.0,1717,0.15,201,1516,152.0,0.0,1.03,35.0,0.66,0.0,0.14,98.0,13.0,152.0,21.3169,152.0,65.0,7.0,Massimo Giunta,Lorenzo Rottoli,M25 Tanger (Marruecos),2026-06-25,Clay,Buena,victorias,Mala,derrotas,,,player2,True,False,False
0.98989898989899,12,13.0,0.02,0.07,1.5,3,98.0,1717,0.15,201,1516,152.0,0.0,1.03,35.0,0.66,0.0,0.14,98.0,13.0,152.0,21.3169,152.0,65.0,7.0,Massimo Giunta,Lorenzo Rottoli,M25 Tanger (Marruecos),2026-06-25,Clay,Buena,victorias,Mala,derrotas,,,player2,True,False,False
0.9936708860759493,4,7.0,0.02,0.01,14.5,3,157.0,1545,0.44,-85,1630,138.0,0.19,1.31,65.0,1.37,0.0,0.18,157.0,10.0,138.0,0.0017,138.0,50.0,10.0,Irina Fetecau,Giulia Safina Popa,W15 Galati (Rumanía),2026-06-25,Clay,Regular,victorias,Buena,victorias,,,player2,True,False,False
0.9936708860759493,4,7.0,0.02,0.01,14.5,3,157.0,1545,0.44,-85,1630,138.0,0.19,1.31,65.0,1.37,0.0,0.18,157.0,10.0,138.0,0.0017,138.0,50.0,10.0,Irina Fetecau,Giulia Safina Popa,W15 Galati (Rumanía),2026-06-25,Clay,Regular,victorias,Buena,victorias,,,player2,True,False,False
0.9936708860759493,4,7.0,0.02,0.01,14.5,3,157.0,1545,0.44,-85,1630,138.0,0.19,1.31,65.0,1.37,0.0,0.18,157.0,10.0,138.0,0.0017,138.0,50.0,10.0,Irina Fetecau,Giulia Safina Popa,W15 Galati (Rumanía),2026-06-25,Clay,Regular,victorias,Buena,victorias,,,player2,True,False,False
0.620253164556962,3,12.0,0.01,0.0,0.9499999999999997,1,98.0,1534,0.09,5,1529,138.0,0.0,1.27,40.0,1.27,-59.0,0.0,157.0,8.0,138.0,0.0,152.0,40.0,12.0,Lavinia Luciano,Anastasia Safta,W15 Galati (Rumanía),2026-06-25,Clay,Regular,victorias,Regular,victorias,,,player2,True,False,False
0.620253164556962,3,12.0,0.01,0.0,0.9499999999999997,1,98.0,1534,0.09,5,1529,138.0,0.0,1.27,40.0,1.27,-59.0,0.0,157.0,8.0,138.0,0.0,152.0,40.0,12.0,Lavinia Luciano,Anastasia Safta,W15 Galati (Rumanía),2026-06-25,Clay,Regular,victorias,Regular,victorias,,,player2,True,False,False
0.620253164556962,3,12.0,0.01,0.0,0.9499999999999997,1,98.0,1534,0.09,5,1529,138.0,0.0,1.27,40.0,1.27,-59.0,0.0,157.0,8.0,138.0,0.0,152.0,40.0,12.0,Lavinia Luciano,Anastasia Safta,W15 Galati (Rumanía),2026-06-25,Clay,Regular,victorias,Regular,victorias,,,player2,True,False,False
0.7929292929292929,1,9.0,0.02,0.01,3.25,2,157.0,1601,0.19,3,1598,132.0,0.14,1.5,55.0,1.27,-40.0,0.13,197.0,12.0,132.0,0.0,138.0,60.0,8.0,Sara Victoria Balan,Allegra Korpanec Davies,W15 Galati (Rumanía),2026-06-25,Clay,Buena,victorias,Regular,victorias,,,player1,True,False,False
0.7929292929292929,1,9.0,0.02,0.01,3.25,2,157.0,1601,0.19,3,1598,132.0,0.14,1.5,55.0,1.27,-40.0,0.13,197.0,12.0,132.0,0.0,138.0,60.0,8.0,Sara Victoria Balan,Allegra Korpanec Davies,W15 Galati (Rumanía),2026-06-25,Clay,Buena,victorias,Regular,victorias,,,player1,True,False,False
0.7929292929292929,1,9.0,0.02,0.01,3.25,2,157.0,1601,0.19,3,1598,132.0,0.14,1.5,55.0,1.27,-40.0,0.13,197.0,12.0,132.0,0.0,138.0,60.0,8.0,Sara Victoria Balan,Allegra Korpanec Davies,W15 Galati (Rumanía),2026-06-25,Clay,Buena,victorias,Regular,victorias,,,player1,True,False,False
1.2857142857142858,4,11.0,0.02,0.01,0.0,2,81.0,1595,0.0,13,1582,169.0,0.09,1.34,45.0,1.27,19.0,0.14,62.0,12.0,169.0,2.6428,159.0,60.0,8.0,Benito Sanchez Martinez,Jakub Filip,M15 Kamen (Alemania),2026-06-25,Clay,Buena,victorias,Regular,victorias,,,player1,True,False,False
1.2857142857142858,4,11.0,0.02,0.01,0.0,2,81.0,1595,0.0,13,1582,169.0,0.09,1.34,45.0,1.27,19.0,0.14,62.0,12.0,169.0,2.6428,159.0,60.0,8.0,Benito Sanchez Martinez,Jakub Filip,M15 Kamen (Alemania),2026-06-25,Clay,Buena,victorias,Regular,victorias,,,player1,True,False,False
1.2857142857142858,4,11.0,0.02,0.01,0.0,2,81.0,1595,0.0,13,1582,169.0,0.09,1.34,45.0,1.27,19.0,0.14,62.0,12.0,169.0,2.6428,159.0,60.0,8.0,Benito Sanchez Martinez,Jakub Filip,M15 Kamen (Alemania),2026-06-25,Clay,Buena,victorias,Regular,victorias,,,player1,True,False,False
2.3780487804878048,3,10.0,0.03,0.06,0.0,0,195.0,1691,0.0,99,1592,159.0,0.0,1.19,50.0,0.92,114.0,0.16,81.0,13.0,159.0,0.9499999999999997,133.0,65.0,7.0,Oleksii Krutykh,Michel Hopp,M15 Kamen (Alemania),2026-06-25,Clay,Buena,victorias,Regular,victorias,,,player1,True,False,False
2.3780487804878048,3,10.0,0.03,0.06,0.0,0,195.0,1691,0.0,99,1592,159.0,0.0,1.19,50.0,0.92,114.0,0.16,81.0,13.0,159.0,0.9499999999999997,133.0,65.0,7.0,Oleksii Krutykh,Michel Hopp,M15 Kamen (Alemania),2026-06-25,Clay,Buena,victorias,Regular,victorias,,,player1,True,False,False
2.3780487804878048,3,10.0,0.03,0.06,0.0,0,195.0,1691,0.0,99,1592,159.0,0.0,1.19,50.0,0.92,114.0,0.16,81.0,13.0,159.0,0.9499999999999997,133.0,65.0,7.0,Oleksii Krutykh,Michel Hopp,M15 Kamen (Alemania),2026-06-25,Clay,Buena,victorias,Regular,victorias,,,player1,True,False,False
0.40298507462686567,1,9.0,0.02,0.01,6.175,0,81.0,1506,0.26,-99,1605,132.0,0.09,1.26,55.0,1.37,-119.0,0.16,200.0,7.0,132.0,0.0,159.0,35.0,13.0,Victoria Pohle,Kailey Evans,W15 Kamen (Alemania),2026-06-25,Clay,Mala,victorias,Regular,victorias,,,player1,True,False,False
0.40298507462686567,1,9.0,0.02,0.01,6.175,0,81.0,1506,0.26,-99,1605,132.0,0.09,1.26,55.0,1.37,-119.0,0.16,200.0,7.0,132.0,0.0,159.0,35.0,13.0,Victoria Pohle,Kailey Evans,W15 Kamen (Alemania),2026-06-25,Clay,Mala,victorias,Regular,victorias,,,player1,True,False,False
0.40298507462686567,1,9.0,0.02,0.01,6.175,0,81.0,1506,0.26,-99,1605,132.0,0.09,1.26,55.0,1.37,-119.0,0.16,200.0,7.0,132.0,0.0,159.0,35.0,13.0,Victoria Pohle,Kailey Evans,W15 Kamen (Alemania),2026-06-25,Clay,Mala,victorias,Regular,victorias,,,player1,True,False,False
2.3780487804878048,4,5.0,0.04,0.01,14.175,0,195.0,1619,0.4,-129,1748,159.0,0.09,1.34,75.0,1.41,114.0,0.09,81.0,11.0,159.0,0.0,133.0,55.0,9.0,Anastasiia Firman,Eva Marie Voracek,W15 Kamen (Alemania),2026-06-25,Clay,Regular,victorias,Excelente,victorias,,,player2,True,False,False
2.3780487804878048,4,5.0,0.04,0.01,14.175,0,195.0,1619,0.4,-129,1748,159.0,0.09,1.34,75.0,1.41,114.0,0.09,81.0,11.0,159.0,0.0,133.0,55.0,9.0,Anastasiia Firman,Eva Marie Voracek,W15 Kamen (Alemania),2026-06-25,Clay,Regular,victorias,Excelente,victorias,,,player2,True,False,False
2.3780487804878048,4,5.0,0.04,0.01,14.175,0,195.0,1619,0.4,-129,1748,159.0,0.09,1.34,75.0,1.41,114.0,0.09,81.0,11.0,159.0,0.0,133.0,55.0,9.0,Anastasiia Firman,Eva Marie Voracek,W15 Kamen (Alemania),2026-06-25,Clay,Regular,victorias,Excelente,victorias,,,player2,True,False,False
1.7073170731707317,5,7.0,0.01,0.02,6.0,1,140.0,1698,0.27,34,1664,159.0,0.15,1.39,65.0,1.36,59.0,0.18,81.0,15.0,159.0,7.7444,141.0,75.0,5.0,Valentina Ivanov,Mara Guth,W15 Kamen (Alemania),2026-06-25,Clay,Excelente,victorias,Buena,victorias,,,player1,True,False,False
1.7073170731707317,5,7.0,0.01,0.02,6.0,1,140.0,1698,0.27,34,1664,159.0,0.15,1.39,65.0,1.36,59.0,0.18,81.0,15.0,159.0,7.7444,141.0,75.0,5.0,Valentina Ivanov,Mara Guth,W15 Kamen (Alemania),2026-06-25,Clay,Excelente,victorias,Buena,victorias,,,player1,True,False,False
1.7073170731707317,5,7.0,0.01,0.02,6.0,1,140.0,1698,0.27,34,1664,159.0,0.15,1.39,65.0,1.36,59.0,0.18,81.0,15.0,159.0,7.7444,141.0,75.0,5.0,Valentina Ivanov,Mara Guth,W15 Kamen (Alemania),2026-06-25,Clay,Excelente,victorias,Buena,victorias,,,player1,True,False,False
0.9878048780487805,5,10.0,0.02,0.04,6.0,3,81.0,1687,0.27,107,1580,159.0,0.0,1.34,50.0,1.29,0.0,0.15,81.0,12.0,159.0,4.7753,159.0,60.0,8.0,Marvin Moeller,Tom Zeuch,M25 Brussels (Bélgica),2026-06-25,Clay,Buena,victorias,Regular,victorias,,,player1,True,False,False
0.9878048780487805,5,10.0,0.02,0.04,6.0,3,81.0,1687,0.27,107,1580,159.0,0.0,1.34,50.0,1.29,0.0,0.15,81.0,12.0,159.0,4.7753,159.0,60.0,8.0,Marvin Moeller,Tom Zeuch,M25 Brussels (Bélgica),2026-06-25,Clay,Buena,victorias,Regular,victorias,,,player1,True,False,False
0.9878048780487805,5,10.0,0.02,0.04,6.0,3,81.0,1687,0.27,107,1580,159.0,0.0,1.34,50.0,1.29,0.0,0.15,81.0,12.0,159.0,4.7753,159.0,60.0,8.0,Marvin Moeller,Tom Zeuch,M25 Brussels (Bélgica),2026-06-25,Clay,Buena,victorias,Regular,victorias,,,player1,True,False,False
0.8181818181818182,0,13.395434790092715,0.0,0.03,0.0,2,81.0,1676,0.0,176,1500,152.0,0.0,1.39,33.02282604953643,0.0,-17.0,0.22,98.0,11.0,152.0,0.0,159.0,55.0,9.0,Max Hans Rehberg,Samuele Pieri,M25 Brussels (Bélgica),2026-06-25,Clay,Regular,victorias,,,,,player1,True,False,False
0.8181818181818182,0,13.395434790092715,0.0,0.03,0.0,2,81.0,1676,0.0,176,1500,152.0,0.0,1.39,33.02282604953643,0.0,-17.0,0.22,98.0,11.0,152.0,0.0,159.0,55.0,9.0,Max Hans Rehberg,Samuele Pieri,M25 Brussels (Bélgica),2026-06-25,Clay,Regular,victorias,,,,,player1,True,False,False
0.8181818181818182,0,13.395434790092715,0.0,0.03,0.0,2,81.0,1676,0.0,176,1500,152.0,0.0,1.39,33.02282604953643,0.0,-17.0,0.22,98.0,11.0,152.0,0.0,159.0,55.0,9.0,Max Hans Rehberg,Samuele Pieri,M25 Brussels (Bélgica),2026-06-25,Clay,Regular,victorias,,,,,player1,True,False,False
0.8181818181818182,0,13.395434790092715,0.0,0.03,0.0,2,81.0,1676,0.0,176,1500,152.0,0.0,1.39,33.02282604953643,0.0,-17.0,0.22,98.0,11.0,152.0,0.0,159.0,55.0,9.0,Max Hans Rehberg,Samuele Pieri,M25 Brussels (Bélgica),2026-06-25,Clay,Regular,victorias,,,,,player1,True,False,False
2.5641025641025643,1,10.0,0.01,0.02,1.2999999999999998,0,200.0,1629,0.11,13,1616,161.0,0.18,1.35,50.0,1.35,123.0,0.0,77.0,10.0,161.0,0.0,132.0,50.0,10.0,Mia Horvit,Nina Radovanovic,W15 Kursumlijska Banja 6 (Serbia),2026-06-25,Clay,Regular,victorias,Regular,victorias,,,player2,True,False,False
2.5641025641025643,1,10.0,0.01,0.02,1.2999999999999998,0,200.0,1629,0.11,13,1616,161.0,0.18,1.35,50.0,1.35,123.0,0.0,77.0,10.0,161.0,0.0,132.0,50.0,10.0,Mia Horvit,Nina Radovanovic,W15 Kursumlijska Banja 6 (Serbia),2026-06-25,Clay,Regular,victorias,Regular,victorias,,,player2,True,False,False
2.5641025641025643,1,10.0,0.01,0.02,1.2999999999999998,0,200.0,1629,0.11,13,1616,161.0,0.18,1.35,50.0,1.35,123.0,0.0,77.0,10.0,161.0,0.0,132.0,50.0,10.0,Mia Horvit,Nina Radovanovic,W15 Kursumlijska Banja 6 (Serbia),2026-06-25,Clay,Regular,victorias,Regular,victorias,,,player2,True,False,False
18.555555555555557,9,6.0,0.08,0.07,11.0,0,167.0,1688,0.43,-33,1721,319.0,0.21,0.88,70.0,1.08,159.0,0.22,8.0,13.0,319.0,6.5197,137.0,65.0,7.0,Natalija Senic,Ksenia Zaytseva,W15 Kursumlijska Banja 6 (Serbia),2026-06-25,Clay,Buena,victorias,Buena,victorias,,,player2,True,False,False
18.555555555555557,9,6.0,0.08,0.07,11.0,0,167.0,1688,0.43,-33,1721,319.0,0.21,0.88,70.0,1.08,159.0,0.22,8.0,13.0,319.0,6.5197,137.0,65.0,7.0,Natalija Senic,Ksenia Zaytseva,W15 Kursumlijska Banja 6 (Serbia),2026-06-25,Clay,Buena,victorias,Buena,victorias,,,player2,True,False,False
18.555555555555557,9,6.0,0.08,0.07,11.0,0,167.0,1688,0.43,-33,1721,319.0,0.21,0.88,70.0,1.08,159.0,0.22,8.0,13.0,319.0,6.5197,137.0,65.0,7.0,Natalija Senic,Ksenia Zaytseva,W15 Kursumlijska Banja 6 (Serbia),2026-06-25,Clay,Buena,victorias,Buena,victorias,,,player2,True,False,False
0.30952380952380953,2,11.0,0.01,0.02,6.5,0,52.0,1633,0.26,102,1531,137.0,0.12,1.37,45.0,1.3,-115.0,0.12,167.0,12.0,137.0,6.5314,176.0,60.0,8.0,Tian Jialin,Dusica Popovski,W15 Kursumlijska Banja 6 (Serbia),2026-06-25,Clay,Buena,victorias,Regular,victorias,,,player2,True,False,False
0.30952380952380953,2,11.0,0.01,0.02,6.5,0,52.0,1633,0.26,102,1531,137.0,0.12,1.37,45.0,1.3,-115.0,0.12,167.0,12.0,137.0,6.5314,176.0,60.0,8.0,Tian Jialin,Dusica Popovski,W15 Kursumlijska Banja 6 (Serbia),2026-06-25,Clay,Buena,victorias,Regular,victorias,,,player2,True,False,False
0.30952380952380953,2,11.0,0.01,0.02,6.5,0,52.0,1633,0.26,102,1531,137.0,0.12,1.37,45.0,1.3,-115.0,0.12,167.0,12.0,137.0,6.5314,176.0,60.0,8.0,Tian Jialin,Dusica Popovski,W15 Kursumlijska Banja 6 (Serbia),2026-06-25,Clay,Buena,victorias,Regular,victorias,,,player2,True,False,False
0.9696969696969697,3,5.0,0.05,0.06,3.0,3,32.0,1594,0.18,-137,1731,200.0,0.2,0.87,75.0,1.14,0.0,0.2,32.0,8.0,200.0,4.7719,200.0,40.0,12.0,Amelie Van Impe,Margaux Maquet,W15 Alkmaar (Países Bajos),2026-06-25,Clay,Regular,victorias,Excelente,victorias,,,player2,True,False,False
0.9696969696969697,3,5.0,0.05,0.06,3.0,3,32.0,1594,0.18,-137,1731,200.0,0.2,0.87,75.0,1.14,0.0,0.2,32.0,8.0,200.0,4.7719,200.0,40.0,12.0,Amelie Van Impe,Margaux Maquet,W15 Alkmaar (Países Bajos),2026-06-25,Clay,Regular,victorias,Excelente,victorias,,,player2,True,False,False
0.9696969696969697,3,5.0,0.05,0.06,3.0,3,32.0,1594,0.18,-137,1731,200.0,0.2,0.87,75.0,1.14,0.0,0.2,32.0,8.0,200.0,4.7719,200.0,40.0,12.0,Amelie Van Impe,Margaux Maquet,W15 Alkmaar (Países Bajos),2026-06-25,Clay,Regular,victorias,Excelente,victorias,,,player2,True,False,False
1.7820512820512822,2,6.0,0.01,0.01,0.0,1,139.0,1471,0.0,-231,1702,161.0,0.38,0.85,70.0,1.18,62.0,0.58,77.0,5.0,161.0,0.0,142.0,25.0,15.0,Lian Tran,Dune Vaissaud,W15 Alkmaar (Países Bajos),2026-06-25,Clay,Mala,victorias,Buena,victorias,,,player1,True,False,False
1.7820512820512822,2,6.0,0.01,0.01,0.0,1,139.0,1471,0.0,-231,1702,161.0,0.38,0.85,70.0,1.18,62.0,0.58,77.0,5.0,161.0,0.0,142.0,25.0,15.0,Lian Tran,Dune Vaissaud,W15 Alkmaar (Países Bajos),2026-06-25,Clay,Mala,victorias,Buena,victorias,,,player1,True,False,False
1.7820512820512822,2,6.0,0.01,0.01,0.0,1,139.0,1471,0.0,-231,1702,161.0,0.38,0.85,70.0,1.18,62.0,0.58,77.0,5.0,161.0,0.0,142.0,25.0,15.0,Lian Tran,Dune Vaissaud,W15 Alkmaar (Países Bajos),2026-06-25,Clay,Mala,victorias,Buena,victorias,,,player1,True,False,False
0.55,1,10.0,0.01,0.01,0.0,1,77.0,1521,0.0,-44,1565,142.0,0.18,1.42,50.0,1.25,-62.0,0.12,139.0,4.0,142.0,0.0,161.0,44.4,5.0,Charlotte Narti,Merel Hoedt,W15 Alkmaar (Países Bajos),2026-06-25,Clay,Regular,victorias,Regular,victorias,,,player1,True,False,False
0.55,1,10.0,0.01,0.01,0.0,1,77.0,1521,0.0,-44,1565,142.0,0.18,1.42,50.0,1.25,-62.0,0.12,139.0,4.0,142.0,0.0,161.0,44.4,5.0,Charlotte Narti,Merel Hoedt,W15 Alkmaar (Países Bajos),2026-06-25,Clay,Regular,victorias,Regular,victorias,,,player1,True,False,False
0.55,1,10.0,0.01,0.01,0.0,1,77.0,1521,0.0,-44,1565,142.0,0.18,1.42,50.0,1.25,-62.0,0.12,139.0,4.0,142.0,0.0,161.0,44.4,5.0,Charlotte Narti,Merel Hoedt,W15 Alkmaar (Países Bajos),2026-06-25,Clay,Regular,victorias,Regular,victorias,,,player1,True,False,False
1.2214285714285715,11,10.0,0.02,0.02,23.66,2,171.0,1699,0.58,100,1599,142.0,0.24,1.27,50.0,1.2,32.0,0.18,139.0,14.0,142.0,10.769,136.0,70.0,6.0,Irina Balus,Isis Louise Van Den Broek,W15 Alkmaar (Países Bajos),2026-06-25,Clay,Buena,victorias,Regular,victorias,,,player2,True,False,False
1.2214285714285715,11,10.0,0.02,0.02,23.66,2,171.0,1699,0.58,100,1599,142.0,0.24,1.27,50.0,1.2,32.0,0.18,139.0,14.0,142.0,10.769,136.0,70.0,6.0,Irina Balus,Isis Louise Van Den Broek,W15 Alkmaar (Países Bajos),2026-06-25,Clay,Buena,victorias,Regular,victorias,,,player2,True,False,False
1.2214285714285715,11,10.0,0.02,0.02,23.66,2,171.0,1699,0.58,100,1599,142.0,0.24,1.27,50.0,1.2,32.0,0.18,139.0,14.0,142.0,10.769,136.0,70.0,6.0,Irina Balus,Isis Louise Van Den Broek,W15 Alkmaar (Países Bajos),2026-06-25,Clay,Buena,victorias,Regular,victorias,,,player2,True,False,False
0.359375,3,6.0,0.03,0.01,9.75,0,69.0,1563,0.13,-99,1662,133.0,0.09,1.32,70.0,1.4,-122.0,0.09,191.0,10.0,133.0,0.0,165.0,50.0,10.0,Jana Hossam Salah,Irem Kurt,W15 Kayseri 6 (Turquía),2026-06-25,Hard,Regular,victorias,Buena,victorias,,,player1,False,False,True
0.359375,3,6.0,0.03,0.01,9.75,0,69.0,1563,0.13,-99,1662,133.0,0.09,1.32,70.0,1.4,-122.0,0.09,191.0,10.0,133.0,0.0,165.0,50.0,10.0,Jana Hossam Salah,Irem Kurt,W15 Kayseri 6 (Turquía),2026-06-25,Hard,Regular,victorias,Buena,victorias,,,player1,False,False,True
0.359375,3,6.0,0.03,0.01,9.75,0,69.0,1563,0.13,-99,1662,133.0,0.09,1.32,70.0,1.4,-122.0,0.09,191.0,10.0,133.0,0.0,165.0,50.0,10.0,Jana Hossam Salah,Irem Kurt,W15 Kayseri 6 (Turquía),2026-06-25,Hard,Regular,victorias,Buena,victorias,,,player1,False,False,True
0.125,4,7.0,0.11,0.07,10.14,0,24.0,1694,0.15,-15,1709,133.0,0.21,0.96,65.0,1.17,-167.0,0.19,191.0,14.0,133.0,0.0,217.0,70.0,6.0,Alana Subasic,Deniz Dilek,W15 Kayseri 6 (Turquía),2026-06-25,Hard,Buena,victorias,Buena,victorias,,,player1,False,False,True
0.125,4,7.0,0.11,0.07,10.14,0,24.0,1694,0.15,-15,1709,133.0,0.21,0.96,65.0,1.17,-167.0,0.19,191.0,14.0,133.0,0.0,217.0,70.0,6.0,Alana Subasic,Deniz Dilek,W15 Kayseri 6 (Turquía),2026-06-25,Hard,Buena,victorias,Buena,victorias,,,player1,False,False,True
0.125,4,7.0,0.11,0.07,10.14,0,24.0,1694,0.15,-15,1709,133.0,0.21,0.96,65.0,1.17,-167.0,0.19,191.0,14.0,133.0,0.0,217.0,70.0,6.0,Alana Subasic,Deniz Dilek,W15 Kayseri 6 (Turquía),2026-06-25,Hard,Buena,victorias,Buena,victorias,,,player1,False,False,True
1.015625,5,12.0,0.01,0.02,4.75,3,195.0,1560,0.1,64,1496,133.0,0.17,1.26,40.0,1.23,4.0,0.23,191.0,9.0,133.0,9.7555,133.0,45.0,11.0,Kateryna Lazarenko,Doga Turkmen,W15 Kayseri 6 (Turquía),2026-06-25,Hard,Regular,victorias,Regular,victorias,,,player1,False,False,True
1.015625,5,12.0,0.01,0.02,4.75,3,195.0,1560,0.1,64,1496,133.0,0.17,1.26,40.0,1.23,4.0,0.23,191.0,9.0,133.0,9.7555,133.0,45.0,11.0,Kateryna Lazarenko,Doga Turkmen,W15 Kayseri 6 (Turquía),2026-06-25,Hard,Regular,victorias,Regular,victorias,,,player1,False,False,True
1.015625,5,12.0,0.01,0.02,4.75,3,195.0,1560,0.1,64,1496,133.0,0.17,1.26,40.0,1.23,4.0,0.23,191.0,9.0,133.0,9.7555,133.0,45.0,11.0,Kateryna Lazarenko,Doga Turkmen,W15 Kayseri 6 (Turquía),2026-06-25,Hard,Regular,victorias,Regular,victorias,,,player1,False,False,True
3.6037735849056602,2,4.0,0.11,0.07,11.25,0,191.0,1655,0.13,-135,1790,176.0,0.4,0.76,80.0,0.92,139.0,0.42,52.0,13.0,176.0,0.0,133.0,65.0,7.0,Duru Soke,Lan Mi,W15 Kayseri 6 (Turquía),2026-06-25,Hard,Buena,victorias,Excelente,victorias,,,player1,False,False,True
3.6037735849056602,2,4.0,0.11,0.07,11.25,0,191.0,1655,0.13,-135,1790,176.0,0.4,0.76,80.0,0.92,139.0,0.42,52.0,13.0,176.0,0.0,133.0,65.0,7.0,Duru Soke,Lan Mi,W15 Kayseri 6 (Turquía),2026-06-25,Hard,Buena,victorias,Excelente,victorias,,,player1,False,False,True
3.6037735849056602,2,4.0,0.11,0.07,11.25,0,191.0,1655,0.13,-135,1790,176.0,0.4,0.76,80.0,0.92,139.0,0.42,52.0,13.0,176.0,0.0,133.0,65.0,7.0,Duru Soke,Lan Mi,W15 Kayseri 6 (Turquía),2026-06-25,Hard,Buena,victorias,Excelente,victorias,,,player1,False,False,True
2.5641025641025643,0,12.0,0.01,0.0,0.0,0,200.0,1515,0.0,21,1494,161.0,0.0,1.46,40.0,1.2,123.0,0.0,77.0,1.0,161.0,0.0,132.0,50.0,1.0,Roman Sancilio,Theo Herrmann,M15 Kayseri 6 (Turquía),2026-06-25,Hard,Regular,victorias,Regular,victorias,,,player2,False,False,True
2.5641025641025643,0,12.0,0.01,0.0,0.0,0,200.0,1515,0.0,21,1494,161.0,0.0,1.46,40.0,1.2,123.0,0.0,77.0,1.0,161.0,0.0,132.0,50.0,1.0,Roman Sancilio,Theo Herrmann,M15 Kayseri 6 (Turquía),2026-06-25,Hard,Regular,victorias,Regular,victorias,,,player2,False,False,True
2.5641025641025643,0,12.0,0.01,0.0,0.0,0,200.0,1515,0.0,21,1494,161.0,0.0,1.46,40.0,1.2,123.0,0.0,77.0,1.0,161.0,0.0,132.0,50.0,1.0,Roman Sancilio,Theo Herrmann,M15 Kayseri 6 (Turquía),2026-06-25,Hard,Regular,victorias,Regular,victorias,,,player2,False,False,True
0.4129353233830846,3,8.0,0.02,0.03,7.8,0,83.0,1628,0.12,-25,1653,132.0,0.12,1.08,60.0,1.01,-117.0,0.09,200.0,10.0,132.0,8.480400000000001,158.0,50.0,10.0,Dimitris Azoidis,Keshav Chopra,M15 Kayseri 6 (Turquía),2026-06-25,Hard,Regular,victorias,Buena,victorias,,,player2,False,False,True
0.4129353233830846,3,8.0,0.02,0.03,7.8,0,83.0,1628,0.12,-25,1653,132.0,0.12,1.08,60.0,1.01,-117.0,0.09,200.0,10.0,132.0,8.480400000000001,158.0,50.0,10.0,Dimitris Azoidis,Keshav Chopra,M15 Kayseri 6 (Turquía),2026-06-25,Hard,Regular,victorias,Buena,victorias,,,player2,False,False,True
0.4129353233830846,3,8.0,0.02,0.03,7.8,0,83.0,1628,0.12,-25,1653,132.0,0.12,1.08,60.0,1.01,-117.0,0.09,200.0,10.0,132.0,8.480400000000001,158.0,50.0,10.0,Dimitris Azoidis,Keshav Chopra,M15 Kayseri 6 (Turquía),2026-06-25,Hard,Regular,victorias,Buena,victorias,,,player2,False,False,True
2.0319148936170213,2,12.0,0.02,0.0,8.450000000000001,1,191.0,1446,0.11,-94,1540,154.0,0.0,1.21,40.0,1.28,98.0,0.0,93.0,6.0,154.0,0.0,133.0,30.0,14.0,Bora Sengul,Rethin Pranav Senthil Kumar,M15 Kayseri 6 (Turquía),2026-06-25,Hard,Mala,victorias,Regular,victorias,,,player2,False,False,True
2.0319148936170213,2,12.0,0.02,0.0,8.450000000000001,1,191.0,1446,0.11,-94,1540,154.0,0.0,1.21,40.0,1.28,98.0,0.0,93.0,6.0,154.0,0.0,133.0,30.0,14.0,Bora Sengul,Rethin Pranav Senthil Kumar,M15 Kayseri 6 (Turquía),2026-06-25,Hard,Mala,victorias,Regular,victorias,,,player2,False,False,True
2.0319148936170213,2,12.0,0.02,0.0,8.450000000000001,1,191.0,1446,0.11,-94,1540,154.0,0.0,1.21,40.0,1.28,98.0,0.0,93.0,6.0,154.0,0.0,133.0,30.0,14.0,Bora Sengul,Rethin Pranav Senthil Kumar,M15 Kayseri 6 (Turquía),2026-06-25,Hard,Mala,victorias,Regular,victorias,,,player2,False,False,True
0.9928571428571429,4,9.0,0.02,0.0,6.0,3,139.0,1474,0.25,-162,1636,142.0,0.17,1.2,55.0,1.34,0.0,0.14,139.0,6.0,142.0,0.0,142.0,30.0,14.0,Jesse De Jager,Sander Jong,M15 Alkmaar (Países Bajos),2026-06-25,Clay,Mala,victorias,Regular,victorias,,,player1,True,False,False
0.9928571428571429,4,9.0,0.02,0.0,6.0,3,139.0,1474,0.25,-162,1636,142.0,0.17,1.2,55.0,1.34,0.0,0.14,139.0,6.0,142.0,0.0,142.0,30.0,14.0,Jesse De Jager,Sander Jong,M15 Alkmaar (Países Bajos),2026-06-25,Clay,Mala,victorias,Regular,victorias,,,player1,True,False,False
0.9928571428571429,4,9.0,0.02,0.0,6.0,3,139.0,1474,0.25,-162,1636,142.0,0.17,1.2,55.0,1.34,0.0,0.14,139.0,6.0,142.0,0.0,142.0,30.0,14.0,Jesse De Jager,Sander Jong,M15 Alkmaar (Países Bajos),2026-06-25,Clay,Mala,victorias,Regular,victorias,,,player1,True,False,False
0.9928571428571429,3,9.0,0.02,0.01,7.75,3,139.0,1598,0.28,-50,1648,142.0,0.0,1.35,55.0,1.35,0.0,0.0,139.0,11.0,142.0,0.0,142.0,55.0,9.0,Fons Van Sambeek,Pieter de Lange,M15 Alkmaar (Países Bajos),2026-06-25,Clay,Regular,victorias,Regular,victorias,,,player2,True,False,False
0.9928571428571429,3,9.0,0.02,0.01,7.75,3,139.0,1598,0.28,-50,1648,142.0,0.0,1.35,55.0,1.35,0.0,0.0,139.0,11.0,142.0,0.0,142.0,55.0,9.0,Fons Van Sambeek,Pieter de Lange,M15 Alkmaar (Países Bajos),2026-06-25,Clay,Regular,victorias,Regular,victorias,,,player2,True,False,False
0.9928571428571429,3,9.0,0.02,0.01,7.75,3,139.0,1598,0.28,-50,1648,142.0,0.0,1.35,55.0,1.35,0.0,0.0,139.0,11.0,142.0,0.0,142.0,55.0,9.0,Fons Van Sambeek,Pieter de Lange,M15 Alkmaar (Países Bajos),2026-06-25,Clay,Regular,victorias,Regular,victorias,,,player2,True,False,False
0.801980198019802,1,10.0,0.04,0.01,0.0,2,81.0,1602,0.0,2,1600,152.0,0.0,1.26,50.0,1.44,-19.0,0.09,100.0,11.0,152.0,4.7749,159.0,55.0,9.0,Marc Majdandzic,Ryo Tabata,M15 Alkmaar (Países Bajos),2026-06-25,Clay,Regular,victorias,Regular,victorias,,,player1,True,False,False
0.801980198019802,1,10.0,0.04,0.01,0.0,2,81.0,1602,0.0,2,1600,152.0,0.0,1.26,50.0,1.44,-19.0,0.09,100.0,11.0,152.0,4.7749,159.0,55.0,9.0,Marc Majdandzic,Ryo Tabata,M15 Alkmaar (Países Bajos),2026-06-25,Clay,Regular,victorias,Regular,victorias,,,player1,True,False,False
0.801980198019802,1,10.0,0.04,0.01,0.0,2,81.0,1602,0.0,2,1600,152.0,0.0,1.26,50.0,1.44,-19.0,0.09,100.0,11.0,152.0,4.7749,159.0,55.0,9.0,Marc Majdandzic,Ryo Tabata,M15 Alkmaar (Países Bajos),2026-06-25,Clay,Regular,victorias,Regular,victorias,,,player1,True,False,False
2.1463414634146343,0,14.0,0.01,0.0,0.0,1,176.0,1457,0.0,-30,1487,159.0,0.0,1.24,30.0,1.24,95.0,0.0,81.0,6.0,159.0,0.0,135.0,30.0,14.0,Manel Lazaro Juncadella,Julien Penzlin,M15 Alkmaar (Países Bajos),2026-06-25,Clay,Mala,victorias,Mala,victorias,,,player1,True,False,False
2.1463414634146343,0,14.0,0.01,0.0,0.0,1,176.0,1457,0.0,-30,1487,159.0,0.0,1.24,30.0,1.24,95.0,0.0,81.0,6.0,159.0,0.0,135.0,30.0,14.0,Manel Lazaro Juncadella,Julien Penzlin,M15 Alkmaar (Países Bajos),2026-06-25,Clay,Mala,victorias,Mala,victorias,,,player1,True,False,False
2.1463414634146343,0,14.0,0.01,0.0,0.0,1,176.0,1457,0.0,-30,1487,159.0,0.0,1.24,30.0,1.24,95.0,0.0,81.0,6.0,159.0,0.0,135.0,30.0,14.0,Manel Lazaro Juncadella,Julien Penzlin,M15 Alkmaar (Países Bajos),2026-06-25,Clay,Mala,victorias,Mala,victorias,,,player1,True,False,False
1.4047619047619047,7,9.0,0.01,0.02,4.75,2,118.0,1593,0.26,-15,1608,158.0,0.0,0.98,55.0,0.94,35.0,0.48,83.0,10.0,158.0,17.519,146.0,50.0,10.0,Oleg Prihodko,Dimitris Sakellaridis,M25 Zagreb (Croacia),2026-06-25,Clay,Regular,victorias,Regular,victorias,,,player1,True,False,False
1.4047619047619047,7,9.0,0.01,0.02,4.75,2,118.0,1593,0.26,-15,1608,158.0,0.0,0.98,55.0,0.94,35.0,0.48,83.0,10.0,158.0,17.519,146.0,50.0,10.0,Oleg Prihodko,Dimitris Sakellaridis,M25 Zagreb (Croacia),2026-06-25,Clay,Regular,victorias,Regular,victorias,,,player1,True,False,False
1.4047619047619047,7,9.0,0.01,0.02,4.75,2,118.0,1593,0.26,-15,1608,158.0,0.0,0.98,55.0,0.94,35.0,0.48,83.0,10.0,158.0,17.519,146.0,50.0,10.0,Oleg Prihodko,Dimitris Sakellaridis,M25 Zagreb (Croacia),2026-06-25,Clay,Regular,victorias,Regular,victorias,,,player1,True,False,False
0.6666666666666666,14,10.0,0.03,0.03,15.5,1,118.0,1644,0.54,7,1637,135.0,0.21,1.2,50.0,1.16,-58.0,0.23,176.0,12.0,135.0,27.5587,146.0,60.0,8.0,Kalin Ivanovski,Javier Barranco Cosano,M25 Zagreb (Croacia),2026-06-25,Clay,Buena,victorias,Regular,victorias,,,player1,True,False,False
0.6666666666666666,14,10.0,0.03,0.03,15.5,1,118.0,1644,0.54,7,1637,135.0,0.21,1.2,50.0,1.16,-58.0,0.23,176.0,12.0,135.0,27.5587,146.0,60.0,8.0,Kalin Ivanovski,Javier Barranco Cosano,M25 Zagreb (Croacia),2026-06-25,Clay,Buena,victorias,Regular,victorias,,,player1,True,False,False
0.6666666666666666,14,10.0,0.03,0.03,15.5,1,118.0,1644,0.54,7,1637,135.0,0.21,1.2,50.0,1.16,-58.0,0.23,176.0,12.0,135.0,27.5587,146.0,60.0,8.0,Kalin Ivanovski,Javier Barranco Cosano,M25 Zagreb (Croacia),2026-06-25,Clay,Buena,victorias,Regular,victorias,,,player1,True,False,False
0.04081632653061224,2,10.0,0.02,0.01,0.0,0,8.0,1578,0.0,0,1578,133.0,0.0,1.35,50.0,1.33,-187.0,0.0,195.0,11.0,133.0,0.0,319.0,55.0,9.0,Arina Arifullina,Yelyzaveta Chainykova,W15 Monastir 19 (Túnez),2026-06-25,Hard,Regular,victorias,Regular,victorias,,,player1,False,False,True
0.04081632653061224,2,10.0,0.02,0.01,0.0,0,8.0,1578,0.0,0,1578,133.0,0.0,1.35,50.0,1.33,-187.0,0.0,195.0,11.0,133.0,0.0,319.0,55.0,9.0,Arina Arifullina,Yelyzaveta Chainykova,W15 Monastir 19 (Túnez),2026-06-25,Hard,Regular,victorias,Regular,victorias,,,player1,False,False,True
0.04081632653061224,2,10.0,0.02,0.01,0.0,0,8.0,1578,0.0,0,1578,133.0,0.0,1.35,50.0,1.33,-187.0,0.0,195.0,11.0,133.0,0.0,319.0,55.0,9.0,Arina Arifullina,Yelyzaveta Chainykova,W15 Monastir 19 (Túnez),2026-06-25,Hard,Regular,victorias,Regular,victorias,,,player1,False,False,True
0.5273972602739726,1,8.0,0.02,0.02,4.75,1,77.0,1553,0.08,-54,1607,140.0,0.19,1.32,60.0,1.39,-68.0,0.18,145.0,9.0,140.0,0.0,161.0,45.0,11.0,Alyssa Reguer,Emily Sartz-Lunde,W15 Monastir 19 (Túnez),2026-06-25,Hard,Regular,victorias,Buena,victorias,,,player1,False,False,True
0.5273972602739726,1,8.0,0.02,0.02,4.75,1,77.0,1553,0.08,-54,1607,140.0,0.19,1.32,60.0,1.39,-68.0,0.18,145.0,9.0,140.0,0.0,161.0,45.0,11.0,Alyssa Reguer,Emily Sartz-Lunde,W15 Monastir 19 (Túnez),2026-06-25,Hard,Regular,victorias,Buena,victorias,,,player1,False,False,True
0.5273972602739726,1,8.0,0.02,0.02,4.75,1,77.0,1553,0.08,-54,1607,140.0,0.19,1.32,60.0,1.39,-68.0,0.18,145.0,9.0,140.0,0.0,161.0,45.0,11.0,Alyssa Reguer,Emily Sartz-Lunde,W15 Monastir 19 (Túnez),2026-06-25,Hard,Regular,victorias,Buena,victorias,,,player1,False,False,True
0.2682926829268293,1,9.0,0.03,0.01,0.0,1,22.0,1434,0.0,-163,1597,159.0,0.16,1.18,55.0,1.37,-59.0,0.12,81.0,5.0,159.0,0.0,223.0,25.0,15.0,Lourdes Ayala,Karla Bartel,W15 Monastir 19 (Túnez),2026-06-25,Hard,Mala,victorias,Regular,victorias,,,player2,False,False,True
0.2682926829268293,1,9.0,0.03,0.01,0.0,1,22.0,1434,0.0,-163,1597,159.0,0.16,1.18,55.0,1.37,-59.0,0.12,81.0,5.0,159.0,0.0,223.0,25.0,15.0,Lourdes Ayala,Karla Bartel,W15 Monastir 19 (Túnez),2026-06-25,Hard,Mala,victorias,Regular,victorias,,,player2,False,False,True
0.2682926829268293,1,9.0,0.03,0.01,0.0,1,22.0,1434,0.0,-163,1597,159.0,0.16,1.18,55.0,1.37,-59.0,0.12,81.0,5.0,159.0,0.0,223.0,25.0,15.0,Lourdes Ayala,Karla Bartel,W15 Monastir 19 (Túnez),2026-06-25,Hard,Mala,victorias,Regular,victorias,,,player2,False,False,True
2.3333333333333335,4,11.0,0.01,0.01,18.200000000000003,1,98.0,1553,0.47,14,1539,187.0,0.09,1.18,45.0,1.38,57.0,0.0,41.0,9.0,187.0,6.5332,152.0,45.0,11.0,Giannicola Misasi,George Lazarov,M15 Kursumlijska Banja 6 (Serbia),2026-06-25,Clay,Regular,victorias,Regular,victorias,,,player1,True,False,False
2.3333333333333335,4,11.0,0.01,0.01,18.200000000000003,1,98.0,1553,0.47,14,1539,187.0,0.09,1.18,45.0,1.38,57.0,0.0,41.0,9.0,187.0,6.5332,152.0,45.0,11.0,Giannicola Misasi,George Lazarov,M15 Kursumlijska Banja 6 (Serbia),2026-06-25,Clay,Regular,victorias,Regular,victorias,,,player1,True,False,False
2.3333333333333335,4,11.0,0.01,0.01,18.200000000000003,1,98.0,1553,0.47,14,1539,187.0,0.09,1.18,45.0,1.38,57.0,0.0,41.0,9.0,187.0,6.5332,152.0,45.0,11.0,Giannicola Misasi,George Lazarov,M15 Kursumlijska Banja 6 (Serbia),2026-06-25,Clay,Regular,victorias,Regular,victorias,,,player1,True,False,False
5.157894736842105,7,8.0,0.01,0.01,20.125,1,98.0,1585,0.48,-38,1623,238.0,0.0,1.26,60.0,1.3,80.0,0.0,18.0,10.0,238.0,6.0245,152.0,50.0,10.0,Andrea De Marchi,Samir Hamza Reguig,M15 Kursumlijska Banja 6 (Serbia),2026-06-25,Clay,Regular,victorias,Buena,victorias,,,player1,True,False,False
5.157894736842105,7,8.0,0.01,0.01,20.125,1,98.0,1585,0.48,-38,1623,238.0,0.0,1.26,60.0,1.3,80.0,0.0,18.0,10.0,238.0,6.0245,152.0,50.0,10.0,Andrea De Marchi,Samir Hamza Reguig,M15 Kursumlijska Banja 6 (Serbia),2026-06-25,Clay,Regular,victorias,Buena,victorias,,,player1,True,False,False
5.157894736842105,7,8.0,0.01,0.01,20.125,1,98.0,1585,0.48,-38,1623,238.0,0.0,1.26,60.0,1.3,80.0,0.0,18.0,10.0,238.0,6.0245,152.0,50.0,10.0,Andrea De Marchi,Samir Hamza Reguig,M15 Kursumlijska Banja 6 (Serbia),2026-06-25,Clay,Regular,victorias,Buena,victorias,,,player1,True,False,False
0.9940476190476191,4,11.0,0.01,0.1,0.0,3,167.0,1768,0.0,261,1507,137.0,0.09,1.17,45.0,0.81,0.0,0.12,167.0,15.0,137.0,4.7793,137.0,75.0,5.0,Branko Djuric,Novak Novakovic,M15 Kursumlijska Banja 6 (Serbia),2026-06-25,Clay,Excelente,victorias,Regular,victorias,,,player1,True,False,False
0.9940476190476191,4,11.0,0.01,0.1,0.0,3,167.0,1768,0.0,261,1507,137.0,0.09,1.17,45.0,0.81,0.0,0.12,167.0,15.0,137.0,4.7793,137.0,75.0,5.0,Branko Djuric,Novak Novakovic,M15 Kursumlijska Banja 6 (Serbia),2026-06-25,Clay,Excelente,victorias,Regular,victorias,,,player1,True,False,False
0.9940476190476191,4,11.0,0.01,0.1,0.0,3,167.0,1768,0.0,261,1507,137.0,0.09,1.17,45.0,0.81,0.0,0.12,167.0,15.0,137.0,4.7793,137.0,75.0,5.0,Branko Djuric,Novak Novakovic,M15 Kursumlijska Banja 6 (Serbia),2026-06-25,Clay,Excelente,victorias,Regular,victorias,,,player1,True,False,False
0.4230769230769231,2,12.0,0.02,0.01,6.5,0,77.0,1563,0.1,-6,1569,135.0,0.0,1.3,40.0,1.28,-104.0,0.0,181.0,9.0,135.0,0.0,161.0,45.0,11.0,Charles Bertimon,Jonas Eriksson Ziverts,M15 Monastir 24 (Túnez),2026-06-25,Hard,Regular,victorias,Regular,victorias,,,player1,False,False,True
0.4230769230769231,2,12.0,0.02,0.01,6.5,0,77.0,1563,0.1,-6,1569,135.0,0.0,1.3,40.0,1.28,-104.0,0.0,181.0,9.0,135.0,0.0,161.0,45.0,11.0,Charles Bertimon,Jonas Eriksson Ziverts,M15 Monastir 24 (Túnez),2026-06-25,Hard,Regular,victorias,Regular,victorias,,,player1,False,False,True
0.4230769230769231,2,12.0,0.02,0.01,6.5,0,77.0,1563,0.1,-6,1569,135.0,0.0,1.3,40.0,1.28,-104.0,0.0,181.0,9.0,135.0,0.0,161.0,45.0,11.0,Charles Bertimon,Jonas Eriksson Ziverts,M15 Monastir 24 (Túnez),2026-06-25,Hard,Regular,victorias,Regular,victorias,,,player1,False,False,True
2.5641025641025643,1,11.0,0.01,0.02,0.0,0,200.0,1587,0.0,102,1485,161.0,0.0,1.32,35.3,1.26,123.0,0.14,77.0,9.0,161.0,0.0,132.0,45.0,11.0,Dominick Mosejczuk,Mathys Picard,M15 Monastir 24 (Túnez),2026-06-25,Hard,Regular,victorias,Mala,victorias,,,player2,False,False,True
2.5641025641025643,1,11.0,0.01,0.02,0.0,0,200.0,1587,0.0,102,1485,161.0,0.0,1.32,35.3,1.26,123.0,0.14,77.0,9.0,161.0,0.0,132.0,45.0,11.0,Dominick Mosejczuk,Mathys Picard,M15 Monastir 24 (Túnez),2026-06-25,Hard,Regular,victorias,Mala,victorias,,,player2,False,False,True
2.5641025641025643,1,11.0,0.01,0.02,0.0,0,200.0,1587,0.0,102,1485,161.0,0.0,1.32,35.3,1.26,123.0,0.14,77.0,9.0,161.0,0.0,132.0,45.0,11.0,Dominick Mosejczuk,Mathys Picard,M15 Monastir 24 (Túnez),2026-06-25,Hard,Regular,victorias,Mala,victorias,,,player2,False,False,True
1.1299435028248588,2,8.0,0.03,0.01,11.25,2,200.0,1449,0.13,-235,1684,135.0,0.12,1.21,60.0,1.37,24.0,0.15,176.0,6.0,135.0,0.0,132.0,30.0,14.0,Alexander Frusina,Roger Pascual Ferra,M15 Monastir 24 (Túnez),2026-06-25,Hard,Mala,victorias,Buena,victorias,,,player2,False,False,True
1.1299435028248588,2,8.0,0.03,0.01,11.25,2,200.0,1449,0.13,-235,1684,135.0,0.12,1.21,60.0,1.37,24.0,0.15,176.0,6.0,135.0,0.0,132.0,30.0,14.0,Alexander Frusina,Roger Pascual Ferra,M15 Monastir 24 (Túnez),2026-06-25,Hard,Mala,victorias,Buena,victorias,,,player2,False,False,True
1.1299435028248588,2,8.0,0.03,0.01,11.25,2,200.0,1449,0.13,-235,1684,135.0,0.12,1.21,60.0,1.37,24.0,0.15,176.0,6.0,135.0,0.0,132.0,30.0,14.0,Alexander Frusina,Roger Pascual Ferra,M15 Monastir 24 (Túnez),2026-06-25,Hard,Mala,victorias,Buena,victorias,,,player2,False,False,True
0.4682080924855491,8,10.0,0.03,0.02,11.25,1,81.0,1661,0.35,62,1599,136.0,0.0,1.41,50.0,1.17,-91.0,0.0,172.0,12.0,136.0,4.199999999999999,159.0,60.0,8.0,Maximilian Homberg,Filip Jeff Planinsek,M15 Slovenska Bistrica (Eslovenia),2026-06-25,Clay,Buena,victorias,Regular,victorias,,,player2,True,False,False
0.4682080924855491,8,10.0,0.03,0.02,11.25,1,81.0,1661,0.35,62,1599,136.0,0.0,1.41,50.0,1.17,-91.0,0.0,172.0,12.0,136.0,4.199999999999999,159.0,60.0,8.0,Maximilian Homberg,Filip Jeff Planinsek,M15 Slovenska Bistrica (Eslovenia),2026-06-25,Clay,Buena,victorias,Regular,victorias,,,player2,True,False,False
0.4682080924855491,8,10.0,0.03,0.02,11.25,1,81.0,1661,0.35,62,1599,136.0,0.0,1.41,50.0,1.17,-91.0,0.0,172.0,12.0,136.0,4.199999999999999,159.0,60.0,8.0,Maximilian Homberg,Filip Jeff Planinsek,M15 Slovenska Bistrica (Eslovenia),2026-06-25,Clay,Buena,victorias,Regular,victorias,,,player2,True,False,False
1.3356164383561644,2,7.0,0.03,0.01,4.75,2,195.0,1598,0.23,-70,1668,140.0,0.0,1.31,65.0,1.4,50.0,0.0,145.0,9.0,140.0,0.5999999999999999,133.0,45.0,11.0,Aleksandr Braynin,Herman Hoeyeraal,M15 Rzeszow (Polonia),2026-06-25,Clay,Regular,victorias,Buena,victorias,,,player2,True,False,False
1.3356164383561644,2,7.0,0.03,0.01,4.75,2,195.0,1598,0.23,-70,1668,140.0,0.0,1.31,65.0,1.4,50.0,0.0,145.0,9.0,140.0,0.5999999999999999,133.0,45.0,11.0,Aleksandr Braynin,Herman Hoeyeraal,M15 Rzeszow (Polonia),2026-06-25,Clay,Regular,victorias,Buena,victorias,,,player2,True,False,False
1.3356164383561644,2,7.0,0.03,0.01,4.75,2,195.0,1598,0.23,-70,1668,140.0,0.0,1.31,65.0,1.4,50.0,0.0,145.0,9.0,140.0,0.5999999999999999,133.0,45.0,11.0,Aleksandr Braynin,Herman Hoeyeraal,M15 Rzeszow (Polonia),2026-06-25,Clay,Regular,victorias,Buena,victorias,,,player2,True,False,False
0.5547945205479452,2,13.0,0.0,0.01,0.0,1,81.0,1572,0.0,127,1445,140.0,0.0,1.36,35.0,1.25,-64.0,0.18,145.0,11.0,140.0,0.0,159.0,55.0,9.0,Stefan Seifert,Leyton Rivera,M15 Rzeszow (Polonia),2026-06-25,Clay,Regular,victorias,Mala,victorias,,,player1,True,False,False
0.5547945205479452,2,13.0,0.0,0.01,0.0,1,81.0,1572,0.0,127,1445,140.0,0.0,1.36,35.0,1.25,-64.0,0.18,145.0,11.0,140.0,0.0,159.0,55.0,9.0,Stefan Seifert,Leyton Rivera,M15 Rzeszow (Polonia),2026-06-25,Clay,Regular,victorias,Mala,victorias,,,player1,True,False,False
0.5547945205479452,2,13.0,0.0,0.01,0.0,1,81.0,1572,0.0,127,1445,140.0,0.0,1.36,35.0,1.25,-64.0,0.18,145.0,11.0,140.0,0.0,159.0,55.0,9.0,Stefan Seifert,Leyton Rivera,M15 Rzeszow (Polonia),2026-06-25,Clay,Regular,victorias,Mala,victorias,,,player1,True,False,False
0.9935483870967742,0,7.466778458480149,0.0,0.01,0.0,3,154.0,1610,0.0,110,1500,139.0,0.0,1.41,23.720193720255743,0.0,0.0,0.0,154.0,12.0,139.0,0.0,139.0,60.0,8.0,Alan Wazny,Karol Filar,M15 Rzeszow (Polonia),2026-06-25,Clay,Buena,victorias,,,,,player1,True,False,False
0.9935483870967742,0,7.466778458480149,0.0,0.01,0.0,3,154.0,1610,0.0,110,1500,139.0,0.0,1.41,23.720193720255743,0.0,0.0,0.0,154.0,12.0,139.0,0.0,139.0,60.0,8.0,Alan Wazny,Karol Filar,M15 Rzeszow (Polonia),2026-06-25,Clay,Buena,victorias,,,,,player1,True,False,False
0.9935483870967742,0,7.466778458480149,0.0,0.01,0.0,3,154.0,1610,0.0,110,1500,139.0,0.0,1.41,23.720193720255743,0.0,0.0,0.0,154.0,12.0,139.0,0.0,139.0,60.0,8.0,Alan Wazny,Karol Filar,M15 Rzeszow (Polonia),2026-06-25,Clay,Buena,victorias,,,,,player1,True,False,False
0.98989898989899,14,12.0,0.01,0.03,3.0,3,98.0,1583,0.24,44,1539,152.0,0.09,1.15,40.0,1.11,0.0,0.09,98.0,10.0,152.0,18.4616,152.0,50.0,10.0,Giovanni Oradini,Marcello Serafini,M15 Bergamo (Italia),2026-06-25,Clay,Regular,victorias,Regular,victorias,,,player1,True,False,False
0.98989898989899,14,12.0,0.01,0.03,3.0,3,98.0,1583,0.24,44,1539,152.0,0.09,1.15,40.0,1.11,0.0,0.09,98.0,10.0,152.0,18.4616,152.0,50.0,10.0,Giovanni Oradini,Marcello Serafini,M15 Bergamo (Italia),2026-06-25,Clay,Regular,victorias,Regular,victorias,,,player1,True,False,False
0.98989898989899,14,12.0,0.01,0.03,3.0,3,98.0,1583,0.24,44,1539,152.0,0.09,1.15,40.0,1.11,0.0,0.09,98.0,10.0,152.0,18.4616,152.0,50.0,10.0,Giovanni Oradini,Marcello Serafini,M15 Bergamo (Italia),2026-06-25,Clay,Regular,victorias,Regular,victorias,,,player1,True,False,False
0.6262626262626263,10,4.0,0.05,0.05,5.699999999999999,2,62.0,1677,0.3,-86,1763,152.0,0.0,0.84,80.0,1.05,-36.0,0.13,98.0,12.0,152.0,20.566799999999997,169.0,60.0,8.0,Matthew William Donald,Fausto Tabacco,M15 Bergamo (Italia),2026-06-25,Clay,Buena,victorias,Excelente,victorias,,,player2,True,False,False
0.6262626262626263,10,4.0,0.05,0.05,5.699999999999999,2,62.0,1677,0.3,-86,1763,152.0,0.0,0.84,80.0,1.05,-36.0,0.13,98.0,12.0,152.0,20.566799999999997,169.0,60.0,8.0,Matthew William Donald,Fausto Tabacco,M15 Bergamo (Italia),2026-06-25,Clay,Buena,victorias,Excelente,victorias,,,player2,True,False,False
0.6262626262626263,10,4.0,0.05,0.05,5.699999999999999,2,62.0,1677,0.3,-86,1763,152.0,0.0,0.84,80.0,1.05,-36.0,0.13,98.0,12.0,152.0,20.566799999999997,169.0,60.0,8.0,Matthew William Donald,Fausto Tabacco,M15 Bergamo (Italia),2026-06-25,Clay,Buena,victorias,Excelente,victorias,,,player2,True,False,False
0.98989898989899,4,14.0,0.01,0.02,0.0,3,98.0,1635,0.0,176,1459,152.0,0.18,1.11,30.0,0.93,0.0,0.4,98.0,12.0,152.0,7.7637,152.0,60.0,8.0,Federico Arnaboldi,Filiberto Fumagalli,M15 Bergamo (Italia),2026-06-25,Clay,Buena,victorias,Mala,victorias,,,player1,True,False,False
0.98989898989899,4,14.0,0.01,0.02,0.0,3,98.0,1635,0.0,176,1459,152.0,0.18,1.11,30.0,0.93,0.0,0.4,98.0,12.0,152.0,7.7637,152.0,60.0,8.0,Federico Arnaboldi,Filiberto Fumagalli,M15 Bergamo (Italia),2026-06-25,Clay,Buena,victorias,Mala,victorias,,,player1,True,False,False
0.98989898989899,4,14.0,0.01,0.02,0.0,3,98.0,1635,0.0,176,1459,152.0,0.18,1.11,30.0,0.93,0.0,0.4,98.0,12.0,152.0,7.7637,152.0,60.0,8.0,Federico Arnaboldi,Filiberto Fumagalli,M15 Bergamo (Italia),2026-06-25,Clay,Buena,victorias,Mala,victorias,,,player1,True,False,False
0.39285714285714285,18,7.0,0.05,0.04,20.950000000000003,0,77.0,1613,0.59,-98,1711,133.0,0.23,1.02,65.0,1.27,-118.0,0.27,195.0,9.0,133.0,19.3956,161.0,45.0,11.0,Chloe Paquet,Anastasiia Sobolieva,W50 Gdansk (Polonia),2026-06-25,Clay,Regular,victorias,Buena,victorias,,,player2,True,False,False
0.39285714285714285,18,7.0,0.05,0.04,20.950000000000003,0,77.0,1613,0.59,-98,1711,133.0,0.23,1.02,65.0,1.27,-118.0,0.27,195.0,9.0,133.0,19.3956,161.0,45.0,11.0,Chloe Paquet,Anastasiia Sobolieva,W50 Gdansk (Polonia),2026-06-25,Clay,Regular,victorias,Buena,victorias,,,player2,True,False,False
0.39285714285714285,18,7.0,0.05,0.04,20.950000000000003,0,77.0,1613,0.59,-98,1711,133.0,0.23,1.02,65.0,1.27,-118.0,0.27,195.0,9.0,133.0,19.3956,161.0,45.0,11.0,Chloe Paquet,Anastasiia Sobolieva,W50 Gdansk (Polonia),2026-06-25,Clay,Regular,victorias,Buena,victorias,,,player2,True,False,False
2.4390243902439024,7,13.0,0.02,0.03,0.9499999999999997,0,200.0,1639,0.09,77,1562,159.0,0.25,1.28,35.0,1.18,119.0,0.22,81.0,11.0,159.0,7.7699,132.0,55.0,9.0,Hibah Shaikh,Mina Hodzic,W50 Gdansk (Polonia),2026-06-25,Clay,Regular,victorias,Mala,victorias,,,player2,True,False,False
2.4390243902439024,7,13.0,0.02,0.03,0.9499999999999997,0,200.0,1639,0.09,77,1562,159.0,0.25,1.28,35.0,1.18,119.0,0.22,81.0,11.0,159.0,7.7699,132.0,55.0,9.0,Hibah Shaikh,Mina Hodzic,W50 Gdansk (Polonia),2026-06-25,Clay,Regular,victorias,Mala,victorias,,,player2,True,False,False
2.4390243902439024,7,13.0,0.02,0.03,0.9499999999999997,0,200.0,1639,0.09,77,1562,159.0,0.25,1.28,35.0,1.18,119.0,0.22,81.0,11.0,159.0,7.7699,132.0,55.0,9.0,Hibah Shaikh,Mina Hodzic,W50 Gdansk (Polonia),2026-06-25,Clay,Regular,victorias,Mala,victorias,,,player2,True,False,False
2.4444444444444446,7,14.0,0.04,0.02,28.45,1,154.0,1607,0.53,42,1565,169.0,0.25,1.26,30.0,1.15,92.0,0.19,62.0,10.0,169.0,6.5097,139.0,50.0,10.0,Weronika Ewald,Barbora Palicova,W50 Gdansk (Polonia),2026-06-25,Clay,Regular,victorias,Mala,victorias,,,player1,True,False,False
2.4444444444444446,7,14.0,0.04,0.02,28.45,1,154.0,1607,0.53,42,1565,169.0,0.25,1.26,30.0,1.15,92.0,0.19,62.0,10.0,169.0,6.5097,139.0,50.0,10.0,Weronika Ewald,Barbora Palicova,W50 Gdansk (Polonia),2026-06-25,Clay,Regular,victorias,Mala,victorias,,,player1,True,False,False
2.4444444444444446,7,14.0,0.04,0.02,28.45,1,154.0,1607,0.53,42,1565,169.0,0.25,1.26,30.0,1.15,92.0,0.19,62.0,10.0,169.0,6.5097,139.0,50.0,10.0,Weronika Ewald,Barbora Palicova,W50 Gdansk (Polonia),2026-06-25,Clay,Regular,victorias,Mala,victorias,,,player1,True,False,False
0.1301775147928994,0,11.326033765652404,0.0,0.04,0.0,0,154.0,1679,0.0,179,1500,11.0,0.0,1.43,17.019924965216877,0.0,-1028.0,0.21,1182.0,13.0,11.0,0.0,139.0,65.0,7.0,Gina Feistel,Daria Kuczer,W50 Gdansk (Polonia),2026-06-25,Clay,Buena,victorias,,,,,player1,True,False,False
0.1301775147928994,0,11.326033765652404,0.0,0.04,0.0,0,154.0,1679,0.0,179,1500,11.0,0.0,1.43,17.019924965216877,0.0,-1028.0,0.21,1182.0,13.0,11.0,0.0,139.0,65.0,7.0,Gina Feistel,Daria Kuczer,W50 Gdansk (Polonia),2026-06-25,Clay,Buena,victorias,,,,,player1,True,False,False
0.1301775147928994,0,11.326033765652404,0.0,0.04,0.0,0,154.0,1679,0.0,179,1500,11.0,0.0,1.43,17.019924965216877,0.0,-1028.0,0.21,1182.0,13.0,11.0,0.0,139.0,65.0,7.0,Gina Feistel,Daria Kuczer,W50 Gdansk (Polonia),2026-06-25,Clay,Buena,victorias,,,,,player1,True,False,False
1.5555555555555556,8,11.0,0.02,0.03,5.699999999999999,2,98.0,1724,0.29,141,1583,169.0,0.22,1.31,45.0,1.23,36.0,0.17,62.0,13.0,169.0,11.8863,152.0,65.0,7.0,Deborah Chiesa,Aneta Laboutkova,W35 Tarvisio (Italia),2026-06-25,Clay,Buena,victorias,Regular,victorias,,,player1,True,False,False
1.5555555555555556,8,11.0,0.02,0.03,5.699999999999999,2,98.0,1724,0.29,141,1583,169.0,0.22,1.31,45.0,1.23,36.0,0.17,62.0,13.0,169.0,11.8863,152.0,65.0,7.0,Deborah Chiesa,Aneta Laboutkova,W35 Tarvisio (Italia),2026-06-25,Clay,Buena,victorias,Regular,victorias,,,player1,True,False,False
1.5555555555555556,8,11.0,0.02,0.03,5.699999999999999,2,98.0,1724,0.29,141,1583,169.0,0.22,1.31,45.0,1.23,36.0,0.17,62.0,13.0,169.0,11.8863,152.0,65.0,7.0,Deborah Chiesa,Aneta Laboutkova,W35 Tarvisio (Italia),2026-06-25,Clay,Buena,victorias,Regular,victorias,,,player1,True,False,False
0.6,8,4.0,0.04,0.04,3.0,1,81.0,1680,0.21,-151,1831,143.0,0.0,1.27,80.0,1.5,-53.0,0.16,134.0,11.0,143.0,11.2738,159.0,55.0,9.0,Florian Broska,Yassine Dlimi,M25 Tanger (Marruecos),2026-06-25,Clay,Regular,victorias,Excelente,victorias,,,player2,True,False,False
0.6,8,4.0,0.04,0.04,3.0,1,81.0,1680,0.21,-151,1831,143.0,0.0,1.27,80.0,1.5,-53.0,0.16,134.0,11.0,143.0,11.2738,159.0,55.0,9.0,Florian Broska,Yassine Dlimi,M25 Tanger (Marruecos),2026-06-25,Clay,Regular,victorias,Excelente,victorias,,,player2,True,False,False
0.6,8,4.0,0.04,0.04,3.0,1,81.0,1680,0.21,-151,1831,143.0,0.0,1.27,80.0,1.5,-53.0,0.16,134.0,11.0,143.0,11.2738,159.0,55.0,9.0,Florian Broska,Yassine Dlimi,M25 Tanger (Marruecos),2026-06-25,Clay,Regular,victorias,Excelente,victorias,,,player2,True,False,False
1.7179487179487178,6,8.0,0.18,0.06,6.5,1,134.0,1632,0.3,-182,1814,161.0,0.17,0.84,60.0,1.11,57.0,0.17,77.0,9.0,161.0,16.0195,143.0,45.0,11.0,Reda Bennani,Sean Cuenin,M25 Tanger (Marruecos),2026-06-25,Clay,Regular,victorias,Buena,victorias,,,player2,True,False,False
1.7179487179487178,6,8.0,0.18,0.06,6.5,1,134.0,1632,0.3,-182,1814,161.0,0.17,0.84,60.0,1.11,57.0,0.17,77.0,9.0,161.0,16.0195,143.0,45.0,11.0,Reda Bennani,Sean Cuenin,M25 Tanger (Marruecos),2026-06-25,Clay,Regular,victorias,Buena,victorias,,,player2,True,False,False
1.7179487179487178,6,8.0,0.18,0.06,6.5,1,134.0,1632,0.3,-182,1814,161.0,0.17,0.84,60.0,1.11,57.0,0.17,77.0,9.0,161.0,16.0195,143.0,45.0,11.0,Reda Bennani,Sean Cuenin,M25 Tanger (Marruecos),2026-06-25,Clay,Regular,victorias,Buena,victorias,,,player2,True,False,False
0.98989898989899,12,12.0,0.02,0.07,1.5,3,98.0,1727,0.15,181,1546,152.0,0.0,1.03,40.0,0.76,0.0,0.14,98.0,13.0,152.0,21.3169,152.0,65.0,7.0,Massimo Giunta,Lorenzo Rottoli,M25 Tanger (Marruecos),2026-06-25,Clay,Buena,victorias,Regular,victorias,,,player2,True,False,False
0.98989898989899,12,12.0,0.02,0.07,1.5,3,98.0,1727,0.15,181,1546,152.0,0.0,1.03,40.0,0.76,0.0,0.14,98.0,13.0,152.0,21.3169,152.0,65.0,7.0,Massimo Giunta,Lorenzo Rottoli,M25 Tanger (Marruecos),2026-06-25,Clay,Buena,victorias,Regular,victorias,,,player2,True,False,False
0.98989898989899,12,12.0,0.02,0.07,1.5,3,98.0,1727,0.15,181,1546,152.0,0.0,1.03,40.0,0.76,0.0,0.14,98.0,13.0,152.0,21.3169,152.0,65.0,7.0,Massimo Giunta,Lorenzo Rottoli,M25 Tanger (Marruecos),2026-06-25,Clay,Buena,victorias,Regular,victorias,,,player2,True,False,False
0.73224043715847,6,6.0,0.03,0.02,16.875,2,134.0,1665,0.46,-65,1730,134.0,0.09,1.3,70.0,1.36,-48.0,0.18,182.0,11.0,134.0,3.0273,143.0,55.0,9.0,Karim Bennani,Johan Nikles,M25 Tanger (Marruecos),2026-06-25,Clay,Regular,victorias,Buena,victorias,,,player1,True,False,False
0.73224043715847,6,6.0,0.03,0.02,16.875,2,134.0,1665,0.46,-65,1730,134.0,0.09,1.3,70.0,1.36,-48.0,0.18,182.0,11.0,134.0,3.0273,143.0,55.0,9.0,Karim Bennani,Johan Nikles,M25 Tanger (Marruecos),2026-06-25,Clay,Regular,victorias,Buena,victorias,,,player1,True,False,False
0.73224043715847,6,6.0,0.03,0.02,16.875,2,134.0,1665,0.46,-65,1730,134.0,0.09,1.3,70.0,1.36,-48.0,0.18,182.0,11.0,134.0,3.0273,143.0,55.0,9.0,Karim Bennani,Johan Nikles,M25 Tanger (Marruecos),2026-06-25,Clay,Regular,victorias,Buena,victorias,,,player1,True,False,False
0.7297297297297297,43,8.0,0.13,0.15,189.39499999999998,2,81.0,1760,0.35,-135,1895,149.0,0.27,1.46,60.0,1.25,-29.0,0.27,110.0,12.0,149.0,56.456599999999995,159.0,60.0,8.0,Tatjana Maria,Jelena Ostapenko,Eastbourne (Reino Unido),2026-06-25,Grass,Buena,victorias,Buena,victorias,,,player1,False,True,False
0.7297297297297297,43,8.0,0.13,0.15,189.39499999999998,2,81.0,1760,0.35,-135,1895,149.0,0.27,1.46,60.0,1.25,-29.0,0.27,110.0,12.0,149.0,56.456599999999995,159.0,60.0,8.0,Tatjana Maria,Jelena Ostapenko,Eastbourne (Reino Unido),2026-06-25,Grass,Buena,victorias,Buena,victorias,,,player1,False,True,False
0.7297297297297297,43,8.0,0.13,0.15,189.39499999999998,2,81.0,1760,0.35,-135,1895,149.0,0.27,1.46,60.0,1.25,-29.0,0.27,110.0,12.0,149.0,56.456599999999995,159.0,60.0,8.0,Tatjana Maria,Jelena Ostapenko,Eastbourne (Reino Unido),2026-06-25,Grass,Buena,victorias,Buena,victorias,,,player1,False,True,False
0.2935323383084577,18,5.0,0.17,0.04,43.285000000000004,0,59.0,1806,0.22,-198,2004,132.0,0.27,1.32,75.0,1.6,-141.0,0.27,200.0,13.0,132.0,4.7614,171.0,65.0,7.0,Petra Marcinko,Madison Keys,Eastbourne (Reino Unido),2026-06-25,Grass,Buena,victorias,Excelente,victorias,,,player2,False,True,False
0.2935323383084577,18,5.0,0.17,0.04,43.285000000000004,0,59.0,1806,0.22,-198,2004,132.0,0.27,1.32,75.0,1.6,-141.0,0.27,200.0,13.0,132.0,4.7614,171.0,65.0,7.0,Petra Marcinko,Madison Keys,Eastbourne (Reino Unido),2026-06-25,Grass,Buena,victorias,Excelente,victorias,,,player2,False,True,False
0.2935323383084577,18,5.0,0.17,0.04,43.285000000000004,0,59.0,1806,0.22,-198,2004,132.0,0.27,1.32,75.0,1.6,-141.0,0.27,200.0,13.0,132.0,4.7614,171.0,65.0,7.0,Petra Marcinko,Madison Keys,Eastbourne (Reino Unido),2026-06-25,Grass,Buena,victorias,Excelente,victorias,,,player2,False,True,False
7.0,5,6.0,0.03,0.06,0.0,1,63.0,1696,0.0,-1,1697,319.0,0.09,1.34,70.0,1.33,55.0,0.15,8.0,13.0,319.0,9.5287,168.0,65.0,7.0,Carl Emil Overbeck,Daniil Ostapenkov,M25 Porto (Portugal),2026-06-25,Hard,Buena,victorias,Buena,derrotas,,,player1,False,False,True
7.0,5,6.0,0.03,0.06,0.0,1,63.0,1696,0.0,-1,1697,319.0,0.09,1.34,70.0,1.33,55.0,0.15,8.0,13.0,319.0,9.5287,168.0,65.0,7.0,Carl Emil Overbeck,Daniil Ostapenkov,M25 Porto (Portugal),2026-06-25,Hard,Buena,victorias,Buena,derrotas,,,player1,False,False,True
7.0,5,6.0,0.03,0.06,0.0,1,63.0,1696,0.0,-1,1697,319.0,0.09,1.34,70.0,1.33,55.0,0.15,8.0,13.0,319.0,9.5287,168.0,65.0,7.0,Carl Emil Overbeck,Daniil Ostapenkov,M25 Porto (Portugal),2026-06-25,Hard,Buena,victorias,Buena,derrotas,,,player1,False,False,True
0.3717948717948718,4,11.0,0.01,0.04,0.5999999999999999,1,58.0,1687,0.03,132,1555,139.0,0.16,1.34,45.0,1.27,-97.0,0.14,155.0,12.0,139.0,2.3824,172.0,60.0,8.0,Eliakim Coulibaly,Francisco Rocha,M25 Porto (Portugal),2026-06-25,Hard,Buena,victorias,Regular,victorias,,,player2,False,False,True
0.3717948717948718,4,11.0,0.01,0.04,0.5999999999999999,1,58.0,1687,0.03,132,1555,139.0,0.16,1.34,45.0,1.27,-97.0,0.14,155.0,12.0,139.0,2.3824,172.0,60.0,8.0,Eliakim Coulibaly,Francisco Rocha,M25 Porto (Portugal),2026-06-25,Hard,Buena,victorias,Regular,victorias,,,player2,False,False,True
0.3717948717948718,4,11.0,0.01,0.04,0.5999999999999999,1,58.0,1687,0.03,132,1555,139.0,0.16,1.34,45.0,1.27,-97.0,0.14,155.0,12.0,139.0,2.3824,172.0,60.0,8.0,Eliakim Coulibaly,Francisco Rocha,M25 Porto (Portugal),2026-06-25,Hard,Buena,victorias,Regular,victorias,,,player2,False,False,True
0.4182590233545648,0,12.838094764540818,0.0,0.02,0.0,0,197.0,1655,0.0,155,1500,97.0,0.0,1.41,17.622869786760088,0.0,-273.0,0.12,470.0,11.0,97.0,0.0,132.0,55.0,9.0,Oscar Weightman,Sergi Perez Contri,M25 Bakio (España),2026-06-25,Hard,Regular,victorias,,,,,player1,False,False,True
0.4182590233545648,0,12.838094764540818,0.0,0.02,0.0,0,197.0,1655,0.0,155,1500,97.0,0.0,1.41,17.622869786760088,0.0,-273.0,0.12,470.0,11.0,97.0,0.0,132.0,55.0,9.0,Oscar Weightman,Sergi Perez Contri,M25 Bakio (España),2026-06-25,Hard,Regular,victorias,,,,,player1,False,False,True
0.4182590233545648,0,12.838094764540818,0.0,0.02,0.0,0,197.0,1655,0.0,155,1500,97.0,0.0,1.41,17.622869786760088,0.0,-273.0,0.12,470.0,11.0,97.0,0.0,132.0,55.0,9.0,Oscar Weightman,Sergi Perez Contri,M25 Bakio (España),2026-06-25,Hard,Regular,victorias,,,,,player1,False,False,True
0.4182590233545648,0,12.838094764540818,0.0,0.02,0.0,0,197.0,1655,0.0,155,1500,97.0,0.0,1.41,17.622869786760088,0.0,-273.0,0.12,470.0,11.0,97.0,0.0,132.0,55.0,9.0,Oscar Weightman,Sergi Perez Contri,M25 Bakio (España),2026-06-25,Hard,Regular,victorias,,,,,player1,False,False,True
0.10891089108910891,0,10.0,0.04,0.0,0.0,0,22.0,1500,0.0,-132,1632,132.0,0.12,0.0,50.0,1.19,-179.0,0.0,201.0,7.154959884247165,132.0,0.0,223.0,35.77479942123583,12.845040115752838,Juan Bautista Torres,Joaquin Aguilar Cardozo,Piracicaba (Brasil),2026-06-25,Clay,,,Regular,derrotas,,,player2,True,False,False
0.10891089108910891,0,10.0,0.04,0.0,0.0,0,22.0,1500,0.0,-132,1632,132.0,0.12,0.0,50.0,1.19,-179.0,0.0,201.0,7.154959884247165,132.0,0.0,223.0,35.77479942123583,12.845040115752838,Juan Bautista Torres,Joaquin Aguilar Cardozo,Piracicaba (Brasil),2026-06-25,Clay,,,Regular,derrotas,,,player2,True,False,False
0.10891089108910891,0,10.0,0.04,0.0,0.0,0,22.0,1500,0.0,-132,1632,132.0,0.12,0.0,50.0,1.19,-179.0,0.0,201.0,7.154959884247165,132.0,0.0,223.0,35.77479942123583,12.845040115752838,Juan Bautista Torres,Joaquin Aguilar Cardozo,Piracicaba (Brasil),2026-06-25,Clay,,,Regular,derrotas,,,player2,True,False,False
2.767857142857143,0,8.403913960151012,0.0,0.04,0.0,1,155.0,1788,-0.0,288,1500,1094.0,0.0,1.58,57.98043019924496,0.0,100.0,0.27,55.0,9.0,944.0,0.0,139.0,45.0,11.0,Nuno Borges,Ethan Quinn,Mallorca (España),2026-06-25,Grass,Regular,victorias,,,,,player2,False,True,False
2.767857142857143,0,8.403913960151012,0.0,0.04,0.0,1,155.0,1788,-0.0,288,1500,1094.0,0.0,1.58,57.98043019924496,0.0,100.0,0.27,55.0,9.0,944.0,0.0,139.0,45.0,11.0,Nuno Borges,Ethan Quinn,Mallorca (España),2026-06-25,Grass,Regular,victorias,,,,,player2,False,True,False
2.767857142857143,0,8.403913960151012,0.0,0.04,0.0,1,155.0,1788,-0.0,288,1500,1094.0,0.0,1.58,57.98043019924496,0.0,100.0,0.27,55.0,9.0,944.0,0.0,139.0,45.0,11.0,Nuno Borges,Ethan Quinn,Mallorca (España),2026-06-25,Grass,Regular,victorias,,,,,player2,False,True,False
0.5886075949367089,15,6.0,0.05,0.04,17.85,1,93.0,1613,0.5,-106,1719,138.0,0.34,0.97,70.0,1.06,-64.0,0.48,157.0,8.0,138.0,42.06850000000001,154.0,40.0,12.0,Sumit Nagal,Cezar Cretu,Targu Mures (Rumanía),2026-06-25,Clay,Regular,victorias,Buena,victorias,,,player1,True,False,False
0.5886075949367089,15,6.0,0.05,0.04,17.85,1,93.0,1613,0.5,-106,1719,138.0,0.34,0.97,70.0,1.06,-64.0,0.48,157.0,8.0,138.0,42.06850000000001,154.0,40.0,12.0,Sumit Nagal,Cezar Cretu,Targu Mures (Rumanía),2026-06-25,Clay,Regular,victorias,Buena,victorias,,,player1,True,False,False
0.5886075949367089,15,6.0,0.05,0.04,17.85,1,93.0,1613,0.5,-106,1719,138.0,0.34,0.97,70.0,1.06,-64.0,0.48,157.0,8.0,138.0,42.06850000000001,154.0,40.0,12.0,Sumit Nagal,Cezar Cretu,Targu Mures (Rumanía),2026-06-25,Clay,Regular,victorias,Buena,victorias,,,player1,True,False,False
0.4626865671641791,0,10.846311010423983,0.0,0.02,0.0,0,93.0,1671,0.0,171,1500,132.0,0.0,1.53,34.23155505211992,0.0,-107.0,0.24,200.0,13.0,132.0,0.0,154.0,65.0,7.0,Sahaja Yamalapalli,Savannah Broadus,"W35 Rome, GA (Estados Unidos)",2026-06-25,Hard,Buena,victorias,,,,,player1,False,False,True
0.4626865671641791,0,10.846311010423983,0.0,0.02,0.0,0,93.0,1671,0.0,171,1500,132.0,0.0,1.53,34.23155505211992,0.0,-107.0,0.24,200.0,13.0,132.0,0.0,154.0,65.0,7.0,Sahaja Yamalapalli,Savannah Broadus,"W35 Rome, GA (Estados Unidos)",2026-06-25,Hard,Buena,victorias,,,,,player1,False,False,True
0.4626865671641791,0,10.846311010423983,0.0,0.02,0.0,0,93.0,1671,0.0,171,1500,132.0,0.0,1.53,34.23155505211992,0.0,-107.0,0.24,200.0,13.0,132.0,0.0,154.0,65.0,7.0,Sahaja Yamalapalli,Savannah Broadus,"W35 Rome, GA (Estados Unidos)",2026-06-25,Hard,Buena,victorias,,,,,player1,False,False,True
0.9950248756218906,0,11.0,0.0,0.03,0.0,3,200.0,1765,0.0,265,1500,132.0,0.0,1.59,45.0,0.0,0.0,0.26,200.0,15.0,132.0,0.0,132.0,75.0,5.0,Madison Brengle,Amelia Honer,"W35 Rome, GA (Estados Unidos)",2026-06-25,Hard,Excelente,derrotas,,,,,player2,False,False,True
0.9950248756218906,0,11.0,0.0,0.03,0.0,3,200.0,1765,0.0,265,1500,132.0,0.0,1.59,45.0,0.0,0.0,0.26,200.0,15.0,132.0,0.0,132.0,75.0,5.0,Madison Brengle,Amelia Honer,"W35 Rome, GA (Estados Unidos)",2026-06-25,Hard,Excelente,derrotas,,,,,player2,False,False,True
0.9950248756218906,0,11.0,0.0,0.03,0.0,3,200.0,1765,0.0,265,1500,132.0,0.0,1.59,45.0,0.0,0.0,0.26,200.0,15.0,132.0,0.0,132.0,75.0,5.0,Madison Brengle,Amelia Honer,"W35 Rome, GA (Estados Unidos)",2026-06-25,Hard,Excelente,derrotas,,,,,player2,False,False,True
0.4975124378109453,0,11.999999999999998,0.0,0.03,0.0,1,100.0,1646,0.0,146,1500,132.0,0.0,1.4,40.0,0.0,-100.0,0.23,200.0,12.0,132.0,0.0,152.0,60.0,8.0,Ena Koike,Ayana Akli,"W35 Rome, GA (Estados Unidos)",2026-06-25,Hard,Buena,victorias,,,,,player2,False,False,True
0.4975124378109453,0,11.999999999999998,0.0,0.03,0.0,1,100.0,1646,0.0,146,1500,132.0,0.0,1.4,40.0,0.0,-100.0,0.23,200.0,12.0,132.0,0.0,152.0,60.0,8.0,Ena Koike,Ayana Akli,"W35 Rome, GA (Estados Unidos)",2026-06-25,Hard,Buena,victorias,,,,,player2,False,False,True
0.4975124378109453,0,11.999999999999998,0.0,0.03,0.0,1,100.0,1646,0.0,146,1500,132.0,0.0,1.4,40.0,0.0,-100.0,0.23,200.0,12.0,132.0,0.0,152.0,60.0,8.0,Ena Koike,Ayana Akli,"W35 Rome, GA (Estados Unidos)",2026-06-25,Hard,Buena,victorias,,,,,player2,False,False,True
0.23383084577114427,0,10.187275522878267,0.0,0.03,0.0,0,47.0,1635,0.0,135,1500,132.0,0.0,1.39,31.671318575203596,0.0,-153.0,0.22,200.0,13.0,132.0,0.0,181.0,65.0,7.0,Ariana Arseneault,Jo-Yee Chan,"W35 Rome, GA (Estados Unidos)",2026-06-25,Hard,Buena,derrotas,,,,,player2,False,False,True
0.23383084577114427,0,10.187275522878267,0.0,0.03,0.0,0,47.0,1635,0.0,135,1500,132.0,0.0,1.39,31.671318575203596,0.0,-153.0,0.22,200.0,13.0,132.0,0.0,181.0,65.0,7.0,Ariana Arseneault,Jo-Yee Chan,"W35 Rome, GA (Estados Unidos)",2026-06-25,Hard,Buena,derrotas,,,,,player2,False,False,True
0.23383084577114427,0,10.187275522878267,0.0,0.03,0.0,0,47.0,1635,0.0,135,1500,132.0,0.0,1.39,31.671318575203596,0.0,-153.0,0.22,200.0,13.0,132.0,0.0,181.0,65.0,7.0,Ariana Arseneault,Jo-Yee Chan,"W35 Rome, GA (Estados Unidos)",2026-06-25,Hard,Buena,derrotas,,,,,player2,False,False,True
0.16161616161616163,0,4.4200309439816925,0.0,0.05,0.0,0,32.0,1795,-0.0,295,1500,132.0,0.0,1.61,31.32585456328605,0.0,-165.0,0.27,197.0,10.0,132.0,0.0,200.0,50.0,10.0,Zizou Bergs,Toby Samuel,Eastbourne (Reino Unido),2026-06-25,Grass,Regular,victorias,,,,,player1,False,True,False
0.16161616161616163,0,4.4200309439816925,0.0,0.05,0.0,0,32.0,1795,-0.0,295,1500,132.0,0.0,1.61,31.32585456328605,0.0,-165.0,0.27,197.0,10.0,132.0,0.0,200.0,50.0,10.0,Zizou Bergs,Toby Samuel,Eastbourne (Reino Unido),2026-06-25,Grass,Regular,victorias,,,,,player1,False,True,False
0.16161616161616163,0,4.4200309439816925,0.0,0.05,0.0,0,32.0,1795,-0.0,295,1500,132.0,0.0,1.61,31.32585456328605,0.0,-165.0,0.27,197.0,10.0,132.0,0.0,200.0,50.0,10.0,Zizou Bergs,Toby Samuel,Eastbourne (Reino Unido),2026-06-25,Grass,Regular,victorias,,,,,player1,False,True,False
2.5256410256410255,0,13.678398698469655,0.0,0.12,0.0,0,197.0,1948,-0.0,448,1500,161.0,0.0,1.62,31.608006507651726,0.0,120.0,0.27,77.0,12.0,161.0,0.0,132.0,60.0,8.0,Jack Draper,Ugo Humbert,Eastbourne (Reino Unido),2026-06-25,Grass,Buena,victorias,,,,,player2,False,True,False
2.5256410256410255,0,13.678398698469655,0.0,0.12,0.0,0,197.0,1948,-0.0,448,1500,161.0,0.0,1.62,31.608006507651726,0.0,120.0,0.27,77.0,12.0,161.0,0.0,132.0,60.0,8.0,Jack Draper,Ugo Humbert,Eastbourne (Reino Unido),2026-06-25,Grass,Buena,victorias,,,,,player2,False,True,False
2.5256410256410255,0,13.678398698469655,0.0,0.12,0.0,0,197.0,1948,-0.0,448,1500,161.0,0.0,1.62,31.608006507651726,0.0,120.0,0.27,77.0,12.0,161.0,0.0,132.0,60.0,8.0,Jack Draper,Ugo Humbert,Eastbourne (Reino Unido),2026-06-25,Grass,Buena,victorias,,,,,player2,False,True,False
0.6666666666666666,0,11.632359961560663,0.0,0.04,0.0,2,52.0,1645,0.0,145,1500,161.0,0.0,1.33,41.838200192196695,0.0,-25.0,0.25,77.0,9.0,161.0,0.0,176.0,45.0,11.0,Fangran Tian,Amandine Hesse,W50 Palma del Rio (España),2026-06-25,Hard,Regular,victorias,,,,,player1,False,False,True
0.6666666666666666,0,11.632359961560663,0.0,0.04,0.0,2,52.0,1645,0.0,145,1500,161.0,0.0,1.33,41.838200192196695,0.0,-25.0,0.25,77.0,9.0,161.0,0.0,176.0,45.0,11.0,Fangran Tian,Amandine Hesse,W50 Palma del Rio (España),2026-06-25,Hard,Regular,victorias,,,,,player2,False,False,True
0.6666666666666666,0,11.632359961560663,0.0,0.04,0.0,2,52.0,1645,0.0,145,1500,161.0,0.0,1.33,41.838200192196695,0.0,-25.0,0.25,77.0,9.0,161.0,0.0,176.0,45.0,11.0,Fangran Tian,Amandine Hesse,W50 Palma del Rio (España),2026-06-25,Hard,Regular,victorias,,,,,player2,False,False,True
0.6666666666666666,0,11.632359961560663,0.0,0.04,0.0,2,52.0,1645,0.0,145,1500,161.0,0.0,1.33,41.838200192196695,0.0,-25.0,0.25,77.0,9.0,161.0,0.0,176.0,45.0,11.0,Fangran Tian,Amandine Hesse,W50 Palma del Rio (España),2026-06-25,Hard,Regular,victorias,,,,,player2,False,False,True
0.11940298507462686,0,12.000000000000002,0.0,0.03,0.0,0,24.0,1570,0.0,70,1500,132.0,0.0,1.33,40.0,0.0,-176.0,0.24,200.0,9.0,132.0,0.0,217.0,45.0,11.0,Elena Micic,Carolyn Ansari,W50 Palma del Rio (España),2026-06-25,Hard,Regular,victorias,,,,,player1,False,False,True
0.11940298507462686,0,12.000000000000002,0.0,0.03,0.0,0,24.0,1570,0.0,70,1500,132.0,0.0,1.33,40.0,0.0,-176.0,0.24,200.0,9.0,132.0,0.0,217.0,45.0,11.0,Elena Micic,Carolyn Ansari,W50 Palma del Rio (España),2026-06-25,Hard,Regular,victorias,,,,,player1,False,False,True
0.11940298507462686,0,12.000000000000002,0.0,0.03,0.0,0,24.0,1570,0.0,70,1500,132.0,0.0,1.33,40.0,0.0,-176.0,0.24,200.0,9.0,132.0,0.0,217.0,45.0,11.0,Elena Micic,Carolyn Ansari,W50 Palma del Rio (España),2026-06-25,Hard,Regular,victorias,,,,,player1,False,False,True
0.11940298507462686,0,12.000000000000002,0.0,0.03,0.0,0,24.0,1570,0.0,70,1500,132.0,0.0,1.33,40.0,0.0,-176.0,0.24,200.0,9.0,132.0,0.0,217.0,45.0,11.0,Elena Micic,Carolyn Ansari,W50 Palma del Rio (España),2026-06-25,Hard,Regular,victorias,,,,,player1,False,False,True
21.22222222222222,0,9.799212081862892,0.0,0.03,0.0,0,191.0,1710,0.0,210,1500,319.0,0.0,1.47,25.391323243571268,0.0,183.0,0.27,8.0,12.0,319.0,0.0,133.0,60.0,8.0,Ayla Aksu,Anna Kubareva,W50 Palma del Rio (España),2026-06-25,Hard,Buena,derrotas,,,,,player1,False,False,True
21.22222222222222,0,9.799212081862892,0.0,0.03,0.0,0,191.0,1710,0.0,210,1500,319.0,0.0,1.47,25.391323243571268,0.0,183.0,0.27,8.0,12.0,319.0,0.0,133.0,60.0,8.0,Ayla Aksu,Anna Kubareva,W50 Palma del Rio (España),2026-06-25,Hard,Buena,derrotas,,,,,player1,False,False,True
21.22222222222222,0,9.799212081862892,0.0,0.03,0.0,0,191.0,1710,0.0,210,1500,319.0,0.0,1.47,25.391323243571268,0.0,183.0,0.27,8.0,12.0,319.0,0.0,133.0,60.0,8.0,Ayla Aksu,Anna Kubareva,W50 Palma del Rio (España),2026-06-25,Hard,Buena,derrotas,,,,,player1,False,False,True
2.6226415094339623,0,12.000000000000004,0.0,0.03,0.0,1,139.0,1739,0.0,239,1500,176.0,0.0,1.55,38.29404406979193,0.0,87.0,0.24,52.0,14.0,176.0,0.0,142.0,70.0,6.0,Eva Vedder,Han Shi,W50 Palma del Rio (España),2026-06-25,Hard,Buena,victorias,,,,,player1,False,False,True
2.6226415094339623,0,12.000000000000004,0.0,0.03,0.0,1,139.0,1739,0.0,239,1500,176.0,0.0,1.55,38.29404406979193,0.0,87.0,0.24,52.0,14.0,176.0,0.0,142.0,70.0,6.0,Eva Vedder,Han Shi,W50 Palma del Rio (España),2026-06-25,Hard,Buena,victorias,,,,,player1,False,False,True
2.6226415094339623,0,12.000000000000004,0.0,0.03,0.0,1,139.0,1739,0.0,239,1500,176.0,0.0,1.55,38.29404406979193,0.0,87.0,0.24,52.0,14.0,176.0,0.0,142.0,70.0,6.0,Eva Vedder,Han Shi,W50 Palma del Rio (España),2026-06-25,Hard,Buena,victorias,,,,,player1,False,False,True
2.6226415094339623,0,12.000000000000004,0.0,0.03,0.0,1,139.0,1739,0.0,239,1500,176.0,0.0,1.55,38.29404406979193,0.0,87.0,0.24,52.0,14.0,176.0,0.0,142.0,70.0,6.0,Eva Vedder,Han Shi,W50 Palma del Rio (España),2026-06-25,Hard,Buena,victorias,,,,,player1,False,False,True
0.9950248756218906,0,7.893502452327646,0.0,0.01,0.0,3,200.0,1507,0.0,7,1500,132.0,0.0,1.17,20.10604881928897,0.0,0.0,0.15,200.0,6.0,132.0,0.0,132.0,30.0,14.0,Midori Castillo Meza,Amy Zhu,"W15 Claremont, CA (Estados Unidos)",2026-06-25,Hard,Mala,derrotas,,,,,player1,False,False,True
0.9950248756218906,0,7.893502452327646,0.0,0.01,0.0,3,200.0,1507,0.0,7,1500,132.0,0.0,1.17,20.10604881928897,0.0,0.0,0.15,200.0,6.0,132.0,0.0,132.0,30.0,14.0,Midori Castillo Meza,Amy Zhu,"W15 Claremont, CA (Estados Unidos)",2026-06-25,Hard,Mala,derrotas,,,,,player1,False,False,True
0.9950248756218906,0,7.893502452327646,0.0,0.01,0.0,3,200.0,1507,0.0,7,1500,132.0,0.0,1.17,20.10604881928897,0.0,0.0,0.15,200.0,6.0,132.0,0.0,132.0,30.0,14.0,Midori Castillo Meza,Amy Zhu,"W15 Claremont, CA (Estados Unidos)",2026-06-25,Hard,Mala,derrotas,,,,,player1,False,False,True
0.9950248756218906,0,7.893502452327646,0.0,0.01,0.0,3,200.0,1507,0.0,7,1500,132.0,0.0,1.17,20.10604881928897,0.0,0.0,0.15,200.0,6.0,132.0,0.0,132.0,30.0,14.0,Midori Castillo Meza,Amy Zhu,"W15 Claremont, CA (Estados Unidos)",2026-06-25,Hard,Mala,derrotas,,,,,player1,False,False,True
0.9950248756218906,0,11.265164077789816,0.0,0.03,0.0,3,200.0,1717,0.0,217,1500,132.0,0.0,1.6,43.67417961105091,0.0,0.0,0.22,200.0,14.0,132.0,0.0,132.0,70.0,6.0,Anne-Christine Lutkemeyer,Alexis Nguyen,"W15 Claremont, CA (Estados Unidos)",2026-06-25,Hard,Buena,victorias,,,,,player1,False,False,True
0.9950248756218906,0,11.265164077789816,0.0,0.03,0.0,3,200.0,1717,0.0,217,1500,132.0,0.0,1.6,43.67417961105091,0.0,0.0,0.22,200.0,14.0,132.0,0.0,132.0,70.0,6.0,Anne-Christine Lutkemeyer,Alexis Nguyen,"W15 Claremont, CA (Estados Unidos)",2026-06-25,Hard,Buena,victorias,,,,,player2,False,False,True
0.9950248756218906,0,11.265164077789816,0.0,0.03,0.0,3,200.0,1717,0.0,217,1500,132.0,0.0,1.6,43.67417961105091,0.0,0.0,0.22,200.0,14.0,132.0,0.0,132.0,70.0,6.0,Anne-Christine Lutkemeyer,Alexis Nguyen,"W15 Claremont, CA (Estados Unidos)",2026-06-25,Hard,Buena,victorias,,,,,player2,False,False,True
0.9950248756218906,0,11.265164077789816,0.0,0.03,0.0,3,200.0,1717,0.0,217,1500,132.0,0.0,1.6,43.67417961105091,0.0,0.0,0.22,200.0,14.0,132.0,0.0,132.0,70.0,6.0,Anne-Christine Lutkemeyer,Alexis Nguyen,"W15 Claremont, CA (Estados Unidos)",2026-06-25,Hard,Buena,victorias,,,,,player2,False,False,True
0.9936708860759493,4,7.0,0.02,0.01,14.5,3,157.0,1545,0.44,-85,1630,138.0,0.19,1.31,65.0,1.37,0.0,0.18,157.0,10.0,138.0,0.0017,138.0,50.0,10.0,Irina Fetecau,Giulia Safina Popa,W15 Galati (Rumanía),2026-06-25,Clay,Regular,victorias,Buena,victorias,,,player2,True,False,False
0.9936708860759493,4,7.0,0.02,0.01,14.5,3,157.0,1545,0.44,-85,1630,138.0,0.19,1.31,65.0,1.37,0.0,0.18,157.0,10.0,138.0,0.0017,138.0,50.0,10.0,Irina Fetecau,Giulia Safina Popa,W15 Galati (Rumanía),2026-06-25,Clay,Regular,victorias,Buena,victorias,,,player2,True,False,False
0.9936708860759493,4,7.0,0.02,0.01,14.5,3,157.0,1545,0.44,-85,1630,138.0,0.19,1.31,65.0,1.37,0.0,0.18,157.0,10.0,138.0,0.0017,138.0,50.0,10.0,Irina Fetecau,Giulia Safina Popa,W15 Galati (Rumanía),2026-06-25,Clay,Regular,victorias,Buena,victorias,,,player2,True,False,False
0.620253164556962,3,12.0,0.01,0.0,0.9499999999999997,1,98.0,1534,0.09,5,1529,138.0,0.0,1.27,40.0,1.27,-59.0,0.0,157.0,8.0,138.0,0.0,152.0,40.0,12.0,Lavinia Luciano,Anastasia Safta,W15 Galati (Rumanía),2026-06-25,Clay,Regular,victorias,Regular,victorias,,,player2,True,False,False
0.620253164556962,3,12.0,0.01,0.0,0.9499999999999997,1,98.0,1534,0.09,5,1529,138.0,0.0,1.27,40.0,1.27,-59.0,0.0,157.0,8.0,138.0,0.0,152.0,40.0,12.0,Lavinia Luciano,Anastasia Safta,W15 Galati (Rumanía),2026-06-25,Clay,Regular,victorias,Regular,victorias,,,player2,True,False,False
0.620253164556962,3,12.0,0.01,0.0,0.9499999999999997,1,98.0,1534,0.09,5,1529,138.0,0.0,1.27,40.0,1.27,-59.0,0.0,157.0,8.0,138.0,0.0,152.0,40.0,12.0,Lavinia Luciano,Anastasia Safta,W15 Galati (Rumanía),2026-06-25,Clay,Regular,victorias,Regular,victorias,,,player2,True,False,False
0.7929292929292929,1,9.0,0.02,0.01,3.25,2,157.0,1601,0.19,3,1598,132.0,0.14,1.5,55.0,1.27,-40.0,0.13,197.0,12.0,132.0,0.0,138.0,60.0,8.0,Sara Victoria Balan,Allegra Korpanec Davies,W15 Galati (Rumanía),2026-06-25,Clay,Buena,victorias,Regular,victorias,,,player1,True,False,False
0.7929292929292929,1,9.0,0.02,0.01,3.25,2,157.0,1601,0.19,3,1598,132.0,0.14,1.5,55.0,1.27,-40.0,0.13,197.0,12.0,132.0,0.0,138.0,60.0,8.0,Sara Victoria Balan,Allegra Korpanec Davies,W15 Galati (Rumanía),2026-06-25,Clay,Buena,victorias,Regular,victorias,,,player1,True,False,False
0.7929292929292929,1,9.0,0.02,0.01,3.25,2,157.0,1601,0.19,3,1598,132.0,0.14,1.5,55.0,1.27,-40.0,0.13,197.0,12.0,132.0,0.0,138.0,60.0,8.0,Sara Victoria Balan,Allegra Korpanec Davies,W15 Galati (Rumanía),2026-06-25,Clay,Buena,victorias,Regular,victorias,,,player1,True,False,False
1.2857142857142858,4,11.0,0.02,0.01,0.0,2,81.0,1595,0.0,13,1582,169.0,0.09,1.34,45.0,1.27,19.0,0.14,62.0,12.0,169.0,2.6428,159.0,60.0,8.0,Benito Sanchez Martinez,Jakub Filip,M15 Kamen (Alemania),2026-06-25,Clay,Buena,victorias,Regular,victorias,,,player1,True,False,False
1.2857142857142858,4,11.0,0.02,0.01,0.0,2,81.0,1595,0.0,13,1582,169.0,0.09,1.34,45.0,1.27,19.0,0.14,62.0,12.0,169.0,2.6428,159.0,60.0,8.0,Benito Sanchez Martinez,Jakub Filip,M15 Kamen (Alemania),2026-06-25,Clay,Buena,victorias,Regular,victorias,,,player1,True,False,False
1.2857142857142858,4,11.0,0.02,0.01,0.0,2,81.0,1595,0.0,13,1582,169.0,0.09,1.34,45.0,1.27,19.0,0.14,62.0,12.0,169.0,2.6428,159.0,60.0,8.0,Benito Sanchez Martinez,Jakub Filip,M15 Kamen (Alemania),2026-06-25,Clay,Buena,victorias,Regular,victorias,,,player1,True,False,False
2.3780487804878048,3,10.0,0.03,0.06,0.0,0,195.0,1691,0.0,99,1592,159.0,0.0,1.19,50.0,0.92,114.0,0.16,81.0,13.0,159.0,0.9499999999999997,133.0,65.0,7.0,Oleksii Krutykh,Michel Hopp,M15 Kamen (Alemania),2026-06-25,Clay,Buena,victorias,Regular,victorias,,,player1,True,False,False
2.3780487804878048,3,10.0,0.03,0.06,0.0,0,195.0,1691,0.0,99,1592,159.0,0.0,1.19,50.0,0.92,114.0,0.16,81.0,13.0,159.0,0.9499999999999997,133.0,65.0,7.0,Oleksii Krutykh,Michel Hopp,M15 Kamen (Alemania),2026-06-25,Clay,Buena,victorias,Regular,victorias,,,player1,True,False,False
2.3780487804878048,3,10.0,0.03,0.06,0.0,0,195.0,1691,0.0,99,1592,159.0,0.0,1.19,50.0,0.92,114.0,0.16,81.0,13.0,159.0,0.9499999999999997,133.0,65.0,7.0,Oleksii Krutykh,Michel Hopp,M15 Kamen (Alemania),2026-06-25,Clay,Buena,victorias,Regular,victorias,,,player1,True,False,False
0.40298507462686567,1,9.0,0.02,0.01,6.175,0,81.0,1506,0.26,-99,1605,132.0,0.09,1.26,55.0,1.37,-119.0,0.16,200.0,7.0,132.0,0.0,159.0,35.0,13.0,Victoria Pohle,Kailey Evans,W15 Kamen (Alemania),2026-06-25,Clay,Mala,victorias,Regular,victorias,,,player1,True,False,False
0.40298507462686567,1,9.0,0.02,0.01,6.175,0,81.0,1506,0.26,-99,1605,132.0,0.09,1.26,55.0,1.37,-119.0,0.16,200.0,7.0,132.0,0.0,159.0,35.0,13.0,Victoria Pohle,Kailey Evans,W15 Kamen (Alemania),2026-06-25,Clay,Mala,victorias,Regular,victorias,,,player1,True,False,False
0.40298507462686567,1,9.0,0.02,0.01,6.175,0,81.0,1506,0.26,-99,1605,132.0,0.09,1.26,55.0,1.37,-119.0,0.16,200.0,7.0,132.0,0.0,159.0,35.0,13.0,Victoria Pohle,Kailey Evans,W15 Kamen (Alemania),2026-06-25,Clay,Mala,victorias,Regular,victorias,,,player1,True,False,False
2.3780487804878048,4,5.0,0.04,0.01,14.175,0,195.0,1619,0.4,-129,1748,159.0,0.09,1.34,75.0,1.41,114.0,0.09,81.0,11.0,159.0,0.0,133.0,55.0,9.0,Anastasiia Firman,Eva Marie Voracek,W15 Kamen (Alemania),2026-06-25,Clay,Regular,victorias,Excelente,victorias,,,player2,True,False,False
2.3780487804878048,4,5.0,0.04,0.01,14.175,0,195.0,1619,0.4,-129,1748,159.0,0.09,1.34,75.0,1.41,114.0,0.09,81.0,11.0,159.0,0.0,133.0,55.0,9.0,Anastasiia Firman,Eva Marie Voracek,W15 Kamen (Alemania),2026-06-25,Clay,Regular,victorias,Excelente,victorias,,,player2,True,False,False
2.3780487804878048,4,5.0,0.04,0.01,14.175,0,195.0,1619,0.4,-129,1748,159.0,0.09,1.34,75.0,1.41,114.0,0.09,81.0,11.0,159.0,0.0,133.0,55.0,9.0,Anastasiia Firman,Eva Marie Voracek,W15 Kamen (Alemania),2026-06-25,Clay,Regular,victorias,Excelente,victorias,,,player2,True,False,False
1.7073170731707317,5,7.0,0.01,0.02,6.0,1,140.0,1698,0.27,34,1664,159.0,0.15,1.39,65.0,1.36,59.0,0.18,81.0,15.0,159.0,7.7444,141.0,75.0,5.0,Valentina Ivanov,Mara Guth,W15 Kamen (Alemania),2026-06-25,Clay,Excelente,victorias,Buena,victorias,,,player1,True,False,False
1.7073170731707317,5,7.0,0.01,0.02,6.0,1,140.0,1698,0.27,34,1664,159.0,0.15,1.39,65.0,1.36,59.0,0.18,81.0,15.0,159.0,7.7444,141.0,75.0,5.0,Valentina Ivanov,Mara Guth,W15 Kamen (Alemania),2026-06-25,Clay,Excelente,victorias,Buena,victorias,,,player1,True,False,False
1.7073170731707317,5,7.0,0.01,0.02,6.0,1,140.0,1698,0.27,34,1664,159.0,0.15,1.39,65.0,1.36,59.0,0.18,81.0,15.0,159.0,7.7444,141.0,75.0,5.0,Valentina Ivanov,Mara Guth,W15 Kamen (Alemania),2026-06-25,Clay,Excelente,victorias,Buena,victorias,,,player1,True,False,False
0.9878048780487805,5,10.0,0.02,0.04,6.0,3,81.0,1687,0.27,107,1580,159.0,0.0,1.34,50.0,1.29,0.0,0.15,81.0,12.0,159.0,4.7753,159.0,60.0,8.0,Marvin Moeller,Tom Zeuch,M25 Brussels (Bélgica),2026-06-25,Clay,Buena,victorias,Regular,victorias,,,player1,True,False,False
0.9878048780487805,5,10.0,0.02,0.04,6.0,3,81.0,1687,0.27,107,1580,159.0,0.0,1.34,50.0,1.29,0.0,0.15,81.0,12.0,159.0,4.7753,159.0,60.0,8.0,Marvin Moeller,Tom Zeuch,M25 Brussels (Bélgica),2026-06-25,Clay,Buena,victorias,Regular,victorias,,,player1,True,False,False
0.9878048780487805,5,10.0,0.02,0.04,6.0,3,81.0,1687,0.27,107,1580,159.0,0.0,1.34,50.0,1.29,0.0,0.15,81.0,12.0,159.0,4.7753,159.0,60.0,8.0,Marvin Moeller,Tom Zeuch,M25 Brussels (Bélgica),2026-06-25,Clay,Buena,victorias,Regular,victorias,,,player1,True,False,False
0.8181818181818182,0,13.395434790092715,0.0,0.03,0.0,2,81.0,1676,0.0,176,1500,152.0,0.0,1.39,33.02282604953643,0.0,-17.0,0.22,98.0,11.0,152.0,0.0,159.0,55.0,9.0,Max Hans Rehberg,Samuele Pieri,M25 Brussels (Bélgica),2026-06-25,Clay,Regular,victorias,,,,,player1,True,False,False
0.8181818181818182,0,13.395434790092715,0.0,0.03,0.0,2,81.0,1676,0.0,176,1500,152.0,0.0,1.39,33.02282604953643,0.0,-17.0,0.22,98.0,11.0,152.0,0.0,159.0,55.0,9.0,Max Hans Rehberg,Samuele Pieri,M25 Brussels (Bélgica),2026-06-25,Clay,Regular,victorias,,,,,player1,True,False,False
0.8181818181818182,0,13.395434790092715,0.0,0.03,0.0,2,81.0,1676,0.0,176,1500,152.0,0.0,1.39,33.02282604953643,0.0,-17.0,0.22,98.0,11.0,152.0,0.0,159.0,55.0,9.0,Max Hans Rehberg,Samuele Pieri,M25 Brussels (Bélgica),2026-06-25,Clay,Regular,victorias,,,,,player1,True,False,False
0.8181818181818182,0,13.395434790092715,0.0,0.03,0.0,2,81.0,1676,0.0,176,1500,152.0,0.0,1.39,33.02282604953643,0.0,-17.0,0.22,98.0,11.0,152.0,0.0,159.0,55.0,9.0,Max Hans Rehberg,Samuele Pieri,M25 Brussels (Bélgica),2026-06-25,Clay,Regular,victorias,,,,,player1,True,False,False
2.5641025641025643,1,10.0,0.01,0.02,1.2999999999999998,0,200.0,1629,0.11,13,1616,161.0,0.18,1.35,50.0,1.35,123.0,0.0,77.0,10.0,161.0,0.0,132.0,50.0,10.0,Mia Horvit,Nina Radovanovic,W15 Kursumlijska Banja 6 (Serbia),2026-06-25,Clay,Regular,victorias,Regular,victorias,,,player2,True,False,False
2.5641025641025643,1,10.0,0.01,0.02,1.2999999999999998,0,200.0,1629,0.11,13,1616,161.0,0.18,1.35,50.0,1.35,123.0,0.0,77.0,10.0,161.0,0.0,132.0,50.0,10.0,Mia Horvit,Nina Radovanovic,W15 Kursumlijska Banja 6 (Serbia),2026-06-25,Clay,Regular,victorias,Regular,victorias,,,player2,True,False,False
2.5641025641025643,1,10.0,0.01,0.02,1.2999999999999998,0,200.0,1629,0.11,13,1616,161.0,0.18,1.35,50.0,1.35,123.0,0.0,77.0,10.0,161.0,0.0,132.0,50.0,10.0,Mia Horvit,Nina Radovanovic,W15 Kursumlijska Banja 6 (Serbia),2026-06-25,Clay,Regular,victorias,Regular,victorias,,,player2,True,False,False
18.555555555555557,9,6.0,0.08,0.07,11.0,0,167.0,1688,0.43,-33,1721,319.0,0.21,0.88,70.0,1.08,159.0,0.22,8.0,13.0,319.0,6.5197,137.0,65.0,7.0,Natalija Senic,Ksenia Zaytseva,W15 Kursumlijska Banja 6 (Serbia),2026-06-25,Clay,Buena,victorias,Buena,victorias,,,player2,True,False,False
18.555555555555557,9,6.0,0.08,0.07,11.0,0,167.0,1688,0.43,-33,1721,319.0,0.21,0.88,70.0,1.08,159.0,0.22,8.0,13.0,319.0,6.5197,137.0,65.0,7.0,Natalija Senic,Ksenia Zaytseva,W15 Kursumlijska Banja 6 (Serbia),2026-06-25,Clay,Buena,victorias,Buena,victorias,,,player2,True,False,False
18.555555555555557,9,6.0,0.08,0.07,11.0,0,167.0,1688,0.43,-33,1721,319.0,0.21,0.88,70.0,1.08,159.0,0.22,8.0,13.0,319.0,6.5197,137.0,65.0,7.0,Natalija Senic,Ksenia Zaytseva,W15 Kursumlijska Banja 6 (Serbia),2026-06-25,Clay,Buena,victorias,Buena,victorias,,,player2,True,False,False
0.30952380952380953,2,11.0,0.01,0.02,6.5,0,52.0,1633,0.26,102,1531,137.0,0.12,1.37,45.0,1.3,-115.0,0.12,167.0,12.0,137.0,6.5314,176.0,60.0,8.0,Tian Jialin,Dusica Popovski,W15 Kursumlijska Banja 6 (Serbia),2026-06-25,Clay,Buena,victorias,Regular,victorias,,,player2,True,False,False
0.30952380952380953,2,11.0,0.01,0.02,6.5,0,52.0,1633,0.26,102,1531,137.0,0.12,1.37,45.0,1.3,-115.0,0.12,167.0,12.0,137.0,6.5314,176.0,60.0,8.0,Tian Jialin,Dusica Popovski,W15 Kursumlijska Banja 6 (Serbia),2026-06-25,Clay,Buena,victorias,Regular,victorias,,,player2,True,False,False
0.30952380952380953,2,11.0,0.01,0.02,6.5,0,52.0,1633,0.26,102,1531,137.0,0.12,1.37,45.0,1.3,-115.0,0.12,167.0,12.0,137.0,6.5314,176.0,60.0,8.0,Tian Jialin,Dusica Popovski,W15 Kursumlijska Banja 6 (Serbia),2026-06-25,Clay,Buena,victorias,Regular,victorias,,,player2,True,False,False
0.9696969696969697,3,5.0,0.05,0.06,3.0,3,32.0,1594,0.18,-137,1731,200.0,0.2,0.87,75.0,1.14,0.0,0.2,32.0,8.0,200.0,4.7719,200.0,40.0,12.0,Amelie Van Impe,Margaux Maquet,W15 Alkmaar (Países Bajos),2026-06-25,Clay,Regular,victorias,Excelente,victorias,,,player2,True,False,False
0.9696969696969697,3,5.0,0.05,0.06,3.0,3,32.0,1594,0.18,-137,1731,200.0,0.2,0.87,75.0,1.14,0.0,0.2,32.0,8.0,200.0,4.7719,200.0,40.0,12.0,Amelie Van Impe,Margaux Maquet,W15 Alkmaar (Países Bajos),2026-06-25,Clay,Regular,victorias,Excelente,victorias,,,player2,True,False,False
0.9696969696969697,3,5.0,0.05,0.06,3.0,3,32.0,1594,0.18,-137,1731,200.0,0.2,0.87,75.0,1.14,0.0,0.2,32.0,8.0,200.0,4.7719,200.0,40.0,12.0,Amelie Van Impe,Margaux Maquet,W15 Alkmaar (Países Bajos),2026-06-25,Clay,Regular,victorias,Excelente,victorias,,,player2,True,False,False
1.7820512820512822,2,6.0,0.01,0.01,0.0,1,139.0,1471,0.0,-231,1702,161.0,0.38,0.85,70.0,1.18,62.0,0.58,77.0,5.0,161.0,0.0,142.0,25.0,15.0,Lian Tran,Dune Vaissaud,W15 Alkmaar (Países Bajos),2026-06-25,Clay,Mala,victorias,Buena,victorias,,,player1,True,False,False
1.7820512820512822,2,6.0,0.01,0.01,0.0,1,139.0,1471,0.0,-231,1702,161.0,0.38,0.85,70.0,1.18,62.0,0.58,77.0,5.0,161.0,0.0,142.0,25.0,15.0,Lian Tran,Dune Vaissaud,W15 Alkmaar (Países Bajos),2026-06-25,Clay,Mala,victorias,Buena,victorias,,,player1,True,False,False
1.7820512820512822,2,6.0,0.01,0.01,0.0,1,139.0,1471,0.0,-231,1702,161.0,0.38,0.85,70.0,1.18,62.0,0.58,77.0,5.0,161.0,0.0,142.0,25.0,15.0,Lian Tran,Dune Vaissaud,W15 Alkmaar (Países Bajos),2026-06-25,Clay,Mala,victorias,Buena,victorias,,,player1,True,False,False
0.55,1,10.0,0.01,0.01,0.0,1,77.0,1521,0.0,-44,1565,142.0,0.18,1.42,50.0,1.25,-62.0,0.12,139.0,4.0,142.0,0.0,161.0,44.4,5.0,Charlotte Narti,Merel Hoedt,W15 Alkmaar (Países Bajos),2026-06-25,Clay,Regular,victorias,Regular,victorias,,,player1,True,False,False
0.55,1,10.0,0.01,0.01,0.0,1,77.0,1521,0.0,-44,1565,142.0,0.18,1.42,50.0,1.25,-62.0,0.12,139.0,4.0,142.0,0.0,161.0,44.4,5.0,Charlotte Narti,Merel Hoedt,W15 Alkmaar (Países Bajos),2026-06-25,Clay,Regular,victorias,Regular,victorias,,,player1,True,False,False
0.55,1,10.0,0.01,0.01,0.0,1,77.0,1521,0.0,-44,1565,142.0,0.18,1.42,50.0,1.25,-62.0,0.12,139.0,4.0,142.0,0.0,161.0,44.4,5.0,Charlotte Narti,Merel Hoedt,W15 Alkmaar (Países Bajos),2026-06-25,Clay,Regular,victorias,Regular,victorias,,,player1,True,False,False
1.2214285714285715,11,10.0,0.02,0.02,23.66,2,171.0,1699,0.58,100,1599,142.0,0.24,1.27,50.0,1.2,32.0,0.18,139.0,14.0,142.0,10.769,136.0,70.0,6.0,Irina Balus,Isis Louise Van Den Broek,W15 Alkmaar (Países Bajos),2026-06-25,Clay,Buena,victorias,Regular,victorias,,,player2,True,False,False
1.2214285714285715,11,10.0,0.02,0.02,23.66,2,171.0,1699,0.58,100,1599,142.0,0.24,1.27,50.0,1.2,32.0,0.18,139.0,14.0,142.0,10.769,136.0,70.0,6.0,Irina Balus,Isis Louise Van Den Broek,W15 Alkmaar (Países Bajos),2026-06-25,Clay,Buena,victorias,Regular,victorias,,,player2,True,False,False
1.2214285714285715,11,10.0,0.02,0.02,23.66,2,171.0,1699,0.58,100,1599,142.0,0.24,1.27,50.0,1.2,32.0,0.18,139.0,14.0,142.0,10.769,136.0,70.0,6.0,Irina Balus,Isis Louise Van Den Broek,W15 Alkmaar (Países Bajos),2026-06-25,Clay,Buena,victorias,Regular,victorias,,,player2,True,False,False
0.359375,3,6.0,0.03,0.01,9.75,0,69.0,1563,0.13,-99,1662,133.0,0.09,1.32,70.0,1.4,-122.0,0.09,191.0,10.0,133.0,0.0,165.0,50.0,10.0,Jana Hossam Salah,Irem Kurt,W15 Kayseri 6 (Turquía),2026-06-25,Hard,Regular,victorias,Buena,victorias,,,player1,False,False,True
0.359375,3,6.0,0.03,0.01,9.75,0,69.0,1563,0.13,-99,1662,133.0,0.09,1.32,70.0,1.4,-122.0,0.09,191.0,10.0,133.0,0.0,165.0,50.0,10.0,Jana Hossam Salah,Irem Kurt,W15 Kayseri 6 (Turquía),2026-06-25,Hard,Regular,victorias,Buena,victorias,,,player1,False,False,True
0.359375,3,6.0,0.03,0.01,9.75,0,69.0,1563,0.13,-99,1662,133.0,0.09,1.32,70.0,1.4,-122.0,0.09,191.0,10.0,133.0,0.0,165.0,50.0,10.0,Jana Hossam Salah,Irem Kurt,W15 Kayseri 6 (Turquía),2026-06-25,Hard,Regular,victorias,Buena,victorias,,,player1,False,False,True
0.125,4,7.0,0.11,0.07,10.14,0,24.0,1694,0.15,-15,1709,133.0,0.21,0.96,65.0,1.17,-167.0,0.19,191.0,14.0,133.0,0.0,217.0,70.0,6.0,Alana Subasic,Deniz Dilek,W15 Kayseri 6 (Turquía),2026-06-25,Hard,Buena,victorias,Buena,victorias,,,player1,False,False,True
0.125,4,7.0,0.11,0.07,10.14,0,24.0,1694,0.15,-15,1709,133.0,0.21,0.96,65.0,1.17,-167.0,0.19,191.0,14.0,133.0,0.0,217.0,70.0,6.0,Alana Subasic,Deniz Dilek,W15 Kayseri 6 (Turquía),2026-06-25,Hard,Buena,victorias,Buena,victorias,,,player1,False,False,True
0.125,4,7.0,0.11,0.07,10.14,0,24.0,1694,0.15,-15,1709,133.0,0.21,0.96,65.0,1.17,-167.0,0.19,191.0,14.0,133.0,0.0,217.0,70.0,6.0,Alana Subasic,Deniz Dilek,W15 Kayseri 6 (Turquía),2026-06-25,Hard,Buena,victorias,Buena,victorias,,,player1,False,False,True
1.015625,5,12.0,0.01,0.02,4.75,3,195.0,1560,0.1,64,1496,133.0,0.17,1.26,40.0,1.23,4.0,0.23,191.0,9.0,133.0,9.7555,133.0,45.0,11.0,Kateryna Lazarenko,Doga Turkmen,W15 Kayseri 6 (Turquía),2026-06-25,Hard,Regular,victorias,Regular,victorias,,,player1,False,False,True
1.015625,5,12.0,0.01,0.02,4.75,3,195.0,1560,0.1,64,1496,133.0,0.17,1.26,40.0,1.23,4.0,0.23,191.0,9.0,133.0,9.7555,133.0,45.0,11.0,Kateryna Lazarenko,Doga Turkmen,W15 Kayseri 6 (Turquía),2026-06-25,Hard,Regular,victorias,Regular,victorias,,,player1,False,False,True
1.015625,5,12.0,0.01,0.02,4.75,3,195.0,1560,0.1,64,1496,133.0,0.17,1.26,40.0,1.23,4.0,0.23,191.0,9.0,133.0,9.7555,133.0,45.0,11.0,Kateryna Lazarenko,Doga Turkmen,W15 Kayseri 6 (Turquía),2026-06-25,Hard,Regular,victorias,Regular,victorias,,,player1,False,False,True
3.6037735849056602,2,4.0,0.11,0.07,11.25,0,191.0,1655,0.13,-135,1790,176.0,0.4,0.76,80.0,0.92,139.0,0.42,52.0,13.0,176.0,0.0,133.0,65.0,7.0,Duru Soke,Lan Mi,W15 Kayseri 6 (Turquía),2026-06-25,Hard,Buena,victorias,Excelente,victorias,,,player1,False,False,True
3.6037735849056602,2,4.0,0.11,0.07,11.25,0,191.0,1655,0.13,-135,1790,176.0,0.4,0.76,80.0,0.92,139.0,0.42,52.0,13.0,176.0,0.0,133.0,65.0,7.0,Duru Soke,Lan Mi,W15 Kayseri 6 (Turquía),2026-06-25,Hard,Buena,victorias,Excelente,victorias,,,player1,False,False,True
3.6037735849056602,2,4.0,0.11,0.07,11.25,0,191.0,1655,0.13,-135,1790,176.0,0.4,0.76,80.0,0.92,139.0,0.42,52.0,13.0,176.0,0.0,133.0,65.0,7.0,Duru Soke,Lan Mi,W15 Kayseri 6 (Turquía),2026-06-25,Hard,Buena,victorias,Excelente,victorias,,,player1,False,False,True
2.5641025641025643,0,12.0,0.01,0.0,0.0,0,200.0,1515,0.0,21,1494,161.0,0.0,1.46,40.0,1.2,123.0,0.0,77.0,1.0,161.0,0.0,132.0,50.0,1.0,Roman Sancilio,Theo Herrmann,M15 Kayseri 6 (Turquía),2026-06-25,Hard,Regular,victorias,Regular,victorias,,,player2,False,False,True
2.5641025641025643,0,12.0,0.01,0.0,0.0,0,200.0,1515,0.0,21,1494,161.0,0.0,1.46,40.0,1.2,123.0,0.0,77.0,1.0,161.0,0.0,132.0,50.0,1.0,Roman Sancilio,Theo Herrmann,M15 Kayseri 6 (Turquía),2026-06-25,Hard,Regular,victorias,Regular,victorias,,,player2,False,False,True
2.5641025641025643,0,12.0,0.01,0.0,0.0,0,200.0,1515,0.0,21,1494,161.0,0.0,1.46,40.0,1.2,123.0,0.0,77.0,1.0,161.0,0.0,132.0,50.0,1.0,Roman Sancilio,Theo Herrmann,M15 Kayseri 6 (Turquía),2026-06-25,Hard,Regular,victorias,Regular,victorias,,,player2,False,False,True
0.4129353233830846,3,8.0,0.02,0.03,7.8,0,83.0,1628,0.12,-25,1653,132.0,0.12,1.08,60.0,1.01,-117.0,0.09,200.0,10.0,132.0,8.480400000000001,158.0,50.0,10.0,Dimitris Azoidis,Keshav Chopra,M15 Kayseri 6 (Turquía),2026-06-25,Hard,Regular,victorias,Buena,victorias,,,player2,False,False,True
0.4129353233830846,3,8.0,0.02,0.03,7.8,0,83.0,1628,0.12,-25,1653,132.0,0.12,1.08,60.0,1.01,-117.0,0.09,200.0,10.0,132.0,8.480400000000001,158.0,50.0,10.0,Dimitris Azoidis,Keshav Chopra,M15 Kayseri 6 (Turquía),2026-06-25,Hard,Regular,victorias,Buena,victorias,,,player2,False,False,True
0.4129353233830846,3,8.0,0.02,0.03,7.8,0,83.0,1628,0.12,-25,1653,132.0,0.12,1.08,60.0,1.01,-117.0,0.09,200.0,10.0,132.0,8.480400000000001,158.0,50.0,10.0,Dimitris Azoidis,Keshav Chopra,M15 Kayseri 6 (Turquía),2026-06-25,Hard,Regular,victorias,Buena,victorias,,,player2,False,False,True
2.0319148936170213,2,12.0,0.02,0.0,8.450000000000001,1,191.0,1446,0.11,-94,1540,154.0,0.0,1.21,40.0,1.28,98.0,0.0,93.0,6.0,154.0,0.0,133.0,30.0,14.0,Bora Sengul,Rethin Pranav Senthil Kumar,M15 Kayseri 6 (Turquía),2026-06-25,Hard,Mala,victorias,Regular,victorias,,,player2,False,False,True
2.0319148936170213,2,12.0,0.02,0.0,8.450000000000001,1,191.0,1446,0.11,-94,1540,154.0,0.0,1.21,40.0,1.28,98.0,0.0,93.0,6.0,154.0,0.0,133.0,30.0,14.0,Bora Sengul,Rethin Pranav Senthil Kumar,M15 Kayseri 6 (Turquía),2026-06-25,Hard,Mala,victorias,Regular,victorias,,,player2,False,False,True
2.0319148936170213,2,12.0,0.02,0.0,8.450000000000001,1,191.0,1446,0.11,-94,1540,154.0,0.0,1.21,40.0,1.28,98.0,0.0,93.0,6.0,154.0,0.0,133.0,30.0,14.0,Bora Sengul,Rethin Pranav Senthil Kumar,M15 Kayseri 6 (Turquía),2026-06-25,Hard,Mala,victorias,Regular,victorias,,,player2,False,False,True
0.9928571428571429,4,9.0,0.02,0.0,6.0,3,139.0,1474,0.25,-162,1636,142.0,0.17,1.2,55.0,1.34,0.0,0.14,139.0,6.0,142.0,0.0,142.0,30.0,14.0,Jesse De Jager,Sander Jong,M15 Alkmaar (Países Bajos),2026-06-25,Clay,Mala,victorias,Regular,victorias,,,player1,True,False,False
0.9928571428571429,4,9.0,0.02,0.0,6.0,3,139.0,1474,0.25,-162,1636,142.0,0.17,1.2,55.0,1.34,0.0,0.14,139.0,6.0,142.0,0.0,142.0,30.0,14.0,Jesse De Jager,Sander Jong,M15 Alkmaar (Países Bajos),2026-06-25,Clay,Mala,victorias,Regular,victorias,,,player1,True,False,False
0.9928571428571429,4,9.0,0.02,0.0,6.0,3,139.0,1474,0.25,-162,1636,142.0,0.17,1.2,55.0,1.34,0.0,0.14,139.0,6.0,142.0,0.0,142.0,30.0,14.0,Jesse De Jager,Sander Jong,M15 Alkmaar (Países Bajos),2026-06-25,Clay,Mala,victorias,Regular,victorias,,,player1,True,False,False
0.9928571428571429,3,9.0,0.02,0.01,7.75,3,139.0,1598,0.28,-50,1648,142.0,0.0,1.35,55.0,1.35,0.0,0.0,139.0,11.0,142.0,0.0,142.0,55.0,9.0,Fons Van Sambeek,Pieter de Lange,M15 Alkmaar (Países Bajos),2026-06-25,Clay,Regular,victorias,Regular,victorias,,,player2,True,False,False
0.9928571428571429,3,9.0,0.02,0.01,7.75,3,139.0,1598,0.28,-50,1648,142.0,0.0,1.35,55.0,1.35,0.0,0.0,139.0,11.0,142.0,0.0,142.0,55.0,9.0,Fons Van Sambeek,Pieter de Lange,M15 Alkmaar (Países Bajos),2026-06-25,Clay,Regular,victorias,Regular,victorias,,,player2,True,False,False
0.9928571428571429,3,9.0,0.02,0.01,7.75,3,139.0,1598,0.28,-50,1648,142.0,0.0,1.35,55.0,1.35,0.0,0.0,139.0,11.0,142.0,0.0,142.0,55.0,9.0,Fons Van Sambeek,Pieter de Lange,M15 Alkmaar (Países Bajos),2026-06-25,Clay,Regular,victorias,Regular,victorias,,,player2,True,False,False
0.801980198019802,1,10.0,0.04,0.01,0.0,2,81.0,1602,0.0,2,1600,152.0,0.0,1.26,50.0,1.44,-19.0,0.09,100.0,11.0,152.0,4.7749,159.0,55.0,9.0,Marc Majdandzic,Ryo Tabata,M15 Alkmaar (Países Bajos),2026-06-25,Clay,Regular,victorias,Regular,victorias,,,player1,True,False,False
0.801980198019802,1,10.0,0.04,0.01,0.0,2,81.0,1602,0.0,2,1600,152.0,0.0,1.26,50.0,1.44,-19.0,0.09,100.0,11.0,152.0,4.7749,159.0,55.0,9.0,Marc Majdandzic,Ryo Tabata,M15 Alkmaar (Países Bajos),2026-06-25,Clay,Regular,victorias,Regular,victorias,,,player1,True,False,False
0.801980198019802,1,10.0,0.04,0.01,0.0,2,81.0,1602,0.0,2,1600,152.0,0.0,1.26,50.0,1.44,-19.0,0.09,100.0,11.0,152.0,4.7749,159.0,55.0,9.0,Marc Majdandzic,Ryo Tabata,M15 Alkmaar (Países Bajos),2026-06-25,Clay,Regular,victorias,Regular,victorias,,,player1,True,False,False
2.1463414634146343,0,14.0,0.01,0.0,0.0,1,176.0,1457,0.0,-30,1487,159.0,0.0,1.24,30.0,1.24,95.0,0.0,81.0,6.0,159.0,0.0,135.0,30.0,14.0,Manel Lazaro Juncadella,Julien Penzlin,M15 Alkmaar (Países Bajos),2026-06-25,Clay,Mala,victorias,Mala,victorias,,,player1,True,False,False
2.1463414634146343,0,14.0,0.01,0.0,0.0,1,176.0,1457,0.0,-30,1487,159.0,0.0,1.24,30.0,1.24,95.0,0.0,81.0,6.0,159.0,0.0,135.0,30.0,14.0,Manel Lazaro Juncadella,Julien Penzlin,M15 Alkmaar (Países Bajos),2026-06-25,Clay,Mala,victorias,Mala,victorias,,,player1,True,False,False
2.1463414634146343,0,14.0,0.01,0.0,0.0,1,176.0,1457,0.0,-30,1487,159.0,0.0,1.24,30.0,1.24,95.0,0.0,81.0,6.0,159.0,0.0,135.0,30.0,14.0,Manel Lazaro Juncadella,Julien Penzlin,M15 Alkmaar (Países Bajos),2026-06-25,Clay,Mala,victorias,Mala,victorias,,,player1,True,False,False
1.4047619047619047,7,9.0,0.01,0.02,4.75,2,118.0,1593,0.26,-15,1608,158.0,0.0,0.98,55.0,0.94,35.0,0.48,83.0,10.0,158.0,17.519,146.0,50.0,10.0,Oleg Prihodko,Dimitris Sakellaridis,M25 Zagreb (Croacia),2026-06-25,Clay,Regular,victorias,Regular,victorias,,,player1,True,False,False
1.4047619047619047,7,9.0,0.01,0.02,4.75,2,118.0,1593,0.26,-15,1608,158.0,0.0,0.98,55.0,0.94,35.0,0.48,83.0,10.0,158.0,17.519,146.0,50.0,10.0,Oleg Prihodko,Dimitris Sakellaridis,M25 Zagreb (Croacia),2026-06-25,Clay,Regular,victorias,Regular,victorias,,,player1,True,False,False
1.4047619047619047,7,9.0,0.01,0.02,4.75,2,118.0,1593,0.26,-15,1608,158.0,0.0,0.98,55.0,0.94,35.0,0.48,83.0,10.0,158.0,17.519,146.0,50.0,10.0,Oleg Prihodko,Dimitris Sakellaridis,M25 Zagreb (Croacia),2026-06-25,Clay,Regular,victorias,Regular,victorias,,,player1,True,False,False
0.6666666666666666,14,10.0,0.03,0.03,15.5,1,118.0,1644,0.54,7,1637,135.0,0.21,1.2,50.0,1.16,-58.0,0.23,176.0,12.0,135.0,27.5587,146.0,60.0,8.0,Kalin Ivanovski,Javier Barranco Cosano,M25 Zagreb (Croacia),2026-06-25,Clay,Buena,victorias,Regular,victorias,,,player1,True,False,False
0.6666666666666666,14,10.0,0.03,0.03,15.5,1,118.0,1644,0.54,7,1637,135.0,0.21,1.2,50.0,1.16,-58.0,0.23,176.0,12.0,135.0,27.5587,146.0,60.0,8.0,Kalin Ivanovski,Javier Barranco Cosano,M25 Zagreb (Croacia),2026-06-25,Clay,Buena,victorias,Regular,victorias,,,player1,True,False,False
0.6666666666666666,14,10.0,0.03,0.03,15.5,1,118.0,1644,0.54,7,1637,135.0,0.21,1.2,50.0,1.16,-58.0,0.23,176.0,12.0,135.0,27.5587,146.0,60.0,8.0,Kalin Ivanovski,Javier Barranco Cosano,M25 Zagreb (Croacia),2026-06-25,Clay,Buena,victorias,Regular,victorias,,,player1,True,False,False
0.04081632653061224,2,10.0,0.02,0.01,0.0,0,8.0,1578,0.0,0,1578,133.0,0.0,1.35,50.0,1.33,-187.0,0.0,195.0,11.0,133.0,0.0,319.0,55.0,9.0,Arina Arifullina,Yelyzaveta Chainykova,W15 Monastir 19 (Túnez),2026-06-25,Hard,Regular,victorias,Regular,victorias,,,player1,False,False,True
0.04081632653061224,2,10.0,0.02,0.01,0.0,0,8.0,1578,0.0,0,1578,133.0,0.0,1.35,50.0,1.33,-187.0,0.0,195.0,11.0,133.0,0.0,319.0,55.0,9.0,Arina Arifullina,Yelyzaveta Chainykova,W15 Monastir 19 (Túnez),2026-06-25,Hard,Regular,victorias,Regular,victorias,,,player1,False,False,True
0.04081632653061224,2,10.0,0.02,0.01,0.0,0,8.0,1578,0.0,0,1578,133.0,0.0,1.35,50.0,1.33,-187.0,0.0,195.0,11.0,133.0,0.0,319.0,55.0,9.0,Arina Arifullina,Yelyzaveta Chainykova,W15 Monastir 19 (Túnez),2026-06-25,Hard,Regular,victorias,Regular,victorias,,,player1,False,False,True
0.5273972602739726,1,8.0,0.02,0.02,4.75,1,77.0,1553,0.08,-54,1607,140.0,0.19,1.32,60.0,1.39,-68.0,0.18,145.0,9.0,140.0,0.0,161.0,45.0,11.0,Alyssa Reguer,Emily Sartz-Lunde,W15 Monastir 19 (Túnez),2026-06-25,Hard,Regular,victorias,Buena,victorias,,,player1,False,False,True
0.5273972602739726,1,8.0,0.02,0.02,4.75,1,77.0,1553,0.08,-54,1607,140.0,0.19,1.32,60.0,1.39,-68.0,0.18,145.0,9.0,140.0,0.0,161.0,45.0,11.0,Alyssa Reguer,Emily Sartz-Lunde,W15 Monastir 19 (Túnez),2026-06-25,Hard,Regular,victorias,Buena,victorias,,,player1,False,False,True
0.5273972602739726,1,8.0,0.02,0.02,4.75,1,77.0,1553,0.08,-54,1607,140.0,0.19,1.32,60.0,1.39,-68.0,0.18,145.0,9.0,140.0,0.0,161.0,45.0,11.0,Alyssa Reguer,Emily Sartz-Lunde,W15 Monastir 19 (Túnez),2026-06-25,Hard,Regular,victorias,Buena,victorias,,,player1,False,False,True
0.2682926829268293,1,9.0,0.03,0.01,0.0,1,22.0,1434,0.0,-163,1597,159.0,0.16,1.18,55.0,1.37,-59.0,0.12,81.0,5.0,159.0,0.0,223.0,25.0,15.0,Lourdes Ayala,Karla Bartel,W15 Monastir 19 (Túnez),2026-06-25,Hard,Mala,victorias,Regular,victorias,,,player2,False,False,True
0.2682926829268293,1,9.0,0.03,0.01,0.0,1,22.0,1434,0.0,-163,1597,159.0,0.16,1.18,55.0,1.37,-59.0,0.12,81.0,5.0,159.0,0.0,223.0,25.0,15.0,Lourdes Ayala,Karla Bartel,W15 Monastir 19 (Túnez),2026-06-25,Hard,Mala,victorias,Regular,victorias,,,player2,False,False,True
0.2682926829268293,1,9.0,0.03,0.01,0.0,1,22.0,1434,0.0,-163,1597,159.0,0.16,1.18,55.0,1.37,-59.0,0.12,81.0,5.0,159.0,0.0,223.0,25.0,15.0,Lourdes Ayala,Karla Bartel,W15 Monastir 19 (Túnez),2026-06-25,Hard,Mala,victorias,Regular,victorias,,,player2,False,False,True
2.3333333333333335,4,11.0,0.01,0.01,18.200000000000003,1,98.0,1553,0.47,14,1539,187.0,0.09,1.18,45.0,1.38,57.0,0.0,41.0,9.0,187.0,6.5332,152.0,45.0,11.0,Giannicola Misasi,George Lazarov,M15 Kursumlijska Banja 6 (Serbia),2026-06-25,Clay,Regular,victorias,Regular,victorias,,,player1,True,False,False
2.3333333333333335,4,11.0,0.01,0.01,18.200000000000003,1,98.0,1553,0.47,14,1539,187.0,0.09,1.18,45.0,1.38,57.0,0.0,41.0,9.0,187.0,6.5332,152.0,45.0,11.0,Giannicola Misasi,George Lazarov,M15 Kursumlijska Banja 6 (Serbia),2026-06-25,Clay,Regular,victorias,Regular,victorias,,,player1,True,False,False
2.3333333333333335,4,11.0,0.01,0.01,18.200000000000003,1,98.0,1553,0.47,14,1539,187.0,0.09,1.18,45.0,1.38,57.0,0.0,41.0,9.0,187.0,6.5332,152.0,45.0,11.0,Giannicola Misasi,George Lazarov,M15 Kursumlijska Banja 6 (Serbia),2026-06-25,Clay,Regular,victorias,Regular,victorias,,,player1,True,False,False
5.157894736842105,7,8.0,0.01,0.01,20.125,1,98.0,1585,0.48,-38,1623,238.0,0.0,1.26,60.0,1.3,80.0,0.0,18.0,10.0,238.0,6.0245,152.0,50.0,10.0,Andrea De Marchi,Samir Hamza Reguig,M15 Kursumlijska Banja 6 (Serbia),2026-06-25,Clay,Regular,victorias,Buena,victorias,,,player1,True,False,False
5.157894736842105,7,8.0,0.01,0.01,20.125,1,98.0,1585,0.48,-38,1623,238.0,0.0,1.26,60.0,1.3,80.0,0.0,18.0,10.0,238.0,6.0245,152.0,50.0,10.0,Andrea De Marchi,Samir Hamza Reguig,M15 Kursumlijska Banja 6 (Serbia),2026-06-25,Clay,Regular,victorias,Buena,victorias,,,player1,True,False,False
5.157894736842105,7,8.0,0.01,0.01,20.125,1,98.0,1585,0.48,-38,1623,238.0,0.0,1.26,60.0,1.3,80.0,0.0,18.0,10.0,238.0,6.0245,152.0,50.0,10.0,Andrea De Marchi,Samir Hamza Reguig,M15 Kursumlijska Banja 6 (Serbia),2026-06-25,Clay,Regular,victorias,Buena,victorias,,,player1,True,False,False
0.9940476190476191,4,11.0,0.01,0.1,0.0,3,167.0,1768,0.0,261,1507,137.0,0.09,1.17,45.0,0.81,0.0,0.12,167.0,15.0,137.0,4.7793,137.0,75.0,5.0,Branko Djuric,Novak Novakovic,M15 Kursumlijska Banja 6 (Serbia),2026-06-25,Clay,Excelente,victorias,Regular,victorias,,,player1,True,False,False
0.9940476190476191,4,11.0,0.01,0.1,0.0,3,167.0,1768,0.0,261,1507,137.0,0.09,1.17,45.0,0.81,0.0,0.12,167.0,15.0,137.0,4.7793,137.0,75.0,5.0,Branko Djuric,Novak Novakovic,M15 Kursumlijska Banja 6 (Serbia),2026-06-25,Clay,Excelente,victorias,Regular,victorias,,,player1,True,False,False
0.9940476190476191,4,11.0,0.01,0.1,0.0,3,167.0,1768,0.0,261,1507,137.0,0.09,1.17,45.0,0.81,0.0,0.12,167.0,15.0,137.0,4.7793,137.0,75.0,5.0,Branko Djuric,Novak Novakovic,M15 Kursumlijska Banja 6 (Serbia),2026-06-25,Clay,Excelente,victorias,Regular,victorias,,,player1,True,False,False
0.4230769230769231,2,12.0,0.02,0.01,6.5,0,77.0,1563,0.1,-6,1569,135.0,0.0,1.3,40.0,1.28,-104.0,0.0,181.0,9.0,135.0,0.0,161.0,45.0,11.0,Charles Bertimon,Jonas Eriksson Ziverts,M15 Monastir 24 (Túnez),2026-06-25,Hard,Regular,victorias,Regular,victorias,,,player1,False,False,True
0.4230769230769231,2,12.0,0.02,0.01,6.5,0,77.0,1563,0.1,-6,1569,135.0,0.0,1.3,40.0,1.28,-104.0,0.0,181.0,9.0,135.0,0.0,161.0,45.0,11.0,Charles Bertimon,Jonas Eriksson Ziverts,M15 Monastir 24 (Túnez),2026-06-25,Hard,Regular,victorias,Regular,victorias,,,player1,False,False,True
0.4230769230769231,2,12.0,0.02,0.01,6.5,0,77.0,1563,0.1,-6,1569,135.0,0.0,1.3,40.0,1.28,-104.0,0.0,181.0,9.0,135.0,0.0,161.0,45.0,11.0,Charles Bertimon,Jonas Eriksson Ziverts,M15 Monastir 24 (Túnez),2026-06-25,Hard,Regular,victorias,Regular,victorias,,,player1,False,False,True
2.5641025641025643,1,11.0,0.01,0.02,0.0,0,200.0,1587,0.0,102,1485,161.0,0.0,1.32,35.3,1.26,123.0,0.14,77.0,9.0,161.0,0.0,132.0,45.0,11.0,Dominick Mosejczuk,Mathys Picard,M15 Monastir 24 (Túnez),2026-06-25,Hard,Regular,victorias,Mala,victorias,,,player2,False,False,True
2.5641025641025643,1,11.0,0.01,0.02,0.0,0,200.0,1587,0.0,102,1485,161.0,0.0,1.32,35.3,1.26,123.0,0.14,77.0,9.0,161.0,0.0,132.0,45.0,11.0,Dominick Mosejczuk,Mathys Picard,M15 Monastir 24 (Túnez),2026-06-25,Hard,Regular,victorias,Mala,victorias,,,player2,False,False,True
2.5641025641025643,1,11.0,0.01,0.02,0.0,0,200.0,1587,0.0,102,1485,161.0,0.0,1.32,35.3,1.26,123.0,0.14,77.0,9.0,161.0,0.0,132.0,45.0,11.0,Dominick Mosejczuk,Mathys Picard,M15 Monastir 24 (Túnez),2026-06-25,Hard,Regular,victorias,Mala,victorias,,,player2,False,False,True
1.1299435028248588,2,8.0,0.03,0.01,11.25,2,200.0,1449,0.13,-235,1684,135.0,0.12,1.21,60.0,1.37,24.0,0.15,176.0,6.0,135.0,0.0,132.0,30.0,14.0,Alexander Frusina,Roger Pascual Ferra,M15 Monastir 24 (Túnez),2026-06-25,Hard,Mala,victorias,Buena,victorias,,,player2,False,False,True
1.1299435028248588,2,8.0,0.03,0.01,11.25,2,200.0,1449,0.13,-235,1684,135.0,0.12,1.21,60.0,1.37,24.0,0.15,176.0,6.0,135.0,0.0,132.0,30.0,14.0,Alexander Frusina,Roger Pascual Ferra,M15 Monastir 24 (Túnez),2026-06-25,Hard,Mala,victorias,Buena,victorias,,,player2,False,False,True
1.1299435028248588,2,8.0,0.03,0.01,11.25,2,200.0,1449,0.13,-235,1684,135.0,0.12,1.21,60.0,1.37,24.0,0.15,176.0,6.0,135.0,0.0,132.0,30.0,14.0,Alexander Frusina,Roger Pascual Ferra,M15 Monastir 24 (Túnez),2026-06-25,Hard,Mala,victorias,Buena,victorias,,,player2,False,False,True
0.4682080924855491,8,10.0,0.03,0.02,11.25,1,81.0,1661,0.35,62,1599,136.0,0.0,1.41,50.0,1.17,-91.0,0.0,172.0,12.0,136.0,4.199999999999999,159.0,60.0,8.0,Maximilian Homberg,Filip Jeff Planinsek,M15 Slovenska Bistrica (Eslovenia),2026-06-25,Clay,Buena,victorias,Regular,victorias,,,player2,True,False,False
0.4682080924855491,8,10.0,0.03,0.02,11.25,1,81.0,1661,0.35,62,1599,136.0,0.0,1.41,50.0,1.17,-91.0,0.0,172.0,12.0,136.0,4.199999999999999,159.0,60.0,8.0,Maximilian Homberg,Filip Jeff Planinsek,M15 Slovenska Bistrica (Eslovenia),2026-06-25,Clay,Buena,victorias,Regular,victorias,,,player2,True,False,False
0.4682080924855491,8,10.0,0.03,0.02,11.25,1,81.0,1661,0.35,62,1599,136.0,0.0,1.41,50.0,1.17,-91.0,0.0,172.0,12.0,136.0,4.199999999999999,159.0,60.0,8.0,Maximilian Homberg,Filip Jeff Planinsek,M15 Slovenska Bistrica (Eslovenia),2026-06-25,Clay,Buena,victorias,Regular,victorias,,,player2,True,False,False
1.3356164383561644,2,7.0,0.03,0.01,4.75,2,195.0,1598,0.23,-70,1668,140.0,0.0,1.31,65.0,1.4,50.0,0.0,145.0,9.0,140.0,0.5999999999999999,133.0,45.0,11.0,Aleksandr Braynin,Herman Hoeyeraal,M15 Rzeszow (Polonia),2026-06-25,Clay,Regular,victorias,Buena,victorias,,,player2,True,False,False
1.3356164383561644,2,7.0,0.03,0.01,4.75,2,195.0,1598,0.23,-70,1668,140.0,0.0,1.31,65.0,1.4,50.0,0.0,145.0,9.0,140.0,0.5999999999999999,133.0,45.0,11.0,Aleksandr Braynin,Herman Hoeyeraal,M15 Rzeszow (Polonia),2026-06-25,Clay,Regular,victorias,Buena,victorias,,,player2,True,False,False
1.3356164383561644,2,7.0,0.03,0.01,4.75,2,195.0,1598,0.23,-70,1668,140.0,0.0,1.31,65.0,1.4,50.0,0.0,145.0,9.0,140.0,0.5999999999999999,133.0,45.0,11.0,Aleksandr Braynin,Herman Hoeyeraal,M15 Rzeszow (Polonia),2026-06-25,Clay,Regular,victorias,Buena,victorias,,,player2,True,False,False
0.5547945205479452,2,13.0,0.0,0.01,0.0,1,81.0,1572,0.0,127,1445,140.0,0.0,1.36,35.0,1.25,-64.0,0.18,145.0,11.0,140.0,0.0,159.0,55.0,9.0,Stefan Seifert,Leyton Rivera,M15 Rzeszow (Polonia),2026-06-25,Clay,Regular,victorias,Mala,victorias,,,player1,True,False,False
0.5547945205479452,2,13.0,0.0,0.01,0.0,1,81.0,1572,0.0,127,1445,140.0,0.0,1.36,35.0,1.25,-64.0,0.18,145.0,11.0,140.0,0.0,159.0,55.0,9.0,Stefan Seifert,Leyton Rivera,M15 Rzeszow (Polonia),2026-06-25,Clay,Regular,victorias,Mala,victorias,,,player1,True,False,False
0.5547945205479452,2,13.0,0.0,0.01,0.0,1,81.0,1572,0.0,127,1445,140.0,0.0,1.36,35.0,1.25,-64.0,0.18,145.0,11.0,140.0,0.0,159.0,55.0,9.0,Stefan Seifert,Leyton Rivera,M15 Rzeszow (Polonia),2026-06-25,Clay,Regular,victorias,Mala,victorias,,,player1,True,False,False
0.9935483870967742,0,7.466778458480149,0.0,0.01,0.0,3,154.0,1610,0.0,110,1500,139.0,0.0,1.41,23.720193720255743,0.0,0.0,0.0,154.0,12.0,139.0,0.0,139.0,60.0,8.0,Alan Wazny,Karol Filar,M15 Rzeszow (Polonia),2026-06-25,Clay,Buena,victorias,,,,,player1,True,False,False
0.9935483870967742,0,7.466778458480149,0.0,0.01,0.0,3,154.0,1610,0.0,110,1500,139.0,0.0,1.41,23.720193720255743,0.0,0.0,0.0,154.0,12.0,139.0,0.0,139.0,60.0,8.0,Alan Wazny,Karol Filar,M15 Rzeszow (Polonia),2026-06-25,Clay,Buena,victorias,,,,,player1,True,False,False
0.9935483870967742,0,7.466778458480149,0.0,0.01,0.0,3,154.0,1610,0.0,110,1500,139.0,0.0,1.41,23.720193720255743,0.0,0.0,0.0,154.0,12.0,139.0,0.0,139.0,60.0,8.0,Alan Wazny,Karol Filar,M15 Rzeszow (Polonia),2026-06-25,Clay,Buena,victorias,,,,,player1,True,False,False
0.98989898989899,14,12.0,0.01,0.03,3.0,3,98.0,1583,0.24,44,1539,152.0,0.09,1.15,40.0,1.11,0.0,0.09,98.0,10.0,152.0,18.4616,152.0,50.0,10.0,Giovanni Oradini,Marcello Serafini,M15 Bergamo (Italia),2026-06-25,Clay,Regular,victorias,Regular,victorias,,,player1,True,False,False
0.98989898989899,14,12.0,0.01,0.03,3.0,3,98.0,1583,0.24,44,1539,152.0,0.09,1.15,40.0,1.11,0.0,0.09,98.0,10.0,152.0,18.4616,152.0,50.0,10.0,Giovanni Oradini,Marcello Serafini,M15 Bergamo (Italia),2026-06-25,Clay,Regular,victorias,Regular,victorias,,,player1,True,False,False
0.98989898989899,14,12.0,0.01,0.03,3.0,3,98.0,1583,0.24,44,1539,152.0,0.09,1.15,40.0,1.11,0.0,0.09,98.0,10.0,152.0,18.4616,152.0,50.0,10.0,Giovanni Oradini,Marcello Serafini,M15 Bergamo (Italia),2026-06-25,Clay,Regular,victorias,Regular,victorias,,,player1,True,False,False
0.6262626262626263,10,4.0,0.05,0.05,5.699999999999999,2,62.0,1677,0.3,-86,1763,152.0,0.0,0.84,80.0,1.05,-36.0,0.13,98.0,12.0,152.0,20.5668,169.0,60.0,8.0,Matthew William Donald,Fausto Tabacco,M15 Bergamo (Italia),2026-06-25,Clay,Buena,victorias,Excelente,victorias,,,player2,True,False,False
0.6262626262626263,10,4.0,0.05,0.05,5.699999999999999,2,62.0,1677,0.3,-86,1763,152.0,0.0,0.84,80.0,1.05,-36.0,0.13,98.0,12.0,152.0,20.5668,169.0,60.0,8.0,Matthew William Donald,Fausto Tabacco,M15 Bergamo (Italia),2026-06-25,Clay,Buena,victorias,Excelente,victorias,,,player2,True,False,False
0.6262626262626263,10,4.0,0.05,0.05,5.699999999999999,2,62.0,1677,0.3,-86,1763,152.0,0.0,0.84,80.0,1.05,-36.0,0.13,98.0,12.0,152.0,20.5668,169.0,60.0,8.0,Matthew William Donald,Fausto Tabacco,M15 Bergamo (Italia),2026-06-25,Clay,Buena,victorias,Excelente,victorias,,,player2,True,False,False
0.98989898989899,4,14.0,0.01,0.02,0.0,3,98.0,1635,0.0,176,1459,152.0,0.18,1.11,30.0,0.93,0.0,0.4,98.0,12.0,152.0,7.7637,152.0,60.0,8.0,Federico Arnaboldi,Filiberto Fumagalli,M15 Bergamo (Italia),2026-06-25,Clay,Buena,victorias,Mala,victorias,,,player1,True,False,False
0.98989898989899,4,14.0,0.01,0.02,0.0,3,98.0,1635,0.0,176,1459,152.0,0.18,1.11,30.0,0.93,0.0,0.4,98.0,12.0,152.0,7.7637,152.0,60.0,8.0,Federico Arnaboldi,Filiberto Fumagalli,M15 Bergamo (Italia),2026-06-25,Clay,Buena,victorias,Mala,victorias,,,player1,True,False,False
0.98989898989899,4,14.0,0.01,0.02,0.0,3,98.0,1635,0.0,176,1459,152.0,0.18,1.11,30.0,0.93,0.0,0.4,98.0,12.0,152.0,7.7637,152.0,60.0,8.0,Federico Arnaboldi,Filiberto Fumagalli,M15 Bergamo (Italia),2026-06-25,Clay,Buena,victorias,Mala,victorias,,,player1,True,False,False
0.39285714285714285,18,7.0,0.05,0.04,20.950000000000003,0,77.0,1613,0.59,-98,1711,133.0,0.23,1.02,65.0,1.27,-118.0,0.27,195.0,9.0,133.0,19.3956,161.0,45.0,11.0,Chloe Paquet,Anastasiia Sobolieva,W50 Gdansk (Polonia),2026-06-25,Clay,Regular,victorias,Buena,victorias,,,player2,True,False,False
0.39285714285714285,18,7.0,0.05,0.04,20.950000000000003,0,77.0,1613,0.59,-98,1711,133.0,0.23,1.02,65.0,1.27,-118.0,0.27,195.0,9.0,133.0,19.3956,161.0,45.0,11.0,Chloe Paquet,Anastasiia Sobolieva,W50 Gdansk (Polonia),2026-06-25,Clay,Regular,victorias,Buena,victorias,,,player2,True,False,False
0.39285714285714285,18,7.0,0.05,0.04,20.950000000000003,0,77.0,1613,0.59,-98,1711,133.0,0.23,1.02,65.0,1.27,-118.0,0.27,195.0,9.0,133.0,19.3956,161.0,45.0,11.0,Chloe Paquet,Anastasiia Sobolieva,W50 Gdansk (Polonia),2026-06-25,Clay,Regular,victorias,Buena,victorias,,,player2,True,False,False
2.4390243902439024,7,13.0,0.02,0.03,0.9499999999999997,0,200.0,1639,0.09,77,1562,159.0,0.25,1.28,35.0,1.18,119.0,0.22,81.0,11.0,159.0,7.7699,132.0,55.0,9.0,Hibah Shaikh,Mina Hodzic,W50 Gdansk (Polonia),2026-06-25,Clay,Regular,victorias,Mala,victorias,,,player2,True,False,False
2.4390243902439024,7,13.0,0.02,0.03,0.9499999999999997,0,200.0,1639,0.09,77,1562,159.0,0.25,1.28,35.0,1.18,119.0,0.22,81.0,11.0,159.0,7.7699,132.0,55.0,9.0,Hibah Shaikh,Mina Hodzic,W50 Gdansk (Polonia),2026-06-25,Clay,Regular,victorias,Mala,victorias,,,player2,True,False,False
2.4390243902439024,7,13.0,0.02,0.03,0.9499999999999997,0,200.0,1639,0.09,77,1562,159.0,0.25,1.28,35.0,1.18,119.0,0.22,81.0,11.0,159.0,7.7699,132.0,55.0,9.0,Hibah Shaikh,Mina Hodzic,W50 Gdansk (Polonia),2026-06-25,Clay,Regular,victorias,Mala,victorias,,,player2,True,False,False
2.4444444444444446,7,14.0,0.04,0.02,28.45,1,154.0,1607,0.53,42,1565,169.0,0.25,1.26,30.0,1.15,92.0,0.19,62.0,10.0,169.0,6.5097,139.0,50.0,10.0,Weronika Ewald,Barbora Palicova,W50 Gdansk (Polonia),2026-06-25,Clay,Regular,victorias,Mala,victorias,,,player1,True,False,False
2.4444444444444446,7,14.0,0.04,0.02,28.45,1,154.0,1607,0.53,42,1565,169.0,0.25,1.26,30.0,1.15,92.0,0.19,62.0,10.0,169.0,6.5097,139.0,50.0,10.0,Weronika Ewald,Barbora Palicova,W50 Gdansk (Polonia),2026-06-25,Clay,Regular,victorias,Mala,victorias,,,player1,True,False,False
2.4444444444444446,7,14.0,0.04,0.02,28.45,1,154.0,1607,0.53,42,1565,169.0,0.25,1.26,30.0,1.15,92.0,0.19,62.0,10.0,169.0,6.5097,139.0,50.0,10.0,Weronika Ewald,Barbora Palicova,W50 Gdansk (Polonia),2026-06-25,Clay,Regular,victorias,Mala,victorias,,,player1,True,False,False
0.1301775147928994,0,11.326033765652404,0.0,0.04,0.0,0,154.0,1679,0.0,179,1500,11.0,0.0,1.43,17.019924965216877,0.0,-1028.0,0.21,1182.0,13.0,11.0,0.0,139.0,65.0,7.0,Gina Feistel,Daria Kuczer,W50 Gdansk (Polonia),2026-06-25,Clay,Buena,victorias,,,,,player1,True,False,False
0.1301775147928994,0,11.326033765652404,0.0,0.04,0.0,0,154.0,1679,0.0,179,1500,11.0,0.0,1.43,17.019924965216877,0.0,-1028.0,0.21,1182.0,13.0,11.0,0.0,139.0,65.0,7.0,Gina Feistel,Daria Kuczer,W50 Gdansk (Polonia),2026-06-25,Clay,Buena,victorias,,,,,player1,True,False,False
0.1301775147928994,0,11.326033765652404,0.0,0.04,0.0,0,154.0,1679,0.0,179,1500,11.0,0.0,1.43,17.019924965216877,0.0,-1028.0,0.21,1182.0,13.0,11.0,0.0,139.0,65.0,7.0,Gina Feistel,Daria Kuczer,W50 Gdansk (Polonia),2026-06-25,Clay,Buena,victorias,,,,,player1,True,False,False
1.5555555555555556,8,11.0,0.02,0.03,5.699999999999999,2,98.0,1724,0.29,141,1583,169.0,0.22,1.31,45.0,1.23,36.0,0.17,62.0,13.0,169.0,11.8863,152.0,65.0,7.0,Deborah Chiesa,Aneta Laboutkova,W35 Tarvisio (Italia),2026-06-25,Clay,Buena,victorias,Regular,victorias,,,player1,True,False,False
1.5555555555555556,8,11.0,0.02,0.03,5.699999999999999,2,98.0,1724,0.29,141,1583,169.0,0.22,1.31,45.0,1.23,36.0,0.17,62.0,13.0,169.0,11.8863,152.0,65.0,7.0,Deborah Chiesa,Aneta Laboutkova,W35 Tarvisio (Italia),2026-06-25,Clay,Buena,victorias,Regular,victorias,,,player1,True,False,False
1.5555555555555556,8,11.0,0.02,0.03,5.699999999999999,2,98.0,1724,0.29,141,1583,169.0,0.22,1.31,45.0,1.23,36.0,0.17,62.0,13.0,169.0,11.8863,152.0,65.0,7.0,Deborah Chiesa,Aneta Laboutkova,W35 Tarvisio (Italia),2026-06-25,Clay,Buena,victorias,Regular,victorias,,,player1,True,False,False
0.6,8,4.0,0.04,0.04,3.0,1,81.0,1680,0.21,-151,1831,143.0,0.0,1.27,80.0,1.5,-53.0,0.16,134.0,11.0,143.0,11.2738,159.0,55.0,9.0,Florian Broska,Yassine Dlimi,M25 Tanger (Marruecos),2026-06-25,Clay,Regular,victorias,Excelente,victorias,,,player2,True,False,False
0.6,8,4.0,0.04,0.04,3.0,1,81.0,1680,0.21,-151,1831,143.0,0.0,1.27,80.0,1.5,-53.0,0.16,134.0,11.0,143.0,11.2738,159.0,55.0,9.0,Florian Broska,Yassine Dlimi,M25 Tanger (Marruecos),2026-06-25,Clay,Regular,victorias,Excelente,victorias,,,player2,True,False,False
0.6,8,4.0,0.04,0.04,3.0,1,81.0,1680,0.21,-151,1831,143.0,0.0,1.27,80.0,1.5,-53.0,0.16,134.0,11.0,143.0,11.2738,159.0,55.0,9.0,Florian Broska,Yassine Dlimi,M25 Tanger (Marruecos),2026-06-25,Clay,Regular,victorias,Excelente,victorias,,,player2,True,False,False
1.7179487179487178,6,8.0,0.18,0.06,6.5,1,134.0,1632,0.3,-182,1814,161.0,0.17,0.84,60.0,1.11,57.0,0.17,77.0,9.0,161.0,16.0195,143.0,45.0,11.0,Reda Bennani,Sean Cuenin,M25 Tanger (Marruecos),2026-06-25,Clay,Regular,victorias,Buena,victorias,,,player2,True,False,False
1.7179487179487178,6,8.0,0.18,0.06,6.5,1,134.0,1632,0.3,-182,1814,161.0,0.17,0.84,60.0,1.11,57.0,0.17,77.0,9.0,161.0,16.0195,143.0,45.0,11.0,Reda Bennani,Sean Cuenin,M25 Tanger (Marruecos),2026-06-25,Clay,Regular,victorias,Buena,victorias,,,player2,True,False,False
1.7179487179487178,6,8.0,0.18,0.06,6.5,1,134.0,1632,0.3,-182,1814,161.0,0.17,0.84,60.0,1.11,57.0,0.17,77.0,9.0,161.0,16.0195,143.0,45.0,11.0,Reda Bennani,Sean Cuenin,M25 Tanger (Marruecos),2026-06-25,Clay,Regular,victorias,Buena,victorias,,,player2,True,False,False
0.98989898989899,12,12.0,0.02,0.07,1.5,3,98.0,1727,0.15,181,1546,152.0,0.0,1.03,40.0,0.76,0.0,0.14,98.0,13.0,152.0,21.3169,152.0,65.0,7.0,Massimo Giunta,Lorenzo Rottoli,M25 Tanger (Marruecos),2026-06-25,Clay,Buena,victorias,Regular,victorias,,,player2,True,False,False
0.98989898989899,12,12.0,0.02,0.07,1.5,3,98.0,1727,0.15,181,1546,152.0,0.0,1.03,40.0,0.76,0.0,0.14,98.0,13.0,152.0,21.3169,152.0,65.0,7.0,Massimo Giunta,Lorenzo Rottoli,M25 Tanger (Marruecos),2026-06-25,Clay,Buena,victorias,Regular,victorias,,,player2,True,False,False
0.98989898989899,12,12.0,0.02,0.07,1.5,3,98.0,1727,0.15,181,1546,152.0,0.0,1.03,40.0,0.76,0.0,0.14,98.0,13.0,152.0,21.3169,152.0,65.0,7.0,Massimo Giunta,Lorenzo Rottoli,M25 Tanger (Marruecos),2026-06-25,Clay,Buena,victorias,Regular,victorias,,,player2,True,False,False
0.73224043715847,6,6.0,0.03,0.02,16.875,2,134.0,1665,0.46,-65,1730,134.0,0.09,1.3,70.0,1.36,-48.0,0.18,182.0,11.0,134.0,3.0273,143.0,55.0,9.0,Karim Bennani,Johan Nikles,M25 Tanger (Marruecos),2026-06-25,Clay,Regular,victorias,Buena,victorias,,,player1,True,False,False
0.73224043715847,6,6.0,0.03,0.02,16.875,2,134.0,1665,0.46,-65,1730,134.0,0.09,1.3,70.0,1.36,-48.0,0.18,182.0,11.0,134.0,3.0273,143.0,55.0,9.0,Karim Bennani,Johan Nikles,M25 Tanger (Marruecos),2026-06-25,Clay,Regular,victorias,Buena,victorias,,,player1,True,False,False
0.73224043715847,6,6.0,0.03,0.02,16.875,2,134.0,1665,0.46,-65,1730,134.0,0.09,1.3,70.0,1.36,-48.0,0.18,182.0,11.0,134.0,3.0273,143.0,55.0,9.0,Karim Bennani,Johan Nikles,M25 Tanger (Marruecos),2026-06-25,Clay,Regular,victorias,Buena,victorias,,,player1,True,False,False
0.7297297297297297,43,8.0,0.13,0.15,189.395,2,81.0,1760,0.35,-135,1895,149.0,0.27,1.46,60.0,1.25,-29.0,0.27,110.0,12.0,149.0,56.4566,159.0,60.0,8.0,Tatjana Maria,Jelena Ostapenko,Eastbourne (Reino Unido),2026-06-25,Grass,Buena,victorias,Buena,victorias,,,player1,False,True,False
0.7297297297297297,43,8.0,0.13,0.15,189.395,2,81.0,1760,0.35,-135,1895,149.0,0.27,1.46,60.0,1.25,-29.0,0.27,110.0,12.0,149.0,56.4566,159.0,60.0,8.0,Tatjana Maria,Jelena Ostapenko,Eastbourne (Reino Unido),2026-06-25,Grass,Buena,victorias,Buena,victorias,,,player1,False,True,False
0.7297297297297297,43,8.0,0.13,0.15,189.395,2,81.0,1760,0.35,-135,1895,149.0,0.27,1.46,60.0,1.25,-29.0,0.27,110.0,12.0,149.0,56.4566,159.0,60.0,8.0,Tatjana Maria,Jelena Ostapenko,Eastbourne (Reino Unido),2026-06-25,Grass,Buena,victorias,Buena,victorias,,,player1,False,True,False
0.2935323383084577,18,5.0,0.17,0.04,43.28500000000001,0,59.0,1806,0.22,-198,2004,132.0,0.27,1.32,75.0,1.6,-141.0,0.27,200.0,13.0,132.0,4.7614,171.0,65.0,7.0,Petra Marcinko,Madison Keys,Eastbourne (Reino Unido),2026-06-25,Grass,Buena,victorias,Excelente,victorias,,,player2,False,True,False
0.2935323383084577,18,5.0,0.17,0.04,43.28500000000001,0,59.0,1806,0.22,-198,2004,132.0,0.27,1.32,75.0,1.6,-141.0,0.27,200.0,13.0,132.0,4.7614,171.0,65.0,7.0,Petra Marcinko,Madison Keys,Eastbourne (Reino Unido),2026-06-25,Grass,Buena,victorias,Excelente,victorias,,,player2,False,True,False
0.2935323383084577,18,5.0,0.17,0.04,43.28500000000001,0,59.0,1806,0.22,-198,2004,132.0,0.27,1.32,75.0,1.6,-141.0,0.27,200.0,13.0,132.0,4.7614,171.0,65.0,7.0,Petra Marcinko,Madison Keys,Eastbourne (Reino Unido),2026-06-25,Grass,Buena,victorias,Excelente,victorias,,,player2,False,True,False
7.0,5,6.0,0.03,0.06,0.0,1,63.0,1696,0.0,-13,1709,319.0,0.09,1.24,70.0,1.51,55.0,0.15,8.0,13.0,319.0,9.5287,168.0,65.0,7.0,Carl Emil Overbeck,Daniil Ostapenkov,M25 Porto (Portugal),2026-06-25,Hard,Buena,victorias,Buena,victorias,,,player1,False,False,True
7.0,5,6.0,0.03,0.06,0.0,1,63.0,1696,0.0,-13,1709,319.0,0.09,1.24,70.0,1.51,55.0,0.15,8.0,13.0,319.0,9.5287,168.0,65.0,7.0,Carl Emil Overbeck,Daniil Ostapenkov,M25 Porto (Portugal),2026-06-25,Hard,Buena,victorias,Buena,victorias,,,player1,False,False,True
7.0,5,6.0,0.03,0.06,0.0,1,63.0,1696,0.0,-13,1709,319.0,0.09,1.24,70.0,1.51,55.0,0.15,8.0,13.0,319.0,9.5287,168.0,65.0,7.0,Carl Emil Overbeck,Daniil Ostapenkov,M25 Porto (Portugal),2026-06-25,Hard,Buena,victorias,Buena,victorias,,,player1,False,False,True
0.3717948717948718,4,11.0,0.01,0.04,0.5999999999999999,1,58.0,1687,0.03,132,1555,139.0,0.16,1.34,45.0,1.27,-97.0,0.14,155.0,12.0,139.0,2.3824,172.0,60.0,8.0,Eliakim Coulibaly,Francisco Rocha,M25 Porto (Portugal),2026-06-25,Hard,Buena,victorias,Regular,victorias,,,player2,False,False,True
0.3717948717948718,4,11.0,0.01,0.04,0.5999999999999999,1,58.0,1687,0.03,132,1555,139.0,0.16,1.34,45.0,1.27,-97.0,0.14,155.0,12.0,139.0,2.3824,172.0,60.0,8.0,Eliakim Coulibaly,Francisco Rocha,M25 Porto (Portugal),2026-06-25,Hard,Buena,victorias,Regular,victorias,,,player2,False,False,True
0.3717948717948718,4,11.0,0.01,0.04,0.5999999999999999,1,58.0,1687,0.03,132,1555,139.0,0.16,1.34,45.0,1.27,-97.0,0.14,155.0,12.0,139.0,2.3824,172.0,60.0,8.0,Eliakim Coulibaly,Francisco Rocha,M25 Porto (Portugal),2026-06-25,Hard,Buena,victorias,Regular,victorias,,,player2,False,False,True
0.4182590233545648,0,12.838094764540818,0.0,0.02,0.0,0,197.0,1655,0.0,155,1500,97.0,0.0,1.41,17.622869786760088,0.0,-273.0,0.12,470.0,11.0,97.0,0.0,132.0,55.0,9.0,Oscar Weightman,Sergi Perez Contri,M25 Bakio (España),2026-06-25,Hard,Regular,victorias,,,,,player1,False,False,True
0.4182590233545648,0,12.838094764540818,0.0,0.02,0.0,0,197.0,1655,0.0,155,1500,97.0,0.0,1.41,17.622869786760088,0.0,-273.0,0.12,470.0,11.0,97.0,0.0,132.0,55.0,9.0,Oscar Weightman,Sergi Perez Contri,M25 Bakio (España),2026-06-25,Hard,Regular,victorias,,,,,player1,False,False,True
0.4182590233545648,0,12.838094764540818,0.0,0.02,0.0,0,197.0,1655,0.0,155,1500,97.0,0.0,1.41,17.622869786760088,0.0,-273.0,0.12,470.0,11.0,97.0,0.0,132.0,55.0,9.0,Oscar Weightman,Sergi Perez Contri,M25 Bakio (España),2026-06-25,Hard,Regular,victorias,,,,,player1,False,False,True
0.4182590233545648,0,12.838094764540818,0.0,0.02,0.0,0,197.0,1655,0.0,155,1500,97.0,0.0,1.41,17.622869786760088,0.0,-273.0,0.12,470.0,11.0,97.0,0.0,132.0,55.0,9.0,Oscar Weightman,Sergi Perez Contri,M25 Bakio (España),2026-06-25,Hard,Regular,victorias,,,,,player1,False,False,True
0.10891089108910891,0,10.0,0.04,0.0,0.0,0,22.0,1500,0.0,-132,1632,132.0,0.12,0.0,50.0,1.19,-179.0,0.0,201.0,7.154959884247165,132.0,0.0,223.0,35.77479942123583,12.845040115752838,Juan Bautista Torres,Joaquin Aguilar Cardozo,Piracicaba (Brasil),2026-06-25,Clay,,,Regular,derrotas,,,player2,True,False,False
0.10891089108910891,0,10.0,0.04,0.0,0.0,0,22.0,1500,0.0,-132,1632,132.0,0.12,0.0,50.0,1.19,-179.0,0.0,201.0,7.154959884247165,132.0,0.0,223.0,35.77479942123583,12.845040115752838,Juan Bautista Torres,Joaquin Aguilar Cardozo,Piracicaba (Brasil),2026-06-25,Clay,,,Regular,derrotas,,,player2,True,False,False
0.10891089108910891,0,10.0,0.04,0.0,0.0,0,22.0,1500,0.0,-132,1632,132.0,0.12,0.0,50.0,1.19,-179.0,0.0,201.0,7.154959884247165,132.0,0.0,223.0,35.77479942123583,12.845040115752838,Juan Bautista Torres,Joaquin Aguilar Cardozo,Piracicaba (Brasil),2026-06-25,Clay,,,Regular,derrotas,,,player2,True,False,False
2.767857142857143,0,8.403913960151012,0.0,0.04,0.0,1,155.0,1788,-0.0,288,1500,1094.0,0.0,1.58,57.98043019924496,0.0,100.0,0.27,55.0,9.0,944.0,0.0,139.0,45.0,11.0,Nuno Borges,Ethan Quinn,Mallorca (España),2026-06-25,Grass,Regular,victorias,,,,,player2,False,True,False
2.767857142857143,0,8.403913960151012,0.0,0.04,0.0,1,155.0,1788,-0.0,288,1500,1094.0,0.0,1.58,57.98043019924496,0.0,100.0,0.27,55.0,9.0,944.0,0.0,139.0,45.0,11.0,Nuno Borges,Ethan Quinn,Mallorca (España),2026-06-25,Grass,Regular,victorias,,,,,player2,False,True,False
2.767857142857143,0,8.403913960151012,0.0,0.04,0.0,1,155.0,1788,-0.0,288,1500,1094.0,0.0,1.58,57.98043019924496,0.0,100.0,0.27,55.0,9.0,944.0,0.0,139.0,45.0,11.0,Nuno Borges,Ethan Quinn,Mallorca (España),2026-06-25,Grass,Regular,victorias,,,,,player2,False,True,False
0.5886075949367089,15,6.0,0.05,0.04,17.85,1,93.0,1613,0.5,-106,1719,138.0,0.34,0.97,70.0,1.06,-64.0,0.48,157.0,8.0,138.0,42.06850000000001,154.0,40.0,12.0,Sumit Nagal,Cezar Cretu,Targu Mures (Rumanía),2026-06-25,Clay,Regular,victorias,Buena,victorias,,,player1,True,False,False
0.5886075949367089,15,6.0,0.05,0.04,17.85,1,93.0,1613,0.5,-106,1719,138.0,0.34,0.97,70.0,1.06,-64.0,0.48,157.0,8.0,138.0,42.06850000000001,154.0,40.0,12.0,Sumit Nagal,Cezar Cretu,Targu Mures (Rumanía),2026-06-25,Clay,Regular,victorias,Buena,victorias,,,player1,True,False,False
0.5886075949367089,15,6.0,0.05,0.04,17.85,1,93.0,1613,0.5,-106,1719,138.0,0.34,0.97,70.0,1.06,-64.0,0.48,157.0,8.0,138.0,42.06850000000001,154.0,40.0,12.0,Sumit Nagal,Cezar Cretu,Targu Mures (Rumanía),2026-06-25,Clay,Regular,victorias,Buena,victorias,,,player1,True,False,False
0.4626865671641791,0,10.846311010423983,0.0,0.02,0.0,0,93.0,1671,0.0,171,1500,132.0,0.0,1.53,34.23155505211992,0.0,-107.0,0.24,200.0,13.0,132.0,0.0,154.0,65.0,7.0,Sahaja Yamalapalli,Savannah Broadus,"W35 Rome, GA (Estados Unidos)",2026-06-25,Hard,Buena,victorias,,,,,player1,False,False,True
0.4626865671641791,0,10.846311010423983,0.0,0.02,0.0,0,93.0,1671,0.0,171,1500,132.0,0.0,1.53,34.23155505211992,0.0,-107.0,0.24,200.0,13.0,132.0,0.0,154.0,65.0,7.0,Sahaja Yamalapalli,Savannah Broadus,"W35 Rome, GA (Estados Unidos)",2026-06-25,Hard,Buena,victorias,,,,,player1,False,False,True
0.4626865671641791,0,10.846311010423983,0.0,0.02,0.0,0,93.0,1671,0.0,171,1500,132.0,0.0,1.53,34.23155505211992,0.0,-107.0,0.24,200.0,13.0,132.0,0.0,154.0,65.0,7.0,Sahaja Yamalapalli,Savannah Broadus,"W35 Rome, GA (Estados Unidos)",2026-06-25,Hard,Buena,victorias,,,,,player1,False,False,True
0.9950248756218906,0,11.0,0.0,0.03,0.0,3,200.0,1765,0.0,265,1500,132.0,0.0,1.59,45.0,0.0,0.0,0.26,200.0,15.0,132.0,0.0,132.0,75.0,5.0,Madison Brengle,Amelia Honer,"W35 Rome, GA (Estados Unidos)",2026-06-25,Hard,Excelente,derrotas,,,,,player2,False,False,True
0.9950248756218906,0,11.0,0.0,0.03,0.0,3,200.0,1765,0.0,265,1500,132.0,0.0,1.59,45.0,0.0,0.0,0.26,200.0,15.0,132.0,0.0,132.0,75.0,5.0,Madison Brengle,Amelia Honer,"W35 Rome, GA (Estados Unidos)",2026-06-25,Hard,Excelente,derrotas,,,,,player2,False,False,True
0.9950248756218906,0,11.0,0.0,0.03,0.0,3,200.0,1765,0.0,265,1500,132.0,0.0,1.59,45.0,0.0,0.0,0.26,200.0,15.0,132.0,0.0,132.0,75.0,5.0,Madison Brengle,Amelia Honer,"W35 Rome, GA (Estados Unidos)",2026-06-25,Hard,Excelente,derrotas,,,,,player2,False,False,True
0.4975124378109453,0,11.999999999999998,0.0,0.03,0.0,1,100.0,1646,0.0,146,1500,132.0,0.0,1.4,40.0,0.0,-100.0,0.23,200.0,12.0,132.0,0.0,152.0,60.0,8.0,Ena Koike,Ayana Akli,"W35 Rome, GA (Estados Unidos)",2026-06-25,Hard,Buena,victorias,,,,,player2,False,False,True
0.4975124378109453,0,11.999999999999998,0.0,0.03,0.0,1,100.0,1646,0.0,146,1500,132.0,0.0,1.4,40.0,0.0,-100.0,0.23,200.0,12.0,132.0,0.0,152.0,60.0,8.0,Ena Koike,Ayana Akli,"W35 Rome, GA (Estados Unidos)",2026-06-25,Hard,Buena,victorias,,,,,player2,False,False,True
0.4975124378109453,0,11.999999999999998,0.0,0.03,0.0,1,100.0,1646,0.0,146,1500,132.0,0.0,1.4,40.0,0.0,-100.0,0.23,200.0,12.0,132.0,0.0,152.0,60.0,8.0,Ena Koike,Ayana Akli,"W35 Rome, GA (Estados Unidos)",2026-06-25,Hard,Buena,victorias,,,,,player2,False,False,True
0.23383084577114427,0,10.187275522878267,0.0,0.03,0.0,0,47.0,1635,0.0,135,1500,132.0,0.0,1.39,31.671318575203596,0.0,-153.0,0.22,200.0,13.0,132.0,0.0,181.0,65.0,7.0,Ariana Arseneault,Jo-Yee Chan,"W35 Rome, GA (Estados Unidos)",2026-06-25,Hard,Buena,derrotas,,,,,player2,False,False,True
0.23383084577114427,0,10.187275522878267,0.0,0.03,0.0,0,47.0,1635,0.0,135,1500,132.0,0.0,1.39,31.671318575203596,0.0,-153.0,0.22,200.0,13.0,132.0,0.0,181.0,65.0,7.0,Ariana Arseneault,Jo-Yee Chan,"W35 Rome, GA (Estados Unidos)",2026-06-25,Hard,Buena,derrotas,,,,,player2,False,False,True
0.23383084577114427,0,10.187275522878267,0.0,0.03,0.0,0,47.0,1635,0.0,135,1500,132.0,0.0,1.39,31.671318575203596,0.0,-153.0,0.22,200.0,13.0,132.0,0.0,181.0,65.0,7.0,Ariana Arseneault,Jo-Yee Chan,"W35 Rome, GA (Estados Unidos)",2026-06-25,Hard,Buena,derrotas,,,,,player2,False,False,True
0.16161616161616163,0,4.4200309439816925,0.0,0.05,0.0,0,32.0,1795,-0.0,295,1500,132.0,0.0,1.61,31.32585456328605,0.0,-165.0,0.27,197.0,10.0,132.0,0.0,200.0,50.0,10.0,Zizou Bergs,Toby Samuel,Eastbourne (Reino Unido),2026-06-25,Grass,Regular,victorias,,,,,player1,False,True,False
0.16161616161616163,0,4.4200309439816925,0.0,0.05,0.0,0,32.0,1795,-0.0,295,1500,132.0,0.0,1.61,31.32585456328605,0.0,-165.0,0.27,197.0,10.0,132.0,0.0,200.0,50.0,10.0,Zizou Bergs,Toby Samuel,Eastbourne (Reino Unido),2026-06-25,Grass,Regular,victorias,,,,,player1,False,True,False
0.16161616161616163,0,4.4200309439816925,0.0,0.05,0.0,0,32.0,1795,-0.0,295,1500,132.0,0.0,1.61,31.32585456328605,0.0,-165.0,0.27,197.0,10.0,132.0,0.0,200.0,50.0,10.0,Zizou Bergs,Toby Samuel,Eastbourne (Reino Unido),2026-06-25,Grass,Regular,victorias,,,,,player1,False,True,False
2.5256410256410255,0,13.678398698469655,0.0,0.12,0.0,0,197.0,1948,-0.0,448,1500,161.0,0.0,1.62,31.608006507651726,0.0,120.0,0.27,77.0,12.0,161.0,0.0,132.0,60.0,8.0,Jack Draper,Ugo Humbert,Eastbourne (Reino Unido),2026-06-25,Grass,Buena,victorias,,,,,player2,False,True,False
2.5256410256410255,0,13.678398698469655,0.0,0.12,0.0,0,197.0,1948,-0.0,448,1500,161.0,0.0,1.62,31.608006507651726,0.0,120.0,0.27,77.0,12.0,161.0,0.0,132.0,60.0,8.0,Jack Draper,Ugo Humbert,Eastbourne (Reino Unido),2026-06-25,Grass,Buena,victorias,,,,,player2,False,True,False
2.5256410256410255,0,13.678398698469655,0.0,0.12,0.0,0,197.0,1948,-0.0,448,1500,161.0,0.0,1.62,31.608006507651726,0.0,120.0,0.27,77.0,12.0,161.0,0.0,132.0,60.0,8.0,Jack Draper,Ugo Humbert,Eastbourne (Reino Unido),2026-06-25,Grass,Buena,victorias,,,,,player2,False,True,False
0.6666666666666666,0,11.632359961560663,0.0,0.04,0.0,2,52.0,1645,0.0,145,1500,161.0,0.0,1.33,41.838200192196695,0.0,-25.0,0.25,77.0,9.0,161.0,0.0,176.0,45.0,11.0,Fangran Tian,Amandine Hesse,W50 Palma del Rio (España),2026-06-25,Hard,Regular,victorias,,,,,player1,False,False,True
0.6666666666666666,0,11.632359961560663,0.0,0.04,0.0,2,52.0,1645,0.0,145,1500,161.0,0.0,1.33,41.838200192196695,0.0,-25.0,0.25,77.0,9.0,161.0,0.0,176.0,45.0,11.0,Fangran Tian,Amandine Hesse,W50 Palma del Rio (España),2026-06-25,Hard,Regular,victorias,,,,,player2,False,False,True
0.6666666666666666,0,11.632359961560663,0.0,0.04,0.0,2,52.0,1645,0.0,145,1500,161.0,0.0,1.33,41.838200192196695,0.0,-25.0,0.25,77.0,9.0,161.0,0.0,176.0,45.0,11.0,Fangran Tian,Amandine Hesse,W50 Palma del Rio (España),2026-06-25,Hard,Regular,victorias,,,,,player2,False,False,True
0.6666666666666666,0,11.632359961560663,0.0,0.04,0.0,2,52.0,1645,0.0,145,1500,161.0,0.0,1.33,41.838200192196695,0.0,-25.0,0.25,77.0,9.0,161.0,0.0,176.0,45.0,11.0,Fangran Tian,Amandine Hesse,W50 Palma del Rio (España),2026-06-25,Hard,Regular,victorias,,,,,player2,False,False,True
0.11940298507462686,0,12.000000000000002,0.0,0.03,0.0,0,24.0,1570,0.0,70,1500,132.0,0.0,1.33,40.0,0.0,-176.0,0.24,200.0,9.0,132.0,0.0,217.0,45.0,11.0,Elena Micic,Carolyn Ansari,W50 Palma del Rio (España),2026-06-25,Hard,Regular,victorias,,,,,player1,False,False,True
0.11940298507462686,0,12.000000000000002,0.0,0.03,0.0,0,24.0,1570,0.0,70,1500,132.0,0.0,1.33,40.0,0.0,-176.0,0.24,200.0,9.0,132.0,0.0,217.0,45.0,11.0,Elena Micic,Carolyn Ansari,W50 Palma del Rio (España),2026-06-25,Hard,Regular,victorias,,,,,player1,False,False,True
0.11940298507462686,0,12.000000000000002,0.0,0.03,0.0,0,24.0,1570,0.0,70,1500,132.0,0.0,1.33,40.0,0.0,-176.0,0.24,200.0,9.0,132.0,0.0,217.0,45.0,11.0,Elena Micic,Carolyn Ansari,W50 Palma del Rio (España),2026-06-25,Hard,Regular,victorias,,,,,player1,False,False,True
0.11940298507462686,0,12.000000000000002,0.0,0.03,0.0,0,24.0,1570,0.0,70,1500,132.0,0.0,1.33,40.0,0.0,-176.0,0.24,200.0,9.0,132.0,0.0,217.0,45.0,11.0,Elena Micic,Carolyn Ansari,W50 Palma del Rio (España),2026-06-25,Hard,Regular,victorias,,,,,player1,False,False,True
21.22222222222222,0,9.799212081862892,0.0,0.03,0.0,0,191.0,1710,0.0,210,1500,319.0,0.0,1.47,25.391323243571268,0.0,183.0,0.27,8.0,12.0,319.0,0.0,133.0,60.0,8.0,Ayla Aksu,Anna Kubareva,W50 Palma del Rio (España),2026-06-25,Hard,Buena,derrotas,,,,,player1,False,False,True
21.22222222222222,0,9.799212081862892,0.0,0.03,0.0,0,191.0,1710,0.0,210,1500,319.0,0.0,1.47,25.391323243571268,0.0,183.0,0.27,8.0,12.0,319.0,0.0,133.0,60.0,8.0,Ayla Aksu,Anna Kubareva,W50 Palma del Rio (España),2026-06-25,Hard,Buena,derrotas,,,,,player1,False,False,True
21.22222222222222,0,9.799212081862892,0.0,0.03,0.0,0,191.0,1710,0.0,210,1500,319.0,0.0,1.47,25.391323243571268,0.0,183.0,0.27,8.0,12.0,319.0,0.0,133.0,60.0,8.0,Ayla Aksu,Anna Kubareva,W50 Palma del Rio (España),2026-06-25,Hard,Buena,derrotas,,,,,player1,False,False,True
2.6226415094339623,0,12.000000000000004,0.0,0.03,0.0,1,139.0,1739,0.0,239,1500,176.0,0.0,1.55,38.29404406979193,0.0,87.0,0.24,52.0,14.0,176.0,0.0,142.0,70.0,6.0,Eva Vedder,Han Shi,W50 Palma del Rio (España),2026-06-25,Hard,Buena,victorias,,,,,player1,False,False,True
2.6226415094339623,0,12.000000000000004,0.0,0.03,0.0,1,139.0,1739,0.0,239,1500,176.0,0.0,1.55,38.29404406979193,0.0,87.0,0.24,52.0,14.0,176.0,0.0,142.0,70.0,6.0,Eva Vedder,Han Shi,W50 Palma del Rio (España),2026-06-25,Hard,Buena,victorias,,,,,player1,False,False,True
2.6226415094339623,0,12.000000000000004,0.0,0.03,0.0,1,139.0,1739,0.0,239,1500,176.0,0.0,1.55,38.29404406979193,0.0,87.0,0.24,52.0,14.0,176.0,0.0,142.0,70.0,6.0,Eva Vedder,Han Shi,W50 Palma del Rio (España),2026-06-25,Hard,Buena,victorias,,,,,player1,False,False,True
2.6226415094339623,0,12.000000000000004,0.0,0.03,0.0,1,139.0,1739,0.0,239,1500,176.0,0.0,1.55,38.29404406979193,0.0,87.0,0.24,52.0,14.0,176.0,0.0,142.0,70.0,6.0,Eva Vedder,Han Shi,W50 Palma del Rio (España),2026-06-25,Hard,Buena,victorias,,,,,player1,False,False,True
0.9950248756218906,0,7.893502452327646,0.0,0.01,0.0,3,200.0,1507,0.0,7,1500,132.0,0.0,1.17,20.10604881928897,0.0,0.0,0.15,200.0,6.0,132.0,0.0,132.0,30.0,14.0,Midori Castillo Meza,Amy Zhu,"W15 Claremont, CA (Estados Unidos)",2026-06-25,Hard,Mala,derrotas,,,,,player1,False,False,True
0.9950248756218906,0,7.893502452327646,0.0,0.01,0.0,3,200.0,1507,0.0,7,1500,132.0,0.0,1.17,20.10604881928897,0.0,0.0,0.15,200.0,6.0,132.0,0.0,132.0,30.0,14.0,Midori Castillo Meza,Amy Zhu,"W15 Claremont, CA (Estados Unidos)",2026-06-25,Hard,Mala,derrotas,,,,,player1,False,False,True
0.9950248756218906,0,7.893502452327646,0.0,0.01,0.0,3,200.0,1507,0.0,7,1500,132.0,0.0,1.17,20.10604881928897,0.0,0.0,0.15,200.0,6.0,132.0,0.0,132.0,30.0,14.0,Midori Castillo Meza,Amy Zhu,"W15 Claremont, CA (Estados Unidos)",2026-06-25,Hard,Mala,derrotas,,,,,player1,False,False,True
0.9950248756218906,0,7.893502452327646,0.0,0.01,0.0,3,200.0,1507,0.0,7,1500,132.0,0.0,1.17,20.10604881928897,0.0,0.0,0.15,200.0,6.0,132.0,0.0,132.0,30.0,14.0,Midori Castillo Meza,Amy Zhu,"W15 Claremont, CA (Estados Unidos)",2026-06-25,Hard,Mala,derrotas,,,,,player1,False,False,True
0.9950248756218906,0,11.265164077789816,0.0,0.03,0.0,3,200.0,1717,0.0,217,1500,132.0,0.0,1.6,43.67417961105091,0.0,0.0,0.22,200.0,14.0,132.0,0.0,132.0,70.0,6.0,Anne-Christine Lutkemeyer,Alexis Nguyen,"W15 Claremont, CA (Estados Unidos)",2026-06-25,Hard,Buena,victorias,,,,,player1,False,False,True
0.9950248756218906,0,11.265164077789816,0.0,0.03,0.0,3,200.0,1717,0.0,217,1500,132.0,0.0,1.6,43.67417961105091,0.0,0.0,0.22,200.0,14.0,132.0,0.0,132.0,70.0,6.0,Anne-Christine Lutkemeyer,Alexis Nguyen,"W15 Claremont, CA (Estados Unidos)",2026-06-25,Hard,Buena,victorias,,,,,player2,False,False,True
0.9950248756218906,0,11.265164077789816,0.0,0.03,0.0,3,200.0,1717,0.0,217,1500,132.0,0.0,1.6,43.67417961105091,0.0,0.0,0.22,200.0,14.0,132.0,0.0,132.0,70.0,6.0,Anne-Christine Lutkemeyer,Alexis Nguyen,"W15 Claremont, CA (Estados Unidos)",2026-06-25,Hard,Buena,victorias,,,,,player2,False,False,True
0.9950248756218906,0,11.265164077789816,0.0,0.03,0.0,3,200.0,1717,0.0,217,1500,132.0,0.0,1.6,43.67417961105091,0.0,0.0,0.22,200.0,14.0,132.0,0.0,132.0,70.0,6.0,Anne-Christine Lutkemeyer,Alexis Nguyen,"W15 Claremont, CA (Estados Unidos)",2026-06-25,Hard,Buena,victorias,,,,,player2,False,False,True
0.9936708860759493,4,7.0,0.02,0.01,14.5,3,157.0,1545,0.44,-85,1630,138.0,0.19,1.31,65.0,1.37,0.0,0.18,157.0,10.0,138.0,0.0017,138.0,50.0,10.0,Irina Fetecau,Giulia Safina Popa,W15 Galati (Rumanía),2026-06-25,Clay,Regular,victorias,Buena,victorias,,,player2,True,False,False
0.9936708860759493,4,7.0,0.02,0.01,14.5,3,157.0,1545,0.44,-85,1630,138.0,0.19,1.31,65.0,1.37,0.0,0.18,157.0,10.0,138.0,0.0017,138.0,50.0,10.0,Irina Fetecau,Giulia Safina Popa,W15 Galati (Rumanía),2026-06-25,Clay,Regular,victorias,Buena,victorias,,,player2,True,False,False
0.9936708860759493,4,7.0,0.02,0.01,14.5,3,157.0,1545,0.44,-85,1630,138.0,0.19,1.31,65.0,1.37,0.0,0.18,157.0,10.0,138.0,0.0017,138.0,50.0,10.0,Irina Fetecau,Giulia Safina Popa,W15 Galati (Rumanía),2026-06-25,Clay,Regular,victorias,Buena,victorias,,,player2,True,False,False
0.620253164556962,3,12.0,0.01,0.0,0.9499999999999997,1,98.0,1534,0.09,5,1529,138.0,0.0,1.27,40.0,1.27,-59.0,0.0,157.0,8.0,138.0,0.0,152.0,40.0,12.0,Lavinia Luciano,Anastasia Safta,W15 Galati (Rumanía),2026-06-25,Clay,Regular,victorias,Regular,victorias,,,player2,True,False,False
0.620253164556962,3,12.0,0.01,0.0,0.9499999999999997,1,98.0,1534,0.09,5,1529,138.0,0.0,1.27,40.0,1.27,-59.0,0.0,157.0,8.0,138.0,0.0,152.0,40.0,12.0,Lavinia Luciano,Anastasia Safta,W15 Galati (Rumanía),2026-06-25,Clay,Regular,victorias,Regular,victorias,,,player2,True,False,False
0.620253164556962,3,12.0,0.01,0.0,0.9499999999999997,1,98.0,1534,0.09,5,1529,138.0,0.0,1.27,40.0,1.27,-59.0,0.0,157.0,8.0,138.0,0.0,152.0,40.0,12.0,Lavinia Luciano,Anastasia Safta,W15 Galati (Rumanía),2026-06-25,Clay,Regular,victorias,Regular,victorias,,,player2,True,False,False
0.7929292929292929,1,9.0,0.02,0.01,3.25,2,157.0,1601,0.19,5,1596,132.0,0.09,1.5,55.0,1.27,-40.0,0.13,197.0,12.0,132.0,0.0,138.0,60.0,8.0,Sara Victoria Balan,Allegra Korpanec Davies,W15 Galati (Rumanía),2026-06-25,Clay,Buena,victorias,Regular,victorias,,,player1,True,False,False
0.7929292929292929,1,9.0,0.02,0.01,3.25,2,157.0,1601,0.19,5,1596,132.0,0.09,1.5,55.0,1.27,-40.0,0.13,197.0,12.0,132.0,0.0,138.0,60.0,8.0,Sara Victoria Balan,Allegra Korpanec Davies,W15 Galati (Rumanía),2026-06-25,Clay,Buena,victorias,Regular,victorias,,,player1,True,False,False
0.7929292929292929,1,9.0,0.02,0.01,3.25,2,157.0,1601,0.19,5,1596,132.0,0.09,1.5,55.0,1.27,-40.0,0.13,197.0,12.0,132.0,0.0,138.0,60.0,8.0,Sara Victoria Balan,Allegra Korpanec Davies,W15 Galati (Rumanía),2026-06-25,Clay,Buena,victorias,Regular,victorias,,,player1,True,False,False
1.2857142857142858,4,11.0,0.02,0.01,0.0,2,81.0,1595,0.0,13,1582,169.0,0.09,1.34,45.0,1.27,19.0,0.14,62.0,12.0,169.0,2.6428,159.0,60.0,8.0,Benito Sanchez Martinez,Jakub Filip,M15 Kamen (Alemania),2026-06-25,Clay,Buena,victorias,Regular,victorias,,,player1,True,False,False
1.2857142857142858,4,11.0,0.02,0.01,0.0,2,81.0,1595,0.0,13,1582,169.0,0.09,1.34,45.0,1.27,19.0,0.14,62.0,12.0,169.0,2.6428,159.0,60.0,8.0,Benito Sanchez Martinez,Jakub Filip,M15 Kamen (Alemania),2026-06-25,Clay,Buena,victorias,Regular,victorias,,,player1,True,False,False
1.2857142857142858,4,11.0,0.02,0.01,0.0,2,81.0,1595,0.0,13,1582,169.0,0.09,1.34,45.0,1.27,19.0,0.14,62.0,12.0,169.0,2.6428,159.0,60.0,8.0,Benito Sanchez Martinez,Jakub Filip,M15 Kamen (Alemania),2026-06-25,Clay,Buena,victorias,Regular,victorias,,,player1,True,False,False
2.3780487804878048,3,10.0,0.03,0.06,0.0,0,195.0,1691,0.0,99,1592,159.0,0.0,1.19,50.0,0.92,114.0,0.16,81.0,13.0,159.0,0.9499999999999997,133.0,65.0,7.0,Oleksii Krutykh,Michel Hopp,M15 Kamen (Alemania),2026-06-25,Clay,Buena,victorias,Regular,victorias,,,player1,True,False,False
2.3780487804878048,3,10.0,0.03,0.06,0.0,0,195.0,1691,0.0,99,1592,159.0,0.0,1.19,50.0,0.92,114.0,0.16,81.0,13.0,159.0,0.9499999999999997,133.0,65.0,7.0,Oleksii Krutykh,Michel Hopp,M15 Kamen (Alemania),2026-06-25,Clay,Buena,victorias,Regular,victorias,,,player1,True,False,False
2.3780487804878048,3,10.0,0.03,0.06,0.0,0,195.0,1691,0.0,99,1592,159.0,0.0,1.19,50.0,0.92,114.0,0.16,81.0,13.0,159.0,0.9499999999999997,133.0,65.0,7.0,Oleksii Krutykh,Michel Hopp,M15 Kamen (Alemania),2026-06-25,Clay,Buena,victorias,Regular,victorias,,,player1,True,False,False
0.40298507462686567,1,9.0,0.02,0.01,6.175,0,81.0,1506,0.26,-99,1605,132.0,0.09,1.26,55.0,1.37,-119.0,0.16,200.0,7.0,132.0,0.0,159.0,35.0,13.0,Victoria Pohle,Kailey Evans,W15 Kamen (Alemania),2026-06-25,Clay,Mala,victorias,Regular,victorias,,,player1,True,False,False
0.40298507462686567,1,9.0,0.02,0.01,6.175,0,81.0,1506,0.26,-99,1605,132.0,0.09,1.26,55.0,1.37,-119.0,0.16,200.0,7.0,132.0,0.0,159.0,35.0,13.0,Victoria Pohle,Kailey Evans,W15 Kamen (Alemania),2026-06-25,Clay,Mala,victorias,Regular,victorias,,,player1,True,False,False
0.40298507462686567,1,9.0,0.02,0.01,6.175,0,81.0,1506,0.26,-99,1605,132.0,0.09,1.26,55.0,1.37,-119.0,0.16,200.0,7.0,132.0,0.0,159.0,35.0,13.0,Victoria Pohle,Kailey Evans,W15 Kamen (Alemania),2026-06-25,Clay,Mala,victorias,Regular,victorias,,,player1,True,False,False
2.3780487804878048,4,5.0,0.04,0.01,14.175,0,195.0,1619,0.4,-129,1748,159.0,0.09,1.34,75.0,1.41,114.0,0.09,81.0,11.0,159.0,0.0,133.0,55.0,9.0,Anastasiia Firman,Eva Marie Voracek,W15 Kamen (Alemania),2026-06-25,Clay,Regular,victorias,Excelente,victorias,,,player2,True,False,False
2.3780487804878048,4,5.0,0.04,0.01,14.175,0,195.0,1619,0.4,-129,1748,159.0,0.09,1.34,75.0,1.41,114.0,0.09,81.0,11.0,159.0,0.0,133.0,55.0,9.0,Anastasiia Firman,Eva Marie Voracek,W15 Kamen (Alemania),2026-06-25,Clay,Regular,victorias,Excelente,victorias,,,player2,True,False,False
2.3780487804878048,4,5.0,0.04,0.01,14.175,0,195.0,1619,0.4,-129,1748,159.0,0.09,1.34,75.0,1.41,114.0,0.09,81.0,11.0,159.0,0.0,133.0,55.0,9.0,Anastasiia Firman,Eva Marie Voracek,W15 Kamen (Alemania),2026-06-25,Clay,Regular,victorias,Excelente,victorias,,,player2,True,False,False
1.7073170731707317,5,7.0,0.01,0.02,6.0,1,140.0,1698,0.27,34,1664,159.0,0.15,1.39,65.0,1.36,59.0,0.18,81.0,15.0,159.0,7.7444,141.0,75.0,5.0,Valentina Ivanov,Mara Guth,W15 Kamen (Alemania),2026-06-25,Clay,Excelente,victorias,Buena,victorias,,,player1,True,False,False
1.7073170731707317,5,7.0,0.01,0.02,6.0,1,140.0,1698,0.27,34,1664,159.0,0.15,1.39,65.0,1.36,59.0,0.18,81.0,15.0,159.0,7.7444,141.0,75.0,5.0,Valentina Ivanov,Mara Guth,W15 Kamen (Alemania),2026-06-25,Clay,Excelente,victorias,Buena,victorias,,,player1,True,False,False
1.7073170731707317,5,7.0,0.01,0.02,6.0,1,140.0,1698,0.27,34,1664,159.0,0.15,1.39,65.0,1.36,59.0,0.18,81.0,15.0,159.0,7.7444,141.0,75.0,5.0,Valentina Ivanov,Mara Guth,W15 Kamen (Alemania),2026-06-25,Clay,Excelente,victorias,Buena,victorias,,,player1,True,False,False
0.9878048780487805,5,10.0,0.02,0.04,6.0,3,81.0,1687,0.27,107,1580,159.0,0.0,1.34,50.0,1.29,0.0,0.15,81.0,12.0,159.0,4.7753,159.0,60.0,8.0,Marvin Moeller,Tom Zeuch,M25 Brussels (Bélgica),2026-06-25,Clay,Buena,victorias,Regular,victorias,,,player1,True,False,False
0.9878048780487805,5,10.0,0.02,0.04,6.0,3,81.0,1687,0.27,107,1580,159.0,0.0,1.34,50.0,1.29,0.0,0.15,81.0,12.0,159.0,4.7753,159.0,60.0,8.0,Marvin Moeller,Tom Zeuch,M25 Brussels (Bélgica),2026-06-25,Clay,Buena,victorias,Regular,victorias,,,player1,True,False,False
0.9878048780487805,5,10.0,0.02,0.04,6.0,3,81.0,1687,0.27,107,1580,159.0,0.0,1.34,50.0,1.29,0.0,0.15,81.0,12.0,159.0,4.7753,159.0,60.0,8.0,Marvin Moeller,Tom Zeuch,M25 Brussels (Bélgica),2026-06-25,Clay,Buena,victorias,Regular,victorias,,,player1,True,False,False
0.8181818181818182,0,13.395434790092715,0.0,0.03,0.0,2,81.0,1676,0.0,176,1500,152.0,0.0,1.39,33.02282604953643,0.0,-17.0,0.22,98.0,11.0,152.0,0.0,159.0,55.0,9.0,Max Hans Rehberg,Samuele Pieri,M25 Brussels (Bélgica),2026-06-25,Clay,Regular,victorias,,,,,player1,True,False,False
0.8181818181818182,0,13.395434790092715,0.0,0.03,0.0,2,81.0,1676,0.0,176,1500,152.0,0.0,1.39,33.02282604953643,0.0,-17.0,0.22,98.0,11.0,152.0,0.0,159.0,55.0,9.0,Max Hans Rehberg,Samuele Pieri,M25 Brussels (Bélgica),2026-06-25,Clay,Regular,victorias,,,,,player1,True,False,False
0.8181818181818182,0,13.395434790092715,0.0,0.03,0.0,2,81.0,1676,0.0,176,1500,152.0,0.0,1.39,33.02282604953643,0.0,-17.0,0.22,98.0,11.0,152.0,0.0,159.0,55.0,9.0,Max Hans Rehberg,Samuele Pieri,M25 Brussels (Bélgica),2026-06-25,Clay,Regular,victorias,,,,,player1,True,False,False
0.8181818181818182,0,13.395434790092715,0.0,0.03,0.0,2,81.0,1676,0.0,176,1500,152.0,0.0,1.39,33.02282604953643,0.0,-17.0,0.22,98.0,11.0,152.0,0.0,159.0,55.0,9.0,Max Hans Rehberg,Samuele Pieri,M25 Brussels (Bélgica),2026-06-25,Clay,Regular,victorias,,,,,player1,True,False,False
2.5641025641025643,1,10.0,0.01,0.02,1.2999999999999998,0,200.0,1629,0.11,13,1616,161.0,0.18,1.35,50.0,1.35,123.0,0.0,77.0,10.0,161.0,0.0,132.0,50.0,10.0,Mia Horvit,Nina Radovanovic,W15 Kursumlijska Banja 6 (Serbia),2026-06-25,Clay,Regular,victorias,Regular,victorias,,,player2,True,False,False
2.5641025641025643,1,10.0,0.01,0.02,1.2999999999999998,0,200.0,1629,0.11,13,1616,161.0,0.18,1.35,50.0,1.35,123.0,0.0,77.0,10.0,161.0,0.0,132.0,50.0,10.0,Mia Horvit,Nina Radovanovic,W15 Kursumlijska Banja 6 (Serbia),2026-06-25,Clay,Regular,victorias,Regular,victorias,,,player2,True,False,False
2.5641025641025643,1,10.0,0.01,0.02,1.2999999999999998,0,200.0,1629,0.11,13,1616,161.0,0.18,1.35,50.0,1.35,123.0,0.0,77.0,10.0,161.0,0.0,132.0,50.0,10.0,Mia Horvit,Nina Radovanovic,W15 Kursumlijska Banja 6 (Serbia),2026-06-25,Clay,Regular,victorias,Regular,victorias,,,player2,True,False,False
18.555555555555557,9,6.0,0.08,0.07,11.0,0,167.0,1688,0.43,-33,1721,319.0,0.21,0.88,70.0,1.08,159.0,0.22,8.0,13.0,319.0,6.5197,137.0,65.0,7.0,Natalija Senic,Ksenia Zaytseva,W15 Kursumlijska Banja 6 (Serbia),2026-06-25,Clay,Buena,victorias,Buena,victorias,,,player2,True,False,False
18.555555555555557,9,6.0,0.08,0.07,11.0,0,167.0,1688,0.43,-33,1721,319.0,0.21,0.88,70.0,1.08,159.0,0.22,8.0,13.0,319.0,6.5197,137.0,65.0,7.0,Natalija Senic,Ksenia Zaytseva,W15 Kursumlijska Banja 6 (Serbia),2026-06-25,Clay,Buena,victorias,Buena,victorias,,,player2,True,False,False
18.555555555555557,9,6.0,0.08,0.07,11.0,0,167.0,1688,0.43,-33,1721,319.0,0.21,0.88,70.0,1.08,159.0,0.22,8.0,13.0,319.0,6.5197,137.0,65.0,7.0,Natalija Senic,Ksenia Zaytseva,W15 Kursumlijska Banja 6 (Serbia),2026-06-25,Clay,Buena,victorias,Buena,victorias,,,player2,True,False,False
0.30952380952380953,2,11.0,0.01,0.02,6.5,0,52.0,1633,0.26,102,1531,137.0,0.12,1.37,45.0,1.3,-115.0,0.12,167.0,12.0,137.0,6.5314,176.0,60.0,8.0,Tian Jialin,Dusica Popovski,W15 Kursumlijska Banja 6 (Serbia),2026-06-25,Clay,Buena,victorias,Regular,victorias,,,player2,True,False,False
0.30952380952380953,2,11.0,0.01,0.02,6.5,0,52.0,1633,0.26,102,1531,137.0,0.12,1.37,45.0,1.3,-115.0,0.12,167.0,12.0,137.0,6.5314,176.0,60.0,8.0,Tian Jialin,Dusica Popovski,W15 Kursumlijska Banja 6 (Serbia),2026-06-25,Clay,Buena,victorias,Regular,victorias,,,player2,True,False,False
0.30952380952380953,2,11.0,0.01,0.02,6.5,0,52.0,1633,0.26,102,1531,137.0,0.12,1.37,45.0,1.3,-115.0,0.12,167.0,12.0,137.0,6.5314,176.0,60.0,8.0,Tian Jialin,Dusica Popovski,W15 Kursumlijska Banja 6 (Serbia),2026-06-25,Clay,Buena,victorias,Regular,victorias,,,player2,True,False,False
0.9696969696969697,3,5.0,0.05,0.06,3.0,3,32.0,1594,0.18,-137,1731,200.0,0.2,0.87,75.0,1.14,0.0,0.2,32.0,8.0,200.0,4.7719,200.0,40.0,12.0,Amelie Van Impe,Margaux Maquet,W15 Alkmaar (Países Bajos),2026-06-25,Clay,Regular,victorias,Excelente,victorias,,,player2,True,False,False
0.9696969696969697,3,5.0,0.05,0.06,3.0,3,32.0,1594,0.18,-137,1731,200.0,0.2,0.87,75.0,1.14,0.0,0.2,32.0,8.0,200.0,4.7719,200.0,40.0,12.0,Amelie Van Impe,Margaux Maquet,W15 Alkmaar (Países Bajos),2026-06-25,Clay,Regular,victorias,Excelente,victorias,,,player2,True,False,False
0.9696969696969697,3,5.0,0.05,0.06,3.0,3,32.0,1594,0.18,-137,1731,200.0,0.2,0.87,75.0,1.14,0.0,0.2,32.0,8.0,200.0,4.7719,200.0,40.0,12.0,Amelie Van Impe,Margaux Maquet,W15 Alkmaar (Países Bajos),2026-06-25,Clay,Regular,victorias,Excelente,victorias,,,player2,True,False,False
1.7820512820512822,2,6.0,0.01,0.01,0.0,1,139.0,1471,0.0,-231,1702,161.0,0.38,0.85,70.0,1.18,62.0,0.58,77.0,5.0,161.0,0.0,142.0,25.0,15.0,Lian Tran,Dune Vaissaud,W15 Alkmaar (Países Bajos),2026-06-25,Clay,Mala,victorias,Buena,victorias,,,player1,True,False,False
1.7820512820512822,2,6.0,0.01,0.01,0.0,1,139.0,1471,0.0,-231,1702,161.0,0.38,0.85,70.0,1.18,62.0,0.58,77.0,5.0,161.0,0.0,142.0,25.0,15.0,Lian Tran,Dune Vaissaud,W15 Alkmaar (Países Bajos),2026-06-25,Clay,Mala,victorias,Buena,victorias,,,player1,True,False,False
1.7820512820512822,2,6.0,0.01,0.01,0.0,1,139.0,1471,0.0,-231,1702,161.0,0.38,0.85,70.0,1.18,62.0,0.58,77.0,5.0,161.0,0.0,142.0,25.0,15.0,Lian Tran,Dune Vaissaud,W15 Alkmaar (Países Bajos),2026-06-25,Clay,Mala,victorias,Buena,victorias,,,player1,True,False,False
0.55,1,10.0,0.01,0.01,0.0,1,77.0,1521,0.0,-44,1565,142.0,0.18,1.42,50.0,1.25,-62.0,0.12,139.0,4.0,142.0,0.0,161.0,44.4,5.0,Charlotte Narti,Merel Hoedt,W15 Alkmaar (Países Bajos),2026-06-25,Clay,Regular,victorias,Regular,victorias,,,player1,True,False,False
0.55,1,10.0,0.01,0.01,0.0,1,77.0,1521,0.0,-44,1565,142.0,0.18,1.42,50.0,1.25,-62.0,0.12,139.0,4.0,142.0,0.0,161.0,44.4,5.0,Charlotte Narti,Merel Hoedt,W15 Alkmaar (Países Bajos),2026-06-25,Clay,Regular,victorias,Regular,victorias,,,player1,True,False,False
0.55,1,10.0,0.01,0.01,0.0,1,77.0,1521,0.0,-44,1565,142.0,0.18,1.42,50.0,1.25,-62.0,0.12,139.0,4.0,142.0,0.0,161.0,44.4,5.0,Charlotte Narti,Merel Hoedt,W15 Alkmaar (Países Bajos),2026-06-25,Clay,Regular,victorias,Regular,victorias,,,player1,True,False,False
1.2214285714285715,11,10.0,0.02,0.02,23.66,2,171.0,1699,0.58,100,1599,142.0,0.24,1.27,50.0,1.2,32.0,0.18,139.0,14.0,142.0,10.769,136.0,70.0,6.0,Irina Balus,Isis Louise Van Den Broek,W15 Alkmaar (Países Bajos),2026-06-25,Clay,Buena,victorias,Regular,victorias,,,player2,True,False,False
1.2214285714285715,11,10.0,0.02,0.02,23.66,2,171.0,1699,0.58,100,1599,142.0,0.24,1.27,50.0,1.2,32.0,0.18,139.0,14.0,142.0,10.769,136.0,70.0,6.0,Irina Balus,Isis Louise Van Den Broek,W15 Alkmaar (Países Bajos),2026-06-25,Clay,Buena,victorias,Regular,victorias,,,player2,True,False,False
1.2214285714285715,11,10.0,0.02,0.02,23.66,2,171.0,1699,0.58,100,1599,142.0,0.24,1.27,50.0,1.2,32.0,0.18,139.0,14.0,142.0,10.769,136.0,70.0,6.0,Irina Balus,Isis Louise Van Den Broek,W15 Alkmaar (Países Bajos),2026-06-25,Clay,Buena,victorias,Regular,victorias,,,player2,True,False,False
0.359375,3,6.0,0.03,0.01,9.75,0,69.0,1563,0.13,-99,1662,133.0,0.09,1.32,70.0,1.4,-122.0,0.09,191.0,10.0,133.0,0.0,165.0,50.0,10.0,Jana Hossam Salah,Irem Kurt,W15 Kayseri 6 (Turquía),2026-06-25,Hard,Regular,victorias,Buena,victorias,,,player1,False,False,True
0.359375,3,6.0,0.03,0.01,9.75,0,69.0,1563,0.13,-99,1662,133.0,0.09,1.32,70.0,1.4,-122.0,0.09,191.0,10.0,133.0,0.0,165.0,50.0,10.0,Jana Hossam Salah,Irem Kurt,W15 Kayseri 6 (Turquía),2026-06-25,Hard,Regular,victorias,Buena,victorias,,,player1,False,False,True
0.359375,3,6.0,0.03,0.01,9.75,0,69.0,1563,0.13,-99,1662,133.0,0.09,1.32,70.0,1.4,-122.0,0.09,191.0,10.0,133.0,0.0,165.0,50.0,10.0,Jana Hossam Salah,Irem Kurt,W15 Kayseri 6 (Turquía),2026-06-25,Hard,Regular,victorias,Buena,victorias,,,player1,False,False,True
0.125,4,7.0,0.11,0.07,10.14,0,24.0,1694,0.15,-15,1709,133.0,0.21,0.96,65.0,1.17,-167.0,0.19,191.0,14.0,133.0,0.0,217.0,70.0,6.0,Alana Subasic,Deniz Dilek,W15 Kayseri 6 (Turquía),2026-06-25,Hard,Buena,victorias,Buena,victorias,,,player1,False,False,True
0.125,4,7.0,0.11,0.07,10.14,0,24.0,1694,0.15,-15,1709,133.0,0.21,0.96,65.0,1.17,-167.0,0.19,191.0,14.0,133.0,0.0,217.0,70.0,6.0,Alana Subasic,Deniz Dilek,W15 Kayseri 6 (Turquía),2026-06-25,Hard,Buena,victorias,Buena,victorias,,,player1,False,False,True
0.125,4,7.0,0.11,0.07,10.14,0,24.0,1694,0.15,-15,1709,133.0,0.21,0.96,65.0,1.17,-167.0,0.19,191.0,14.0,133.0,0.0,217.0,70.0,6.0,Alana Subasic,Deniz Dilek,W15 Kayseri 6 (Turquía),2026-06-25,Hard,Buena,victorias,Buena,victorias,,,player1,False,False,True
1.015625,5,12.0,0.01,0.02,4.75,3,195.0,1560,0.1,64,1496,133.0,0.17,1.26,40.0,1.23,4.0,0.23,191.0,9.0,133.0,9.7555,133.0,45.0,11.0,Kateryna Lazarenko,Doga Turkmen,W15 Kayseri 6 (Turquía),2026-06-25,Hard,Regular,victorias,Regular,victorias,,,player1,False,False,True
1.015625,5,12.0,0.01,0.02,4.75,3,195.0,1560,0.1,64,1496,133.0,0.17,1.26,40.0,1.23,4.0,0.23,191.0,9.0,133.0,9.7555,133.0,45.0,11.0,Kateryna Lazarenko,Doga Turkmen,W15 Kayseri 6 (Turquía),2026-06-25,Hard,Regular,victorias,Regular,victorias,,,player1,False,False,True
1.015625,5,12.0,0.01,0.02,4.75,3,195.0,1560,0.1,64,1496,133.0,0.17,1.26,40.0,1.23,4.0,0.23,191.0,9.0,133.0,9.7555,133.0,45.0,11.0,Kateryna Lazarenko,Doga Turkmen,W15 Kayseri 6 (Turquía),2026-06-25,Hard,Regular,victorias,Regular,victorias,,,player1,False,False,True
3.6037735849056602,2,4.0,0.11,0.07,11.25,0,191.0,1655,0.13,-135,1790,176.0,0.4,0.76,80.0,0.92,139.0,0.42,52.0,13.0,176.0,0.0,133.0,65.0,7.0,Duru Soke,Lan Mi,W15 Kayseri 6 (Turquía),2026-06-25,Hard,Buena,victorias,Excelente,victorias,,,player1,False,False,True
3.6037735849056602,2,4.0,0.11,0.07,11.25,0,191.0,1655,0.13,-135,1790,176.0,0.4,0.76,80.0,0.92,139.0,0.42,52.0,13.0,176.0,0.0,133.0,65.0,7.0,Duru Soke,Lan Mi,W15 Kayseri 6 (Turquía),2026-06-25,Hard,Buena,victorias,Excelente,victorias,,,player1,False,False,True
3.6037735849056602,2,4.0,0.11,0.07,11.25,0,191.0,1655,0.13,-135,1790,176.0,0.4,0.76,80.0,0.92,139.0,0.42,52.0,13.0,176.0,0.0,133.0,65.0,7.0,Duru Soke,Lan Mi,W15 Kayseri 6 (Turquía),2026-06-25,Hard,Buena,victorias,Excelente,victorias,,,player1,False,False,True
2.5641025641025643,0,12.0,0.01,0.0,0.0,0,200.0,1515,0.0,21,1494,161.0,0.0,1.46,40.0,1.2,123.0,0.0,77.0,1.0,161.0,0.0,132.0,50.0,1.0,Roman Sancilio,Theo Herrmann,M15 Kayseri 6 (Turquía),2026-06-25,Hard,Regular,victorias,Regular,victorias,,,player2,False,False,True
2.5641025641025643,0,12.0,0.01,0.0,0.0,0,200.0,1515,0.0,21,1494,161.0,0.0,1.46,40.0,1.2,123.0,0.0,77.0,1.0,161.0,0.0,132.0,50.0,1.0,Roman Sancilio,Theo Herrmann,M15 Kayseri 6 (Turquía),2026-06-25,Hard,Regular,victorias,Regular,victorias,,,player2,False,False,True
2.5641025641025643,0,12.0,0.01,0.0,0.0,0,200.0,1515,0.0,21,1494,161.0,0.0,1.46,40.0,1.2,123.0,0.0,77.0,1.0,161.0,0.0,132.0,50.0,1.0,Roman Sancilio,Theo Herrmann,M15 Kayseri 6 (Turquía),2026-06-25,Hard,Regular,victorias,Regular,victorias,,,player2,False,False,True
0.4129353233830846,3,8.0,0.02,0.03,7.8,0,83.0,1628,0.12,-25,1653,132.0,0.12,1.08,60.0,1.01,-117.0,0.09,200.0,10.0,132.0,8.480400000000001,158.0,50.0,10.0,Dimitris Azoidis,Keshav Chopra,M15 Kayseri 6 (Turquía),2026-06-25,Hard,Regular,victorias,Buena,victorias,,,player2,False,False,True
0.4129353233830846,3,8.0,0.02,0.03,7.8,0,83.0,1628,0.12,-25,1653,132.0,0.12,1.08,60.0,1.01,-117.0,0.09,200.0,10.0,132.0,8.480400000000001,158.0,50.0,10.0,Dimitris Azoidis,Keshav Chopra,M15 Kayseri 6 (Turquía),2026-06-25,Hard,Regular,victorias,Buena,victorias,,,player2,False,False,True
0.4129353233830846,3,8.0,0.02,0.03,7.8,0,83.0,1628,0.12,-25,1653,132.0,0.12,1.08,60.0,1.01,-117.0,0.09,200.0,10.0,132.0,8.480400000000001,158.0,50.0,10.0,Dimitris Azoidis,Keshav Chopra,M15 Kayseri 6 (Turquía),2026-06-25,Hard,Regular,victorias,Buena,victorias,,,player2,False,False,True
2.0319148936170213,2,12.0,0.02,0.0,8.450000000000001,1,191.0,1446,0.11,-94,1540,154.0,0.0,1.21,40.0,1.28,98.0,0.0,93.0,6.0,154.0,0.0,133.0,30.0,14.0,Bora Sengul,Rethin Pranav Senthil Kumar,M15 Kayseri 6 (Turquía),2026-06-25,Hard,Mala,victorias,Regular,victorias,,,player2,False,False,True
2.0319148936170213,2,12.0,0.02,0.0,8.450000000000001,1,191.0,1446,0.11,-94,1540,154.0,0.0,1.21,40.0,1.28,98.0,0.0,93.0,6.0,154.0,0.0,133.0,30.0,14.0,Bora Sengul,Rethin Pranav Senthil Kumar,M15 Kayseri 6 (Turquía),2026-06-25,Hard,Mala,victorias,Regular,victorias,,,player2,False,False,True
2.0319148936170213,2,12.0,0.02,0.0,8.450000000000001,1,191.0,1446,0.11,-94,1540,154.0,0.0,1.21,40.0,1.28,98.0,0.0,93.0,6.0,154.0,0.0,133.0,30.0,14.0,Bora Sengul,Rethin Pranav Senthil Kumar,M15 Kayseri 6 (Turquía),2026-06-25,Hard,Mala,victorias,Regular,victorias,,,player2,False,False,True
0.9928571428571429,4,9.0,0.02,0.0,6.0,3,139.0,1474,0.25,-162,1636,142.0,0.17,1.2,55.0,1.34,0.0,0.14,139.0,6.0,142.0,0.0,142.0,30.0,14.0,Jesse De Jager,Sander Jong,M15 Alkmaar (Países Bajos),2026-06-25,Clay,Mala,victorias,Regular,victorias,,,player1,True,False,False
0.9928571428571429,4,9.0,0.02,0.0,6.0,3,139.0,1474,0.25,-162,1636,142.0,0.17,1.2,55.0,1.34,0.0,0.14,139.0,6.0,142.0,0.0,142.0,30.0,14.0,Jesse De Jager,Sander Jong,M15 Alkmaar (Países Bajos),2026-06-25,Clay,Mala,victorias,Regular,victorias,,,player1,True,False,False
0.9928571428571429,4,9.0,0.02,0.0,6.0,3,139.0,1474,0.25,-162,1636,142.0,0.17,1.2,55.0,1.34,0.0,0.14,139.0,6.0,142.0,0.0,142.0,30.0,14.0,Jesse De Jager,Sander Jong,M15 Alkmaar (Países Bajos),2026-06-25,Clay,Mala,victorias,Regular,victorias,,,player1,True,False,False
0.9928571428571429,3,9.0,0.02,0.01,7.75,3,139.0,1598,0.28,-50,1648,142.0,0.0,1.35,55.0,1.35,0.0,0.0,139.0,11.0,142.0,0.0,142.0,55.0,9.0,Fons Van Sambeek,Pieter de Lange,M15 Alkmaar (Países Bajos),2026-06-25,Clay,Regular,victorias,Regular,victorias,,,player2,True,False,False
0.9928571428571429,3,9.0,0.02,0.01,7.75,3,139.0,1598,0.28,-50,1648,142.0,0.0,1.35,55.0,1.35,0.0,0.0,139.0,11.0,142.0,0.0,142.0,55.0,9.0,Fons Van Sambeek,Pieter de Lange,M15 Alkmaar (Países Bajos),2026-06-25,Clay,Regular,victorias,Regular,victorias,,,player2,True,False,False
0.9928571428571429,3,9.0,0.02,0.01,7.75,3,139.0,1598,0.28,-50,1648,142.0,0.0,1.35,55.0,1.35,0.0,0.0,139.0,11.0,142.0,0.0,142.0,55.0,9.0,Fons Van Sambeek,Pieter de Lange,M15 Alkmaar (Países Bajos),2026-06-25,Clay,Regular,victorias,Regular,victorias,,,player2,True,False,False
0.801980198019802,1,10.0,0.04,0.01,0.0,2,81.0,1602,0.0,2,1600,152.0,0.0,1.26,50.0,1.44,-19.0,0.09,100.0,11.0,152.0,4.7749,159.0,55.0,9.0,Marc Majdandzic,Ryo Tabata,M15 Alkmaar (Países Bajos),2026-06-25,Clay,Regular,victorias,Regular,victorias,,,player1,True,False,False
0.801980198019802,1,10.0,0.04,0.01,0.0,2,81.0,1602,0.0,2,1600,152.0,0.0,1.26,50.0,1.44,-19.0,0.09,100.0,11.0,152.0,4.7749,159.0,55.0,9.0,Marc Majdandzic,Ryo Tabata,M15 Alkmaar (Países Bajos),2026-06-25,Clay,Regular,victorias,Regular,victorias,,,player1,True,False,False
0.801980198019802,1,10.0,0.04,0.01,0.0,2,81.0,1602,0.0,2,1600,152.0,0.0,1.26,50.0,1.44,-19.0,0.09,100.0,11.0,152.0,4.7749,159.0,55.0,9.0,Marc Majdandzic,Ryo Tabata,M15 Alkmaar (Países Bajos),2026-06-25,Clay,Regular,victorias,Regular,victorias,,,player1,True,False,False
2.1463414634146343,0,14.0,0.01,0.0,0.0,1,176.0,1457,0.0,-30,1487,159.0,0.0,1.24,30.0,1.24,95.0,0.0,81.0,6.0,159.0,0.0,135.0,30.0,14.0,Manel Lazaro Juncadella,Julien Penzlin,M15 Alkmaar (Países Bajos),2026-06-25,Clay,Mala,victorias,Mala,victorias,,,player1,True,False,False
2.1463414634146343,0,14.0,0.01,0.0,0.0,1,176.0,1457,0.0,-30,1487,159.0,0.0,1.24,30.0,1.24,95.0,0.0,81.0,6.0,159.0,0.0,135.0,30.0,14.0,Manel Lazaro Juncadella,Julien Penzlin,M15 Alkmaar (Países Bajos),2026-06-25,Clay,Mala,victorias,Mala,victorias,,,player1,True,False,False
2.1463414634146343,0,14.0,0.01,0.0,0.0,1,176.0,1457,0.0,-30,1487,159.0,0.0,1.24,30.0,1.24,95.0,0.0,81.0,6.0,159.0,0.0,135.0,30.0,14.0,Manel Lazaro Juncadella,Julien Penzlin,M15 Alkmaar (Países Bajos),2026-06-25,Clay,Mala,victorias,Mala,victorias,,,player1,True,False,False
0.2682926829268293,1,9.0,0.02,0.03,0.0,1,22.0,1705,0.0,242,1463,159.0,0.0,1.51,25.0,1.09,-59.0,0.12,81.0,13.0,159.0,8.489,223.0,65.0,7.0,Lucio Ratti,Vincent Dullinger,M15 Slovenska Bistrica (Eslovenia),2026-06-25,Clay,Buena,victorias,Mala,victorias,,,player1,True,False,False
0.2682926829268293,1,9.0,0.02,0.03,0.0,1,22.0,1705,0.0,242,1463,159.0,0.0,1.51,25.0,1.09,-59.0,0.12,81.0,13.0,159.0,8.489,223.0,65.0,7.0,Lucio Ratti,Vincent Dullinger,M15 Slovenska Bistrica (Eslovenia),2026-06-25,Clay,Buena,victorias,Mala,victorias,,,player1,True,False,False
0.2682926829268293,1,9.0,0.02,0.03,0.0,1,22.0,1705,0.0,242,1463,159.0,0.0,1.51,25.0,1.09,-59.0,0.12,81.0,13.0,159.0,8.489,223.0,65.0,7.0,Lucio Ratti,Vincent Dullinger,M15 Slovenska Bistrica (Eslovenia),2026-06-25,Clay,Buena,victorias,Mala,victorias,,,player1,True,False,False
0.4682080924855491,8,10.0,0.03,0.02,11.25,1,81.0,1661,0.35,62,1599,136.0,0.0,1.41,50.0,1.17,-91.0,0.0,172.0,12.0,136.0,4.199999999999999,159.0,60.0,8.0,Maximilian Homberg,Filip Jeff Planinsek,M15 Slovenska Bistrica (Eslovenia),2026-06-25,Clay,Buena,victorias,Regular,victorias,,,player2,True,False,False
0.4682080924855491,8,10.0,0.03,0.02,11.25,1,81.0,1661,0.35,62,1599,136.0,0.0,1.41,50.0,1.17,-91.0,0.0,172.0,12.0,136.0,4.199999999999999,159.0,60.0,8.0,Maximilian Homberg,Filip Jeff Planinsek,M15 Slovenska Bistrica (Eslovenia),2026-06-25,Clay,Buena,victorias,Regular,victorias,,,player2,True,False,False
0.4682080924855491,8,10.0,0.03,0.02,11.25,1,81.0,1661,0.35,62,1599,136.0,0.0,1.41,50.0,1.17,-91.0,0.0,172.0,12.0,136.0,4.199999999999999,159.0,60.0,8.0,Maximilian Homberg,Filip Jeff Planinsek,M15 Slovenska Bistrica (Eslovenia),2026-06-25,Clay,Buena,victorias,Regular,victorias,,,player2,True,False,False
1.4047619047619047,7,9.0,0.01,0.02,4.75,2,118.0,1593,0.26,-15,1608,158.0,0.0,0.98,55.0,0.94,35.0,0.48,83.0,10.0,158.0,17.519,146.0,50.0,10.0,Oleg Prihodko,Dimitris Sakellaridis,M25 Zagreb (Croacia),2026-06-25,Clay,Regular,victorias,Regular,victorias,,,player1,True,False,False
1.4047619047619047,7,9.0,0.01,0.02,4.75,2,118.0,1593,0.26,-15,1608,158.0,0.0,0.98,55.0,0.94,35.0,0.48,83.0,10.0,158.0,17.519,146.0,50.0,10.0,Oleg Prihodko,Dimitris Sakellaridis,M25 Zagreb (Croacia),2026-06-25,Clay,Regular,victorias,Regular,victorias,,,player1,True,False,False
1.4047619047619047,7,9.0,0.01,0.02,4.75,2,118.0,1593,0.26,-15,1608,158.0,0.0,0.98,55.0,0.94,35.0,0.48,83.0,10.0,158.0,17.519,146.0,50.0,10.0,Oleg Prihodko,Dimitris Sakellaridis,M25 Zagreb (Croacia),2026-06-25,Clay,Regular,victorias,Regular,victorias,,,player1,True,False,False
0.6666666666666666,14,10.0,0.03,0.03,15.5,1,118.0,1644,0.54,7,1637,135.0,0.21,1.2,50.0,1.16,-58.0,0.23,176.0,12.0,135.0,27.5587,146.0,60.0,8.0,Kalin Ivanovski,Javier Barranco Cosano,M25 Zagreb (Croacia),2026-06-25,Clay,Buena,victorias,Regular,victorias,,,player1,True,False,False
0.6666666666666666,14,10.0,0.03,0.03,15.5,1,118.0,1644,0.54,7,1637,135.0,0.21,1.2,50.0,1.16,-58.0,0.23,176.0,12.0,135.0,27.5587,146.0,60.0,8.0,Kalin Ivanovski,Javier Barranco Cosano,M25 Zagreb (Croacia),2026-06-25,Clay,Buena,victorias,Regular,victorias,,,player1,True,False,False
0.6666666666666666,14,10.0,0.03,0.03,15.5,1,118.0,1644,0.54,7,1637,135.0,0.21,1.2,50.0,1.16,-58.0,0.23,176.0,12.0,135.0,27.5587,146.0,60.0,8.0,Kalin Ivanovski,Javier Barranco Cosano,M25 Zagreb (Croacia),2026-06-25,Clay,Buena,victorias,Regular,victorias,,,player1,True,False,False
0.04081632653061224,2,10.0,0.02,0.01,0.0,0,8.0,1578,0.0,0,1578,133.0,0.0,1.35,50.0,1.33,-187.0,0.0,195.0,11.0,133.0,0.0,319.0,55.0,9.0,Arina Arifullina,Yelyzaveta Chainykova,W15 Monastir 19 (Túnez),2026-06-25,Hard,Regular,victorias,Regular,victorias,,,player1,False,False,True
0.04081632653061224,2,10.0,0.02,0.01,0.0,0,8.0,1578,0.0,0,1578,133.0,0.0,1.35,50.0,1.33,-187.0,0.0,195.0,11.0,133.0,0.0,319.0,55.0,9.0,Arina Arifullina,Yelyzaveta Chainykova,W15 Monastir 19 (Túnez),2026-06-25,Hard,Regular,victorias,Regular,victorias,,,player1,False,False,True
0.04081632653061224,2,10.0,0.02,0.01,0.0,0,8.0,1578,0.0,0,1578,133.0,0.0,1.35,50.0,1.33,-187.0,0.0,195.0,11.0,133.0,0.0,319.0,55.0,9.0,Arina Arifullina,Yelyzaveta Chainykova,W15 Monastir 19 (Túnez),2026-06-25,Hard,Regular,victorias,Regular,victorias,,,player1,False,False,True
0.5273972602739726,1,8.0,0.02,0.02,4.75,1,77.0,1553,0.08,-54,1607,140.0,0.19,1.32,60.0,1.39,-68.0,0.18,145.0,9.0,140.0,0.0,161.0,45.0,11.0,Alyssa Reguer,Emily Sartz-Lunde,W15 Monastir 19 (Túnez),2026-06-25,Hard,Regular,victorias,Buena,victorias,,,player1,False,False,True
0.5273972602739726,1,8.0,0.02,0.02,4.75,1,77.0,1553,0.08,-54,1607,140.0,0.19,1.32,60.0,1.39,-68.0,0.18,145.0,9.0,140.0,0.0,161.0,45.0,11.0,Alyssa Reguer,Emily Sartz-Lunde,W15 Monastir 19 (Túnez),2026-06-25,Hard,Regular,victorias,Buena,victorias,,,player1,False,False,True
0.5273972602739726,1,8.0,0.02,0.02,4.75,1,77.0,1553,0.08,-54,1607,140.0,0.19,1.32,60.0,1.39,-68.0,0.18,145.0,9.0,140.0,0.0,161.0,45.0,11.0,Alyssa Reguer,Emily Sartz-Lunde,W15 Monastir 19 (Túnez),2026-06-25,Hard,Regular,victorias,Buena,victorias,,,player1,False,False,True
0.2682926829268293,1,9.0,0.03,0.01,0.0,1,22.0,1434,0.0,-163,1597,159.0,0.16,1.18,55.0,1.37,-59.0,0.12,81.0,5.0,159.0,0.0,223.0,25.0,15.0,Lourdes Ayala,Karla Bartel,W15 Monastir 19 (Túnez),2026-06-25,Hard,Mala,victorias,Regular,victorias,,,player2,False,False,True
0.2682926829268293,1,9.0,0.03,0.01,0.0,1,22.0,1434,0.0,-163,1597,159.0,0.16,1.18,55.0,1.37,-59.0,0.12,81.0,5.0,159.0,0.0,223.0,25.0,15.0,Lourdes Ayala,Karla Bartel,W15 Monastir 19 (Túnez),2026-06-25,Hard,Mala,victorias,Regular,victorias,,,player2,False,False,True
0.2682926829268293,1,9.0,0.03,0.01,0.0,1,22.0,1434,0.0,-163,1597,159.0,0.16,1.18,55.0,1.37,-59.0,0.12,81.0,5.0,159.0,0.0,223.0,25.0,15.0,Lourdes Ayala,Karla Bartel,W15 Monastir 19 (Túnez),2026-06-25,Hard,Mala,victorias,Regular,victorias,,,player2,False,False,True
2.3333333333333335,4,11.0,0.01,0.01,18.200000000000003,1,98.0,1553,0.47,14,1539,187.0,0.09,1.18,45.0,1.38,57.0,0.0,41.0,9.0,187.0,6.5332,152.0,45.0,11.0,Giannicola Misasi,George Lazarov,M15 Kursumlijska Banja 6 (Serbia),2026-06-25,Clay,Regular,victorias,Regular,victorias,,,player1,True,False,False
2.3333333333333335,4,11.0,0.01,0.01,18.200000000000003,1,98.0,1553,0.47,14,1539,187.0,0.09,1.18,45.0,1.38,57.0,0.0,41.0,9.0,187.0,6.5332,152.0,45.0,11.0,Giannicola Misasi,George Lazarov,M15 Kursumlijska Banja 6 (Serbia),2026-06-25,Clay,Regular,victorias,Regular,victorias,,,player1,True,False,False
2.3333333333333335,4,11.0,0.01,0.01,18.200000000000003,1,98.0,1553,0.47,14,1539,187.0,0.09,1.18,45.0,1.38,57.0,0.0,41.0,9.0,187.0,6.5332,152.0,45.0,11.0,Giannicola Misasi,George Lazarov,M15 Kursumlijska Banja 6 (Serbia),2026-06-25,Clay,Regular,victorias,Regular,victorias,,,player1,True,False,False
5.157894736842105,7,8.0,0.01,0.01,20.125,1,98.0,1585,0.48,-38,1623,238.0,0.0,1.26,60.0,1.3,80.0,0.0,18.0,10.0,238.0,6.0245,152.0,50.0,10.0,Andrea De Marchi,Samir Hamza Reguig,M15 Kursumlijska Banja 6 (Serbia),2026-06-25,Clay,Regular,victorias,Buena,victorias,,,player1,True,False,False
5.157894736842105,7,8.0,0.01,0.01,20.125,1,98.0,1585,0.48,-38,1623,238.0,0.0,1.26,60.0,1.3,80.0,0.0,18.0,10.0,238.0,6.0245,152.0,50.0,10.0,Andrea De Marchi,Samir Hamza Reguig,M15 Kursumlijska Banja 6 (Serbia),2026-06-25,Clay,Regular,victorias,Buena,victorias,,,player1,True,False,False
5.157894736842105,7,8.0,0.01,0.01,20.125,1,98.0,1585,0.48,-38,1623,238.0,0.0,1.26,60.0,1.3,80.0,0.0,18.0,10.0,238.0,6.0245,152.0,50.0,10.0,Andrea De Marchi,Samir Hamza Reguig,M15 Kursumlijska Banja 6 (Serbia),2026-06-25,Clay,Regular,victorias,Buena,victorias,,,player1,True,False,False
0.9940476190476191,4,11.0,0.01,0.1,0.0,3,167.0,1768,0.0,261,1507,137.0,0.09,1.17,45.0,0.81,0.0,0.12,167.0,15.0,137.0,4.7793,137.0,75.0,5.0,Branko Djuric,Novak Novakovic,M15 Kursumlijska Banja 6 (Serbia),2026-06-25,Clay,Excelente,victorias,Regular,victorias,,,player1,True,False,False
0.9940476190476191,4,11.0,0.01,0.1,0.0,3,167.0,1768,0.0,261,1507,137.0,0.09,1.17,45.0,0.81,0.0,0.12,167.0,15.0,137.0,4.7793,137.0,75.0,5.0,Branko Djuric,Novak Novakovic,M15 Kursumlijska Banja 6 (Serbia),2026-06-25,Clay,Excelente,victorias,Regular,victorias,,,player1,True,False,False
0.9940476190476191,4,11.0,0.01,0.1,0.0,3,167.0,1768,0.0,261,1507,137.0,0.09,1.17,45.0,0.81,0.0,0.12,167.0,15.0,137.0,4.7793,137.0,75.0,5.0,Branko Djuric,Novak Novakovic,M15 Kursumlijska Banja 6 (Serbia),2026-06-25,Clay,Excelente,victorias,Regular,victorias,,,player1,True,False,False
0.4230769230769231,2,12.0,0.02,0.01,6.5,0,77.0,1563,0.1,-6,1569,135.0,0.0,1.3,40.0,1.28,-104.0,0.0,181.0,9.0,135.0,0.0,161.0,45.0,11.0,Charles Bertimon,Jonas Eriksson Ziverts,M15 Monastir 24 (Túnez),2026-06-25,Hard,Regular,victorias,Regular,victorias,,,player1,False,False,True
0.4230769230769231,2,12.0,0.02,0.01,6.5,0,77.0,1563,0.1,-6,1569,135.0,0.0,1.3,40.0,1.28,-104.0,0.0,181.0,9.0,135.0,0.0,161.0,45.0,11.0,Charles Bertimon,Jonas Eriksson Ziverts,M15 Monastir 24 (Túnez),2026-06-25,Hard,Regular,victorias,Regular,victorias,,,player1,False,False,True
0.4230769230769231,2,12.0,0.02,0.01,6.5,0,77.0,1563,0.1,-6,1569,135.0,0.0,1.3,40.0,1.28,-104.0,0.0,181.0,9.0,135.0,0.0,161.0,45.0,11.0,Charles Bertimon,Jonas Eriksson Ziverts,M15 Monastir 24 (Túnez),2026-06-25,Hard,Regular,victorias,Regular,victorias,,,player1,False,False,True
2.1923076923076925,4,11.0,0.03,0.04,0.0,1,171.0,1633,0.0,68,1565,161.0,0.0,1.3,45.0,1.26,94.0,0.18,77.0,11.0,161.0,12.1127,136.0,55.0,9.0,Lukas Pokorny,Benjamin Pietri,M15 Monastir 24 (Túnez),2026-06-25,Hard,Regular,victorias,Regular,victorias,,,player1,False,False,True
2.1923076923076925,4,11.0,0.03,0.04,0.0,1,171.0,1633,0.0,68,1565,161.0,0.0,1.3,45.0,1.26,94.0,0.18,77.0,11.0,161.0,12.1127,136.0,55.0,9.0,Lukas Pokorny,Benjamin Pietri,M15 Monastir 24 (Túnez),2026-06-25,Hard,Regular,victorias,Regular,victorias,,,player1,False,False,True
2.1923076923076925,4,11.0,0.03,0.04,0.0,1,171.0,1633,0.0,68,1565,161.0,0.0,1.3,45.0,1.26,94.0,0.18,77.0,11.0,161.0,12.1127,136.0,55.0,9.0,Lukas Pokorny,Benjamin Pietri,M15 Monastir 24 (Túnez),2026-06-25,Hard,Regular,victorias,Regular,victorias,,,player1,False,False,True
2.5641025641025643,1,11.0,0.01,0.02,0.0,0,200.0,1587,0.0,102,1485,161.0,0.0,1.32,35.3,1.26,123.0,0.14,77.0,9.0,161.0,0.0,132.0,45.0,11.0,Dominick Mosejczuk,Mathys Picard,M15 Monastir 24 (Túnez),2026-06-25,Hard,Regular,victorias,Mala,victorias,,,player2,False,False,True
2.5641025641025643,1,11.0,0.01,0.02,0.0,0,200.0,1587,0.0,102,1485,161.0,0.0,1.32,35.3,1.26,123.0,0.14,77.0,9.0,161.0,0.0,132.0,45.0,11.0,Dominick Mosejczuk,Mathys Picard,M15 Monastir 24 (Túnez),2026-06-25,Hard,Regular,victorias,Mala,victorias,,,player2,False,False,True
2.5641025641025643,1,11.0,0.01,0.02,0.0,0,200.0,1587,0.0,102,1485,161.0,0.0,1.32,35.3,1.26,123.0,0.14,77.0,9.0,161.0,0.0,132.0,45.0,11.0,Dominick Mosejczuk,Mathys Picard,M15 Monastir 24 (Túnez),2026-06-25,Hard,Regular,victorias,Mala,victorias,,,player2,False,False,True
1.1299435028248588,2,8.0,0.03,0.01,11.25,2,200.0,1449,0.13,-235,1684,135.0,0.12,1.21,60.0,1.37,24.0,0.15,176.0,6.0,135.0,0.0,132.0,30.0,14.0,Alexander Frusina,Roger Pascual Ferra,M15 Monastir 24 (Túnez),2026-06-25,Hard,Mala,victorias,Buena,victorias,,,player2,False,False,True
1.1299435028248588,2,8.0,0.03,0.01,11.25,2,200.0,1449,0.13,-235,1684,135.0,0.12,1.21,60.0,1.37,24.0,0.15,176.0,6.0,135.0,0.0,132.0,30.0,14.0,Alexander Frusina,Roger Pascual Ferra,M15 Monastir 24 (Túnez),2026-06-25,Hard,Mala,victorias,Buena,victorias,,,player2,False,False,True
1.1299435028248588,2,8.0,0.03,0.01,11.25,2,200.0,1449,0.13,-235,1684,135.0,0.12,1.21,60.0,1.37,24.0,0.15,176.0,6.0,135.0,0.0,132.0,30.0,14.0,Alexander Frusina,Roger Pascual Ferra,M15 Monastir 24 (Túnez),2026-06-25,Hard,Mala,victorias,Buena,victorias,,,player2,False,False,True
1.3356164383561644,2,7.0,0.03,0.01,4.75,2,195.0,1598,0.23,-70,1668,140.0,0.0,1.31,65.0,1.4,50.0,0.0,145.0,9.0,140.0,0.5999999999999999,133.0,45.0,11.0,Aleksandr Braynin,Herman Hoeyeraal,M15 Rzeszow (Polonia),2026-06-25,Clay,Regular,victorias,Buena,victorias,,,player2,True,False,False
1.3356164383561644,2,7.0,0.03,0.01,4.75,2,195.0,1598,0.23,-70,1668,140.0,0.0,1.31,65.0,1.4,50.0,0.0,145.0,9.0,140.0,0.5999999999999999,133.0,45.0,11.0,Aleksandr Braynin,Herman Hoeyeraal,M15 Rzeszow (Polonia),2026-06-25,Clay,Regular,victorias,Buena,victorias,,,player2,True,False,False
1.3356164383561644,2,7.0,0.03,0.01,4.75,2,195.0,1598,0.23,-70,1668,140.0,0.0,1.31,65.0,1.4,50.0,0.0,145.0,9.0,140.0,0.5999999999999999,133.0,45.0,11.0,Aleksandr Braynin,Herman Hoeyeraal,M15 Rzeszow (Polonia),2026-06-25,Clay,Regular,victorias,Buena,victorias,,,player2,True,False,False
0.5547945205479452,2,13.0,0.0,0.01,0.0,1,81.0,1572,0.0,127,1445,140.0,0.0,1.36,35.0,1.25,-64.0,0.18,145.0,11.0,140.0,0.0,159.0,55.0,9.0,Stefan Seifert,Leyton Rivera,M15 Rzeszow (Polonia),2026-06-25,Clay,Regular,victorias,Mala,victorias,,,player1,True,False,False
0.5547945205479452,2,13.0,0.0,0.01,0.0,1,81.0,1572,0.0,127,1445,140.0,0.0,1.36,35.0,1.25,-64.0,0.18,145.0,11.0,140.0,0.0,159.0,55.0,9.0,Stefan Seifert,Leyton Rivera,M15 Rzeszow (Polonia),2026-06-25,Clay,Regular,victorias,Mala,victorias,,,player1,True,False,False
0.5547945205479452,2,13.0,0.0,0.01,0.0,1,81.0,1572,0.0,127,1445,140.0,0.0,1.36,35.0,1.25,-64.0,0.18,145.0,11.0,140.0,0.0,159.0,55.0,9.0,Stefan Seifert,Leyton Rivera,M15 Rzeszow (Polonia),2026-06-25,Clay,Regular,victorias,Mala,victorias,,,player1,True,False,False
0.9935483870967742,0,7.466778458480149,0.0,0.01,0.0,3,154.0,1610,0.0,110,1500,139.0,0.0,1.41,23.720193720255743,0.0,0.0,0.0,154.0,12.0,139.0,0.0,139.0,60.0,8.0,Alan Wazny,Karol Filar,M15 Rzeszow (Polonia),2026-06-25,Clay,Buena,victorias,,,,,player1,True,False,False
0.9935483870967742,0,7.466778458480149,0.0,0.01,0.0,3,154.0,1610,0.0,110,1500,139.0,0.0,1.41,23.720193720255743,0.0,0.0,0.0,154.0,12.0,139.0,0.0,139.0,60.0,8.0,Alan Wazny,Karol Filar,M15 Rzeszow (Polonia),2026-06-25,Clay,Buena,victorias,,,,,player1,True,False,False
0.9935483870967742,0,7.466778458480149,0.0,0.01,0.0,3,154.0,1610,0.0,110,1500,139.0,0.0,1.41,23.720193720255743,0.0,0.0,0.0,154.0,12.0,139.0,0.0,139.0,60.0,8.0,Alan Wazny,Karol Filar,M15 Rzeszow (Polonia),2026-06-25,Clay,Buena,victorias,,,,,player1,True,False,False
0.98989898989899,14,12.0,0.01,0.03,3.0,3,98.0,1583,0.24,44,1539,152.0,0.09,1.15,40.0,1.11,0.0,0.09,98.0,10.0,152.0,18.4616,152.0,50.0,10.0,Giovanni Oradini,Marcello Serafini,M15 Bergamo (Italia),2026-06-25,Clay,Regular,victorias,Regular,victorias,,,player1,True,False,False
0.98989898989899,14,12.0,0.01,0.03,3.0,3,98.0,1583,0.24,44,1539,152.0,0.09,1.15,40.0,1.11,0.0,0.09,98.0,10.0,152.0,18.4616,152.0,50.0,10.0,Giovanni Oradini,Marcello Serafini,M15 Bergamo (Italia),2026-06-25,Clay,Regular,victorias,Regular,victorias,,,player1,True,False,False
0.98989898989899,14,12.0,0.01,0.03,3.0,3,98.0,1583,0.24,44,1539,152.0,0.09,1.15,40.0,1.11,0.0,0.09,98.0,10.0,152.0,18.4616,152.0,50.0,10.0,Giovanni Oradini,Marcello Serafini,M15 Bergamo (Italia),2026-06-25,Clay,Regular,victorias,Regular,victorias,,,player1,True,False,False
0.6262626262626263,10,4.0,0.05,0.05,5.699999999999999,2,62.0,1677,0.3,-86,1763,152.0,0.0,0.84,80.0,1.05,-36.0,0.13,98.0,12.0,152.0,20.566799999999997,169.0,60.0,8.0,Matthew William Donald,Fausto Tabacco,M15 Bergamo (Italia),2026-06-25,Clay,Buena,victorias,Excelente,victorias,,,player2,True,False,False
0.6262626262626263,10,4.0,0.05,0.05,5.699999999999999,2,62.0,1677,0.3,-86,1763,152.0,0.0,0.84,80.0,1.05,-36.0,0.13,98.0,12.0,152.0,20.566799999999997,169.0,60.0,8.0,Matthew William Donald,Fausto Tabacco,M15 Bergamo (Italia),2026-06-25,Clay,Buena,victorias,Excelente,victorias,,,player2,True,False,False
0.6262626262626263,10,4.0,0.05,0.05,5.699999999999999,2,62.0,1677,0.3,-86,1763,152.0,0.0,0.84,80.0,1.05,-36.0,0.13,98.0,12.0,152.0,20.566799999999997,169.0,60.0,8.0,Matthew William Donald,Fausto Tabacco,M15 Bergamo (Italia),2026-06-25,Clay,Buena,victorias,Excelente,victorias,,,player2,True,False,False
0.98989898989899,4,14.0,0.01,0.02,0.0,3,98.0,1635,0.0,176,1459,152.0,0.18,1.11,30.0,0.93,0.0,0.4,98.0,12.0,152.0,7.7637,152.0,60.0,8.0,Federico Arnaboldi,Filiberto Fumagalli,M15 Bergamo (Italia),2026-06-25,Clay,Buena,victorias,Mala,victorias,,,player1,True,False,False
0.98989898989899,4,14.0,0.01,0.02,0.0,3,98.0,1635,0.0,176,1459,152.0,0.18,1.11,30.0,0.93,0.0,0.4,98.0,12.0,152.0,7.7637,152.0,60.0,8.0,Federico Arnaboldi,Filiberto Fumagalli,M15 Bergamo (Italia),2026-06-25,Clay,Buena,victorias,Mala,victorias,,,player1,True,False,False
0.98989898989899,4,14.0,0.01,0.02,0.0,3,98.0,1635,0.0,176,1459,152.0,0.18,1.11,30.0,0.93,0.0,0.4,98.0,12.0,152.0,7.7637,152.0,60.0,8.0,Federico Arnaboldi,Filiberto Fumagalli,M15 Bergamo (Italia),2026-06-25,Clay,Buena,victorias,Mala,victorias,,,player1,True,False,False
0.39285714285714285,18,7.0,0.05,0.04,20.950000000000003,0,77.0,1613,0.59,-98,1711,133.0,0.23,1.02,65.0,1.27,-118.0,0.27,195.0,9.0,133.0,19.3956,161.0,45.0,11.0,Chloe Paquet,Anastasiia Sobolieva,W50 Gdansk (Polonia),2026-06-25,Clay,Regular,victorias,Buena,victorias,,,player2,True,False,False
0.39285714285714285,18,7.0,0.05,0.04,20.950000000000003,0,77.0,1613,0.59,-98,1711,133.0,0.23,1.02,65.0,1.27,-118.0,0.27,195.0,9.0,133.0,19.3956,161.0,45.0,11.0,Chloe Paquet,Anastasiia Sobolieva,W50 Gdansk (Polonia),2026-06-25,Clay,Regular,victorias,Buena,victorias,,,player2,True,False,False
0.39285714285714285,18,7.0,0.05,0.04,20.950000000000003,0,77.0,1613,0.59,-98,1711,133.0,0.23,1.02,65.0,1.27,-118.0,0.27,195.0,9.0,133.0,19.3956,161.0,45.0,11.0,Chloe Paquet,Anastasiia Sobolieva,W50 Gdansk (Polonia),2026-06-25,Clay,Regular,victorias,Buena,victorias,,,player2,True,False,False
2.4390243902439024,7,13.0,0.02,0.03,0.9499999999999997,0,200.0,1639,0.09,77,1562,159.0,0.25,1.28,35.0,1.18,119.0,0.22,81.0,11.0,159.0,7.7699,132.0,55.0,9.0,Hibah Shaikh,Mina Hodzic,W50 Gdansk (Polonia),2026-06-25,Clay,Regular,victorias,Mala,victorias,,,player2,True,False,False
2.4390243902439024,7,13.0,0.02,0.03,0.9499999999999997,0,200.0,1639,0.09,77,1562,159.0,0.25,1.28,35.0,1.18,119.0,0.22,81.0,11.0,159.0,7.7699,132.0,55.0,9.0,Hibah Shaikh,Mina Hodzic,W50 Gdansk (Polonia),2026-06-25,Clay,Regular,victorias,Mala,victorias,,,player2,True,False,False
2.4390243902439024,7,13.0,0.02,0.03,0.9499999999999997,0,200.0,1639,0.09,77,1562,159.0,0.25,1.28,35.0,1.18,119.0,0.22,81.0,11.0,159.0,7.7699,132.0,55.0,9.0,Hibah Shaikh,Mina Hodzic,W50 Gdansk (Polonia),2026-06-25,Clay,Regular,victorias,Mala,victorias,,,player2,True,False,False
2.4444444444444446,7,14.0,0.04,0.02,28.45,1,154.0,1607,0.53,42,1565,169.0,0.25,1.26,30.0,1.15,92.0,0.19,62.0,10.0,169.0,6.5097,139.0,50.0,10.0,Weronika Ewald,Barbora Palicova,W50 Gdansk (Polonia),2026-06-25,Clay,Regular,victorias,Mala,victorias,,,player1,True,False,False
2.4444444444444446,7,14.0,0.04,0.02,28.45,1,154.0,1607,0.53,42,1565,169.0,0.25,1.26,30.0,1.15,92.0,0.19,62.0,10.0,169.0,6.5097,139.0,50.0,10.0,Weronika Ewald,Barbora Palicova,W50 Gdansk (Polonia),2026-06-25,Clay,Regular,victorias,Mala,victorias,,,player1,True,False,False
2.4444444444444446,7,14.0,0.04,0.02,28.45,1,154.0,1607,0.53,42,1565,169.0,0.25,1.26,30.0,1.15,92.0,0.19,62.0,10.0,169.0,6.5097,139.0,50.0,10.0,Weronika Ewald,Barbora Palicova,W50 Gdansk (Polonia),2026-06-25,Clay,Regular,victorias,Mala,victorias,,,player1,True,False,False
0.1301775147928994,0,11.326033765652404,0.0,0.04,0.0,0,154.0,1679,0.0,179,1500,11.0,0.0,1.43,17.019924965216873,0.0,-1028.0,0.21,1182.0,13.0,11.0,0.0,139.0,65.0,7.0,Gina Feistel,Daria Kuczer,W50 Gdansk (Polonia),2026-06-25,Clay,Buena,victorias,,,,,player1,True,False,False
0.1301775147928994,0,11.326033765652404,0.0,0.04,0.0,0,154.0,1679,0.0,179,1500,11.0,0.0,1.43,17.019924965216877,0.0,-1028.0,0.21,1182.0,13.0,11.0,0.0,139.0,65.0,7.0,Gina Feistel,Daria Kuczer,W50 Gdansk (Polonia),2026-06-25,Clay,Buena,victorias,,,,,player1,True,False,False
0.1301775147928994,0,11.326033765652404,0.0,0.04,0.0,0,154.0,1679,0.0,179,1500,11.0,0.0,1.43,17.019924965216877,0.0,-1028.0,0.21,1182.0,13.0,11.0,0.0,139.0,65.0,7.0,Gina Feistel,Daria Kuczer,W50 Gdansk (Polonia),2026-06-25,Clay,Buena,victorias,,,,,player1,True,False,False
1.5555555555555556,8,11.0,0.02,0.03,5.699999999999999,2,98.0,1724,0.29,141,1583,169.0,0.22,1.31,45.0,1.23,36.0,0.17,62.0,13.0,169.0,11.8863,152.0,65.0,7.0,Deborah Chiesa,Aneta Laboutkova,W35 Tarvisio (Italia),2026-06-25,Clay,Buena,victorias,Regular,victorias,,,player1,True,False,False
1.5555555555555556,8,11.0,0.02,0.03,5.699999999999999,2,98.0,1724,0.29,141,1583,169.0,0.22,1.31,45.0,1.23,36.0,0.17,62.0,13.0,169.0,11.8863,152.0,65.0,7.0,Deborah Chiesa,Aneta Laboutkova,W35 Tarvisio (Italia),2026-06-25,Clay,Buena,victorias,Regular,victorias,,,player1,True,False,False
1.5555555555555556,8,11.0,0.02,0.03,5.699999999999999,2,98.0,1724,0.29,141,1583,169.0,0.22,1.31,45.0,1.23,36.0,0.17,62.0,13.0,169.0,11.8863,152.0,65.0,7.0,Deborah Chiesa,Aneta Laboutkova,W35 Tarvisio (Italia),2026-06-25,Clay,Buena,victorias,Regular,victorias,,,player1,True,False,False
0.6,8,4.0,0.04,0.04,3.0,1,81.0,1680,0.21,-151,1831,143.0,0.0,1.27,80.0,1.5,-53.0,0.16,134.0,11.0,143.0,11.2738,159.0,55.0,9.0,Florian Broska,Yassine Dlimi,M25 Tanger (Marruecos),2026-06-25,Clay,Regular,victorias,Excelente,victorias,,,player2,True,False,False
0.6,8,4.0,0.04,0.04,3.0,1,81.0,1680,0.21,-151,1831,143.0,0.0,1.27,80.0,1.5,-53.0,0.16,134.0,11.0,143.0,11.2738,159.0,55.0,9.0,Florian Broska,Yassine Dlimi,M25 Tanger (Marruecos),2026-06-25,Clay,Regular,victorias,Excelente,victorias,,,player2,True,False,False
0.6,8,4.0,0.04,0.04,3.0,1,81.0,1680,0.21,-151,1831,143.0,0.0,1.27,80.0,1.5,-53.0,0.16,134.0,11.0,143.0,11.2738,159.0,55.0,9.0,Florian Broska,Yassine Dlimi,M25 Tanger (Marruecos),2026-06-25,Clay,Regular,victorias,Excelente,victorias,,,player2,True,False,False
1.7179487179487178,6,8.0,0.18,0.06,6.5,1,134.0,1632,0.3,-182,1814,161.0,0.17,0.84,60.0,1.11,57.0,0.17,77.0,9.0,161.0,16.0195,143.0,45.0,11.0,Reda Bennani,Sean Cuenin,M25 Tanger (Marruecos),2026-06-25,Clay,Regular,victorias,Buena,victorias,,,player2,True,False,False
1.7179487179487178,6,8.0,0.18,0.06,6.5,1,134.0,1632,0.3,-182,1814,161.0,0.17,0.84,60.0,1.11,57.0,0.17,77.0,9.0,161.0,16.0195,143.0,45.0,11.0,Reda Bennani,Sean Cuenin,M25 Tanger (Marruecos),2026-06-25,Clay,Regular,victorias,Buena,victorias,,,player2,True,False,False
1.7179487179487178,6,8.0,0.18,0.06,6.5,1,134.0,1632,0.3,-182,1814,161.0,0.17,0.84,60.0,1.11,57.0,0.17,77.0,9.0,161.0,16.0195,143.0,45.0,11.0,Reda Bennani,Sean Cuenin,M25 Tanger (Marruecos),2026-06-25,Clay,Regular,victorias,Buena,victorias,,,player2,True,False,False
0.98989898989899,12,12.0,0.02,0.07,1.5,3,98.0,1727,0.15,181,1546,152.0,0.0,1.03,40.0,0.76,0.0,0.14,98.0,13.0,152.0,21.3169,152.0,65.0,7.0,Massimo Giunta,Lorenzo Rottoli,M25 Tanger (Marruecos),2026-06-25,Clay,Buena,victorias,Regular,victorias,,,player2,True,False,False
0.98989898989899,12,12.0,0.02,0.07,1.5,3,98.0,1727,0.15,181,1546,152.0,0.0,1.03,40.0,0.76,0.0,0.14,98.0,13.0,152.0,21.3169,152.0,65.0,7.0,Massimo Giunta,Lorenzo Rottoli,M25 Tanger (Marruecos),2026-06-25,Clay,Buena,victorias,Regular,victorias,,,player2,True,False,False
0.98989898989899,12,12.0,0.02,0.07,1.5,3,98.0,1727,0.15,181,1546,152.0,0.0,1.03,40.0,0.76,0.0,0.14,98.0,13.0,152.0,21.3169,152.0,65.0,7.0,Massimo Giunta,Lorenzo Rottoli,M25 Tanger (Marruecos),2026-06-25,Clay,Buena,victorias,Regular,victorias,,,player2,True,False,False
0.73224043715847,6,6.0,0.03,0.02,16.875,2,134.0,1665,0.46,-65,1730,134.0,0.09,1.3,70.0,1.36,-48.0,0.18,182.0,11.0,134.0,3.0273,143.0,55.0,9.0,Karim Bennani,Johan Nikles,M25 Tanger (Marruecos),2026-06-25,Clay,Regular,victorias,Buena,victorias,,,player1,True,False,False
0.73224043715847,6,6.0,0.03,0.02,16.875,2,134.0,1665,0.46,-65,1730,134.0,0.09,1.3,70.0,1.36,-48.0,0.18,182.0,11.0,134.0,3.0273,143.0,55.0,9.0,Karim Bennani,Johan Nikles,M25 Tanger (Marruecos),2026-06-25,Clay,Regular,victorias,Buena,victorias,,,player1,True,False,False
0.73224043715847,6,6.0,0.03,0.02,16.875,2,134.0,1665,0.46,-65,1730,134.0,0.09,1.3,70.0,1.36,-48.0,0.18,182.0,11.0,134.0,3.0273,143.0,55.0,9.0,Karim Bennani,Johan Nikles,M25 Tanger (Marruecos),2026-06-25,Clay,Regular,victorias,Buena,victorias,,,player1,True,False,False
0.7297297297297297,43,8.0,0.13,0.15,189.395,2,81.0,1760,0.35,-135,1895,149.0,0.27,1.46,60.0,1.25,-29.0,0.27,110.0,12.0,149.0,56.456599999999995,159.0,60.0,8.0,Tatjana Maria,Jelena Ostapenko,Eastbourne (Reino Unido),2026-06-25,Grass,Buena,victorias,Buena,victorias,,,player1,False,True,False
0.7297297297297297,43,8.0,0.13,0.15,189.395,2,81.0,1760,0.35,-135,1895,149.0,0.27,1.46,60.0,1.25,-29.0,0.27,110.0,12.0,149.0,56.456599999999995,159.0,60.0,8.0,Tatjana Maria,Jelena Ostapenko,Eastbourne (Reino Unido),2026-06-25,Grass,Buena,victorias,Buena,victorias,,,player1,False,True,False
0.7297297297297297,43,8.0,0.13,0.15,189.395,2,81.0,1760,0.35,-135,1895,149.0,0.27,1.46,60.0,1.25,-29.0,0.27,110.0,12.0,149.0,56.456599999999995,159.0,60.0,8.0,Tatjana Maria,Jelena Ostapenko,Eastbourne (Reino Unido),2026-06-25,Grass,Buena,victorias,Buena,victorias,,,player1,False,True,False
0.2935323383084577,18,5.0,0.17,0.04,43.285000000000004,0,59.0,1806,0.22,-198,2004,132.0,0.27,1.32,75.0,1.6,-141.0,0.27,200.0,13.0,132.0,4.7614,171.0,65.0,7.0,Petra Marcinko,Madison Keys,Eastbourne (Reino Unido),2026-06-25,Grass,Buena,victorias,Excelente,victorias,,,player2,False,True,False
0.2935323383084577,18,5.0,0.17,0.04,43.285000000000004,0,59.0,1806,0.22,-198,2004,132.0,0.27,1.32,75.0,1.6,-141.0,0.27,200.0,13.0,132.0,4.7614,171.0,65.0,7.0,Petra Marcinko,Madison Keys,Eastbourne (Reino Unido),2026-06-25,Grass,Buena,victorias,Excelente,victorias,,,player2,False,True,False
0.2935323383084577,18,5.0,0.17,0.04,43.285000000000004,0,59.0,1806,0.22,-198,2004,132.0,0.27,1.32,75.0,1.6,-141.0,0.27,200.0,13.0,132.0,4.7614,171.0,65.0,7.0,Petra Marcinko,Madison Keys,Eastbourne (Reino Unido),2026-06-25,Grass,Buena,victorias,Excelente,victorias,,,player2,False,True,False
0.7828282828282829,3,7.0,0.05,0.03,11.25,2,155.0,1726,0.13,-2,1728,132.0,0.09,1.5,65.0,1.28,-42.0,0.19,197.0,14.0,132.0,0.0,139.0,70.0,6.0,Tiago Torres,Lui Maxted,M25 Porto (Portugal),2026-06-25,Hard,Buena,victorias,Buena,victorias,,,player1,False,False,True
0.7828282828282829,3,7.0,0.05,0.03,11.25,2,155.0,1726,0.13,-2,1728,132.0,0.09,1.5,65.0,1.28,-42.0,0.19,197.0,14.0,132.0,0.0,139.0,70.0,6.0,Tiago Torres,Lui Maxted,M25 Porto (Portugal),2026-06-25,Hard,Buena,victorias,Buena,victorias,,,player1,False,False,True
0.7828282828282829,3,7.0,0.05,0.03,11.25,2,155.0,1726,0.13,-2,1728,132.0,0.09,1.5,65.0,1.28,-42.0,0.19,197.0,14.0,132.0,0.0,139.0,70.0,6.0,Tiago Torres,Lui Maxted,M25 Porto (Portugal),2026-06-25,Hard,Buena,victorias,Buena,victorias,,,player1,False,False,True
7.0,5,6.0,0.03,0.06,0.0,1,63.0,1696,0.0,-13,1709,319.0,0.09,1.24,70.0,1.51,55.0,0.15,8.0,13.0,319.0,9.5287,168.0,65.0,7.0,Carl Emil Overbeck,Daniil Ostapenkov,M25 Porto (Portugal),2026-06-25,Hard,Buena,victorias,Buena,victorias,,,player1,False,False,True
7.0,5,6.0,0.03,0.06,0.0,1,63.0,1696,0.0,-13,1709,319.0,0.09,1.24,70.0,1.51,55.0,0.15,8.0,13.0,319.0,9.5287,168.0,65.0,7.0,Carl Emil Overbeck,Daniil Ostapenkov,M25 Porto (Portugal),2026-06-25,Hard,Buena,victorias,Buena,victorias,,,player1,False,False,True
7.0,5,6.0,0.03,0.06,0.0,1,63.0,1696,0.0,-13,1709,319.0,0.09,1.24,70.0,1.51,55.0,0.15,8.0,13.0,319.0,9.5287,168.0,65.0,7.0,Carl Emil Overbeck,Daniil Ostapenkov,M25 Porto (Portugal),2026-06-25,Hard,Buena,victorias,Buena,victorias,,,player1,False,False,True
0.3717948717948718,4,11.0,0.01,0.04,0.5999999999999999,1,58.0,1687,0.03,132,1555,139.0,0.16,1.34,45.0,1.27,-97.0,0.14,155.0,12.0,139.0,2.3824,172.0,60.0,8.0,Eliakim Coulibaly,Francisco Rocha,M25 Porto (Portugal),2026-06-25,Hard,Buena,victorias,Regular,victorias,,,player2,False,False,True
0.3717948717948718,4,11.0,0.01,0.04,0.5999999999999999,1,58.0,1687,0.03,132,1555,139.0,0.16,1.34,45.0,1.27,-97.0,0.14,155.0,12.0,139.0,2.3824,172.0,60.0,8.0,Eliakim Coulibaly,Francisco Rocha,M25 Porto (Portugal),2026-06-25,Hard,Buena,victorias,Regular,victorias,,,player2,False,False,True
0.3717948717948718,4,11.0,0.01,0.04,0.5999999999999999,1,58.0,1687,0.03,132,1555,139.0,0.16,1.34,45.0,1.27,-97.0,0.14,155.0,12.0,139.0,2.3824,172.0,60.0,8.0,Eliakim Coulibaly,Francisco Rocha,M25 Porto (Portugal),2026-06-25,Hard,Buena,victorias,Regular,victorias,,,player2,False,False,True
0.4182590233545648,0,12.838094764540818,0.0,0.02,0.0,0,197.0,1655,0.0,155,1500,97.0,0.0,1.41,17.622869786760088,0.0,-273.0,0.12,470.0,11.0,97.0,0.0,132.0,55.0,9.0,Oscar Weightman,Sergi Perez Contri,M25 Bakio (España),2026-06-25,Hard,Regular,victorias,,,,,player1,False,False,True
0.4182590233545648,0,12.838094764540818,0.0,0.02,0.0,0,197.0,1655,0.0,155,1500,97.0,0.0,1.41,17.622869786760088,0.0,-273.0,0.12,470.0,11.0,97.0,0.0,132.0,55.0,9.0,Oscar Weightman,Sergi Perez Contri,M25 Bakio (España),2026-06-25,Hard,Regular,victorias,,,,,player1,False,False,True
0.4182590233545648,0,12.838094764540818,0.0,0.02,0.0,0,197.0,1655,0.0,155,1500,97.0,0.0,1.41,17.622869786760088,0.0,-273.0,0.12,470.0,11.0,97.0,0.0,132.0,55.0,9.0,Oscar Weightman,Sergi Perez Contri,M25 Bakio (España),2026-06-25,Hard,Regular,victorias,,,,,player1,False,False,True
0.4182590233545648,0,12.838094764540818,0.0,0.02,0.0,0,197.0,1655,0.0,155,1500,97.0,0.0,1.41,17.622869786760088,0.0,-273.0,0.12,470.0,11.0,97.0,0.0,132.0,55.0,9.0,Oscar Weightman,Sergi Perez Contri,M25 Bakio (España),2026-06-25,Hard,Regular,victorias,,,,,player1,False,False,True
0.10891089108910891,0,10.0,0.04,0.0,0.0,0,22.0,1500,0.0,-132,1632,132.0,0.12,0.0,50.0,1.19,-179.0,0.0,201.0,7.154959884247165,132.0,0.0,223.0,35.77479942123583,12.845040115752838,Juan Bautista Torres,Joaquin Aguilar Cardozo,Piracicaba (Brasil),2026-06-25,Clay,,,Regular,derrotas,,,player2,True,False,False
0.10891089108910891,0,10.0,0.04,0.0,0.0,0,22.0,1500,0.0,-132,1632,132.0,0.12,0.0,50.0,1.19,-179.0,0.0,201.0,7.154959884247165,132.0,0.0,223.0,35.77479942123583,12.845040115752838,Juan Bautista Torres,Joaquin Aguilar Cardozo,Piracicaba (Brasil),2026-06-25,Clay,,,Regular,derrotas,,,player2,True,False,False
0.10891089108910891,0,10.0,0.04,0.0,0.0,0,22.0,1500,0.0,-132,1632,132.0,0.12,0.0,50.0,1.19,-179.0,0.0,201.0,7.154959884247165,132.0,0.0,223.0,35.77479942123583,12.845040115752838,Juan Bautista Torres,Joaquin Aguilar Cardozo,Piracicaba (Brasil),2026-06-25,Clay,,,Regular,derrotas,,,player2,True,False,False
0.55,0,2.4551558930786785,0.0,0.03,0.0,2,22.0,1600,0.0,100,1500,190.0,0.0,1.29,6.5482015188540545,0.0,-17.0,0.21,39.0,10.0,190.0,0.0,223.0,50.0,10.0,Nicolas Kicker,Nicolas Zanellato,Piracicaba (Brasil),2026-06-25,Clay,Regular,derrotas,,,,,player1,True,False,False
0.55,0,2.4551558930786785,0.0,0.03,0.0,2,22.0,1600,0.0,100,1500,190.0,0.0,1.29,6.5482015188540545,0.0,-17.0,0.21,39.0,10.0,190.0,0.0,223.0,50.0,10.0,Nicolas Kicker,Nicolas Zanellato,Piracicaba (Brasil),2026-06-25,Clay,Regular,derrotas,,,,,player1,True,False,False
0.55,0,2.4551558930786785,0.0,0.03,0.0,2,22.0,1600,0.0,100,1500,190.0,0.0,1.29,6.5482015188540545,0.0,-17.0,0.21,39.0,10.0,190.0,0.0,223.0,50.0,10.0,Nicolas Kicker,Nicolas Zanellato,Piracicaba (Brasil),2026-06-25,Clay,Regular,derrotas,,,,,player1,True,False,False
0.55,0,2.4551558930786785,0.0,0.03,0.0,2,22.0,1600,0.0,100,1500,190.0,0.0,1.29,6.5482015188540545,0.0,-17.0,0.21,39.0,10.0,190.0,0.0,223.0,50.0,10.0,Nicolas Kicker,Nicolas Zanellato,Piracicaba (Brasil),2026-06-25,Clay,Regular,derrotas,,,,,player1,True,False,False
0.2549019607843137,0,6.127244534528834,0.0,0.16,0.0,0,39.0,1697,0.0,197,1500,139.0,0.0,1.59,31.681135061045477,0.0,-113.0,0.0,152.0,14.0,139.0,0.0,190.0,73.7,5.0,Lucas Andrade Da Silva,Thiago Seyboth Wild,Piracicaba (Brasil),2026-06-25,Clay,Buena,victorias,,,,,player2,True,False,False
0.2549019607843137,0,6.127244534528834,0.0,0.16,0.0,0,39.0,1697,0.0,197,1500,139.0,0.0,1.59,31.681135061045477,0.0,-113.0,0.0,152.0,14.0,139.0,0.0,190.0,73.7,5.0,Lucas Andrade Da Silva,Thiago Seyboth Wild,Piracicaba (Brasil),2026-06-25,Clay,Buena,victorias,,,,,player2,True,False,False
0.2549019607843137,0,6.127244534528834,0.0,0.16,0.0,0,39.0,1697,0.0,197,1500,139.0,0.0,1.59,31.681135061045477,0.0,-113.0,0.0,152.0,14.0,139.0,0.0,190.0,73.7,5.0,Lucas Andrade Da Silva,Thiago Seyboth Wild,Piracicaba (Brasil),2026-06-25,Clay,Buena,victorias,,,,,player2,True,False,False
2.767857142857143,0,8.403913960151012,0.0,0.04,0.0,1,155.0,1788,-0.0,288,1500,1094.0,0.0,1.58,57.98043019924496,0.0,100.0,0.27,55.0,9.0,944.0,0.0,139.0,45.0,11.0,Nuno Borges,Ethan Quinn,Mallorca (España),2026-06-25,Grass,Regular,victorias,,,,,player2,False,True,False
2.767857142857143,0,8.403913960151012,0.0,0.04,0.0,1,155.0,1788,-0.0,288,1500,1094.0,0.0,1.58,57.98043019924496,0.0,100.0,0.27,55.0,9.0,944.0,0.0,139.0,45.0,11.0,Nuno Borges,Ethan Quinn,Mallorca (España),2026-06-25,Grass,Regular,victorias,,,,,player2,False,True,False
2.767857142857143,0,8.403913960151012,0.0,0.04,0.0,1,155.0,1788,-0.0,288,1500,1094.0,0.0,1.58,57.98043019924496,0.0,100.0,0.27,55.0,9.0,944.0,0.0,139.0,45.0,11.0,Nuno Borges,Ethan Quinn,Mallorca (España),2026-06-25,Grass,Regular,victorias,,,,,player2,False,True,False
0.5886075949367089,15,6.0,0.05,0.04,17.85,1,93.0,1613,0.5,-106,1719,138.0,0.34,0.97,70.0,1.06,-64.0,0.48,157.0,8.0,138.0,42.0685,154.0,40.0,12.0,Sumit Nagal,Cezar Cretu,Targu Mures (Rumanía),2026-06-25,Clay,Regular,victorias,Buena,victorias,,,player1,True,False,False
0.5886075949367089,15,6.0,0.05,0.04,17.85,1,93.0,1613,0.5,-106,1719,138.0,0.34,0.97,70.0,1.06,-64.0,0.48,157.0,8.0,138.0,42.0685,154.0,40.0,12.0,Sumit Nagal,Cezar Cretu,Targu Mures (Rumanía),2026-06-25,Clay,Regular,victorias,Buena,victorias,,,player1,True,False,False
0.5886075949367089,15,6.0,0.05,0.04,17.85,1,93.0,1613,0.5,-106,1719,138.0,0.34,0.97,70.0,1.06,-64.0,0.48,157.0,8.0,138.0,42.0685,154.0,40.0,12.0,Sumit Nagal,Cezar Cretu,Targu Mures (Rumanía),2026-06-25,Clay,Regular,victorias,Buena,victorias,,,player1,True,False,False
0.4626865671641791,0,10.846311010423983,0.0,0.02,0.0,0,93.0,1671,0.0,171,1500,132.0,0.0,1.53,34.23155505211992,0.0,-107.0,0.24,200.0,13.0,132.0,0.0,154.0,65.0,7.0,Sahaja Yamalapalli,Savannah Broadus,"W35 Rome, GA (Estados Unidos)",2026-06-25,Hard,Buena,victorias,,,,,player1,False,False,True
0.4626865671641791,0,10.846311010423983,0.0,0.02,0.0,0,93.0,1671,0.0,171,1500,132.0,0.0,1.53,34.23155505211992,0.0,-107.0,0.24,200.0,13.0,132.0,0.0,154.0,65.0,7.0,Sahaja Yamalapalli,Savannah Broadus,"W35 Rome, GA (Estados Unidos)",2026-06-25,Hard,Buena,victorias,,,,,player1,False,False,True
0.4626865671641791,0,10.846311010423983,0.0,0.02,0.0,0,93.0,1671,0.0,171,1500,132.0,0.0,1.53,34.23155505211992,0.0,-107.0,0.24,200.0,13.0,132.0,0.0,154.0,65.0,7.0,Sahaja Yamalapalli,Savannah Broadus,"W35 Rome, GA (Estados Unidos)",2026-06-25,Hard,Buena,victorias,,,,,player1,False,False,True
0.9950248756218906,0,11.0,0.0,0.03,0.0,3,200.0,1765,0.0,265,1500,132.0,0.0,1.59,45.0,0.0,0.0,0.26,200.0,15.0,132.0,0.0,132.0,75.0,5.0,Madison Brengle,Amelia Honer,"W35 Rome, GA (Estados Unidos)",2026-06-25,Hard,Excelente,derrotas,,,,,player2,False,False,True
0.9950248756218906,0,11.0,0.0,0.03,0.0,3,200.0,1765,0.0,265,1500,132.0,0.0,1.59,45.0,0.0,0.0,0.26,200.0,15.0,132.0,0.0,132.0,75.0,5.0,Madison Brengle,Amelia Honer,"W35 Rome, GA (Estados Unidos)",2026-06-25,Hard,Excelente,derrotas,,,,,player2,False,False,True
0.9950248756218906,0,11.0,0.0,0.03,0.0,3,200.0,1765,0.0,265,1500,132.0,0.0,1.59,45.0,0.0,0.0,0.26,200.0,15.0,132.0,0.0,132.0,75.0,5.0,Madison Brengle,Amelia Honer,"W35 Rome, GA (Estados Unidos)",2026-06-25,Hard,Excelente,derrotas,,,,,player2,False,False,True
0.4975124378109453,0,11.999999999999998,0.0,0.02,0.0,1,100.0,1637,0.0,137,1500,132.0,0.0,1.4,40.0,0.0,-100.0,0.22,200.0,12.0,132.0,0.0,152.0,60.0,8.0,Ena Koike,Ayana Akli,"W35 Rome, GA (Estados Unidos)",2026-06-25,Hard,Buena,victorias,,,,,player2,False,False,True
0.4975124378109453,0,11.999999999999998,0.0,0.02,0.0,1,100.0,1637,0.0,137,1500,132.0,0.0,1.4,40.0,0.0,-100.0,0.22,200.0,12.0,132.0,0.0,152.0,60.0,8.0,Ena Koike,Ayana Akli,"W35 Rome, GA (Estados Unidos)",2026-06-25,Hard,Buena,victorias,,,,,player2,False,False,True
0.4975124378109453,0,11.999999999999998,0.0,0.02,0.0,1,100.0,1637,0.0,137,1500,132.0,0.0,1.4,40.0,0.0,-100.0,0.22,200.0,12.0,132.0,0.0,152.0,60.0,8.0,Ena Koike,Ayana Akli,"W35 Rome, GA (Estados Unidos)",2026-06-25,Hard,Buena,victorias,,,,,player2,False,False,True
0.23383084577114427,0,10.187275522878267,0.0,0.03,0.0,0,47.0,1635,0.0,135,1500,132.0,0.0,1.39,31.671318575203596,0.0,-153.0,0.22,200.0,13.0,132.0,0.0,181.0,65.0,7.0,Ariana Arseneault,Jo-Yee Chan,"W35 Rome, GA (Estados Unidos)",2026-06-25,Hard,Buena,derrotas,,,,,player2,False,False,True
0.23383084577114427,0,10.187275522878267,0.0,0.03,0.0,0,47.0,1635,0.0,135,1500,132.0,0.0,1.39,31.671318575203596,0.0,-153.0,0.22,200.0,13.0,132.0,0.0,181.0,65.0,7.0,Ariana Arseneault,Jo-Yee Chan,"W35 Rome, GA (Estados Unidos)",2026-06-25,Hard,Buena,derrotas,,,,,player2,False,False,True
0.23383084577114427,0,10.187275522878267,0.0,0.03,0.0,0,47.0,1635,0.0,135,1500,132.0,0.0,1.39,31.671318575203596,0.0,-153.0,0.22,200.0,13.0,132.0,0.0,181.0,65.0,7.0,Ariana Arseneault,Jo-Yee Chan,"W35 Rome, GA (Estados Unidos)",2026-06-25,Hard,Buena,derrotas,,,,,player2,False,False,True
0.16161616161616163,0,4.420036881886028,0.0,0.05,0.0,0,32.0,1795,-0.0,295,1500,132.0,0.0,1.61,31.325826655135668,0.0,-165.0,0.27,197.0,10.0,132.0,0.0,200.0,50.0,10.0,Zizou Bergs,Toby Samuel,Eastbourne (Reino Unido),2026-06-25,Grass,Regular,victorias,,,,,player1,False,True,False
0.16161616161616163,0,4.420036881886028,0.0,0.05,0.0,0,32.0,1795,-0.0,295,1500,132.0,0.0,1.61,31.325826655135668,0.0,-165.0,0.27,197.0,10.0,132.0,0.0,200.0,50.0,10.0,Zizou Bergs,Toby Samuel,Eastbourne (Reino Unido),2026-06-25,Grass,Regular,victorias,,,,,player1,False,True,False
0.16161616161616163,0,4.420036881886028,0.0,0.05,0.0,0,32.0,1795,-0.0,295,1500,132.0,0.0,1.61,31.325826655135668,0.0,-165.0,0.27,197.0,10.0,132.0,0.0,200.0,50.0,10.0,Zizou Bergs,Toby Samuel,Eastbourne (Reino Unido),2026-06-25,Grass,Regular,victorias,,,,,player1,False,True,False
2.5256410256410255,0,13.678398698469655,0.0,0.12,0.0,0,197.0,1948,-0.0,448,1500,161.0,0.0,1.62,31.608006507651726,0.0,120.0,0.27,77.0,12.0,161.0,0.0,132.0,60.0,8.0,Jack Draper,Ugo Humbert,Eastbourne (Reino Unido),2026-06-25,Grass,Buena,victorias,,,,,player2,False,True,False
2.5256410256410255,0,13.678398698469655,0.0,0.12,0.0,0,197.0,1948,-0.0,448,1500,161.0,0.0,1.62,31.608006507651726,0.0,120.0,0.27,77.0,12.0,161.0,0.0,132.0,60.0,8.0,Jack Draper,Ugo Humbert,Eastbourne (Reino Unido),2026-06-25,Grass,Buena,victorias,,,,,player2,False,True,False
2.5256410256410255,0,13.678398698469655,0.0,0.12,0.0,0,197.0,1948,-0.0,448,1500,161.0,0.0,1.62,31.608006507651726,0.0,120.0,0.27,77.0,12.0,161.0,0.0,132.0,60.0,8.0,Jack Draper,Ugo Humbert,Eastbourne (Reino Unido),2026-06-25,Grass,Buena,victorias,,,,,player2,False,True,False
0.5952380952380952,0,9.0,0.0,0.12,0.0,2,25.0,1773,0.0,273,1500,187.0,0.0,1.19,24.999999999999996,0.0,-16.0,0.2,41.0,14.0,187.0,0.0,215.0,70.0,6.0,Sandro Kopp,Petr Nesterov,Plovdiv (Bulgaria),2026-06-25,Clay,Buena,victorias,,,,,player1,True,False,False
0.5952380952380952,0,9.0,0.0,0.12,0.0,2,25.0,1773,0.0,273,1500,187.0,0.0,1.19,24.999999999999996,0.0,-16.0,0.2,41.0,14.0,187.0,0.0,215.0,70.0,6.0,Sandro Kopp,Petr Nesterov,Plovdiv (Bulgaria),2026-06-25,Clay,Buena,victorias,,,,,player1,True,False,False
0.5952380952380952,0,9.0,0.0,0.12,0.0,2,25.0,1773,0.0,273,1500,187.0,0.0,1.19,24.999999999999996,0.0,-16.0,0.2,41.0,14.0,187.0,0.0,215.0,70.0,6.0,Sandro Kopp,Petr Nesterov,Plovdiv (Bulgaria),2026-06-25,Clay,Buena,victorias,,,,,player1,True,False,False
0.6666666666666666,0,11.63235995675322,0.0,0.03,0.0,2,52.0,1645,0.0,145,1500,161.0,0.0,1.33,41.83820021623389,0.0,-25.0,0.25,77.0,9.0,161.0,0.0,176.0,45.0,11.0,Fangran Tian,Amandine Hesse,W50 Palma del Rio (España),2026-06-25,Hard,Regular,victorias,,,,,player1,False,False,True
0.6666666666666666,0,11.63235995675322,0.0,0.03,0.0,2,52.0,1645,0.0,145,1500,161.0,0.0,1.33,41.83820021623389,0.0,-25.0,0.25,77.0,9.0,161.0,0.0,176.0,45.0,11.0,Fangran Tian,Amandine Hesse,W50 Palma del Rio (España),2026-06-25,Hard,Regular,victorias,,,,,player2,False,False,True
0.6666666666666666,0,11.63235995675322,0.0,0.03,0.0,2,52.0,1645,0.0,145,1500,161.0,0.0,1.33,41.83820021623389,0.0,-25.0,0.25,77.0,9.0,161.0,0.0,176.0,45.0,11.0,Fangran Tian,Amandine Hesse,W50 Palma del Rio (España),2026-06-25,Hard,Regular,victorias,,,,,player2,False,False,True
0.6666666666666666,0,11.63235995675322,0.0,0.03,0.0,2,52.0,1645,0.0,145,1500,161.0,0.0,1.33,41.83820021623389,0.0,-25.0,0.25,77.0,9.0,161.0,0.0,176.0,45.0,11.0,Fangran Tian,Amandine Hesse,W50 Palma del Rio (España),2026-06-25,Hard,Regular,victorias,,,,,player2,False,False,True
0.11940298507462686,0,12.000000000000002,0.0,0.03,0.0,0,24.0,1570,0.0,70,1500,132.0,0.0,1.33,40.0,0.0,-176.0,0.24,200.0,9.0,132.0,0.0,217.0,45.0,11.0,Elena Micic,Carolyn Ansari,W50 Palma del Rio (España),2026-06-25,Hard,Regular,victorias,,,,,player1,False,False,True
0.11940298507462686,0,12.000000000000002,0.0,0.03,0.0,0,24.0,1570,0.0,70,1500,132.0,0.0,1.33,40.0,0.0,-176.0,0.24,200.0,9.0,132.0,0.0,217.0,45.0,11.0,Elena Micic,Carolyn Ansari,W50 Palma del Rio (España),2026-06-25,Hard,Regular,victorias,,,,,player1,False,False,True
0.11940298507462686,0,12.000000000000002,0.0,0.03,0.0,0,24.0,1570,0.0,70,1500,132.0,0.0,1.33,40.0,0.0,-176.0,0.24,200.0,9.0,132.0,0.0,217.0,45.0,11.0,Elena Micic,Carolyn Ansari,W50 Palma del Rio (España),2026-06-25,Hard,Regular,victorias,,,,,player1,False,False,True
0.11940298507462686,0,12.000000000000002,0.0,0.03,0.0,0,24.0,1570,0.0,70,1500,132.0,0.0,1.33,40.0,0.0,-176.0,0.24,200.0,9.0,132.0,0.0,217.0,45.0,11.0,Elena Micic,Carolyn Ansari,W50 Palma del Rio (España),2026-06-25,Hard,Regular,victorias,,,,,player1,False,False,True
21.22222222222222,0,9.799212081862892,0.0,0.03,0.0,0,191.0,1710,0.0,210,1500,319.0,0.0,1.47,25.391323243571268,0.0,183.0,0.27,8.0,12.0,319.0,0.0,133.0,60.0,8.0,Ayla Aksu,Anna Kubareva,W50 Palma del Rio (España),2026-06-25,Hard,Buena,derrotas,,,,,player1,False,False,True
21.22222222222222,0,9.799212081862892,0.0,0.03,0.0,0,191.0,1710,0.0,210,1500,319.0,0.0,1.47,25.391323243571268,0.0,183.0,0.27,8.0,12.0,319.0,0.0,133.0,60.0,8.0,Ayla Aksu,Anna Kubareva,W50 Palma del Rio (España),2026-06-25,Hard,Buena,derrotas,,,,,player1,False,False,True
21.22222222222222,0,9.799212081862892,0.0,0.03,0.0,0,191.0,1710,0.0,210,1500,319.0,0.0,1.47,25.391323243571268,0.0,183.0,0.27,8.0,12.0,319.0,0.0,133.0,60.0,8.0,Ayla Aksu,Anna Kubareva,W50 Palma del Rio (España),2026-06-25,Hard,Buena,derrotas,,,,,player1,False,False,True
2.6226415094339623,0,12.000000000000004,0.0,0.03,0.0,1,139.0,1739,0.0,239,1500,176.0,0.0,1.55,38.29404406979193,0.0,87.0,0.24,52.0,14.0,176.0,0.0,142.0,70.0,6.0,Eva Vedder,Han Shi,W50 Palma del Rio (España),2026-06-25,Hard,Buena,victorias,,,,,player1,False,False,True
2.6226415094339623,0,12.000000000000004,0.0,0.03,0.0,1,139.0,1739,0.0,239,1500,176.0,0.0,1.55,38.29404406979193,0.0,87.0,0.24,52.0,14.0,176.0,0.0,142.0,70.0,6.0,Eva Vedder,Han Shi,W50 Palma del Rio (España),2026-06-25,Hard,Buena,victorias,,,,,player1,False,False,True
2.6226415094339623,0,12.000000000000004,0.0,0.03,0.0,1,139.0,1739,0.0,239,1500,176.0,0.0,1.55,38.29404406979193,0.0,87.0,0.24,52.0,14.0,176.0,0.0,142.0,70.0,6.0,Eva Vedder,Han Shi,W50 Palma del Rio (España),2026-06-25,Hard,Buena,victorias,,,,,player1,False,False,True
2.6226415094339623,0,12.000000000000004,0.0,0.03,0.0,1,139.0,1739,0.0,239,1500,176.0,0.0,1.55,38.29404406979193,0.0,87.0,0.24,52.0,14.0,176.0,0.0,142.0,70.0,6.0,Eva Vedder,Han Shi,W50 Palma del Rio (España),2026-06-25,Hard,Buena,victorias,,,,,player1,False,False,True
0.9950248756218906,0,7.893502452327646,0.0,0.01,0.0,3,200.0,1507,0.0,7,1500,132.0,0.0,1.17,20.10604881928897,0.0,0.0,0.15,200.0,6.0,132.0,0.0,132.0,30.0,14.0,Midori Castillo Meza,Amy Zhu,"W15 Claremont, CA (Estados Unidos)",2026-06-25,Hard,Mala,derrotas,,,,,player1,False,False,True
0.9950248756218906,0,7.893502452327646,0.0,0.01,0.0,3,200.0,1507,0.0,7,1500,132.0,0.0,1.17,20.10604881928897,0.0,0.0,0.15,200.0,6.0,132.0,0.0,132.0,30.0,14.0,Midori Castillo Meza,Amy Zhu,"W15 Claremont, CA (Estados Unidos)",2026-06-25,Hard,Mala,derrotas,,,,,player1,False,False,True
0.9950248756218906,0,7.893502452327646,0.0,0.01,0.0,3,200.0,1507,0.0,7,1500,132.0,0.0,1.17,20.10604881928897,0.0,0.0,0.15,200.0,6.0,132.0,0.0,132.0,30.0,14.0,Midori Castillo Meza,Amy Zhu,"W15 Claremont, CA (Estados Unidos)",2026-06-25,Hard,Mala,derrotas,,,,,player1,False,False,True
0.9950248756218906,0,7.893502452327646,0.0,0.01,0.0,3,200.0,1507,0.0,7,1500,132.0,0.0,1.17,20.10604881928897,0.0,0.0,0.15,200.0,6.0,132.0,0.0,132.0,30.0,14.0,Midori Castillo Meza,Amy Zhu,"W15 Claremont, CA (Estados Unidos)",2026-06-25,Hard,Mala,derrotas,,,,,player1,False,False,True
0.9950248756218906,0,9.552888314058594,0.0,0.03,0.0,3,200.0,1705,0.0,205,1500,132.0,0.0,1.6,36.028751938630855,0.0,0.0,0.2,200.0,14.0,132.0,0.0,132.0,70.0,6.0,Anne-Christine Lutkemeyer,Alexis Nguyen,"W15 Claremont, CA (Estados Unidos)",2026-06-25,Hard,Buena,victorias,,,,,player1,False,False,True
0.9950248756218906,0,9.552888314058594,0.0,0.03,0.0,3,200.0,1705,0.0,205,1500,132.0,0.0,1.6,36.028751938630855,0.0,0.0,0.2,200.0,14.0,132.0,0.0,132.0,70.0,6.0,Anne-Christine Lutkemeyer,Alexis Nguyen,"W15 Claremont, CA (Estados Unidos)",2026-06-25,Hard,Buena,victorias,,,,,player2,False,False,True
0.9950248756218906,0,9.552888314058594,0.0,0.03,0.0,3,200.0,1705,0.0,205,1500,132.0,0.0,1.6,36.028751938630855,0.0,0.0,0.2,200.0,14.0,132.0,0.0,132.0,70.0,6.0,Anne-Christine Lutkemeyer,Alexis Nguyen,"W15 Claremont, CA (Estados Unidos)",2026-06-25,Hard,Buena,victorias,,,,,player2,False,False,True
0.9950248756218906,0,9.552888314058594,0.0,0.03,0.0,3,200.0,1705,0.0,205,1500,132.0,0.0,1.6,36.028751938630855,0.0,0.0,0.2,200.0,14.0,132.0,0.0,132.0,70.0,6.0,Anne-Christine Lutkemeyer,Alexis Nguyen,"W15 Claremont, CA (Estados Unidos)",2026-06-25,Hard,Buena,victorias,,,,,player2,False,False,True
0.9936708860759493,4,7.0,0.02,0.01,14.5,3,157.0,1545,0.44,-85,1630,138.0,0.19,1.31,65.0,1.37,0.0,0.18,157.0,10.0,138.0,0.0017,138.0,50.0,10.0,Irina Fetecau,Giulia Safina Popa,W15 Galati (Rumanía),2026-06-26,Clay,Regular,victorias,Buena,victorias,,,player2,True,False,False
0.9936708860759493,4,7.0,0.02,0.01,14.5,3,157.0,1545,0.44,-85,1630,138.0,0.19,1.31,65.0,1.37,0.0,0.18,157.0,10.0,138.0,0.0017,138.0,50.0,10.0,Irina Fetecau,Giulia Safina Popa,W15 Galati (Rumanía),2026-06-26,Clay,Regular,victorias,Buena,victorias,,,player2,True,False,False
0.9936708860759493,4,7.0,0.02,0.01,14.5,3,157.0,1545,0.44,-85,1630,138.0,0.19,1.31,65.0,1.37,0.0,0.18,157.0,10.0,138.0,0.0017,138.0,50.0,10.0,Irina Fetecau,Giulia Safina Popa,W15 Galati (Rumanía),2026-06-26,Clay,Regular,victorias,Buena,victorias,,,player2,True,False,False
0.620253164556962,3,12.0,0.01,0.0,0.9499999999999997,1,98.0,1534,0.09,5,1529,138.0,0.0,1.27,40.0,1.27,-59.0,0.0,157.0,8.0,138.0,0.0,152.0,40.0,12.0,Lavinia Luciano,Anastasia Safta,W15 Galati (Rumanía),2026-06-26,Clay,Regular,victorias,Regular,victorias,,,player2,True,False,False
0.620253164556962,3,12.0,0.01,0.0,0.9499999999999997,1,98.0,1534,0.09,5,1529,138.0,0.0,1.27,40.0,1.27,-59.0,0.0,157.0,8.0,138.0,0.0,152.0,40.0,12.0,Lavinia Luciano,Anastasia Safta,W15 Galati (Rumanía),2026-06-26,Clay,Regular,victorias,Regular,victorias,,,player2,True,False,False
0.620253164556962,3,12.0,0.01,0.0,0.9499999999999997,1,98.0,1534,0.09,5,1529,138.0,0.0,1.27,40.0,1.27,-59.0,0.0,157.0,8.0,138.0,0.0,152.0,40.0,12.0,Lavinia Luciano,Anastasia Safta,W15 Galati (Rumanía),2026-06-26,Clay,Regular,victorias,Regular,victorias,,,player2,True,False,False
0.7929292929292929,1,9.0,0.02,0.01,3.25,2,157.0,1601,0.19,5,1596,132.0,0.09,1.5,55.0,1.27,-40.0,0.13,197.0,12.0,132.0,0.0,138.0,60.0,8.0,Sara Victoria Balan,Allegra Korpanec Davies,W15 Galati (Rumanía),2026-06-26,Clay,Buena,victorias,Regular,victorias,,,player1,True,False,False
0.7929292929292929,1,9.0,0.02,0.01,3.25,2,157.0,1601,0.19,5,1596,132.0,0.09,1.5,55.0,1.27,-40.0,0.13,197.0,12.0,132.0,0.0,138.0,60.0,8.0,Sara Victoria Balan,Allegra Korpanec Davies,W15 Galati (Rumanía),2026-06-26,Clay,Buena,victorias,Regular,victorias,,,player1,True,False,False
0.7929292929292929,1,9.0,0.02,0.01,3.25,2,157.0,1601,0.19,5,1596,132.0,0.09,1.5,55.0,1.27,-40.0,0.13,197.0,12.0,132.0,0.0,138.0,60.0,8.0,Sara Victoria Balan,Allegra Korpanec Davies,W15 Galati (Rumanía),2026-06-26,Clay,Buena,victorias,Regular,victorias,,,player1,True,False,False
1.2857142857142858,4,11.0,0.02,0.01,0.0,2,81.0,1595,0.0,13,1582,169.0,0.09,1.34,45.0,1.27,19.0,0.14,62.0,12.0,169.0,2.6428,159.0,60.0,8.0,Benito Sanchez Martinez,Jakub Filip,M15 Kamen (Alemania),2026-06-26,Clay,Buena,victorias,Regular,victorias,,,player1,True,False,False
1.2857142857142858,4,11.0,0.02,0.01,0.0,2,81.0,1595,0.0,13,1582,169.0,0.09,1.34,45.0,1.27,19.0,0.14,62.0,12.0,169.0,2.6428,159.0,60.0,8.0,Benito Sanchez Martinez,Jakub Filip,M15 Kamen (Alemania),2026-06-26,Clay,Buena,victorias,Regular,victorias,,,player1,True,False,False
1.2857142857142858,4,11.0,0.02,0.01,0.0,2,81.0,1595,0.0,13,1582,169.0,0.09,1.34,45.0,1.27,19.0,0.14,62.0,12.0,169.0,2.6428,159.0,60.0,8.0,Benito Sanchez Martinez,Jakub Filip,M15 Kamen (Alemania),2026-06-26,Clay,Buena,victorias,Regular,victorias,,,player1,True,False,False
2.3780487804878048,3,10.0,0.03,0.06,0.0,0,195.0,1691,0.0,99,1592,159.0,0.0,1.19,50.0,0.92,114.0,0.16,81.0,13.0,159.0,0.9499999999999997,133.0,65.0,7.0,Oleksii Krutykh,Michel Hopp,M15 Kamen (Alemania),2026-06-26,Clay,Buena,victorias,Regular,victorias,,,player1,True,False,False
2.3780487804878048,3,10.0,0.03,0.06,0.0,0,195.0,1691,0.0,99,1592,159.0,0.0,1.19,50.0,0.92,114.0,0.16,81.0,13.0,159.0,0.9499999999999997,133.0,65.0,7.0,Oleksii Krutykh,Michel Hopp,M15 Kamen (Alemania),2026-06-26,Clay,Buena,victorias,Regular,victorias,,,player1,True,False,False
2.3780487804878048,3,10.0,0.03,0.06,0.0,0,195.0,1691,0.0,99,1592,159.0,0.0,1.19,50.0,0.92,114.0,0.16,81.0,13.0,159.0,0.9499999999999997,133.0,65.0,7.0,Oleksii Krutykh,Michel Hopp,M15 Kamen (Alemania),2026-06-26,Clay,Buena,victorias,Regular,victorias,,,player1,True,False,False
0.40298507462686567,1,9.0,0.02,0.01,6.175,0,81.0,1506,0.26,-99,1605,132.0,0.09,1.26,55.0,1.37,-119.0,0.16,200.0,7.0,132.0,0.0,159.0,35.0,13.0,Victoria Pohle,Kailey Evans,W15 Kamen (Alemania),2026-06-26,Clay,Mala,victorias,Regular,victorias,,,player1,True,False,False
0.40298507462686567,1,9.0,0.02,0.01,6.175,0,81.0,1506,0.26,-99,1605,132.0,0.09,1.26,55.0,1.37,-119.0,0.16,200.0,7.0,132.0,0.0,159.0,35.0,13.0,Victoria Pohle,Kailey Evans,W15 Kamen (Alemania),2026-06-26,Clay,Mala,victorias,Regular,victorias,,,player1,True,False,False
0.40298507462686567,1,9.0,0.02,0.01,6.175,0,81.0,1506,0.26,-99,1605,132.0,0.09,1.26,55.0,1.37,-119.0,0.16,200.0,7.0,132.0,0.0,159.0,35.0,13.0,Victoria Pohle,Kailey Evans,W15 Kamen (Alemania),2026-06-26,Clay,Mala,victorias,Regular,victorias,,,player1,True,False,False
2.3780487804878048,4,5.0,0.04,0.01,14.175,0,195.0,1619,0.4,-129,1748,159.0,0.09,1.34,75.0,1.41,114.0,0.09,81.0,11.0,159.0,0.0,133.0,55.0,9.0,Anastasiia Firman,Eva Marie Voracek,W15 Kamen (Alemania),2026-06-26,Clay,Regular,victorias,Excelente,victorias,,,player2,True,False,False
2.3780487804878048,4,5.0,0.04,0.01,14.175,0,195.0,1619,0.4,-129,1748,159.0,0.09,1.34,75.0,1.41,114.0,0.09,81.0,11.0,159.0,0.0,133.0,55.0,9.0,Anastasiia Firman,Eva Marie Voracek,W15 Kamen (Alemania),2026-06-26,Clay,Regular,victorias,Excelente,victorias,,,player2,True,False,False
2.3780487804878048,4,5.0,0.04,0.01,14.175,0,195.0,1619,0.4,-129,1748,159.0,0.09,1.34,75.0,1.41,114.0,0.09,81.0,11.0,159.0,0.0,133.0,55.0,9.0,Anastasiia Firman,Eva Marie Voracek,W15 Kamen (Alemania),2026-06-26,Clay,Regular,victorias,Excelente,victorias,,,player2,True,False,False
1.7073170731707317,5,7.0,0.01,0.02,6.0,1,140.0,1698,0.27,34,1664,159.0,0.15,1.39,65.0,1.36,59.0,0.18,81.0,15.0,159.0,7.7444,141.0,75.0,5.0,Valentina Ivanov,Mara Guth,W15 Kamen (Alemania),2026-06-26,Clay,Excelente,victorias,Buena,victorias,,,player1,True,False,False
1.7073170731707317,5,7.0,0.01,0.02,6.0,1,140.0,1698,0.27,34,1664,159.0,0.15,1.39,65.0,1.36,59.0,0.18,81.0,15.0,159.0,7.7444,141.0,75.0,5.0,Valentina Ivanov,Mara Guth,W15 Kamen (Alemania),2026-06-26,Clay,Excelente,victorias,Buena,victorias,,,player1,True,False,False
1.7073170731707317,5,7.0,0.01,0.02,6.0,1,140.0,1698,0.27,34,1664,159.0,0.15,1.39,65.0,1.36,59.0,0.18,81.0,15.0,159.0,7.7444,141.0,75.0,5.0,Valentina Ivanov,Mara Guth,W15 Kamen (Alemania),2026-06-26,Clay,Excelente,victorias,Buena,victorias,,,player1,True,False,False
0.9878048780487805,5,10.0,0.02,0.04,6.0,3,81.0,1687,0.27,107,1580,159.0,0.0,1.34,50.0,1.29,0.0,0.15,81.0,12.0,159.0,4.7753,159.0,60.0,8.0,Marvin Moeller,Tom Zeuch,M25 Brussels (Bélgica),2026-06-26,Clay,Buena,victorias,Regular,victorias,,,player1,True,False,False
0.9878048780487805,5,10.0,0.02,0.04,6.0,3,81.0,1687,0.27,107,1580,159.0,0.0,1.34,50.0,1.29,0.0,0.15,81.0,12.0,159.0,4.7753,159.0,60.0,8.0,Marvin Moeller,Tom Zeuch,M25 Brussels (Bélgica),2026-06-26,Clay,Buena,victorias,Regular,victorias,,,player1,True,False,False
0.9878048780487805,5,10.0,0.02,0.04,6.0,3,81.0,1687,0.27,107,1580,159.0,0.0,1.34,50.0,1.29,0.0,0.15,81.0,12.0,159.0,4.7753,159.0,60.0,8.0,Marvin Moeller,Tom Zeuch,M25 Brussels (Bélgica),2026-06-26,Clay,Buena,victorias,Regular,victorias,,,player1,True,False,False
0.8181818181818182,0,13.395434790092715,0.0,0.03,0.0,2,81.0,1676,0.0,176,1500,152.0,0.0,1.39,33.02282604953643,0.0,-17.0,0.22,98.0,11.0,152.0,0.0,159.0,55.0,9.0,Max Hans Rehberg,Samuele Pieri,M25 Brussels (Bélgica),2026-06-26,Clay,Regular,victorias,,,,,player1,True,False,False
0.8181818181818182,0,13.395434790092715,0.0,0.03,0.0,2,81.0,1676,0.0,176,1500,152.0,0.0,1.39,33.02282604953643,0.0,-17.0,0.22,98.0,11.0,152.0,0.0,159.0,55.0,9.0,Max Hans Rehberg,Samuele Pieri,M25 Brussels (Bélgica),2026-06-26,Clay,Regular,victorias,,,,,player1,True,False,False
0.8181818181818182,0,13.395434790092715,0.0,0.03,0.0,2,81.0,1676,0.0,176,1500,152.0,0.0,1.39,33.02282604953643,0.0,-17.0,0.22,98.0,11.0,152.0,0.0,159.0,55.0,9.0,Max Hans Rehberg,Samuele Pieri,M25 Brussels (Bélgica),2026-06-26,Clay,Regular,victorias,,,,,player1,True,False,False
0.8181818181818182,0,13.395434790092715,0.0,0.03,0.0,2,81.0,1676,0.0,176,1500,152.0,0.0,1.39,33.02282604953643,0.0,-17.0,0.22,98.0,11.0,152.0,0.0,159.0,55.0,9.0,Max Hans Rehberg,Samuele Pieri,M25 Brussels (Bélgica),2026-06-26,Clay,Regular,victorias,,,,,player1,True,False,False
2.5641025641025643,1,10.0,0.01,0.02,1.2999999999999998,0,200.0,1629,0.11,13,1616,161.0,0.18,1.35,50.0,1.35,123.0,0.0,77.0,10.0,161.0,0.0,132.0,50.0,10.0,Mia Horvit,Nina Radovanovic,W15 Kursumlijska Banja 6 (Serbia),2026-06-26,Clay,Regular,victorias,Regular,victorias,,,player2,True,False,False
2.5641025641025643,1,10.0,0.01,0.02,1.2999999999999998,0,200.0,1629,0.11,13,1616,161.0,0.18,1.35,50.0,1.35,123.0,0.0,77.0,10.0,161.0,0.0,132.0,50.0,10.0,Mia Horvit,Nina Radovanovic,W15 Kursumlijska Banja 6 (Serbia),2026-06-26,Clay,Regular,victorias,Regular,victorias,,,player2,True,False,False
2.5641025641025643,1,10.0,0.01,0.02,1.2999999999999998,0,200.0,1629,0.11,13,1616,161.0,0.18,1.35,50.0,1.35,123.0,0.0,77.0,10.0,161.0,0.0,132.0,50.0,10.0,Mia Horvit,Nina Radovanovic,W15 Kursumlijska Banja 6 (Serbia),2026-06-26,Clay,Regular,victorias,Regular,victorias,,,player2,True,False,False
18.555555555555557,9,6.0,0.08,0.07,11.0,0,167.0,1688,0.43,-33,1721,319.0,0.21,0.88,70.0,1.08,159.0,0.22,8.0,13.0,319.0,6.5197,137.0,65.0,7.0,Natalija Senic,Ksenia Zaytseva,W15 Kursumlijska Banja 6 (Serbia),2026-06-26,Clay,Buena,victorias,Buena,victorias,,,player2,True,False,False
18.555555555555557,9,6.0,0.08,0.07,11.0,0,167.0,1688,0.43,-33,1721,319.0,0.21,0.88,70.0,1.08,159.0,0.22,8.0,13.0,319.0,6.5197,137.0,65.0,7.0,Natalija Senic,Ksenia Zaytseva,W15 Kursumlijska Banja 6 (Serbia),2026-06-26,Clay,Buena,victorias,Buena,victorias,,,player2,True,False,False
18.555555555555557,9,6.0,0.08,0.07,11.0,0,167.0,1688,0.43,-33,1721,319.0,0.21,0.88,70.0,1.08,159.0,0.22,8.0,13.0,319.0,6.5197,137.0,65.0,7.0,Natalija Senic,Ksenia Zaytseva,W15 Kursumlijska Banja 6 (Serbia),2026-06-26,Clay,Buena,victorias,Buena,victorias,,,player2,True,False,False
0.30952380952380953,2,11.0,0.01,0.02,6.5,0,52.0,1633,0.26,102,1531,137.0,0.12,1.37,45.0,1.3,-115.0,0.12,167.0,12.0,137.0,6.5314,176.0,60.0,8.0,Tian Jialin,Dusica Popovski,W15 Kursumlijska Banja 6 (Serbia),2026-06-26,Clay,Buena,victorias,Regular,victorias,,,player2,True,False,False
0.30952380952380953,2,11.0,0.01,0.02,6.5,0,52.0,1633,0.26,102,1531,137.0,0.12,1.37,45.0,1.3,-115.0,0.12,167.0,12.0,137.0,6.5314,176.0,60.0,8.0,Tian Jialin,Dusica Popovski,W15 Kursumlijska Banja 6 (Serbia),2026-06-26,Clay,Buena,victorias,Regular,victorias,,,player2,True,False,False
0.30952380952380953,2,11.0,0.01,0.02,6.5,0,52.0,1633,0.26,102,1531,137.0,0.12,1.37,45.0,1.3,-115.0,0.12,167.0,12.0,137.0,6.5314,176.0,60.0,8.0,Tian Jialin,Dusica Popovski,W15 Kursumlijska Banja 6 (Serbia),2026-06-26,Clay,Buena,victorias,Regular,victorias,,,player2,True,False,False
0.9696969696969697,3,5.0,0.05,0.06,3.0,3,32.0,1594,0.18,-137,1731,200.0,0.2,0.87,75.0,1.14,0.0,0.2,32.0,8.0,200.0,4.7719,200.0,40.0,12.0,Amelie Van Impe,Margaux Maquet,W15 Alkmaar (Países Bajos),2026-06-26,Clay,Regular,victorias,Excelente,victorias,,,player2,True,False,False
0.9696969696969697,3,5.0,0.05,0.06,3.0,3,32.0,1594,0.18,-137,1731,200.0,0.2,0.87,75.0,1.14,0.0,0.2,32.0,8.0,200.0,4.7719,200.0,40.0,12.0,Amelie Van Impe,Margaux Maquet,W15 Alkmaar (Países Bajos),2026-06-26,Clay,Regular,victorias,Excelente,victorias,,,player2,True,False,False
0.9696969696969697,3,5.0,0.05,0.06,3.0,3,32.0,1594,0.18,-137,1731,200.0,0.2,0.87,75.0,1.14,0.0,0.2,32.0,8.0,200.0,4.7719,200.0,40.0,12.0,Amelie Van Impe,Margaux Maquet,W15 Alkmaar (Países Bajos),2026-06-26,Clay,Regular,victorias,Excelente,victorias,,,player2,True,False,False
1.7820512820512822,2,6.0,0.01,0.01,0.0,1,139.0,1471,0.0,-231,1702,161.0,0.38,0.85,70.0,1.18,62.0,0.58,77.0,5.0,161.0,0.0,142.0,25.0,15.0,Lian Tran,Dune Vaissaud,W15 Alkmaar (Países Bajos),2026-06-26,Clay,Mala,victorias,Buena,victorias,,,player1,True,False,False
1.7820512820512822,2,6.0,0.01,0.01,0.0,1,139.0,1471,0.0,-231,1702,161.0,0.38,0.85,70.0,1.18,62.0,0.58,77.0,5.0,161.0,0.0,142.0,25.0,15.0,Lian Tran,Dune Vaissaud,W15 Alkmaar (Países Bajos),2026-06-26,Clay,Mala,victorias,Buena,victorias,,,player1,True,False,False
1.7820512820512822,2,6.0,0.01,0.01,0.0,1,139.0,1471,0.0,-231,1702,161.0,0.38,0.85,70.0,1.18,62.0,0.58,77.0,5.0,161.0,0.0,142.0,25.0,15.0,Lian Tran,Dune Vaissaud,W15 Alkmaar (Países Bajos),2026-06-26,Clay,Mala,victorias,Buena,victorias,,,player1,True,False,False
0.55,1,10.0,0.01,0.01,0.0,1,77.0,1521,0.0,-44,1565,142.0,0.18,1.42,50.0,1.25,-62.0,0.12,139.0,4.0,142.0,0.0,161.0,44.4,5.0,Charlotte Narti,Merel Hoedt,W15 Alkmaar (Países Bajos),2026-06-26,Clay,Regular,victorias,Regular,victorias,,,player1,True,False,False
0.55,1,10.0,0.01,0.01,0.0,1,77.0,1521,0.0,-44,1565,142.0,0.18,1.42,50.0,1.25,-62.0,0.12,139.0,4.0,142.0,0.0,161.0,44.4,5.0,Charlotte Narti,Merel Hoedt,W15 Alkmaar (Países Bajos),2026-06-26,Clay,Regular,victorias,Regular,victorias,,,player1,True,False,False
0.55,1,10.0,0.01,0.01,0.0,1,77.0,1521,0.0,-44,1565,142.0,0.18,1.42,50.0,1.25,-62.0,0.12,139.0,4.0,142.0,0.0,161.0,44.4,5.0,Charlotte Narti,Merel Hoedt,W15 Alkmaar (Países Bajos),2026-06-26,Clay,Regular,victorias,Regular,victorias,,,player1,True,False,False
1.2214285714285715,11,10.0,0.02,0.02,23.66,2,171.0,1699,0.58,100,1599,142.0,0.24,1.27,50.0,1.2,32.0,0.18,139.0,14.0,142.0,10.769,136.0,70.0,6.0,Irina Balus,Isis Louise Van Den Broek,W15 Alkmaar (Países Bajos),2026-06-26,Clay,Buena,victorias,Regular,victorias,,,player2,True,False,False
1.2214285714285715,11,10.0,0.02,0.02,23.66,2,171.0,1699,0.58,100,1599,142.0,0.24,1.27,50.0,1.2,32.0,0.18,139.0,14.0,142.0,10.769,136.0,70.0,6.0,Irina Balus,Isis Louise Van Den Broek,W15 Alkmaar (Países Bajos),2026-06-26,Clay,Buena,victorias,Regular,victorias,,,player2,True,False,False
1.2214285714285715,11,10.0,0.02,0.02,23.66,2,171.0,1699,0.58,100,1599,142.0,0.24,1.27,50.0,1.2,32.0,0.18,139.0,14.0,142.0,10.769,136.0,70.0,6.0,Irina Balus,Isis Louise Van Den Broek,W15 Alkmaar (Países Bajos),2026-06-26,Clay,Buena,victorias,Regular,victorias,,,player2,True,False,False
0.359375,3,6.0,0.03,0.01,9.75,0,69.0,1563,0.13,-99,1662,133.0,0.09,1.32,70.0,1.4,-122.0,0.09,191.0,10.0,133.0,0.0,165.0,50.0,10.0,Jana Hossam Salah,Irem Kurt,W15 Kayseri 6 (Turquía),2026-06-26,Hard,Regular,victorias,Buena,victorias,,,player1,False,False,True
0.359375,3,6.0,0.03,0.01,9.75,0,69.0,1563,0.13,-99,1662,133.0,0.09,1.32,70.0,1.4,-122.0,0.09,191.0,10.0,133.0,0.0,165.0,50.0,10.0,Jana Hossam Salah,Irem Kurt,W15 Kayseri 6 (Turquía),2026-06-26,Hard,Regular,victorias,Buena,victorias,,,player1,False,False,True
0.359375,3,6.0,0.03,0.01,9.75,0,69.0,1563,0.13,-99,1662,133.0,0.09,1.32,70.0,1.4,-122.0,0.09,191.0,10.0,133.0,0.0,165.0,50.0,10.0,Jana Hossam Salah,Irem Kurt,W15 Kayseri 6 (Turquía),2026-06-26,Hard,Regular,victorias,Buena,victorias,,,player1,False,False,True
0.125,4,7.0,0.11,0.07,10.14,0,24.0,1694,0.15,-15,1709,133.0,0.21,0.96,65.0,1.17,-167.0,0.19,191.0,14.0,133.0,0.0,217.0,70.0,6.0,Alana Subasic,Deniz Dilek,W15 Kayseri 6 (Turquía),2026-06-26,Hard,Buena,victorias,Buena,victorias,,,player1,False,False,True
0.125,4,7.0,0.11,0.07,10.14,0,24.0,1694,0.15,-15,1709,133.0,0.21,0.96,65.0,1.17,-167.0,0.19,191.0,14.0,133.0,0.0,217.0,70.0,6.0,Alana Subasic,Deniz Dilek,W15 Kayseri 6 (Turquía),2026-06-26,Hard,Buena,victorias,Buena,victorias,,,player1,False,False,True
0.125,4,7.0,0.11,0.07,10.14,0,24.0,1694,0.15,-15,1709,133.0,0.21,0.96,65.0,1.17,-167.0,0.19,191.0,14.0,133.0,0.0,217.0,70.0,6.0,Alana Subasic,Deniz Dilek,W15 Kayseri 6 (Turquía),2026-06-26,Hard,Buena,victorias,Buena,victorias,,,player1,False,False,True
1.015625,5,12.0,0.01,0.02,4.75,3,195.0,1560,0.1,64,1496,133.0,0.17,1.26,40.0,1.23,4.0,0.23,191.0,9.0,133.0,9.7555,133.0,45.0,11.0,Kateryna Lazarenko,Doga Turkmen,W15 Kayseri 6 (Turquía),2026-06-26,Hard,Regular,victorias,Regular,victorias,,,player1,False,False,True
1.015625,5,12.0,0.01,0.02,4.75,3,195.0,1560,0.1,64,1496,133.0,0.17,1.26,40.0,1.23,4.0,0.23,191.0,9.0,133.0,9.7555,133.0,45.0,11.0,Kateryna Lazarenko,Doga Turkmen,W15 Kayseri 6 (Turquía),2026-06-26,Hard,Regular,victorias,Regular,victorias,,,player1,False,False,True
1.015625,5,12.0,0.01,0.02,4.75,3,195.0,1560,0.1,64,1496,133.0,0.17,1.26,40.0,1.23,4.0,0.23,191.0,9.0,133.0,9.7555,133.0,45.0,11.0,Kateryna Lazarenko,Doga Turkmen,W15 Kayseri 6 (Turquía),2026-06-26,Hard,Regular,victorias,Regular,victorias,,,player1,False,False,True
3.6037735849056602,2,4.0,0.11,0.07,11.25,0,191.0,1655,0.13,-135,1790,176.0,0.4,0.76,80.0,0.92,139.0,0.42,52.0,13.0,176.0,0.0,133.0,65.0,7.0,Duru Soke,Lan Mi,W15 Kayseri 6 (Turquía),2026-06-26,Hard,Buena,victorias,Excelente,victorias,,,player1,False,False,True
3.6037735849056602,2,4.0,0.11,0.07,11.25,0,191.0,1655,0.13,-135,1790,176.0,0.4,0.76,80.0,0.92,139.0,0.42,52.0,13.0,176.0,0.0,133.0,65.0,7.0,Duru Soke,Lan Mi,W15 Kayseri 6 (Turquía),2026-06-26,Hard,Buena,victorias,Excelente,victorias,,,player1,False,False,True
3.6037735849056602,2,4.0,0.11,0.07,11.25,0,191.0,1655,0.13,-135,1790,176.0,0.4,0.76,80.0,0.92,139.0,0.42,52.0,13.0,176.0,0.0,133.0,65.0,7.0,Duru Soke,Lan Mi,W15 Kayseri 6 (Turquía),2026-06-26,Hard,Buena,victorias,Excelente,victorias,,,player1,False,False,True
2.5641025641025643,0,12.0,0.01,0.0,0.0,0,200.0,1515,0.0,21,1494,161.0,0.0,1.46,40.0,1.2,123.0,0.0,77.0,1.0,161.0,0.0,132.0,50.0,1.0,Roman Sancilio,Theo Herrmann,M15 Kayseri 6 (Turquía),2026-06-26,Hard,Regular,victorias,Regular,victorias,,,player2,False,False,True
2.5641025641025643,0,12.0,0.01,0.0,0.0,0,200.0,1515,0.0,21,1494,161.0,0.0,1.46,40.0,1.2,123.0,0.0,77.0,1.0,161.0,0.0,132.0,50.0,1.0,Roman Sancilio,Theo Herrmann,M15 Kayseri 6 (Turquía),2026-06-26,Hard,Regular,victorias,Regular,victorias,,,player2,False,False,True
2.5641025641025643,0,12.0,0.01,0.0,0.0,0,200.0,1515,0.0,21,1494,161.0,0.0,1.46,40.0,1.2,123.0,0.0,77.0,1.0,161.0,0.0,132.0,50.0,1.0,Roman Sancilio,Theo Herrmann,M15 Kayseri 6 (Turquía),2026-06-26,Hard,Regular,victorias,Regular,victorias,,,player2,False,False,True
0.4129353233830846,3,8.0,0.02,0.03,7.8,0,83.0,1628,0.12,-25,1653,132.0,0.12,1.08,60.0,1.01,-117.0,0.09,200.0,10.0,132.0,8.480400000000001,158.0,50.0,10.0,Dimitris Azoidis,Keshav Chopra,M15 Kayseri 6 (Turquía),2026-06-26,Hard,Regular,victorias,Buena,victorias,,,player2,False,False,True
0.4129353233830846,3,8.0,0.02,0.03,7.8,0,83.0,1628,0.12,-25,1653,132.0,0.12,1.08,60.0,1.01,-117.0,0.09,200.0,10.0,132.0,8.480400000000001,158.0,50.0,10.0,Dimitris Azoidis,Keshav Chopra,M15 Kayseri 6 (Turquía),2026-06-26,Hard,Regular,victorias,Buena,victorias,,,player2,False,False,True
0.4129353233830846,3,8.0,0.02,0.03,7.8,0,83.0,1628,0.12,-25,1653,132.0,0.12,1.08,60.0,1.01,-117.0,0.09,200.0,10.0,132.0,8.480400000000001,158.0,50.0,10.0,Dimitris Azoidis,Keshav Chopra,M15 Kayseri 6 (Turquía),2026-06-26,Hard,Regular,victorias,Buena,victorias,,,player2,False,False,True
2.0319148936170213,2,12.0,0.02,0.0,8.450000000000001,1,191.0,1446,0.11,-94,1540,154.0,0.0,1.21,40.0,1.28,98.0,0.0,93.0,6.0,154.0,0.0,133.0,30.0,14.0,Bora Sengul,Rethin Pranav Senthil Kumar,M15 Kayseri 6 (Turquía),2026-06-26,Hard,Mala,victorias,Regular,victorias,,,player2,False,False,True
2.0319148936170213,2,12.0,0.02,0.0,8.450000000000001,1,191.0,1446,0.11,-94,1540,154.0,0.0,1.21,40.0,1.28,98.0,0.0,93.0,6.0,154.0,0.0,133.0,30.0,14.0,Bora Sengul,Rethin Pranav Senthil Kumar,M15 Kayseri 6 (Turquía),2026-06-26,Hard,Mala,victorias,Regular,victorias,,,player2,False,False,True
2.0319148936170213,2,12.0,0.02,0.0,8.450000000000001,1,191.0,1446,0.11,-94,1540,154.0,0.0,1.21,40.0,1.28,98.0,0.0,93.0,6.0,154.0,0.0,133.0,30.0,14.0,Bora Sengul,Rethin Pranav Senthil Kumar,M15 Kayseri 6 (Turquía),2026-06-26,Hard,Mala,victorias,Regular,victorias,,,player2,False,False,True
0.9928571428571429,4,9.0,0.02,0.0,6.0,3,139.0,1474,0.25,-162,1636,142.0,0.17,1.2,55.0,1.34,0.0,0.14,139.0,6.0,142.0,0.0,142.0,30.0,14.0,Jesse De Jager,Sander Jong,M15 Alkmaar (Países Bajos),2026-06-26,Clay,Mala,victorias,Regular,victorias,,,player1,True,False,False
0.9928571428571429,4,9.0,0.02,0.0,6.0,3,139.0,1474,0.25,-162,1636,142.0,0.17,1.2,55.0,1.34,0.0,0.14,139.0,6.0,142.0,0.0,142.0,30.0,14.0,Jesse De Jager,Sander Jong,M15 Alkmaar (Países Bajos),2026-06-26,Clay,Mala,victorias,Regular,victorias,,,player1,True,False,False
0.9928571428571429,4,9.0,0.02,0.0,6.0,3,139.0,1474,0.25,-162,1636,142.0,0.17,1.2,55.0,1.34,0.0,0.14,139.0,6.0,142.0,0.0,142.0,30.0,14.0,Jesse De Jager,Sander Jong,M15 Alkmaar (Países Bajos),2026-06-26,Clay,Mala,victorias,Regular,victorias,,,player1,True,False,False
0.9928571428571429,3,9.0,0.02,0.01,7.75,3,139.0,1598,0.28,-50,1648,142.0,0.0,1.35,55.0,1.35,0.0,0.0,139.0,11.0,142.0,0.0,142.0,55.0,9.0,Fons Van Sambeek,Pieter de Lange,M15 Alkmaar (Países Bajos),2026-06-26,Clay,Regular,victorias,Regular,victorias,,,player2,True,False,False
0.9928571428571429,3,9.0,0.02,0.01,7.75,3,139.0,1598,0.28,-50,1648,142.0,0.0,1.35,55.0,1.35,0.0,0.0,139.0,11.0,142.0,0.0,142.0,55.0,9.0,Fons Van Sambeek,Pieter de Lange,M15 Alkmaar (Países Bajos),2026-06-26,Clay,Regular,victorias,Regular,victorias,,,player2,True,False,False
0.9928571428571429,3,9.0,0.02,0.01,7.75,3,139.0,1598,0.28,-50,1648,142.0,0.0,1.35,55.0,1.35,0.0,0.0,139.0,11.0,142.0,0.0,142.0,55.0,9.0,Fons Van Sambeek,Pieter de Lange,M15 Alkmaar (Países Bajos),2026-06-26,Clay,Regular,victorias,Regular,victorias,,,player2,True,False,False
0.801980198019802,1,10.0,0.04,0.01,0.0,2,81.0,1602,0.0,2,1600,152.0,0.0,1.26,50.0,1.44,-19.0,0.09,100.0,11.0,152.0,4.7749,159.0,55.0,9.0,Marc Majdandzic,Ryo Tabata,M15 Alkmaar (Países Bajos),2026-06-26,Clay,Regular,victorias,Regular,victorias,,,player1,True,False,False
0.801980198019802,1,10.0,0.04,0.01,0.0,2,81.0,1602,0.0,2,1600,152.0,0.0,1.26,50.0,1.44,-19.0,0.09,100.0,11.0,152.0,4.7749,159.0,55.0,9.0,Marc Majdandzic,Ryo Tabata,M15 Alkmaar (Países Bajos),2026-06-26,Clay,Regular,victorias,Regular,victorias,,,player1,True,False,False
0.801980198019802,1,10.0,0.04,0.01,0.0,2,81.0,1602,0.0,2,1600,152.0,0.0,1.26,50.0,1.44,-19.0,0.09,100.0,11.0,152.0,4.7749,159.0,55.0,9.0,Marc Majdandzic,Ryo Tabata,M15 Alkmaar (Países Bajos),2026-06-26,Clay,Regular,victorias,Regular,victorias,,,player1,True,False,False
2.1463414634146343,0,14.0,0.01,0.0,0.0,1,176.0,1457,0.0,-30,1487,159.0,0.0,1.24,30.0,1.24,95.0,0.0,81.0,6.0,159.0,0.0,135.0,30.0,14.0,Manel Lazaro Juncadella,Julien Penzlin,M15 Alkmaar (Países Bajos),2026-06-26,Clay,Mala,victorias,Mala,victorias,,,player1,True,False,False
2.1463414634146343,0,14.0,0.01,0.0,0.0,1,176.0,1457,0.0,-30,1487,159.0,0.0,1.24,30.0,1.24,95.0,0.0,81.0,6.0,159.0,0.0,135.0,30.0,14.0,Manel Lazaro Juncadella,Julien Penzlin,M15 Alkmaar (Países Bajos),2026-06-26,Clay,Mala,victorias,Mala,victorias,,,player1,True,False,False
2.1463414634146343,0,14.0,0.01,0.0,0.0,1,176.0,1457,0.0,-30,1487,159.0,0.0,1.24,30.0,1.24,95.0,0.0,81.0,6.0,159.0,0.0,135.0,30.0,14.0,Manel Lazaro Juncadella,Julien Penzlin,M15 Alkmaar (Países Bajos),2026-06-26,Clay,Mala,victorias,Mala,victorias,,,player1,True,False,False
0.2682926829268293,1,9.0,0.02,0.03,0.0,1,22.0,1705,0.0,242,1463,159.0,0.0,1.51,25.0,1.09,-59.0,0.12,81.0,13.0,159.0,8.489,223.0,65.0,7.0,Lucio Ratti,Vincent Dullinger,M15 Slovenska Bistrica (Eslovenia),2026-06-26,Clay,Buena,victorias,Mala,victorias,,,player1,True,False,False
0.2682926829268293,1,9.0,0.02,0.03,0.0,1,22.0,1705,0.0,242,1463,159.0,0.0,1.51,25.0,1.09,-59.0,0.12,81.0,13.0,159.0,8.489,223.0,65.0,7.0,Lucio Ratti,Vincent Dullinger,M15 Slovenska Bistrica (Eslovenia),2026-06-26,Clay,Buena,victorias,Mala,victorias,,,player1,True,False,False
0.2682926829268293,1,9.0,0.02,0.03,0.0,1,22.0,1705,0.0,242,1463,159.0,0.0,1.51,25.0,1.09,-59.0,0.12,81.0,13.0,159.0,8.489,223.0,65.0,7.0,Lucio Ratti,Vincent Dullinger,M15 Slovenska Bistrica (Eslovenia),2026-06-26,Clay,Buena,victorias,Mala,victorias,,,player1,True,False,False
0.4682080924855491,8,10.0,0.03,0.02,11.25,1,81.0,1661,0.35,62,1599,136.0,0.0,1.41,50.0,1.17,-91.0,0.0,172.0,12.0,136.0,4.199999999999999,159.0,60.0,8.0,Maximilian Homberg,Filip Jeff Planinsek,M15 Slovenska Bistrica (Eslovenia),2026-06-26,Clay,Buena,victorias,Regular,victorias,,,player2,True,False,False
0.4682080924855491,8,10.0,0.03,0.02,11.25,1,81.0,1661,0.35,62,1599,136.0,0.0,1.41,50.0,1.17,-91.0,0.0,172.0,12.0,136.0,4.199999999999999,159.0,60.0,8.0,Maximilian Homberg,Filip Jeff Planinsek,M15 Slovenska Bistrica (Eslovenia),2026-06-26,Clay,Buena,victorias,Regular,victorias,,,player2,True,False,False
0.4682080924855491,8,10.0,0.03,0.02,11.25,1,81.0,1661,0.35,62,1599,136.0,0.0,1.41,50.0,1.17,-91.0,0.0,172.0,12.0,136.0,4.199999999999999,159.0,60.0,8.0,Maximilian Homberg,Filip Jeff Planinsek,M15 Slovenska Bistrica (Eslovenia),2026-06-26,Clay,Buena,victorias,Regular,victorias,,,player2,True,False,False
1.4047619047619047,7,9.0,0.01,0.02,4.75,2,118.0,1593,0.26,-15,1608,158.0,0.0,0.98,55.0,0.94,35.0,0.48,83.0,10.0,158.0,17.519,146.0,50.0,10.0,Oleg Prihodko,Dimitris Sakellaridis,M25 Zagreb (Croacia),2026-06-26,Clay,Regular,victorias,Regular,victorias,,,player1,True,False,False
1.4047619047619047,7,9.0,0.01,0.02,4.75,2,118.0,1593,0.26,-15,1608,158.0,0.0,0.98,55.0,0.94,35.0,0.48,83.0,10.0,158.0,17.519,146.0,50.0,10.0,Oleg Prihodko,Dimitris Sakellaridis,M25 Zagreb (Croacia),2026-06-26,Clay,Regular,victorias,Regular,victorias,,,player1,True,False,False
1.4047619047619047,7,9.0,0.01,0.02,4.75,2,118.0,1593,0.26,-15,1608,158.0,0.0,0.98,55.0,0.94,35.0,0.48,83.0,10.0,158.0,17.519,146.0,50.0,10.0,Oleg Prihodko,Dimitris Sakellaridis,M25 Zagreb (Croacia),2026-06-26,Clay,Regular,victorias,Regular,victorias,,,player1,True,False,False
0.6666666666666666,14,10.0,0.03,0.03,15.5,1,118.0,1644,0.54,7,1637,135.0,0.21,1.2,50.0,1.16,-58.0,0.23,176.0,12.0,135.0,27.5587,146.0,60.0,8.0,Kalin Ivanovski,Javier Barranco Cosano,M25 Zagreb (Croacia),2026-06-26,Clay,Buena,victorias,Regular,victorias,,,player1,True,False,False
0.6666666666666666,14,10.0,0.03,0.03,15.5,1,118.0,1644,0.54,7,1637,135.0,0.21,1.2,50.0,1.16,-58.0,0.23,176.0,12.0,135.0,27.5587,146.0,60.0,8.0,Kalin Ivanovski,Javier Barranco Cosano,M25 Zagreb (Croacia),2026-06-26,Clay,Buena,victorias,Regular,victorias,,,player1,True,False,False
0.6666666666666666,14,10.0,0.03,0.03,15.5,1,118.0,1644,0.54,7,1637,135.0,0.21,1.2,50.0,1.16,-58.0,0.23,176.0,12.0,135.0,27.5587,146.0,60.0,8.0,Kalin Ivanovski,Javier Barranco Cosano,M25 Zagreb (Croacia),2026-06-26,Clay,Buena,victorias,Regular,victorias,,,player1,True,False,False
0.04081632653061224,2,10.0,0.02,0.01,0.0,0,8.0,1578,0.0,0,1578,133.0,0.0,1.35,50.0,1.33,-187.0,0.0,195.0,11.0,133.0,0.0,319.0,55.0,9.0,Arina Arifullina,Yelyzaveta Chainykova,W15 Monastir 19 (Túnez),2026-06-26,Hard,Regular,victorias,Regular,victorias,,,player1,False,False,True
0.04081632653061224,2,10.0,0.02,0.01,0.0,0,8.0,1578,0.0,0,1578,133.0,0.0,1.35,50.0,1.33,-187.0,0.0,195.0,11.0,133.0,0.0,319.0,55.0,9.0,Arina Arifullina,Yelyzaveta Chainykova,W15 Monastir 19 (Túnez),2026-06-26,Hard,Regular,victorias,Regular,victorias,,,player1,False,False,True
0.04081632653061224,2,10.0,0.02,0.01,0.0,0,8.0,1578,0.0,0,1578,133.0,0.0,1.35,50.0,1.33,-187.0,0.0,195.0,11.0,133.0,0.0,319.0,55.0,9.0,Arina Arifullina,Yelyzaveta Chainykova,W15 Monastir 19 (Túnez),2026-06-26,Hard,Regular,victorias,Regular,victorias,,,player1,False,False,True
0.5273972602739726,1,8.0,0.02,0.02,4.75,1,77.0,1553,0.08,-54,1607,140.0,0.19,1.32,60.0,1.39,-68.0,0.18,145.0,9.0,140.0,0.0,161.0,45.0,11.0,Alyssa Reguer,Emily Sartz-Lunde,W15 Monastir 19 (Túnez),2026-06-26,Hard,Regular,victorias,Buena,victorias,,,player1,False,False,True
0.5273972602739726,1,8.0,0.02,0.02,4.75,1,77.0,1553,0.08,-54,1607,140.0,0.19,1.32,60.0,1.39,-68.0,0.18,145.0,9.0,140.0,0.0,161.0,45.0,11.0,Alyssa Reguer,Emily Sartz-Lunde,W15 Monastir 19 (Túnez),2026-06-26,Hard,Regular,victorias,Buena,victorias,,,player1,False,False,True
0.5273972602739726,1,8.0,0.02,0.02,4.75,1,77.0,1553,0.08,-54,1607,140.0,0.19,1.32,60.0,1.39,-68.0,0.18,145.0,9.0,140.0,0.0,161.0,45.0,11.0,Alyssa Reguer,Emily Sartz-Lunde,W15 Monastir 19 (Túnez),2026-06-26,Hard,Regular,victorias,Buena,victorias,,,player1,False,False,True
0.2682926829268293,1,9.0,0.03,0.01,0.0,1,22.0,1434,0.0,-163,1597,159.0,0.16,1.18,55.0,1.37,-59.0,0.12,81.0,5.0,159.0,0.0,223.0,25.0,15.0,Lourdes Ayala,Karla Bartel,W15 Monastir 19 (Túnez),2026-06-26,Hard,Mala,victorias,Regular,victorias,,,player2,False,False,True
0.2682926829268293,1,9.0,0.03,0.01,0.0,1,22.0,1434,0.0,-163,1597,159.0,0.16,1.18,55.0,1.37,-59.0,0.12,81.0,5.0,159.0,0.0,223.0,25.0,15.0,Lourdes Ayala,Karla Bartel,W15 Monastir 19 (Túnez),2026-06-26,Hard,Mala,victorias,Regular,victorias,,,player2,False,False,True
0.2682926829268293,1,9.0,0.03,0.01,0.0,1,22.0,1434,0.0,-163,1597,159.0,0.16,1.18,55.0,1.37,-59.0,0.12,81.0,5.0,159.0,0.0,223.0,25.0,15.0,Lourdes Ayala,Karla Bartel,W15 Monastir 19 (Túnez),2026-06-26,Hard,Mala,victorias,Regular,victorias,,,player2,False,False,True
2.3333333333333335,4,11.0,0.01,0.01,18.200000000000003,1,98.0,1553,0.47,14,1539,187.0,0.09,1.18,45.0,1.38,57.0,0.0,41.0,9.0,187.0,6.5332,152.0,45.0,11.0,Giannicola Misasi,George Lazarov,M15 Kursumlijska Banja 6 (Serbia),2026-06-26,Clay,Regular,victorias,Regular,victorias,,,player1,True,False,False
2.3333333333333335,4,11.0,0.01,0.01,18.200000000000003,1,98.0,1553,0.47,14,1539,187.0,0.09,1.18,45.0,1.38,57.0,0.0,41.0,9.0,187.0,6.5332,152.0,45.0,11.0,Giannicola Misasi,George Lazarov,M15 Kursumlijska Banja 6 (Serbia),2026-06-26,Clay,Regular,victorias,Regular,victorias,,,player1,True,False,False
2.3333333333333335,4,11.0,0.01,0.01,18.200000000000003,1,98.0,1553,0.47,14,1539,187.0,0.09,1.18,45.0,1.38,57.0,0.0,41.0,9.0,187.0,6.5332,152.0,45.0,11.0,Giannicola Misasi,George Lazarov,M15 Kursumlijska Banja 6 (Serbia),2026-06-26,Clay,Regular,victorias,Regular,victorias,,,player1,True,False,False
5.157894736842105,7,8.0,0.01,0.01,20.125,1,98.0,1585,0.48,-38,1623,238.0,0.0,1.26,60.0,1.3,80.0,0.0,18.0,10.0,238.0,6.0245,152.0,50.0,10.0,Andrea De Marchi,Samir Hamza Reguig,M15 Kursumlijska Banja 6 (Serbia),2026-06-26,Clay,Regular,victorias,Buena,victorias,,,player1,True,False,False
5.157894736842105,7,8.0,0.01,0.01,20.125,1,98.0,1585,0.48,-38,1623,238.0,0.0,1.26,60.0,1.3,80.0,0.0,18.0,10.0,238.0,6.0245,152.0,50.0,10.0,Andrea De Marchi,Samir Hamza Reguig,M15 Kursumlijska Banja 6 (Serbia),2026-06-26,Clay,Regular,victorias,Buena,victorias,,,player1,True,False,False
5.157894736842105,7,8.0,0.01,0.01,20.125,1,98.0,1585,0.48,-38,1623,238.0,0.0,1.26,60.0,1.3,80.0,0.0,18.0,10.0,238.0,6.0245,152.0,50.0,10.0,Andrea De Marchi,Samir Hamza Reguig,M15 Kursumlijska Banja 6 (Serbia),2026-06-26,Clay,Regular,victorias,Buena,victorias,,,player1,True,False,False
0.9940476190476191,4,11.0,0.01,0.1,0.0,3,167.0,1768,0.0,261,1507,137.0,0.09,1.17,45.0,0.81,0.0,0.12,167.0,15.0,137.0,4.7793,137.0,75.0,5.0,Branko Djuric,Novak Novakovic,M15 Kursumlijska Banja 6 (Serbia),2026-06-26,Clay,Excelente,victorias,Regular,victorias,,,player1,True,False,False
0.9940476190476191,4,11.0,0.01,0.1,0.0,3,167.0,1768,0.0,261,1507,137.0,0.09,1.17,45.0,0.81,0.0,0.12,167.0,15.0,137.0,4.7793,137.0,75.0,5.0,Branko Djuric,Novak Novakovic,M15 Kursumlijska Banja 6 (Serbia),2026-06-26,Clay,Excelente,victorias,Regular,victorias,,,player1,True,False,False
0.9940476190476191,4,11.0,0.01,0.1,0.0,3,167.0,1768,0.0,261,1507,137.0,0.09,1.17,45.0,0.81,0.0,0.12,167.0,15.0,137.0,4.7793,137.0,75.0,5.0,Branko Djuric,Novak Novakovic,M15 Kursumlijska Banja 6 (Serbia),2026-06-26,Clay,Excelente,victorias,Regular,victorias,,,player1,True,False,False
0.4230769230769231,2,12.0,0.02,0.01,6.5,0,77.0,1563,0.1,-6,1569,135.0,0.0,1.3,40.0,1.28,-104.0,0.0,181.0,9.0,135.0,0.0,161.0,45.0,11.0,Charles Bertimon,Jonas Eriksson Ziverts,M15 Monastir 24 (Túnez),2026-06-26,Hard,Regular,victorias,Regular,victorias,,,player1,False,False,True
0.4230769230769231,2,12.0,0.02,0.01,6.5,0,77.0,1563,0.1,-6,1569,135.0,0.0,1.3,40.0,1.28,-104.0,0.0,181.0,9.0,135.0,0.0,161.0,45.0,11.0,Charles Bertimon,Jonas Eriksson Ziverts,M15 Monastir 24 (Túnez),2026-06-26,Hard,Regular,victorias,Regular,victorias,,,player1,False,False,True
0.4230769230769231,2,12.0,0.02,0.01,6.5,0,77.0,1563,0.1,-6,1569,135.0,0.0,1.3,40.0,1.28,-104.0,0.0,181.0,9.0,135.0,0.0,161.0,45.0,11.0,Charles Bertimon,Jonas Eriksson Ziverts,M15 Monastir 24 (Túnez),2026-06-26,Hard,Regular,victorias,Regular,victorias,,,player1,False,False,True
2.1923076923076925,4,11.0,0.03,0.04,0.0,1,171.0,1633,0.0,68,1565,161.0,0.0,1.3,45.0,1.26,94.0,0.18,77.0,11.0,161.0,12.1127,136.0,55.0,9.0,Lukas Pokorny,Benjamin Pietri,M15 Monastir 24 (Túnez),2026-06-26,Hard,Regular,victorias,Regular,victorias,,,player1,False,False,True
2.1923076923076925,4,11.0,0.03,0.04,0.0,1,171.0,1633,0.0,68,1565,161.0,0.0,1.3,45.0,1.26,94.0,0.18,77.0,11.0,161.0,12.1127,136.0,55.0,9.0,Lukas Pokorny,Benjamin Pietri,M15 Monastir 24 (Túnez),2026-06-26,Hard,Regular,victorias,Regular,victorias,,,player1,False,False,True
2.1923076923076925,4,11.0,0.03,0.04,0.0,1,171.0,1633,0.0,68,1565,161.0,0.0,1.3,45.0,1.26,94.0,0.18,77.0,11.0,161.0,12.1127,136.0,55.0,9.0,Lukas Pokorny,Benjamin Pietri,M15 Monastir 24 (Túnez),2026-06-26,Hard,Regular,victorias,Regular,victorias,,,player1,False,False,True
2.5641025641025643,1,11.0,0.01,0.02,0.0,0,200.0,1587,0.0,102,1485,161.0,0.0,1.32,35.3,1.26,123.0,0.14,77.0,9.0,161.0,0.0,132.0,45.0,11.0,Dominick Mosejczuk,Mathys Picard,M15 Monastir 24 (Túnez),2026-06-26,Hard,Regular,victorias,Mala,victorias,,,player2,False,False,True
2.5641025641025643,1,11.0,0.01,0.02,0.0,0,200.0,1587,0.0,102,1485,161.0,0.0,1.32,35.3,1.26,123.0,0.14,77.0,9.0,161.0,0.0,132.0,45.0,11.0,Dominick Mosejczuk,Mathys Picard,M15 Monastir 24 (Túnez),2026-06-26,Hard,Regular,victorias,Mala,victorias,,,player2,False,False,True
2.5641025641025643,1,11.0,0.01,0.02,0.0,0,200.0,1587,0.0,102,1485,161.0,0.0,1.32,35.3,1.26,123.0,0.14,77.0,9.0,161.0,0.0,132.0,45.0,11.0,Dominick Mosejczuk,Mathys Picard,M15 Monastir 24 (Túnez),2026-06-26,Hard,Regular,victorias,Mala,victorias,,,player2,False,False,True
1.1299435028248588,2,8.0,0.03,0.01,11.25,2,200.0,1449,0.13,-235,1684,135.0,0.12,1.21,60.0,1.37,24.0,0.15,176.0,6.0,135.0,0.0,132.0,30.0,14.0,Alexander Frusina,Roger Pascual Ferra,M15 Monastir 24 (Túnez),2026-06-26,Hard,Mala,victorias,Buena,victorias,,,player2,False,False,True
1.1299435028248588,2,8.0,0.03,0.01,11.25,2,200.0,1449,0.13,-235,1684,135.0,0.12,1.21,60.0,1.37,24.0,0.15,176.0,6.0,135.0,0.0,132.0,30.0,14.0,Alexander Frusina,Roger Pascual Ferra,M15 Monastir 24 (Túnez),2026-06-26,Hard,Mala,victorias,Buena,victorias,,,player2,False,False,True
1.1299435028248588,2,8.0,0.03,0.01,11.25,2,200.0,1449,0.13,-235,1684,135.0,0.12,1.21,60.0,1.37,24.0,0.15,176.0,6.0,135.0,0.0,132.0,30.0,14.0,Alexander Frusina,Roger Pascual Ferra,M15 Monastir 24 (Túnez),2026-06-26,Hard,Mala,victorias,Buena,victorias,,,player2,False,False,True
1.3356164383561644,2,7.0,0.03,0.01,4.75,2,195.0,1598,0.23,-70,1668,140.0,0.0,1.31,65.0,1.4,50.0,0.0,145.0,9.0,140.0,0.5999999999999999,133.0,45.0,11.0,Aleksandr Braynin,Herman Hoeyeraal,M15 Rzeszow (Polonia),2026-06-26,Clay,Regular,victorias,Buena,victorias,,,player2,True,False,False
1.3356164383561644,2,7.0,0.03,0.01,4.75,2,195.0,1598,0.23,-70,1668,140.0,0.0,1.31,65.0,1.4,50.0,0.0,145.0,9.0,140.0,0.5999999999999999,133.0,45.0,11.0,Aleksandr Braynin,Herman Hoeyeraal,M15 Rzeszow (Polonia),2026-06-26,Clay,Regular,victorias,Buena,victorias,,,player2,True,False,False
1.3356164383561644,2,7.0,0.03,0.01,4.75,2,195.0,1598,0.23,-70,1668,140.0,0.0,1.31,65.0,1.4,50.0,0.0,145.0,9.0,140.0,0.5999999999999999,133.0,45.0,11.0,Aleksandr Braynin,Herman Hoeyeraal,M15 Rzeszow (Polonia),2026-06-26,Clay,Regular,victorias,Buena,victorias,,,player2,True,False,False
0.5547945205479452,2,13.0,0.0,0.01,0.0,1,81.0,1572,0.0,127,1445,140.0,0.0,1.36,35.0,1.25,-64.0,0.18,145.0,11.0,140.0,0.0,159.0,55.0,9.0,Stefan Seifert,Leyton Rivera,M15 Rzeszow (Polonia),2026-06-26,Clay,Regular,victorias,Mala,victorias,,,player1,True,False,False
0.5547945205479452,2,13.0,0.0,0.01,0.0,1,81.0,1572,0.0,127,1445,140.0,0.0,1.36,35.0,1.25,-64.0,0.18,145.0,11.0,140.0,0.0,159.0,55.0,9.0,Stefan Seifert,Leyton Rivera,M15 Rzeszow (Polonia),2026-06-26,Clay,Regular,victorias,Mala,victorias,,,player1,True,False,False
0.5547945205479452,2,13.0,0.0,0.01,0.0,1,81.0,1572,0.0,127,1445,140.0,0.0,1.36,35.0,1.25,-64.0,0.18,145.0,11.0,140.0,0.0,159.0,55.0,9.0,Stefan Seifert,Leyton Rivera,M15 Rzeszow (Polonia),2026-06-26,Clay,Regular,victorias,Mala,victorias,,,player1,True,False,False
0.9935483870967742,0,7.466778458480149,0.0,0.01,0.0,3,154.0,1610,0.0,110,1500,139.0,0.0,1.41,23.720193720255743,0.0,0.0,0.0,154.0,12.0,139.0,0.0,139.0,60.0,8.0,Alan Wazny,Karol Filar,M15 Rzeszow (Polonia),2026-06-26,Clay,Buena,victorias,,,,,player1,True,False,False
0.9935483870967742,0,7.466778458480149,0.0,0.01,0.0,3,154.0,1610,0.0,110,1500,139.0,0.0,1.41,23.720193720255743,0.0,0.0,0.0,154.0,12.0,139.0,0.0,139.0,60.0,8.0,Alan Wazny,Karol Filar,M15 Rzeszow (Polonia),2026-06-26,Clay,Buena,victorias,,,,,player1,True,False,False
0.9935483870967742,0,7.466778458480149,0.0,0.01,0.0,3,154.0,1610,0.0,110,1500,139.0,0.0,1.41,23.720193720255743,0.0,0.0,0.0,154.0,12.0,139.0,0.0,139.0,60.0,8.0,Alan Wazny,Karol Filar,M15 Rzeszow (Polonia),2026-06-26,Clay,Buena,victorias,,,,,player1,True,False,False
0.98989898989899,14,12.0,0.01,0.03,3.0,3,98.0,1583,0.24,44,1539,152.0,0.09,1.15,40.0,1.11,0.0,0.09,98.0,10.0,152.0,18.4616,152.0,50.0,10.0,Giovanni Oradini,Marcello Serafini,M15 Bergamo (Italia),2026-06-26,Clay,Regular,victorias,Regular,victorias,,,player1,True,False,False
0.98989898989899,14,12.0,0.01,0.03,3.0,3,98.0,1583,0.24,44,1539,152.0,0.09,1.15,40.0,1.11,0.0,0.09,98.0,10.0,152.0,18.4616,152.0,50.0,10.0,Giovanni Oradini,Marcello Serafini,M15 Bergamo (Italia),2026-06-26,Clay,Regular,victorias,Regular,victorias,,,player1,True,False,False
0.98989898989899,14,12.0,0.01,0.03,3.0,3,98.0,1583,0.24,44,1539,152.0,0.09,1.15,40.0,1.11,0.0,0.09,98.0,10.0,152.0,18.4616,152.0,50.0,10.0,Giovanni Oradini,Marcello Serafini,M15 Bergamo (Italia),2026-06-26,Clay,Regular,victorias,Regular,victorias,,,player1,True,False,False
0.6262626262626263,10,4.0,0.05,0.05,5.699999999999999,2,62.0,1677,0.3,-86,1763,152.0,0.0,0.84,80.0,1.05,-36.0,0.13,98.0,12.0,152.0,20.566799999999997,169.0,60.0,8.0,Matthew William Donald,Fausto Tabacco,M15 Bergamo (Italia),2026-06-26,Clay,Buena,victorias,Excelente,victorias,,,player2,True,False,False
0.6262626262626263,10,4.0,0.05,0.05,5.699999999999999,2,62.0,1677,0.3,-86,1763,152.0,0.0,0.84,80.0,1.05,-36.0,0.13,98.0,12.0,152.0,20.566799999999997,169.0,60.0,8.0,Matthew William Donald,Fausto Tabacco,M15 Bergamo (Italia),2026-06-26,Clay,Buena,victorias,Excelente,victorias,,,player2,True,False,False
0.6262626262626263,10,4.0,0.05,0.05,5.699999999999999,2,62.0,1677,0.3,-86,1763,152.0,0.0,0.84,80.0,1.05,-36.0,0.13,98.0,12.0,152.0,20.566799999999997,169.0,60.0,8.0,Matthew William Donald,Fausto Tabacco,M15 Bergamo (Italia),2026-06-26,Clay,Buena,victorias,Excelente,victorias,,,player2,True,False,False
0.98989898989899,4,14.0,0.01,0.02,0.0,3,98.0,1635,0.0,176,1459,152.0,0.18,1.11,30.0,0.93,0.0,0.4,98.0,12.0,152.0,7.7637,152.0,60.0,8.0,Federico Arnaboldi,Filiberto Fumagalli,M15 Bergamo (Italia),2026-06-26,Clay,Buena,victorias,Mala,victorias,,,player1,True,False,False
0.98989898989899,4,14.0,0.01,0.02,0.0,3,98.0,1635,0.0,176,1459,152.0,0.18,1.11,30.0,0.93,0.0,0.4,98.0,12.0,152.0,7.7637,152.0,60.0,8.0,Federico Arnaboldi,Filiberto Fumagalli,M15 Bergamo (Italia),2026-06-26,Clay,Buena,victorias,Mala,victorias,,,player1,True,False,False
0.98989898989899,4,14.0,0.01,0.02,0.0,3,98.0,1635,0.0,176,1459,152.0,0.18,1.11,30.0,0.93,0.0,0.4,98.0,12.0,152.0,7.7637,152.0,60.0,8.0,Federico Arnaboldi,Filiberto Fumagalli,M15 Bergamo (Italia),2026-06-26,Clay,Buena,victorias,Mala,victorias,,,player1,True,False,False
0.39285714285714285,18,7.0,0.05,0.04,20.950000000000003,0,77.0,1613,0.59,-98,1711,133.0,0.23,1.02,65.0,1.27,-118.0,0.27,195.0,9.0,133.0,19.3956,161.0,45.0,11.0,Chloe Paquet,Anastasiia Sobolieva,W50 Gdansk (Polonia),2026-06-26,Clay,Regular,victorias,Buena,victorias,,,player2,True,False,False
0.39285714285714285,18,7.0,0.05,0.04,20.950000000000003,0,77.0,1613,0.59,-98,1711,133.0,0.23,1.02,65.0,1.27,-118.0,0.27,195.0,9.0,133.0,19.3956,161.0,45.0,11.0,Chloe Paquet,Anastasiia Sobolieva,W50 Gdansk (Polonia),2026-06-26,Clay,Regular,victorias,Buena,victorias,,,player2,True,False,False
0.39285714285714285,18,7.0,0.05,0.04,20.950000000000003,0,77.0,1613,0.59,-98,1711,133.0,0.23,1.02,65.0,1.27,-118.0,0.27,195.0,9.0,133.0,19.3956,161.0,45.0,11.0,Chloe Paquet,Anastasiia Sobolieva,W50 Gdansk (Polonia),2026-06-26,Clay,Regular,victorias,Buena,victorias,,,player2,True,False,False
2.4390243902439024,7,13.0,0.02,0.03,0.9499999999999997,0,200.0,1639,0.09,77,1562,159.0,0.25,1.28,35.0,1.18,119.0,0.22,81.0,11.0,159.0,7.7699,132.0,55.0,9.0,Hibah Shaikh,Mina Hodzic,W50 Gdansk (Polonia),2026-06-26,Clay,Regular,victorias,Mala,victorias,,,player2,True,False,False
2.4390243902439024,7,13.0,0.02,0.03,0.9499999999999997,0,200.0,1639,0.09,77,1562,159.0,0.25,1.28,35.0,1.18,119.0,0.22,81.0,11.0,159.0,7.7699,132.0,55.0,9.0,Hibah Shaikh,Mina Hodzic,W50 Gdansk (Polonia),2026-06-26,Clay,Regular,victorias,Mala,victorias,,,player2,True,False,False
2.4390243902439024,7,13.0,0.02,0.03,0.9499999999999997,0,200.0,1639,0.09,77,1562,159.0,0.25,1.28,35.0,1.18,119.0,0.22,81.0,11.0,159.0,7.7699,132.0,55.0,9.0,Hibah Shaikh,Mina Hodzic,W50 Gdansk (Polonia),2026-06-26,Clay,Regular,victorias,Mala,victorias,,,player2,True,False,False
2.4444444444444446,7,14.0,0.04,0.02,28.45,1,154.0,1607,0.53,42,1565,169.0,0.25,1.26,30.0,1.15,92.0,0.19,62.0,10.0,169.0,6.5097,139.0,50.0,10.0,Weronika Ewald,Barbora Palicova,W50 Gdansk (Polonia),2026-06-26,Clay,Regular,victorias,Mala,victorias,,,player1,True,False,False
2.4444444444444446,7,14.0,0.04,0.02,28.45,1,154.0,1607,0.53,42,1565,169.0,0.25,1.26,30.0,1.15,92.0,0.19,62.0,10.0,169.0,6.5097,139.0,50.0,10.0,Weronika Ewald,Barbora Palicova,W50 Gdansk (Polonia),2026-06-26,Clay,Regular,victorias,Mala,victorias,,,player1,True,False,False
2.4444444444444446,7,14.0,0.04,0.02,28.45,1,154.0,1607,0.53,42,1565,169.0,0.25,1.26,30.0,1.15,92.0,0.19,62.0,10.0,169.0,6.5097,139.0,50.0,10.0,Weronika Ewald,Barbora Palicova,W50 Gdansk (Polonia),2026-06-26,Clay,Regular,victorias,Mala,victorias,,,player1,True,False,False
0.1301775147928994,0,11.326033765652404,0.0,0.04,0.0,0,154.0,1679,0.0,179,1500,11.0,0.0,1.43,17.019924965216877,0.0,-1028.0,0.21,1182.0,13.0,11.0,0.0,139.0,65.0,7.0,Gina Feistel,Daria Kuczer,W50 Gdansk (Polonia),2026-06-26,Clay,Buena,victorias,,,,,player1,True,False,False
0.1301775147928994,0,11.326033765652404,0.0,0.04,0.0,0,154.0,1679,0.0,179,1500,11.0,0.0,1.43,17.019924965216877,0.0,-1028.0,0.21,1182.0,13.0,11.0,0.0,139.0,65.0,7.0,Gina Feistel,Daria Kuczer,W50 Gdansk (Polonia),2026-06-26,Clay,Buena,victorias,,,,,player1,True,False,False
0.1301775147928994,0,11.326033765652404,0.0,0.04,0.0,0,154.0,1679,0.0,179,1500,11.0,0.0,1.43,17.019924965216877,0.0,-1028.0,0.21,1182.0,13.0,11.0,0.0,139.0,65.0,7.0,Gina Feistel,Daria Kuczer,W50 Gdansk (Polonia),2026-06-26,Clay,Buena,victorias,,,,,player1,True,False,False
1.5555555555555556,8,11.0,0.02,0.03,5.699999999999999,2,98.0,1724,0.29,141,1583,169.0,0.22,1.31,45.0,1.23,36.0,0.17,62.0,13.0,169.0,11.8863,152.0,65.0,7.0,Deborah Chiesa,Aneta Laboutkova,W35 Tarvisio (Italia),2026-06-26,Clay,Buena,victorias,Regular,victorias,,,player1,True,False,False
1.5555555555555556,8,11.0,0.02,0.03,5.699999999999999,2,98.0,1724,0.29,141,1583,169.0,0.22,1.31,45.0,1.23,36.0,0.17,62.0,13.0,169.0,11.8863,152.0,65.0,7.0,Deborah Chiesa,Aneta Laboutkova,W35 Tarvisio (Italia),2026-06-26,Clay,Buena,victorias,Regular,victorias,,,player1,True,False,False
1.5555555555555556,8,11.0,0.02,0.03,5.699999999999999,2,98.0,1724,0.29,141,1583,169.0,0.22,1.31,45.0,1.23,36.0,0.17,62.0,13.0,169.0,11.8863,152.0,65.0,7.0,Deborah Chiesa,Aneta Laboutkova,W35 Tarvisio (Italia),2026-06-26,Clay,Buena,victorias,Regular,victorias,,,player1,True,False,False
0.6,8,4.0,0.04,0.04,3.0,1,81.0,1680,0.21,-151,1831,143.0,0.0,1.27,80.0,1.5,-53.0,0.16,134.0,11.0,143.0,11.2738,159.0,55.0,9.0,Florian Broska,Yassine Dlimi,M25 Tanger (Marruecos),2026-06-26,Clay,Regular,victorias,Excelente,victorias,,,player2,True,False,False
0.6,8,4.0,0.04,0.04,3.0,1,81.0,1680,0.21,-151,1831,143.0,0.0,1.27,80.0,1.5,-53.0,0.16,134.0,11.0,143.0,11.2738,159.0,55.0,9.0,Florian Broska,Yassine Dlimi,M25 Tanger (Marruecos),2026-06-26,Clay,Regular,victorias,Excelente,victorias,,,player2,True,False,False
0.6,8,4.0,0.04,0.04,3.0,1,81.0,1680,0.21,-151,1831,143.0,0.0,1.27,80.0,1.5,-53.0,0.16,134.0,11.0,143.0,11.2738,159.0,55.0,9.0,Florian Broska,Yassine Dlimi,M25 Tanger (Marruecos),2026-06-26,Clay,Regular,victorias,Excelente,victorias,,,player2,True,False,False
1.7179487179487178,6,8.0,0.18,0.06,6.5,1,134.0,1632,0.3,-182,1814,161.0,0.17,0.84,60.0,1.11,57.0,0.17,77.0,9.0,161.0,16.0195,143.0,45.0,11.0,Reda Bennani,Sean Cuenin,M25 Tanger (Marruecos),2026-06-26,Clay,Regular,victorias,Buena,victorias,,,player2,True,False,False
1.7179487179487178,6,8.0,0.18,0.06,6.5,1,134.0,1632,0.3,-182,1814,161.0,0.17,0.84,60.0,1.11,57.0,0.17,77.0,9.0,161.0,16.0195,143.0,45.0,11.0,Reda Bennani,Sean Cuenin,M25 Tanger (Marruecos),2026-06-26,Clay,Regular,victorias,Buena,victorias,,,player2,True,False,False
1.7179487179487178,6,8.0,0.18,0.06,6.5,1,134.0,1632,0.3,-182,1814,161.0,0.17,0.84,60.0,1.11,57.0,0.17,77.0,9.0,161.0,16.0195,143.0,45.0,11.0,Reda Bennani,Sean Cuenin,M25 Tanger (Marruecos),2026-06-26,Clay,Regular,victorias,Buena,victorias,,,player2,True,False,False
0.98989898989899,12,12.0,0.02,0.07,1.5,3,98.0,1727,0.15,181,1546,152.0,0.0,1.03,40.0,0.76,0.0,0.14,98.0,13.0,152.0,21.3169,152.0,65.0,7.0,Massimo Giunta,Lorenzo Rottoli,M25 Tanger (Marruecos),2026-06-26,Clay,Buena,victorias,Regular,victorias,,,player2,True,False,False
0.98989898989899,12,12.0,0.02,0.07,1.5,3,98.0,1727,0.15,181,1546,152.0,0.0,1.03,40.0,0.76,0.0,0.14,98.0,13.0,152.0,21.3169,152.0,65.0,7.0,Massimo Giunta,Lorenzo Rottoli,M25 Tanger (Marruecos),2026-06-26,Clay,Buena,victorias,Regular,victorias,,,player2,True,False,False
0.98989898989899,12,12.0,0.02,0.07,1.5,3,98.0,1727,0.15,181,1546,152.0,0.0,1.03,40.0,0.76,0.0,0.14,98.0,13.0,152.0,21.3169,152.0,65.0,7.0,Massimo Giunta,Lorenzo Rottoli,M25 Tanger (Marruecos),2026-06-26,Clay,Buena,victorias,Regular,victorias,,,player2,True,False,False
0.73224043715847,6,6.0,0.03,0.02,16.875,2,134.0,1665,0.46,-65,1730,134.0,0.09,1.3,70.0,1.36,-48.0,0.18,182.0,11.0,134.0,3.0273,143.0,55.0,9.0,Karim Bennani,Johan Nikles,M25 Tanger (Marruecos),2026-06-26,Clay,Regular,victorias,Buena,victorias,,,player1,True,False,False
0.73224043715847,6,6.0,0.03,0.02,16.875,2,134.0,1665,0.46,-65,1730,134.0,0.09,1.3,70.0,1.36,-48.0,0.18,182.0,11.0,134.0,3.0273,143.0,55.0,9.0,Karim Bennani,Johan Nikles,M25 Tanger (Marruecos),2026-06-26,Clay,Regular,victorias,Buena,victorias,,,player1,True,False,False
0.73224043715847,6,6.0,0.03,0.02,16.875,2,134.0,1665,0.46,-65,1730,134.0,0.09,1.3,70.0,1.36,-48.0,0.18,182.0,11.0,134.0,3.0273,143.0,55.0,9.0,Karim Bennani,Johan Nikles,M25 Tanger (Marruecos),2026-06-26,Clay,Regular,victorias,Buena,victorias,,,player1,True,False,False
0.7297297297297297,43,8.0,0.13,0.15,189.39499999999998,2,81.0,1760,0.35,-135,1895,149.0,0.27,1.46,60.0,1.25,-29.0,0.27,110.0,12.0,149.0,56.456599999999995,159.0,60.0,8.0,Tatjana Maria,Jelena Ostapenko,Eastbourne (Reino Unido),2026-06-26,Grass,Buena,victorias,Buena,victorias,,,player1,False,True,False
0.7297297297297297,43,8.0,0.13,0.15,189.39499999999998,2,81.0,1760,0.35,-135,1895,149.0,0.27,1.46,60.0,1.25,-29.0,0.27,110.0,12.0,149.0,56.456599999999995,159.0,60.0,8.0,Tatjana Maria,Jelena Ostapenko,Eastbourne (Reino Unido),2026-06-26,Grass,Buena,victorias,Buena,victorias,,,player1,False,True,False
0.7297297297297297,43,8.0,0.13,0.15,189.39499999999998,2,81.0,1760,0.35,-135,1895,149.0,0.27,1.46,60.0,1.25,-29.0,0.27,110.0,12.0,149.0,56.456599999999995,159.0,60.0,8.0,Tatjana Maria,Jelena Ostapenko,Eastbourne (Reino Unido),2026-06-26,Grass,Buena,victorias,Buena,victorias,,,player1,False,True,False
0.2935323383084577,18,5.0,0.17,0.04,43.285000000000004,0,59.0,1806,0.22,-198,2004,132.0,0.27,1.32,75.0,1.6,-141.0,0.27,200.0,13.0,132.0,4.7614,171.0,65.0,7.0,Petra Marcinko,Madison Keys,Eastbourne (Reino Unido),2026-06-26,Grass,Buena,victorias,Excelente,victorias,,,player2,False,True,False
0.2935323383084577,18,5.0,0.17,0.04,43.285000000000004,0,59.0,1806,0.22,-198,2004,132.0,0.27,1.32,75.0,1.6,-141.0,0.27,200.0,13.0,132.0,4.7614,171.0,65.0,7.0,Petra Marcinko,Madison Keys,Eastbourne (Reino Unido),2026-06-26,Grass,Buena,victorias,Excelente,victorias,,,player2,False,True,False
0.2935323383084577,18,5.0,0.17,0.04,43.285000000000004,0,59.0,1806,0.22,-198,2004,132.0,0.27,1.32,75.0,1.6,-141.0,0.27,200.0,13.0,132.0,4.7614,171.0,65.0,7.0,Petra Marcinko,Madison Keys,Eastbourne (Reino Unido),2026-06-26,Grass,Buena,victorias,Excelente,victorias,,,player2,False,True,False
0.7828282828282829,3,7.0,0.05,0.03,11.25,2,155.0,1726,0.13,-2,1728,132.0,0.09,1.5,65.0,1.28,-42.0,0.19,197.0,14.0,132.0,0.0,139.0,70.0,6.0,Tiago Torres,Lui Maxted,M25 Porto (Portugal),2026-06-26,Hard,Buena,victorias,Buena,victorias,,,player1,False,False,True
0.7828282828282829,3,7.0,0.05,0.03,11.25,2,155.0,1726,0.13,-2,1728,132.0,0.09,1.5,65.0,1.28,-42.0,0.19,197.0,14.0,132.0,0.0,139.0,70.0,6.0,Tiago Torres,Lui Maxted,M25 Porto (Portugal),2026-06-26,Hard,Buena,victorias,Buena,victorias,,,player1,False,False,True
0.7828282828282829,3,7.0,0.05,0.03,11.25,2,155.0,1726,0.13,-2,1728,132.0,0.09,1.5,65.0,1.28,-42.0,0.19,197.0,14.0,132.0,0.0,139.0,70.0,6.0,Tiago Torres,Lui Maxted,M25 Porto (Portugal),2026-06-26,Hard,Buena,victorias,Buena,victorias,,,player1,False,False,True
7.0,5,6.0,0.03,0.06,0.0,1,63.0,1696,0.0,-13,1709,319.0,0.09,1.24,70.0,1.51,55.0,0.15,8.0,13.0,319.0,9.5287,168.0,65.0,7.0,Carl Emil Overbeck,Daniil Ostapenkov,M25 Porto (Portugal),2026-06-26,Hard,Buena,victorias,Buena,victorias,,,player1,False,False,True
7.0,5,6.0,0.03,0.06,0.0,1,63.0,1696,0.0,-13,1709,319.0,0.09,1.24,70.0,1.51,55.0,0.15,8.0,13.0,319.0,9.5287,168.0,65.0,7.0,Carl Emil Overbeck,Daniil Ostapenkov,M25 Porto (Portugal),2026-06-26,Hard,Buena,victorias,Buena,victorias,,,player1,False,False,True
7.0,5,6.0,0.03,0.06,0.0,1,63.0,1696,0.0,-13,1709,319.0,0.09,1.24,70.0,1.51,55.0,0.15,8.0,13.0,319.0,9.5287,168.0,65.0,7.0,Carl Emil Overbeck,Daniil Ostapenkov,M25 Porto (Portugal),2026-06-26,Hard,Buena,victorias,Buena,victorias,,,player1,False,False,True
0.3717948717948718,4,11.0,0.01,0.04,0.5999999999999999,1,58.0,1687,0.03,132,1555,139.0,0.16,1.34,45.0,1.27,-97.0,0.14,155.0,12.0,139.0,2.3824,172.0,60.0,8.0,Eliakim Coulibaly,Francisco Rocha,M25 Porto (Portugal),2026-06-26,Hard,Buena,victorias,Regular,victorias,,,player2,False,False,True
0.3717948717948718,4,11.0,0.01,0.04,0.5999999999999999,1,58.0,1687,0.03,132,1555,139.0,0.16,1.34,45.0,1.27,-97.0,0.14,155.0,12.0,139.0,2.3824,172.0,60.0,8.0,Eliakim Coulibaly,Francisco Rocha,M25 Porto (Portugal),2026-06-26,Hard,Buena,victorias,Regular,victorias,,,player2,False,False,True
0.3717948717948718,4,11.0,0.01,0.04,0.5999999999999999,1,58.0,1687,0.03,132,1555,139.0,0.16,1.34,45.0,1.27,-97.0,0.14,155.0,12.0,139.0,2.3824,172.0,60.0,8.0,Eliakim Coulibaly,Francisco Rocha,M25 Porto (Portugal),2026-06-26,Hard,Buena,victorias,Regular,victorias,,,player2,False,False,True
0.4182590233545648,0,12.838094764540818,0.0,0.02,0.0,0,197.0,1655,0.0,155,1500,97.0,0.0,1.41,17.622869786760088,0.0,-273.0,0.12,470.0,11.0,97.0,0.0,132.0,55.0,9.0,Oscar Weightman,Sergi Perez Contri,M25 Bakio (España),2026-06-26,Hard,Regular,victorias,,,,,player1,False,False,True
0.4182590233545648,0,12.838094764540818,0.0,0.02,0.0,0,197.0,1655,0.0,155,1500,97.0,0.0,1.41,17.622869786760088,0.0,-273.0,0.12,470.0,11.0,97.0,0.0,132.0,55.0,9.0,Oscar Weightman,Sergi Perez Contri,M25 Bakio (España),2026-06-26,Hard,Regular,victorias,,,,,player1,False,False,True
0.4182590233545648,0,12.838094764540818,0.0,0.02,0.0,0,197.0,1655,0.0,155,1500,97.0,0.0,1.41,17.622869786760088,0.0,-273.0,0.12,470.0,11.0,97.0,0.0,132.0,55.0,9.0,Oscar Weightman,Sergi Perez Contri,M25 Bakio (España),2026-06-26,Hard,Regular,victorias,,,,,player1,False,False,True
0.4182590233545648,0,12.838094764540818,0.0,0.02,0.0,0,197.0,1655,0.0,155,1500,97.0,0.0,1.41,17.622869786760088,0.0,-273.0,0.12,470.0,11.0,97.0,0.0,132.0,55.0,9.0,Oscar Weightman,Sergi Perez Contri,M25 Bakio (España),2026-06-26,Hard,Regular,victorias,,,,,player1,False,False,True
0.10891089108910891,0,10.0,0.04,0.0,0.0,0,22.0,1500,0.0,-132,1632,132.0,0.12,0.0,50.0,1.19,-179.0,0.0,201.0,7.154959884247165,132.0,0.0,223.0,35.77479942123583,12.845040115752838,Juan Bautista Torres,Joaquin Aguilar Cardozo,Piracicaba (Brasil),2026-06-26,Clay,,,Regular,derrotas,,,player2,True,False,False
0.10891089108910891,0,10.0,0.04,0.0,0.0,0,22.0,1500,0.0,-132,1632,132.0,0.12,0.0,50.0,1.19,-179.0,0.0,201.0,7.154959884247165,132.0,0.0,223.0,35.77479942123583,12.845040115752838,Juan Bautista Torres,Joaquin Aguilar Cardozo,Piracicaba (Brasil),2026-06-26,Clay,,,Regular,derrotas,,,player2,True,False,False
0.10891089108910891,0,10.0,0.04,0.0,0.0,0,22.0,1500,0.0,-132,1632,132.0,0.12,0.0,50.0,1.19,-179.0,0.0,201.0,7.154959884247165,132.0,0.0,223.0,35.77479942123583,12.845040115752838,Juan Bautista Torres,Joaquin Aguilar Cardozo,Piracicaba (Brasil),2026-06-26,Clay,,,Regular,derrotas,,,player2,True,False,False
0.55,0,2.454627642498161,0.0,0.03,0.0,2,22.0,1600,0.0,100,1500,190.0,0.0,1.29,6.545824391241724,0.0,-17.0,0.21,39.0,10.0,190.0,0.0,223.0,50.0,10.0,Nicolas Kicker,Nicolas Zanellato,Piracicaba (Brasil),2026-06-26,Clay,Regular,derrotas,,,,,player1,True,False,False
0.55,0,2.454627642498161,0.0,0.03,0.0,2,22.0,1600,0.0,100,1500,190.0,0.0,1.29,6.545824391241724,0.0,-17.0,0.21,39.0,10.0,190.0,0.0,223.0,50.0,10.0,Nicolas Kicker,Nicolas Zanellato,Piracicaba (Brasil),2026-06-26,Clay,Regular,derrotas,,,,,player1,True,False,False
0.55,0,2.454627642498161,0.0,0.03,0.0,2,22.0,1600,0.0,100,1500,190.0,0.0,1.29,6.545824391241724,0.0,-17.0,0.21,39.0,10.0,190.0,0.0,223.0,50.0,10.0,Nicolas Kicker,Nicolas Zanellato,Piracicaba (Brasil),2026-06-26,Clay,Regular,derrotas,,,,,player1,True,False,False
0.55,0,2.454627642498161,0.0,0.03,0.0,2,22.0,1600,0.0,100,1500,190.0,0.0,1.29,6.545824391241724,0.0,-17.0,0.21,39.0,10.0,190.0,0.0,223.0,50.0,10.0,Nicolas Kicker,Nicolas Zanellato,Piracicaba (Brasil),2026-06-26,Clay,Regular,derrotas,,,,,player1,True,False,False
0.2549019607843137,0,6.127244534528834,0.0,0.16,0.0,0,39.0,1697,0.0,197,1500,139.0,0.0,1.59,31.681135061045477,0.0,-113.0,0.0,152.0,14.0,139.0,0.0,190.0,73.7,5.0,Lucas Andrade Da Silva,Thiago Seyboth Wild,Piracicaba (Brasil),2026-06-26,Clay,Buena,victorias,,,,,player2,True,False,False
0.2549019607843137,0,6.127244534528834,0.0,0.16,0.0,0,39.0,1697,0.0,197,1500,139.0,0.0,1.59,31.681135061045477,0.0,-113.0,0.0,152.0,14.0,139.0,0.0,190.0,73.7,5.0,Lucas Andrade Da Silva,Thiago Seyboth Wild,Piracicaba (Brasil),2026-06-26,Clay,Buena,victorias,,,,,player2,True,False,False
0.2549019607843137,0,6.127244534528834,0.0,0.16,0.0,0,39.0,1697,0.0,197,1500,139.0,0.0,1.59,31.681135061045477,0.0,-113.0,0.0,152.0,14.0,139.0,0.0,190.0,73.7,5.0,Lucas Andrade Da Silva,Thiago Seyboth Wild,Piracicaba (Brasil),2026-06-26,Clay,Buena,victorias,,,,,player2,True,False,False
2.767857142857143,0,8.403913960151012,0.0,0.04,0.0,1,155.0,1788,-0.0,288,1500,1094.0,0.0,1.58,57.98043019924496,0.0,100.0,0.27,55.0,9.0,944.0,0.0,139.0,45.0,11.0,Nuno Borges,Ethan Quinn,Mallorca (España),2026-06-26,Grass,Regular,victorias,,,,,player2,False,True,False
2.767857142857143,0,8.403913960151012,0.0,0.04,0.0,1,155.0,1788,-0.0,288,1500,1094.0,0.0,1.58,57.98043019924496,0.0,100.0,0.27,55.0,9.0,944.0,0.0,139.0,45.0,11.0,Nuno Borges,Ethan Quinn,Mallorca (España),2026-06-26,Grass,Regular,victorias,,,,,player2,False,True,False
2.767857142857143,0,8.403913960151012,0.0,0.04,0.0,1,155.0,1788,-0.0,288,1500,1094.0,0.0,1.58,57.98043019924496,0.0,100.0,0.27,55.0,9.0,944.0,0.0,139.0,45.0,11.0,Nuno Borges,Ethan Quinn,Mallorca (España),2026-06-26,Grass,Regular,victorias,,,,,player2,False,True,False
0.5886075949367089,15,6.0,0.05,0.04,17.85,1,93.0,1613,0.5,-106,1719,138.0,0.34,0.97,70.0,1.06,-64.0,0.48,157.0,8.0,138.0,42.06850000000001,154.0,40.0,12.0,Sumit Nagal,Cezar Cretu,Targu Mures (Rumanía),2026-06-26,Clay,Regular,victorias,Buena,victorias,,,player1,True,False,False
0.5886075949367089,15,6.0,0.05,0.04,17.85,1,93.0,1613,0.5,-106,1719,138.0,0.34,0.97,70.0,1.06,-64.0,0.48,157.0,8.0,138.0,42.06850000000001,154.0,40.0,12.0,Sumit Nagal,Cezar Cretu,Targu Mures (Rumanía),2026-06-26,Clay,Regular,victorias,Buena,victorias,,,player1,True,False,False
0.5886075949367089,15,6.0,0.05,0.04,17.85,1,93.0,1613,0.5,-106,1719,138.0,0.34,0.97,70.0,1.06,-64.0,0.48,157.0,8.0,138.0,42.06850000000001,154.0,40.0,12.0,Sumit Nagal,Cezar Cretu,Targu Mures (Rumanía),2026-06-26,Clay,Regular,victorias,Buena,victorias,,,player1,True,False,False
0.4626865671641791,0,10.846311010423983,0.0,0.02,0.0,0,93.0,1671,0.0,171,1500,132.0,0.0,1.53,34.23155505211992,0.0,-107.0,0.24,200.0,13.0,132.0,0.0,154.0,65.0,7.0,Sahaja Yamalapalli,Savannah Broadus,"W35 Rome, GA (Estados Unidos)",2026-06-26,Hard,Buena,victorias,,,,,player1,False,False,True
0.4626865671641791,0,10.846311010423983,0.0,0.02,0.0,0,93.0,1671,0.0,171,1500,132.0,0.0,1.53,34.23155505211992,0.0,-107.0,0.24,200.0,13.0,132.0,0.0,154.0,65.0,7.0,Sahaja Yamalapalli,Savannah Broadus,"W35 Rome, GA (Estados Unidos)",2026-06-26,Hard,Buena,victorias,,,,,player1,False,False,True
0.4626865671641791,0,10.846311010423983,0.0,0.02,0.0,0,93.0,1671,0.0,171,1500,132.0,0.0,1.53,34.23155505211992,0.0,-107.0,0.24,200.0,13.0,132.0,0.0,154.0,65.0,7.0,Sahaja Yamalapalli,Savannah Broadus,"W35 Rome, GA (Estados Unidos)",2026-06-26,Hard,Buena,victorias,,,,,player1,False,False,True
0.9950248756218906,0,10.999999999999998,0.0,0.03,0.0,3,200.0,1773,0.0,273,1500,132.0,0.0,1.63,45.0,0.0,0.0,0.26,200.0,16.0,132.0,0.0,132.0,80.0,4.0,Madison Brengle,Amelia Honer,"W35 Rome, GA (Estados Unidos)",2026-06-26,Hard,Excelente,victorias,,,,,player2,False,False,True
0.9950248756218906,0,10.999999999999998,0.0,0.03,0.0,3,200.0,1773,0.0,273,1500,132.0,0.0,1.63,45.0,0.0,0.0,0.26,200.0,16.0,132.0,0.0,132.0,80.0,4.0,Madison Brengle,Amelia Honer,"W35 Rome, GA (Estados Unidos)",2026-06-26,Hard,Excelente,victorias,,,,,player2,False,False,True
0.9950248756218906,0,10.999999999999998,0.0,0.03,0.0,3,200.0,1773,0.0,273,1500,132.0,0.0,1.63,45.0,0.0,0.0,0.26,200.0,16.0,132.0,0.0,132.0,80.0,4.0,Madison Brengle,Amelia Honer,"W35 Rome, GA (Estados Unidos)",2026-06-26,Hard,Excelente,victorias,,,,,player2,False,False,True
0.4975124378109453,0,11.999999999999998,0.0,0.02,0.0,1,100.0,1637,0.0,137,1500,132.0,0.0,1.4,40.0,0.0,-100.0,0.22,200.0,12.0,132.0,0.0,152.0,60.0,8.0,Ena Koike,Ayana Akli,"W35 Rome, GA (Estados Unidos)",2026-06-26,Hard,Buena,victorias,,,,,player2,False,False,True
0.4975124378109453,0,11.999999999999998,0.0,0.02,0.0,1,100.0,1637,0.0,137,1500,132.0,0.0,1.4,40.0,0.0,-100.0,0.22,200.0,12.0,132.0,0.0,152.0,60.0,8.0,Ena Koike,Ayana Akli,"W35 Rome, GA (Estados Unidos)",2026-06-26,Hard,Buena,victorias,,,,,player2,False,False,True
0.4975124378109453,0,11.999999999999998,0.0,0.02,0.0,1,100.0,1637,0.0,137,1500,132.0,0.0,1.4,40.0,0.0,-100.0,0.22,200.0,12.0,132.0,0.0,152.0,60.0,8.0,Ena Koike,Ayana Akli,"W35 Rome, GA (Estados Unidos)",2026-06-26,Hard,Buena,victorias,,,,,player2,False,False,True
0.23383084577114427,0,10.187275522878267,0.0,0.03,0.0,0,47.0,1635,0.0,135,1500,132.0,0.0,1.39,31.671318575203596,0.0,-153.0,0.22,200.0,13.0,132.0,0.0,181.0,65.0,7.0,Ariana Arseneault,Jo-Yee Chan,"W35 Rome, GA (Estados Unidos)",2026-06-26,Hard,Buena,derrotas,,,,,player2,False,False,True
0.23383084577114427,0,10.187275522878267,0.0,0.03,0.0,0,47.0,1635,0.0,135,1500,132.0,0.0,1.39,31.671318575203596,0.0,-153.0,0.22,200.0,13.0,132.0,0.0,181.0,65.0,7.0,Ariana Arseneault,Jo-Yee Chan,"W35 Rome, GA (Estados Unidos)",2026-06-26,Hard,Buena,derrotas,,,,,player2,False,False,True
0.23383084577114427,0,10.187275522878267,0.0,0.03,0.0,0,47.0,1635,0.0,135,1500,132.0,0.0,1.39,31.671318575203596,0.0,-153.0,0.22,200.0,13.0,132.0,0.0,181.0,65.0,7.0,Ariana Arseneault,Jo-Yee Chan,"W35 Rome, GA (Estados Unidos)",2026-06-26,Hard,Buena,derrotas,,,,,player2,False,False,True
0.16161616161616163,0,4.420036881886028,0.0,0.05,0.0,0,32.0,1795,-0.0,295,1500,132.0,0.0,1.61,31.325826655135668,0.0,-165.0,0.27,197.0,10.0,132.0,0.0,200.0,50.0,10.0,Zizou Bergs,Toby Samuel,Eastbourne (Reino Unido),2026-06-26,Grass,Regular,victorias,,,,,player1,False,True,False
0.16161616161616163,0,4.420036881886028,0.0,0.05,0.0,0,32.0,1795,-0.0,295,1500,132.0,0.0,1.61,31.325826655135668,0.0,-165.0,0.27,197.0,10.0,132.0,0.0,200.0,50.0,10.0,Zizou Bergs,Toby Samuel,Eastbourne (Reino Unido),2026-06-26,Grass,Regular,victorias,,,,,player1,False,True,False
0.16161616161616163,0,4.420036881886028,0.0,0.05,0.0,0,32.0,1795,-0.0,295,1500,132.0,0.0,1.61,31.325826655135668,0.0,-165.0,0.27,197.0,10.0,132.0,0.0,200.0,50.0,10.0,Zizou Bergs,Toby Samuel,Eastbourne (Reino Unido),2026-06-26,Grass,Regular,victorias,,,,,player1,False,True,False
2.5256410256410255,0,13.690324873358483,0.0,0.12,0.0,0,197.0,1954,-0.0,454,1500,161.0,0.0,1.68,31.548375633207584,0.0,120.0,0.27,77.0,13.0,161.0,0.0,132.0,65.0,7.0,Jack Draper,Ugo Humbert,Eastbourne (Reino Unido),2026-06-26,Grass,Buena,victorias,,,,,player2,False,True,False
2.5256410256410255,0,13.690324873358483,0.0,0.12,0.0,0,197.0,1954,-0.0,454,1500,161.0,0.0,1.68,31.548375633207584,0.0,120.0,0.27,77.0,13.0,161.0,0.0,132.0,65.0,7.0,Jack Draper,Ugo Humbert,Eastbourne (Reino Unido),2026-06-26,Grass,Buena,victorias,,,,,player2,False,True,False
2.5256410256410255,0,13.690324873358483,0.0,0.12,0.0,0,197.0,1954,-0.0,454,1500,161.0,0.0,1.68,31.548375633207584,0.0,120.0,0.27,77.0,13.0,161.0,0.0,132.0,65.0,7.0,Jack Draper,Ugo Humbert,Eastbourne (Reino Unido),2026-06-26,Grass,Buena,victorias,,,,,player2,False,True,False
0.5952380952380952,0,9.0,0.0,0.12,0.0,2,25.0,1773,0.0,273,1500,187.0,0.0,1.19,24.999999999999996,0.0,-16.0,0.2,41.0,14.0,187.0,0.0,215.0,70.0,6.0,Sandro Kopp,Petr Nesterov,Plovdiv (Bulgaria),2026-06-26,Clay,Buena,victorias,,,,,player1,True,False,False
0.5952380952380952,0,9.0,0.0,0.12,0.0,2,25.0,1773,0.0,273,1500,187.0,0.0,1.19,24.999999999999996,0.0,-16.0,0.2,41.0,14.0,187.0,0.0,215.0,70.0,6.0,Sandro Kopp,Petr Nesterov,Plovdiv (Bulgaria),2026-06-26,Clay,Buena,victorias,,,,,player1,True,False,False
0.5952380952380952,0,9.0,0.0,0.12,0.0,2,25.0,1773,0.0,273,1500,187.0,0.0,1.19,24.999999999999996,0.0,-16.0,0.2,41.0,14.0,187.0,0.0,215.0,70.0,6.0,Sandro Kopp,Petr Nesterov,Plovdiv (Bulgaria),2026-06-26,Clay,Buena,victorias,,,,,player1,True,False,False
0.6666666666666666,0,11.63235995675322,0.0,0.03,0.0,2,52.0,1645,0.0,145,1500,161.0,0.0,1.33,41.83820021623389,0.0,-25.0,0.25,77.0,9.0,161.0,0.0,176.0,45.0,11.0,Fangran Tian,Amandine Hesse,W50 Palma del Rio (España),2026-06-26,Hard,Regular,victorias,,,,,player1,False,False,True
0.6666666666666666,0,11.63235995675322,0.0,0.03,0.0,2,52.0,1645,0.0,145,1500,161.0,0.0,1.33,41.83820021623389,0.0,-25.0,0.25,77.0,9.0,161.0,0.0,176.0,45.0,11.0,Fangran Tian,Amandine Hesse,W50 Palma del Rio (España),2026-06-26,Hard,Regular,victorias,,,,,player2,False,False,True
0.6666666666666666,0,11.63235995675322,0.0,0.03,0.0,2,52.0,1645,0.0,145,1500,161.0,0.0,1.33,41.83820021623389,0.0,-25.0,0.25,77.0,9.0,161.0,0.0,176.0,45.0,11.0,Fangran Tian,Amandine Hesse,W50 Palma del Rio (España),2026-06-26,Hard,Regular,victorias,,,,,player2,False,False,True
0.6666666666666666,0,11.63235995675322,0.0,0.03,0.0,2,52.0,1645,0.0,145,1500,161.0,0.0,1.33,41.83820021623389,0.0,-25.0,0.25,77.0,9.0,161.0,0.0,176.0,45.0,11.0,Fangran Tian,Amandine Hesse,W50 Palma del Rio (España),2026-06-26,Hard,Regular,victorias,,,,,player2,False,False,True
0.11940298507462686,0,12.000000000000002,0.0,0.03,0.0,0,24.0,1570,0.0,70,1500,132.0,0.0,1.33,40.0,0.0,-176.0,0.24,200.0,9.0,132.0,0.0,217.0,45.0,11.0,Elena Micic,Carolyn Ansari,W50 Palma del Rio (España),2026-06-26,Hard,Regular,victorias,,,,,player1,False,False,True
0.11940298507462686,0,12.000000000000002,0.0,0.03,0.0,0,24.0,1570,0.0,70,1500,132.0,0.0,1.33,40.0,0.0,-176.0,0.24,200.0,9.0,132.0,0.0,217.0,45.0,11.0,Elena Micic,Carolyn Ansari,W50 Palma del Rio (España),2026-06-26,Hard,Regular,victorias,,,,,player1,False,False,True
0.11940298507462686,0,12.000000000000002,0.0,0.03,0.0,0,24.0,1570,0.0,70,1500,132.0,0.0,1.33,40.0,0.0,-176.0,0.24,200.0,9.0,132.0,0.0,217.0,45.0,11.0,Elena Micic,Carolyn Ansari,W50 Palma del Rio (España),2026-06-26,Hard,Regular,victorias,,,,,player1,False,False,True
0.11940298507462686,0,12.000000000000002,0.0,0.03,0.0,0,24.0,1570,0.0,70,1500,132.0,0.0,1.33,40.0,0.0,-176.0,0.24,200.0,9.0,132.0,0.0,217.0,45.0,11.0,Elena Micic,Carolyn Ansari,W50 Palma del Rio (España),2026-06-26,Hard,Regular,victorias,,,,,player1,False,False,True
21.22222222222222,0,9.799212081862892,0.0,0.03,0.0,0,191.0,1710,0.0,210,1500,319.0,0.0,1.47,25.391323243571268,0.0,183.0,0.27,8.0,12.0,319.0,0.0,133.0,60.0,8.0,Ayla Aksu,Anna Kubareva,W50 Palma del Rio (España),2026-06-26,Hard,Buena,derrotas,,,,,player1,False,False,True
21.22222222222222,0,9.799212081862892,0.0,0.03,0.0,0,191.0,1710,0.0,210,1500,319.0,0.0,1.47,25.391323243571268,0.0,183.0,0.27,8.0,12.0,319.0,0.0,133.0,60.0,8.0,Ayla Aksu,Anna Kubareva,W50 Palma del Rio (España),2026-06-26,Hard,Buena,derrotas,,,,,player1,False,False,True
21.22222222222222,0,9.799212081862892,0.0,0.03,0.0,0,191.0,1710,0.0,210,1500,319.0,0.0,1.47,25.391323243571268,0.0,183.0,0.27,8.0,12.0,319.0,0.0,133.0,60.0,8.0,Ayla Aksu,Anna Kubareva,W50 Palma del Rio (España),2026-06-26,Hard,Buena,derrotas,,,,,player1,False,False,True
2.6226415094339623,0,12.000000000000004,0.0,0.03,0.0,1,139.0,1739,0.0,239,1500,176.0,0.0,1.55,38.29404406979193,0.0,87.0,0.24,52.0,14.0,176.0,0.0,142.0,70.0,6.0,Eva Vedder,Han Shi,W50 Palma del Rio (España),2026-06-26,Hard,Buena,victorias,,,,,player1,False,False,True
2.6226415094339623,0,12.000000000000004,0.0,0.03,0.0,1,139.0,1739,0.0,239,1500,176.0,0.0,1.55,38.29404406979193,0.0,87.0,0.24,52.0,14.0,176.0,0.0,142.0,70.0,6.0,Eva Vedder,Han Shi,W50 Palma del Rio (España),2026-06-26,Hard,Buena,victorias,,,,,player1,False,False,True
2.6226415094339623,0,12.000000000000004,0.0,0.03,0.0,1,139.0,1739,0.0,239,1500,176.0,0.0,1.55,38.29404406979193,0.0,87.0,0.24,52.0,14.0,176.0,0.0,142.0,70.0,6.0,Eva Vedder,Han Shi,W50 Palma del Rio (España),2026-06-26,Hard,Buena,victorias,,,,,player1,False,False,True
2.6226415094339623,0,12.000000000000004,0.0,0.03,0.0,1,139.0,1739,0.0,239,1500,176.0,0.0,1.55,38.29404406979193,0.0,87.0,0.24,52.0,14.0,176.0,0.0,142.0,70.0,6.0,Eva Vedder,Han Shi,W50 Palma del Rio (España),2026-06-26,Hard,Buena,victorias,,,,,player1,False,False,True
0.9950248756218906,0,12.000000000000002,0.0,0.01,0.0,3,200.0,1531,0.0,31,1500,132.0,0.0,1.36,40.0,0.0,0.0,0.15,200.0,7.0,132.0,0.0,132.0,35.0,13.0,Midori Castillo Meza,Amy Zhu,"W15 Claremont, CA (Estados Unidos)",2026-06-26,Hard,Mala,victorias,,,,,player1,False,False,True
0.9950248756218906,0,12.000000000000002,0.0,0.01,0.0,3,200.0,1531,0.0,31,1500,132.0,0.0,1.36,40.0,0.0,0.0,0.15,200.0,7.0,132.0,0.0,132.0,35.0,13.0,Midori Castillo Meza,Amy Zhu,"W15 Claremont, CA (Estados Unidos)",2026-06-26,Hard,Mala,victorias,,,,,player1,False,False,True
0.9950248756218906,0,12.000000000000002,0.0,0.01,0.0,3,200.0,1531,0.0,31,1500,132.0,0.0,1.36,40.0,0.0,0.0,0.15,200.0,7.0,132.0,0.0,132.0,35.0,13.0,Midori Castillo Meza,Amy Zhu,"W15 Claremont, CA (Estados Unidos)",2026-06-26,Hard,Mala,victorias,,,,,player1,False,False,True
0.9950248756218906,0,12.000000000000002,0.0,0.01,0.0,3,200.0,1531,0.0,31,1500,132.0,0.0,1.36,40.0,0.0,0.0,0.15,200.0,7.0,132.0,0.0,132.0,35.0,13.0,Midori Castillo Meza,Amy Zhu,"W15 Claremont, CA (Estados Unidos)",2026-06-26,Hard,Mala,victorias,,,,,player1,False,False,True
0.9950248756218906,0,9.552888314058594,0.0,0.03,0.0,3,200.0,1705,0.0,205,1500,132.0,0.0,1.6,36.028751938630855,0.0,0.0,0.2,200.0,14.0,132.0,0.0,132.0,70.0,6.0,Anne-Christine Lutkemeyer,Alexis Nguyen,"W15 Claremont, CA (Estados Unidos)",2026-06-26,Hard,Buena,victorias,,,,,player1,False,False,True
0.9950248756218906,0,9.552888314058594,0.0,0.03,0.0,3,200.0,1705,0.0,205,1500,132.0,0.0,1.6,36.028751938630855,0.0,0.0,0.2,200.0,14.0,132.0,0.0,132.0,70.0,6.0,Anne-Christine Lutkemeyer,Alexis Nguyen,"W15 Claremont, CA (Estados Unidos)",2026-06-26,Hard,Buena,victorias,,,,,player2,False,False,True
0.9950248756218906,0,9.552888314058594,0.0,0.03,0.0,3,200.0,1705,0.0,205,1500,132.0,0.0,1.6,36.028751938630855,0.0,0.0,0.2,200.0,14.0,132.0,0.0,132.0,70.0,6.0,Anne-Christine Lutkemeyer,Alexis Nguyen,"W15 Claremont, CA (Estados Unidos)",2026-06-26,Hard,Buena,victorias,,,,,player2,False,False,True
0.9950248756218906,0,9.552888314058594,0.0,0.03,0.0,3,200.0,1705,0.0,205,1500,132.0,0.0,1.6,36.028751938630855,0.0,0.0,0.2,200.0,14.0,132.0,0.0,132.0,70.0,6.0,Anne-Christine Lutkemeyer,Alexis Nguyen,"W15 Claremont, CA (Estados Unidos)",2026-06-26,Hard,Buena,victorias,,,,,player2,False,False,True
2.5641025641025643,1,11.0,0.01,0.02,0.0,0,200.0,1587,0.0,102,1485,161.0,0.0,1.32,35.3,1.26,123.0,0.14,77.0,9.0,161.0,0.0,132.0,45.0,11.0,Dominick Mosejczuk,Mathys Picard,M15 Monastir 24 (Túnez),2026-06-26,Hard,Regular,victorias,Mala,victorias,,,player2,False,False,True
2.5641025641025643,1,11.0,0.01,0.02,0.0,0,200.0,1587,0.0,102,1485,161.0,0.0,1.32,35.3,1.26,123.0,0.14,77.0,9.0,161.0,0.0,132.0,45.0,11.0,Dominick Mosejczuk,Mathys Picard,M15 Monastir 24 (Túnez),2026-06-26,Hard,Regular,victorias,Mala,victorias,,,player2,False,False,True
2.5641025641025643,1,11.0,0.01,0.02,0.0,0,200.0,1587,0.0,102,1485,161.0,0.0,1.32,35.3,1.26,123.0,0.14,77.0,9.0,161.0,0.0,132.0,45.0,11.0,Dominick Mosejczuk,Mathys Picard,M15 Monastir 24 (Túnez),2026-06-26,Hard,Regular,victorias,Mala,victorias,,,player2,False,False,True
1.1299435028248588,2,8.0,0.03,0.01,11.25,2,200.0,1449,0.13,-235,1684,135.0,0.12,1.21,60.0,1.37,24.0,0.15,176.0,6.0,135.0,0.0,132.0,30.0,14.0,Alexander Frusina,Roger Pascual Ferra,M15 Monastir 24 (Túnez),2026-06-26,Hard,Mala,victorias,Buena,victorias,,,player2,False,False,True
1.1299435028248588,2,8.0,0.03,0.01,11.25,2,200.0,1449,0.13,-235,1684,135.0,0.12,1.21,60.0,1.37,24.0,0.15,176.0,6.0,135.0,0.0,132.0,30.0,14.0,Alexander Frusina,Roger Pascual Ferra,M15 Monastir 24 (Túnez),2026-06-26,Hard,Mala,victorias,Buena,victorias,,,player2,False,False,True
1.1299435028248588,2,8.0,0.03,0.01,11.25,2,200.0,1449,0.13,-235,1684,135.0,0.12,1.21,60.0,1.37,24.0,0.15,176.0,6.0,135.0,0.0,132.0,30.0,14.0,Alexander Frusina,Roger Pascual Ferra,M15 Monastir 24 (Túnez),2026-06-26,Hard,Mala,victorias,Buena,victorias,,,player2,False,False,True
0.6,8,4.0,0.04,0.04,3.0,1,81.0,1680,0.21,-151,1831,143.0,0.0,1.27,80.0,1.5,-53.0,0.16,134.0,11.0,143.0,11.2738,159.0,55.0,9.0,Florian Broska,Yassine Dlimi,M25 Tanger (Marruecos),2026-06-26,Clay,Regular,victorias,Excelente,victorias,,,player2,True,False,False
0.6,8,4.0,0.04,0.04,3.0,1,81.0,1680,0.21,-151,1831,143.0,0.0,1.27,80.0,1.5,-53.0,0.16,134.0,11.0,143.0,11.2738,159.0,55.0,9.0,Florian Broska,Yassine Dlimi,M25 Tanger (Marruecos),2026-06-26,Clay,Regular,victorias,Excelente,victorias,,,player2,True,False,False
0.6,8,4.0,0.04,0.04,3.0,1,81.0,1680,0.21,-151,1831,143.0,0.0,1.27,80.0,1.5,-53.0,0.16,134.0,11.0,143.0,11.2738,159.0,55.0,9.0,Florian Broska,Yassine Dlimi,M25 Tanger (Marruecos),2026-06-26,Clay,Regular,victorias,Excelente,victorias,,,player2,True,False,False
1.7179487179487178,6,8.0,0.18,0.06,6.5,1,134.0,1632,0.3,-182,1814,161.0,0.17,0.84,60.0,1.11,57.0,0.17,77.0,9.0,161.0,16.0195,143.0,45.0,11.0,Reda Bennani,Sean Cuenin,M25 Tanger (Marruecos),2026-06-26,Clay,Regular,victorias,Buena,victorias,,,player2,True,False,False
1.7179487179487178,6,8.0,0.18,0.06,6.5,1,134.0,1632,0.3,-182,1814,161.0,0.17,0.84,60.0,1.11,57.0,0.17,77.0,9.0,161.0,16.0195,143.0,45.0,11.0,Reda Bennani,Sean Cuenin,M25 Tanger (Marruecos),2026-06-26,Clay,Regular,victorias,Buena,victorias,,,player2,True,False,False
1.7179487179487178,6,8.0,0.18,0.06,6.5,1,134.0,1632,0.3,-182,1814,161.0,0.17,0.84,60.0,1.11,57.0,0.17,77.0,9.0,161.0,16.0195,143.0,45.0,11.0,Reda Bennani,Sean Cuenin,M25 Tanger (Marruecos),2026-06-26,Clay,Regular,victorias,Buena,victorias,,,player2,True,False,False
0.98989898989899,12,12.0,0.02,0.07,1.5,3,98.0,1727,0.15,181,1546,152.0,0.0,1.03,40.0,0.76,0.0,0.14,98.0,13.0,152.0,21.3169,152.0,65.0,7.0,Massimo Giunta,Lorenzo Rottoli,M25 Tanger (Marruecos),2026-06-26,Clay,Buena,victorias,Regular,victorias,,,player2,True,False,False
0.98989898989899,12,12.0,0.02,0.07,1.5,3,98.0,1727,0.15,181,1546,152.0,0.0,1.03,40.0,0.76,0.0,0.14,98.0,13.0,152.0,21.3169,152.0,65.0,7.0,Massimo Giunta,Lorenzo Rottoli,M25 Tanger (Marruecos),2026-06-26,Clay,Buena,victorias,Regular,victorias,,,player2,True,False,False
0.98989898989899,12,12.0,0.02,0.07,1.5,3,98.0,1727,0.15,181,1546,152.0,0.0,1.03,40.0,0.76,0.0,0.14,98.0,13.0,152.0,21.3169,152.0,65.0,7.0,Massimo Giunta,Lorenzo Rottoli,M25 Tanger (Marruecos),2026-06-26,Clay,Buena,victorias,Regular,victorias,,,player2,True,False,False
0.73224043715847,6,6.0,0.03,0.02,16.875,2,134.0,1665,0.46,-65,1730,134.0,0.09,1.3,70.0,1.36,-48.0,0.18,182.0,11.0,134.0,3.0273,143.0,55.0,9.0,Karim Bennani,Johan Nikles,M25 Tanger (Marruecos),2026-06-26,Clay,Regular,victorias,Buena,victorias,,,player1,True,False,False
0.73224043715847,6,6.0,0.03,0.02,16.875,2,134.0,1665,0.46,-65,1730,134.0,0.09,1.3,70.0,1.36,-48.0,0.18,182.0,11.0,134.0,3.0273,143.0,55.0,9.0,Karim Bennani,Johan Nikles,M25 Tanger (Marruecos),2026-06-26,Clay,Regular,victorias,Buena,victorias,,,player1,True,False,False
0.73224043715847,6,6.0,0.03,0.02,16.875,2,134.0,1665,0.46,-65,1730,134.0,0.09,1.3,70.0,1.36,-48.0,0.18,182.0,11.0,134.0,3.0273,143.0,55.0,9.0,Karim Bennani,Johan Nikles,M25 Tanger (Marruecos),2026-06-26,Clay,Regular,victorias,Buena,victorias,,,player1,True,False,False
0.5547945205479452,2,13.0,0.0,0.01,0.0,1,81.0,1572,0.0,127,1445,140.0,0.0,1.36,35.0,1.25,-64.0,0.18,145.0,11.0,140.0,0.0,159.0,55.0,9.0,Stefan Seifert,Leyton Rivera,M15 Rzeszow (Polonia),2026-06-26,Clay,Regular,victorias,Mala,victorias,,,player1,True,False,False
0.5547945205479452,2,13.0,0.0,0.01,0.0,1,81.0,1572,0.0,127,1445,140.0,0.0,1.36,35.0,1.25,-64.0,0.18,145.0,11.0,140.0,0.0,159.0,55.0,9.0,Stefan Seifert,Leyton Rivera,M15 Rzeszow (Polonia),2026-06-26,Clay,Regular,victorias,Mala,victorias,,,player1,True,False,False
0.5547945205479452,2,13.0,0.0,0.01,0.0,1,81.0,1572,0.0,127,1445,140.0,0.0,1.36,35.0,1.25,-64.0,0.18,145.0,11.0,140.0,0.0,159.0,55.0,9.0,Stefan Seifert,Leyton Rivera,M15 Rzeszow (Polonia),2026-06-26,Clay,Regular,victorias,Mala,victorias,,,player1,True,False,False
0.7297297297297297,43,8.0,0.13,0.15,189.395,2,81.0,1759,0.35,-136,1895,149.0,0.27,1.46,60.0,1.25,-29.0,0.27,110.0,12.0,149.0,56.456599999999995,159.0,60.0,8.0,Tatjana Maria,Jelena Ostapenko,Eastbourne (Reino Unido),2026-06-26,Grass,Buena,victorias,Buena,victorias,,,player1,False,True,False
0.7297297297297297,43,8.0,0.13,0.15,189.395,2,81.0,1759,0.35,-136,1895,149.0,0.27,1.46,60.0,1.25,-29.0,0.27,110.0,12.0,149.0,56.456599999999995,159.0,60.0,8.0,Tatjana Maria,Jelena Ostapenko,Eastbourne (Reino Unido),2026-06-26,Grass,Buena,victorias,Buena,victorias,,,player1,False,True,False
0.7297297297297297,43,8.0,0.13,0.15,189.395,2,81.0,1759,0.35,-136,1895,149.0,0.27,1.46,60.0,1.25,-29.0,0.27,110.0,12.0,149.0,56.456599999999995,159.0,60.0,8.0,Tatjana Maria,Jelena Ostapenko,Eastbourne (Reino Unido),2026-06-26,Grass,Buena,victorias,Buena,victorias,,,player1,False,True,False
0.2935323383084577,18,5.0,0.17,0.04,43.285000000000004,0,59.0,1797,0.22,-207,2004,132.0,0.27,1.32,75.0,1.6,-141.0,0.27,200.0,13.0,132.0,4.7614,171.0,65.0,7.0,Petra Marcinko,Madison Keys,Eastbourne (Reino Unido),2026-06-26,Grass,Buena,victorias,Excelente,victorias,,,player2,False,True,False
0.2935323383084577,18,5.0,0.17,0.04,43.285000000000004,0,59.0,1797,0.22,-207,2004,132.0,0.27,1.32,75.0,1.6,-141.0,0.27,200.0,13.0,132.0,4.7614,171.0,65.0,7.0,Petra Marcinko,Madison Keys,Eastbourne (Reino Unido),2026-06-26,Grass,Buena,victorias,Excelente,victorias,,,player2,False,True,False
0.2935323383084577,18,5.0,0.17,0.04,43.285000000000004,0,59.0,1797,0.22,-207,2004,132.0,0.27,1.32,75.0,1.6,-141.0,0.27,200.0,13.0,132.0,4.7614,171.0,65.0,7.0,Petra Marcinko,Madison Keys,Eastbourne (Reino Unido),2026-06-26,Grass,Buena,victorias,Excelente,victorias,,,player2,False,True,False
0.98989898989899,4,14.0,0.01,0.02,0.0,3,98.0,1635,0.0,176,1459,152.0,0.18,1.11,30.0,0.93,0.0,0.4,98.0,12.0,152.0,7.7637,152.0,60.0,8.0,Federico Arnaboldi,Filiberto Fumagalli,M15 Bergamo (Italia),2026-06-26,Clay,Buena,victorias,Mala,victorias,,,player1,True,False,False
0.98989898989899,4,14.0,0.01,0.02,0.0,3,98.0,1635,0.0,176,1459,152.0,0.18,1.11,30.0,0.93,0.0,0.4,98.0,12.0,152.0,7.7637,152.0,60.0,8.0,Federico Arnaboldi,Filiberto Fumagalli,M15 Bergamo (Italia),2026-06-26,Clay,Buena,victorias,Mala,victorias,,,player1,True,False,False
0.98989898989899,4,14.0,0.01,0.02,0.0,3,98.0,1635,0.0,176,1459,152.0,0.18,1.11,30.0,0.93,0.0,0.4,98.0,12.0,152.0,7.7637,152.0,60.0,8.0,Federico Arnaboldi,Filiberto Fumagalli,M15 Bergamo (Italia),2026-06-26,Clay,Buena,victorias,Mala,victorias,,,player1,True,False,False
2.4390243902439024,7,13.0,0.02,0.03,0.9499999999999997,0,200.0,1631,0.09,72,1559,159.0,0.24,1.28,35.0,1.18,119.0,0.15,81.0,11.0,159.0,7.7699,132.0,55.0,9.0,Hibah Shaikh,Mina Hodzic,W50 Gdansk (Polonia),2026-06-26,Clay,Regular,victorias,Mala,victorias,,,player2,True,False,False
2.4390243902439024,7,13.0,0.02,0.03,0.9499999999999997,0,200.0,1631,0.09,72,1559,159.0,0.24,1.28,35.0,1.18,119.0,0.15,81.0,11.0,159.0,7.7699,132.0,55.0,9.0,Hibah Shaikh,Mina Hodzic,W50 Gdansk (Polonia),2026-06-26,Clay,Regular,victorias,Mala,victorias,,,player2,True,False,False
2.4390243902439024,7,13.0,0.02,0.03,0.9499999999999997,0,200.0,1631,0.09,72,1559,159.0,0.24,1.28,35.0,1.18,119.0,0.15,81.0,11.0,159.0,7.7699,132.0,55.0,9.0,Hibah Shaikh,Mina Hodzic,W50 Gdansk (Polonia),2026-06-26,Clay,Regular,victorias,Mala,victorias,,,player2,True,False,False
2.4444444444444446,7,14.0,0.03,0.02,28.45,1,154.0,1607,0.53,43,1564,169.0,0.24,1.26,30.0,1.15,92.0,0.19,62.0,10.0,169.0,6.5097,139.0,50.0,10.0,Weronika Ewald,Barbora Palicova,W50 Gdansk (Polonia),2026-06-26,Clay,Regular,victorias,Mala,victorias,,,player1,True,False,False
2.4444444444444446,7,14.0,0.03,0.02,28.45,1,154.0,1607,0.53,43,1564,169.0,0.24,1.26,30.0,1.15,92.0,0.19,62.0,10.0,169.0,6.5097,139.0,50.0,10.0,Weronika Ewald,Barbora Palicova,W50 Gdansk (Polonia),2026-06-26,Clay,Regular,victorias,Mala,victorias,,,player1,True,False,False
2.4444444444444446,7,14.0,0.03,0.02,28.45,1,154.0,1607,0.53,43,1564,169.0,0.24,1.26,30.0,1.15,92.0,0.19,62.0,10.0,169.0,6.5097,139.0,50.0,10.0,Weronika Ewald,Barbora Palicova,W50 Gdansk (Polonia),2026-06-26,Clay,Regular,victorias,Mala,victorias,,,player1,True,False,False
7.0,5,6.0,0.03,0.06,0.0,1,63.0,1696,0.0,-13,1709,319.0,0.09,1.24,70.0,1.51,55.0,0.15,8.0,13.0,319.0,9.5287,168.0,65.0,7.0,Carl Emil Overbeck,Daniil Ostapenkov,M25 Porto (Portugal),2026-06-26,Hard,Buena,victorias,Buena,victorias,,,player1,False,False,True
7.0,5,6.0,0.03,0.06,0.0,1,63.0,1696,0.0,-13,1709,319.0,0.09,1.24,70.0,1.51,55.0,0.15,8.0,13.0,319.0,9.5287,168.0,65.0,7.0,Carl Emil Overbeck,Daniil Ostapenkov,M25 Porto (Portugal),2026-06-26,Hard,Buena,victorias,Buena,victorias,,,player1,False,False,True
7.0,5,6.0,0.03,0.06,0.0,1,63.0,1696,0.0,-13,1709,319.0,0.09,1.24,70.0,1.51,55.0,0.15,8.0,13.0,319.0,9.5287,168.0,65.0,7.0,Carl Emil Overbeck,Daniil Ostapenkov,M25 Porto (Portugal),2026-06-26,Hard,Buena,victorias,Buena,victorias,,,player1,False,False,True
0.3717948717948718,4,11.0,0.01,0.04,0.5999999999999999,1,58.0,1687,0.03,132,1555,139.0,0.16,1.34,45.0,1.27,-97.0,0.14,155.0,12.0,139.0,2.3824,172.0,60.0,8.0,Eliakim Coulibaly,Francisco Rocha,M25 Porto (Portugal),2026-06-26,Hard,Buena,victorias,Regular,victorias,,,player2,False,False,True
0.3717948717948718,4,11.0,0.01,0.04,0.5999999999999999,1,58.0,1687,0.03,132,1555,139.0,0.16,1.34,45.0,1.27,-97.0,0.14,155.0,12.0,139.0,2.3824,172.0,60.0,8.0,Eliakim Coulibaly,Francisco Rocha,M25 Porto (Portugal),2026-06-26,Hard,Buena,victorias,Regular,victorias,,,player2,False,False,True
0.3717948717948718,4,11.0,0.01,0.04,0.5999999999999999,1,58.0,1687,0.03,132,1555,139.0,0.16,1.34,45.0,1.27,-97.0,0.14,155.0,12.0,139.0,2.3824,172.0,60.0,8.0,Eliakim Coulibaly,Francisco Rocha,M25 Porto (Portugal),2026-06-26,Hard,Buena,victorias,Regular,victorias,,,player2,False,False,True
0.5886075949367089,15,6.0,0.05,0.04,17.85,1,93.0,1613,0.5,-106,1719,138.0,0.34,0.97,70.0,1.06,-64.0,0.48,157.0,8.0,138.0,42.06850000000001,154.0,40.0,12.0,Sumit Nagal,Cezar Cretu,Targu Mures (Rumanía),2026-06-26,Clay,Regular,victorias,Buena,victorias,,,player1,True,False,False
0.5886075949367089,15,6.0,0.05,0.04,17.85,1,93.0,1613,0.5,-106,1719,138.0,0.34,0.97,70.0,1.06,-64.0,0.48,157.0,8.0,138.0,42.06850000000001,154.0,40.0,12.0,Sumit Nagal,Cezar Cretu,Targu Mures (Rumanía),2026-06-26,Clay,Regular,victorias,Buena,victorias,,,player1,True,False,False
0.5886075949367089,15,6.0,0.05,0.04,17.85,1,93.0,1613,0.5,-106,1719,138.0,0.34,0.97,70.0,1.06,-64.0,0.48,157.0,8.0,138.0,42.06850000000001,154.0,40.0,12.0,Sumit Nagal,Cezar Cretu,Targu Mures (Rumanía),2026-06-26,Clay,Regular,victorias,Buena,victorias,,,player1,True,False,False
1.6956521739130435,9,7.0,0.08,0.04,17.55,2,39.0,1593,0.38,-95,1688,223.0,0.29,0.65,65.0,0.66,17.0,0.55,22.0,10.0,223.0,19.1704,190.0,50.0,10.0,Thiago Seyboth Wild,Juan Manuel La Serna,Piracicaba (Brasil),2026-06-27,Clay,Regular,victorias,Buena,victorias,,,player1,True,False,False
0.9942196531791907,7,7.0,0.13,0.04,14.25,3,172.0,1623,0.44,-95,1718,136.0,0.0,0.97,65.0,0.99,0.0,0.0,172.0,11.0,136.0,11.2725,136.0,55.0,9.0,Filip Jeff Planinsek,Bor Artnak,M15 Slovenska Bistrica (Eslovenia),2026-06-27,Clay,Regular,victorias,Buena,victorias,,,player1,True,False,False
0.5547945205479452,2,6.0,0.03,0.01,0.0,1,81.0,1598,0.0,-89,1687,140.0,0.0,1.28,70.0,1.6,-64.0,0.18,145.0,11.0,140.0,8.2211,159.0,55.0,9.0,Stefan Seifert,Herman Hoeyeraal,M15 Rzeszow (Polonia),2026-06-27,Clay,Regular,victorias,Buena,victorias,,,player2,True,False,False
0.9935483870967742,0,8.0,0.01,0.02,0.0,3,154.0,1653,0.0,19,1634,139.0,0.0,1.42,60.0,1.44,0.0,0.16,154.0,11.0,139.0,0.0,139.0,55.0,9.0,Kacper Szymkowiak,Alan Wazny,M15 Rzeszow (Polonia),2026-06-27,Clay,Regular,victorias,Buena,victorias,,,player2,True,False,False
6.769230769230769,8,5.0,0.13,0.13,11.700000000000001,0,176.0,1764,0.33,-19,1783,215.0,0.2,0.96,75.0,1.09,151.0,0.19,25.0,15.0,215.0,9.068800000000001,135.0,75.0,5.0,Inaki Montes-De La Torre,Sandro Kopp,Plovdiv (Bulgaria),2026-06-27,Clay,Excelente,victorias,Excelente,victorias,,,player1,True,False,False
0.98989898989899,10,8.0,0.03,0.05,18.6,3,98.0,1777,0.5,120,1657,152.0,0.35,0.86,60.0,0.71,0.0,0.0,98.0,16.0,152.0,16.466700000000003,152.0,80.0,4.0,Fausto Tabacco,Federico Arnaboldi,M15 Bergamo (Italia),2026-06-27,Clay,Excelente,victorias,Buena,victorias,,,player2,True,False,False
4.7272727272727275,0,9.0,0.03,0.04,0.0,0,936.0,1673,0.0,-2,1675,132.0,0.12,1.6,55.0,1.33,739.0,0.17,197.0,14.0,132.0,0.0,22.0,70.0,6.0,Paul Inchauspe,Oscar Weightman,M25 Bakio (España),2026-06-27,Hard,Buena,victorias,Regular,victorias,,,player1,False,False,True
1.7820512820512822,12,11.0,0.03,0.03,6.0,1,139.0,1748,0.17,122,1626,161.0,0.25,1.24,45.0,1.16,62.0,0.22,77.0,14.0,161.0,40.8887,142.0,70.0,6.0,Eva Vedder,Amandine Hesse,W50 Palma del Rio (España),2026-06-27,Hard,Buena,victorias,Regular,victorias,,,player1,False,False,True
0.125,2,7.0,0.03,0.03,6.5,0,24.0,1577,0.1,-155,1732,133.0,0.25,1.24,65.0,1.53,-167.0,0.19,191.0,9.0,133.0,0.0,217.0,45.0,11.0,Elena Micic,Ayla Aksu,W50 Palma del Rio (España),2026-06-27,Hard,Regular,victorias,Buena,victorias,,,player1,False,False,True
0.23383084577114427,4,12.0,0.01,0.02,11.25,0,47.0,1628,0.14,65,1563,132.0,0.19,1.36,40.0,1.29,-153.0,0.17,200.0,11.0,132.0,0.0,181.0,55.0,9.0,Alexandra Vagramov,Alexis Nguyen,"W15 Claremont, CA (Estados Unidos)",2026-06-27,Hard,Regular,victorias,Regular,victorias,,,player2,False,False,True
0.9950248756218906,2,12.0,0.01,0.02,8.450000000000001,3,200.0,1677,0.11,127,1550,132.0,0.16,1.31,40.0,1.42,0.0,0.21,200.0,13.0,132.0,0.0,132.0,65.0,7.0,Alyssa Ahn,Midori Castillo Meza,"W15 Claremont, CA (Estados Unidos)",2026-06-27,Hard,Buena,victorias,Regular,victorias,,,player1,False,False,True
0.98989898989899,10,8.0,0.03,0.05,18.6,3,98.0,1777,0.47,120,1657,152.0,0.35,0.95,60.0,0.78,0.0,0.0,98.0,16.0,152.0,16.466700000000003,152.0,80.0,4.0,Fausto Tabacco,Federico Arnaboldi,M15 Bergamo (Italia),2026-06-27,Clay,Excelente,victorias,Buena,victorias,,,player2,True,False,False
0.9942196531791907,7,7.0,0.13,0.04,14.25,3,172.0,1623,0.4,-95,1718,136.0,0.0,1.03,65.0,1.06,0.0,0.0,172.0,11.0,136.0,11.2725,136.0,55.0,9.0,Filip Jeff Planinsek,Bor Artnak,M15 Slovenska Bistrica (Eslovenia),2026-06-27,Clay,Regular,victorias,Buena,victorias,,,player1,True,False,False
0.5547945205479452,2,6.0,0.03,0.01,0.0,1,81.0,1598,0.0,-89,1687,140.0,0.0,1.33,70.0,1.65,-64.0,0.18,145.0,11.0,140.0,8.2211,159.0,55.0,9.0,Stefan Seifert,Herman Hoeyeraal,M15 Rzeszow (Polonia),2026-06-27,Clay,Regular,victorias,Buena,victorias,,,player2,True,False,False
0.9935483870967742,0,8.0,0.01,0.02,0.0,3,154.0,1653,0.0,19,1634,139.0,0.0,1.46,60.0,1.48,0.0,0.16,154.0,11.0,139.0,0.0,139.0,55.0,9.0,Kacper Szymkowiak,Alan Wazny,M15 Rzeszow (Polonia),2026-06-27,Clay,Regular,victorias,Buena,victorias,,,player2,True,False,False
6.769230769230769,8,5.0,0.13,0.13,11.700000000000001,0,176.0,1764,0.33,-19,1783,215.0,0.2,0.96,75.0,1.09,151.0,0.19,25.0,15.0,215.0,9.068800000000001,135.0,75.0,5.0,Inaki Montes-De La Torre,Sandro Kopp,Plovdiv (Bulgaria),2026-06-27,Clay,Excelente,victorias,Excelente,victorias,,,player1,True,False,False
1.6956521739130435,9,7.0,0.08,0.04,17.55,2,39.0,1593,0.38,-95,1688,223.0,0.29,0.65,65.0,0.66,17.0,0.55,22.0,10.0,223.0,19.1704,190.0,50.0,10.0,Thiago Seyboth Wild,Juan Manuel La Serna,Piracicaba (Brasil),2026-06-27,Clay,Regular,victorias,Buena,victorias,,,player1,True,False,False
4.7272727272727275,0,9.0,0.03,0.04,0.0,0,936.0,1673,0.0,-2,1675,132.0,0.12,1.66,55.0,1.38,739.0,0.17,197.0,14.0,132.0,0.0,22.0,70.0,6.0,Paul Inchauspe,Oscar Weightman,M25 Bakio (España),2026-06-27,Hard,Buena,victorias,Regular,victorias,,,player1,False,False,True
1.7820512820512822,12,11.0,0.02,0.03,6.0,1,139.0,1748,0.13,127,1621,161.0,0.24,1.35,45.0,1.26,62.0,0.22,77.0,14.0,161.0,40.8887,142.0,70.0,6.0,Eva Vedder,Amandine Hesse,W50 Palma del Rio (España),2026-06-27,Hard,Buena,victorias,Regular,victorias,,,player1,False,False,True
0.125,2,7.0,0.03,0.03,6.5,0,24.0,1577,0.08,-155,1732,133.0,0.25,1.3,65.0,1.6,-167.0,0.19,191.0,9.0,133.0,0.0,217.0,45.0,11.0,Elena Micic,Ayla Aksu,W50 Palma del Rio (España),2026-06-27,Hard,Regular,victorias,Buena,victorias,,,player1,False,False,True
0.23383084577114427,4,12.0,0.01,0.02,11.25,0,47.0,1628,0.1,66,1562,132.0,0.15,1.43,40.0,1.36,-153.0,0.17,200.0,11.0,132.0,0.0,181.0,55.0,9.0,Alexandra Vagramov,Alexis Nguyen,"W15 Claremont, CA (Estados Unidos)",2026-06-27,Hard,Regular,victorias,Regular,victorias,,,player2,False,False,True
0.9950248756218906,2,12.0,0.01,0.02,8.450000000000001,3,200.0,1677,0.08,127,1550,132.0,0.16,1.37,40.0,1.48,0.0,0.21,200.0,13.0,132.0,0.0,132.0,65.0,7.0,Alyssa Ahn,Midori Castillo Meza,"W15 Claremont, CA (Estados Unidos)",2026-06-27,Hard,Buena,victorias,Regular,victorias,,,player1,False,False,True
0.7623762376237624,2,8.0,0.05,0.01,0.0,2,77.0,1410,0.0,-270,1680,152.0,0.24,0.96,60.0,1.44,-23.0,0.14,100.0,4.0,152.0,1.5,161.0,20.0,16.0,Charlie Camus,Jay Dylan Hara Friend,Cary (Estados Unidos) - Fase previa,2026-06-28,Hard,Mala,derrotas,Buena,derrotas,,,player2,False,False,True
1.88,5,7.0,0.04,0.03,6.5,2,47.0,1637,0.12,-57,1694,217.0,0.15,1.3,65.0,1.32,23.0,0.15,24.0,12.0,217.0,10.1811,181.0,60.0,8.0,Justin Boulais,Enzo Aguiard,Cary (Estados Unidos) - Fase previa,2026-06-28,Hard,Buena,derrotas,Buena,derrotas,,,player1,False,False,True
8.0,1,10.0,0.04,0.0,4.75,0,200.0,1418,0.08,-206,1624,217.0,0.16,0.8,50.0,1.4,176.0,0.15,24.0,1.0,217.0,0.0,132.0,10.0,9.0,Ian Mayew,Edward Winter,Cary (Estados Unidos) - Fase previa,2026-06-28,Hard,Mala,derrotas,Regular,derrotas,,,player2,False,False,True
0.9950248756218906,8,6.0,0.05,0.03,9.175,3,200.0,1609,0.16,-136,1745,132.0,0.15,1.2,70.0,1.29,0.0,0.15,200.0,10.0,132.0,12.5135,132.0,50.0,10.0,Christian Langmo,Samir Banerjee,Cary (Estados Unidos) - Fase previa,2026-06-28,Hard,Regular,derrotas,Buena,derrotas,,,player2,False,False,True
2.127659574468085,10,8.0,0.06,0.01,17.575,0,200.0,1548,0.28,-180,1728,154.0,0.27,0.97,60.0,1.32,107.0,0.24,93.0,6.0,154.0,8.405899999999999,132.0,30.0,14.0,Mitchell Krueger,Dhakshineswar Suresh,Cary (Estados Unidos) - Fase previa,2026-06-28,Hard,Mala,derrotas,Buena,derrotas,,,player2,False,False,True
1.9801980198019802,1,12.0,0.02,0.02,0.0,1,200.0,1591,0.0,57,1534,152.0,0.55,1.04,40.0,0.9,100.0,0.32,100.0,10.0,152.0,0.0,132.0,50.0,10.0,Ronit Karki,James Kent Trotter,Cary (Estados Unidos) - Fase previa,2026-06-28,Hard,Regular,derrotas,Regular,derrotas,,,player2,False,False,True
0.9950248756218906,4,6.0,0.05,0.09,12.350000000000001,3,200.0,1676,0.16,-18,1694,132.0,0.14,0.92,70.0,1.13,0.0,0.18,200.0,13.0,132.0,0.0,132.0,65.0,7.0,Daniel Milavsky,Ozan Baris,Cary (Estados Unidos) - Fase previa,2026-06-28,Hard,Buena,derrotas,Buena,derrotas,,,player2,False,False,True
2.3333333333333335,6,7.0,0.07,0.08,16.8,1,98.0,1668,0.39,-63,1731,187.0,0.12,0.95,65.0,0.97,57.0,0.0,41.0,12.0,187.0,0.0,152.0,60.0,8.0,Giuseppe La Vela,Petr Nesterov,Milan (Italia) - Fase previa,2026-06-28,Clay,Buena,derrotas,Buena,derrotas,,,player2,True,False,False
0.7681159420289855,1,5.0,0.0,0.01,0.0,2,53.0,1540,0.0,94,1446,165.0,0.0,1.16,16.7,1.05,-15.0,0.14,68.0,9.0,165.0,0.0,175.0,45.0,11.0,Salvador Price,Martin Maldonado,Quito (Ecuador) - Fase previa,2026-06-28,Clay,Regular,derrotas,Mala,derrotas,,,player2,True,False,False
9.652173913043478,1,12.0,0.01,0.0,8.450000000000001,0,222.0,1305,0.25,-189,1494,223.0,0.0,0.61,40.0,1.31,200.0,0.0,22.0,1.0,223.0,0.0,129.0,5.0,19.0,Tsz Fu Wong,Segundo Goity Zapico,Quito (Ecuador) - Fase previa,2026-06-28,Clay,Mala,derrotas,Regular,derrotas,,,player2,True,False,False
0.5652173913043478,0,3.0,0.0,0.12,0.0,2,39.0,1688,0.0,229,1459,165.0,0.09,1.45,0.0,0.0,-29.0,0.0,68.0,15.0,165.0,0.0,190.0,75.0,5.0,Lucas Andrade Da Silva,Jorge Ruiz,Quito (Ecuador) - Fase previa,2026-06-28,Clay,Excelente,derrotas,Mala,derrotas,,,player1,True,False,False
0.9354838709677419,2,7.0,0.01,0.03,6.5,3,145.0,1706,0.22,51,1655,139.0,0.0,1.63,65.0,1.56,-9.0,0.0,154.0,14.0,139.0,4.7795,140.0,70.0,6.0,Herman Hoeyeraal,Alan Wazny,M15 Rzeszow (Polonia),2026-06-28,Clay,Buena,victorias,Buena,victorias,,,player1,True,False,False
0.9950248756218906,5,7.0,0.02,0.01,6.5,3,200.0,1587,0.06,-109,1696,132.0,0.2,1.58,65.0,1.43,0.0,0.17,200.0,9.0,132.0,8.4585,132.0,45.0,11.0,Alexis Nguyen,Alyssa Ahn,"W15 Claremont, CA (Estados Unidos)",2026-06-28,Hard,Regular,victorias,Buena,victorias,,,player1,False,False,True
5.56,4,11.0,0.03,0.03,2.375,0,139.0,1762,0.04,161,1601,217.0,0.19,1.62,45.0,1.47,115.0,0.23,24.0,14.0,217.0,7.8607000000000005,142.0,70.0,6.0,Eva Vedder,Elena Micic,W50 Palma del Rio (España),2026-06-28,Hard,Buena,victorias,Regular,victorias,,,player1,False,False,True
