p1_common_opponents_score,p1_strength_of_schedule_score,match_competitiveness,p2_ranking_momentum_score,p2_ranking,p1_surface_specialization_score,p2_surface_specialization_score,ranking_diff,p2_current_streak_count,common_opponents_count,p1_ranking,p2_regional_comfort_win_rate,p2_form_recent_score,p2_pts,ranking_ratio,elo_diff,p2_form_win_percentage,p2_elo,p1_pts,p2_common_opponents_score,p2_form_losses,p1_ranking_momentum_score,p1_current_streak_count,p1_elo,p1_form_win_percentage,p1_form_recent_score,p1_prob_win
3.5867799770738786,-2.0323587325495485,1.210979321551756,1.6438446697939098,-0.7084599073691954,-1.570709366538152,-1.5772896936524086,-0.049115810299777206,-0.5314526475228368,0.8635644284498865,-0.6699406258256925,-0.8053517046081552,-2.0466817630310086,0.09079936432329659,-0.3365223680142438,-1.4514916577938843,-0.3057903164656318,1.7185261342627132,0.24208884661741017,1.6003451192582547,0.4562094312436841,1.3093472979379694,-0.9240858759949694,0.5870024617984608,-0.36808028917647295,-2.633827512061284,0.5349429451582145
-0.5982218382815253,-2.0323587325495485,0.19037229509110573,1.6438446697939098,-0.6887013561034262,-1.570709366538152,-1.5772896936524086,0.16523376688831354,-0.5314526475228368,0.18742676236133443,-0.48398250662882286,-0.07422431235103256,-1.9818596780644469,0.04508732386084205,0.36362046244298313,-1.6797284917145459,-0.02218944642243442,1.4089009261191523,-0.34186805721977237,3.2209044695215208,0.14843463394631992,1.732885433364145,0.3785208731251457,0.1589774016642487,0.5660353690886069,-2.2727985988312924,0.32739298293223956
3.9314271853972653,-2.0323587325495485,0.19037229509110573,1.2882583445844429,-0.7348046423902209,-1.570709366538152,-1.5772896936524086,-0.16875278361406043,-1.1530911988677308,1.5397020945384385,-0.7873878590026627,-0.6591262261567307,-2.0790928055142888,0.1952840282374784,-0.8506862649751381,2.850772661610581,-0.5893911865088293,1.1076439668443363,3.209404741697047,-0.7404628311220179,0.7639842285410483,1.47876255210844,0.8127231228318508,2.8698027825142587,1.1887791412653266,-1.9518840092935223,0.6502185485738271
0.9773082569110977,-2.0323587325495485,0.19037229509110573,1.6438446697939098,-0.7567585882410756,-1.570709366538152,-1.5772896936524086,0.15526401911212329,-0.5314526475228368,-0.4887109037272176,-0.5524933926487222,-0.48950467115307833,-2.0790928055142888,0.2877964910781602,0.5911105204253735,-0.6184272139834706,-0.5893911865088293,1.492583414806601,-0.19384177229360286,2.200552286022427,0.7639842285410483,1.7752392469067628,0.3785208731251457,0.9324261945383513,0.2546634830002469,-2.3129129225235134,0.3362613025956473
2.3558970902046426,-2.0323587325495485,1.210979321551756,1.2092391612045612,-0.640402675231546,-1.570709366538152,-1.5772896936524086,-0.09896454918072854,0.09018590382205717,0.18742676236133443,-0.6484086330765813,-0.07422431235103256,-1.9818596780644469,-0.0931371794422943,-0.43125846049723765,-0.7211337892477682,-0.3057903164656318,1.1745899577942953,0.14023589827371555,-0.7404628311220179,0.4562094312436841,1.2669934843953516,-0.4898836262882644,0.5794932502171588,0.2546634830002469,-2.5134845409846203,0.5841905229354074
3.5375446615991093,-2.0323587325495485,1.210979321551756,1.2882583445844429,-0.7677355611665029,-1.570709366538152,-1.5772896936524086,-0.1014569861247761,-0.8422719231952839,1.8777709275827146,-0.7638984123672686,-2.9987338813795232,-2.1439148904808505,0.332420149624842,-0.6674967154536147,2.7366542446502504,-0.8729920565520267,0.4549205550822349,1.3964222611792827,2.0805108526695926,1.0717590258384124,1.7752392469067628,-0.4898836262882644,2.2089921633596856,0.2546634830002469,-2.5134845409846203,0.5866175789173301
3.291368084225262,-2.0323587325495485,1.210979321551756,1.6438446697939098,-0.7523677990709047,-1.570709366538152,-1.5772896936524086,-0.0939796752926334,-0.5314526475228368,1.8777709275827146,-0.7443238735044403,0.721242290424717,-1.9818596780644469,0.284531345330842,-0.5838175385116842,1.2645266658619851,-0.02218944642243442,1.7603673786064375,1.0025908609169967,4.181235936344196,0.14843463394631992,1.351701111480587,-0.055681376581559326,2.411740876054839,1.1887791412653266,-2.3129129225235134,0.5793242521487495
-0.5982218382815253,-2.0323587325495485,2.231586348012406,1.6438446697939098,-0.6930921452735972,-1.570709366538152,-1.5772896936524086,0.010702676357364398,-0.5314526475228368,-0.15064207068294158,-0.6092595553509245,-0.48950467115307833,-1.9818596780644469,0.051617615355478416,-0.130538026689763,-2.2160850514280996,-0.02218944642243442,1.7854721252126722,-0.0010001900962076837,3.3409459028743553,0.14843463394631992,1.2669934843953516,-0.4898836262882644,0.14395897850164477,-0.056708403088113035,-2.5535988646768413,0.47502081252106
4.128368447296343,-2.0323587325495485,1.210979321551756,1.2882583445844429,-0.7435862207305628,-1.570709366538152,-1.5772896936524086,-0.08151749057239557,-0.8422719231952839,2.2158397606269906,-0.7267067885278947,0.6569030799060901,-2.1439148904808505,0.22467033996334204,-0.5078625932874704,-0.2988956464945448,-0.8729920565520267,1.4758469170691113,0.7146865269321533,3.1608837528451033,1.0717590258384124,1.351701111480587,-0.9240858759949694,1.1276656956522024,-0.6794521752648329,-2.6739418357535047,0.5670929049654543
3.192897453275723,-2.0323587325495485,1.210979321551756,1.248748752894502,-0.7040691181990245,-1.570709366538152,-1.5772896936524086,-0.08400992751644314,-0.8422719231952839,0.8635644284498865,-0.6934300724610865,-0.07422431235103256,-2.0790928055142888,0.08862260049175114,-0.45434888187950156,1.1618200905976876,-0.5893911865088293,0.9653837360756731,0.3819668956760841,1.7804072692875064,0.7639842285410483,1.3093472979379694,-0.4898836262882644,1.6307828715994344,-0.056708403088113035,-2.5535988646768413,0.569546223939229
-0.5982218382815253,-0.9511976647930356,2.231586348012406,-0.7662404232924789,-0.8775052904207761,1.8608377313521638,1.793018372470999,0.0007329285811741306,1.3334630065118454,-0.8267797367714936,-0.7815154973438142,0.9025618837044834,0.7730789330144205,3.5888588416168417,0.21792910552168404,0.020635920994381027,1.6794157738367501,0.2708190799698474,2.5942129337011313,1.0601586691704994,-1.6982141498378653,-0.8930510062781474,3.417936621072081,0.25659715222117424,2.1228947995304064,0.856118649161966,0.4850044983805899
-0.5982218382815253,-0.9511976647930356,2.231586348012406,-0.7662404232924789,-0.8775052904207761,1.8608377313521638,1.793018372470999,0.0007329285811741306,1.3334630065118454,-0.8267797367714936,-0.7815154973438142,0.9025618837044834,0.7730789330144205,3.5888588416168417,0.21792910552168404,0.020635920994381027,1.6794157738367501,0.2708190799698474,2.5942129337011313,1.0601586691704994,-1.6982141498378653,-0.8930510062781474,3.417936621072081,0.25659715222117424,2.1228947995304064,0.856118649161966,0.4850044983805899
-0.5982218382815253,-0.9511976647930356,2.231586348012406,-0.7662404232924789,-0.8775052904207761,1.8608377313521638,1.793018372470999,0.0007329285811741306,1.3334630065118454,-0.8267797367714936,-0.7815154973438142,0.9025618837044834,0.7730789330144205,3.5888588416168417,0.21792910552168404,0.020635920994381027,1.6794157738367501,0.2708190799698474,2.5942129337011313,1.0601586691704994,-1.6982141498378653,-0.8930510062781474,3.417936621072081,0.25659715222117424,2.1228947995304064,0.856118649161966,0.4850044983805899
-0.5982218382815253,-0.9511976647930356,2.231586348012406,-0.7662404232924789,-0.8775052904207761,1.8608377313521638,1.793018372470999,0.0007329285811741306,1.3334630065118454,-0.8267797367714936,-0.7815154973438142,0.9025618837044834,0.7730789330144205,3.5888588416168417,0.21792910552168404,0.020635920994381027,1.6794157738367501,0.2708190799698474,2.5942129337011313,1.0601586691704994,-1.6982141498378653,-0.8930510062781474,3.417936621072081,0.25659715222117424,2.1228947995304064,0.856118649161966,0.4850044983805899
-0.5982218382815253,-0.9511976647930356,2.231586348012406,-0.7662404232924789,-0.8775052904207761,1.8608377313521638,1.793018372470999,0.0007329285811741306,1.3334630065118454,-0.8267797367714936,-0.7815154973438142,0.9025618837044834,0.7730789330144205,3.5888588416168417,0.21792910552168404,0.020635920994381027,1.6794157738367501,0.2708190799698474,2.5942129337011313,1.0601586691704994,-1.6982141498378653,-0.8930510062781474,3.417936621072081,0.25659715222117424,2.1228947995304064,0.856118649161966,0.4850044983805899
-0.5982218382815253,-0.9511976647930356,2.231586348012406,-0.7662404232924789,-0.8775052904207761,1.8608377313521638,1.793018372470999,0.0007329285811741306,1.3334630065118454,-0.8267797367714936,-0.7815154973438142,0.9025618837044834,0.7730789330144205,3.5888588416168417,0.21792910552168404,0.020635920994381027,1.6794157738367501,0.2708190799698474,2.5942129337011313,1.0601586691704994,-1.6982141498378653,-0.8930510062781474,3.417936621072081,0.25659715222117424,2.1228947995304064,0.856118649161966,0.4850044983805899
-0.5982218382815253,-0.9511976647930356,0.19037229509110573,-0.8057500149824197,-0.6996783290288535,1.537868592727193,1.6286131009527842,-0.18370740527834584,2.2659208335291865,-0.8267797367714936,-0.7678133201398343,0.5106776014546656,0.7730789330144205,0.2790894357519784,-0.7863640591095876,-1.1319600903049585,1.3958149037935526,0.01140336503875582,1.710129342077862,1.0601586691704994,-1.390439352540501,-0.8930510062781474,0.8127231228318508,-0.7346187765106854,0.2546634830002469,0.8160043254697448,0.6637386974043528
-0.5982218382815253,-0.9511976647930356,0.19037229509110573,-0.8057500149824197,-0.6996783290288535,1.537868592727193,1.6286131009527842,-0.18370740527834584,2.2659208335291865,-0.8267797367714936,-0.7678133201398343,0.5106776014546656,0.7730789330144205,0.2790894357519784,-0.7863640591095876,-1.1319600903049585,1.3958149037935526,0.01140336503875582,1.710129342077862,1.0601586691704994,-1.390439352540501,-0.8930510062781474,0.8127231228318508,-0.7346187765106854,0.2546634830002469,0.8160043254697448,0.6637386974043528
-0.5982218382815253,-0.9511976647930356,0.19037229509110573,-0.8057500149824197,-0.6996783290288535,1.537868592727193,1.6286131009527842,-0.18370740527834584,2.2659208335291865,-0.8267797367714936,-0.7678133201398343,0.5106776014546656,0.7730789330144205,0.2790894357519784,-0.7863640591095876,-1.1319600903049585,1.3958149037935526,0.01140336503875582,1.710129342077862,1.0601586691704994,-1.390439352540501,-0.8930510062781474,0.8127231228318508,-0.7346187765106854,0.2546634830002469,0.8160043254697448,0.6637386974043528
-0.5982218382815253,-0.9511976647930356,0.19037229509110573,-0.8057500149824197,-0.6996783290288535,1.537868592727193,1.6286131009527842,-0.18370740527834584,2.2659208335291865,-0.8267797367714936,-0.7678133201398343,0.5106776014546656,0.7730789330144205,0.2790894357519784,-0.7863640591095876,-1.1319600903049585,1.3958149037935526,0.01140336503875582,1.710129342077862,1.0601586691704994,-1.390439352540501,-0.8930510062781474,0.8127231228318508,-0.7346187765106854,0.2546634830002469,0.8160043254697448,0.6637386974043528
-0.5982218382815253,-0.9511976647930356,0.19037229509110573,-0.8057500149824197,-0.6996783290288535,1.537868592727193,1.6286131009527842,-0.18370740527834584,2.2659208335291865,-0.8267797367714936,-0.7678133201398343,0.5106776014546656,0.7730789330144205,0.2790894357519784,-0.7863640591095876,-1.1319600903049585,1.3958149037935526,0.01140336503875582,1.710129342077862,1.0601586691704994,-1.390439352540501,-0.8930510062781474,0.8127231228318508,-0.7346187765106854,0.2546634830002469,0.8160043254697448,0.6637386974043528
-0.5982218382815253,-0.9511976647930356,0.19037229509110573,-0.8057500149824197,-0.6996783290288535,1.537868592727193,1.6286131009527842,-0.18370740527834584,2.2659208335291865,-0.8267797367714936,-0.7678133201398343,0.5106776014546656,0.7730789330144205,0.2790894357519784,-0.7863640591095876,-1.1319600903049585,1.3958149037935526,0.01140336503875582,1.710129342077862,1.0601586691704994,-1.390439352540501,-0.8930510062781474,0.8127231228318508,-0.7346187765106854,0.2546634830002469,0.8160043254697448,0.6637386974043528
-0.5982218382815253,-0.9511976647930356,2.231586348012406,-0.7662404232924789,-0.8775052904207761,1.8608377313521638,1.793018372470999,0.0007329285811741306,1.3334630065118454,-0.8267797367714936,-0.7815154973438142,0.9025618837044834,0.7730789330144205,3.5888588416168417,0.21792910552168404,0.020635920994381027,1.6794157738367501,0.2708190799698474,2.5942129337011313,1.0601586691704994,-1.6982141498378653,-0.8930510062781474,3.417936621072081,0.25659715222117424,2.1228947995304064,0.856118649161966,0.4850044983805899
-0.5982218382815253,-0.9511976647930356,2.231586348012406,-0.7662404232924789,-0.8775052904207761,1.8608377313521638,1.793018372470999,0.0007329285811741306,1.3334630065118454,-0.8267797367714936,-0.7815154973438142,0.9025618837044834,0.7730789330144205,3.5888588416168417,0.21792910552168404,0.020635920994381027,1.6794157738367501,0.2708190799698474,2.5942129337011313,1.0601586691704994,-1.6982141498378653,-0.8930510062781474,3.417936621072081,0.25659715222117424,2.1228947995304064,0.856118649161966,0.4850044983805899
-0.5982218382815253,-0.9511976647930356,2.231586348012406,-0.7662404232924789,-0.8775052904207761,1.8608377313521638,1.793018372470999,0.0007329285811741306,1.3334630065118454,-0.8267797367714936,-0.7815154973438142,0.9025618837044834,0.7730789330144205,3.5888588416168417,0.21792910552168404,0.020635920994381027,1.6794157738367501,0.2708190799698474,2.5942129337011313,1.0601586691704994,-1.6982141498378653,-0.8930510062781474,3.417936621072081,0.25659715222117424,2.1228947995304064,0.856118649161966,0.4850044983805899
-0.5982218382815253,-0.9511976647930356,2.231586348012406,-0.7662404232924789,-0.8775052904207761,1.8608377313521638,1.793018372470999,0.0007329285811741306,1.3334630065118454,-0.8267797367714936,-0.7815154973438142,0.9025618837044834,0.7730789330144205,3.5888588416168417,0.21792910552168404,0.020635920994381027,1.6794157738367501,0.2708190799698474,2.5942129337011313,1.0601586691704994,-1.6982141498378653,-0.8930510062781474,3.417936621072081,0.25659715222117424,2.1228947995304064,0.856118649161966,0.4850044983805899
-0.5982218382815253,-0.9511976647930356,2.231586348012406,-0.7662404232924789,-0.8775052904207761,1.8608377313521638,1.793018372470999,0.0007329285811741306,1.3334630065118454,-0.8267797367714936,-0.7815154973438142,0.9025618837044834,0.7730789330144205,3.5888588416168417,0.21792910552168404,0.020635920994381027,1.6794157738367501,0.2708190799698474,2.5942129337011313,1.0601586691704994,-1.6982141498378653,-0.8930510062781474,3.417936621072081,0.25659715222117424,2.1228947995304064,0.856118649161966,0.4850044983805899
-0.5982218382815253,-0.9511976647930356,2.231586348012406,-0.7662404232924789,-0.8775052904207761,1.8608377313521638,1.793018372470999,0.0007329285811741306,1.3334630065118454,-0.8267797367714936,-0.7815154973438142,0.9025618837044834,0.7730789330144205,3.5888588416168417,0.21792910552168404,0.020635920994381027,1.6794157738367501,0.2708190799698474,2.5942129337011313,1.0601586691704994,-1.6982141498378653,-0.8930510062781474,3.417936621072081,0.25659715222117424,2.1228947995304064,0.856118649161966,0.4850044983805899
-0.5982218382815253,-0.9511976647930356,0.19037229509110573,-0.8057500149824197,-0.6996783290288535,1.537868592727193,1.6286131009527842,-0.18370740527834584,2.2659208335291865,-0.8267797367714936,-0.7678133201398343,0.5106776014546656,0.7730789330144205,0.2790894357519784,-0.7863640591095876,-1.1319600903049585,1.3958149037935526,0.01140336503875582,1.710129342077862,1.0601586691704994,-1.390439352540501,-0.8930510062781474,0.8127231228318508,-0.7346187765106854,0.2546634830002469,0.8160043254697448,0.6637386974043528
-0.5982218382815253,-0.9511976647930356,0.19037229509110573,-0.8057500149824197,-0.6996783290288535,1.537868592727193,1.6286131009527842,-0.18370740527834584,2.2659208335291865,-0.8267797367714936,-0.7678133201398343,0.5106776014546656,0.7730789330144205,0.2790894357519784,-0.7863640591095876,-1.1319600903049585,1.3958149037935526,0.01140336503875582,1.710129342077862,1.0601586691704994,-1.390439352540501,-0.8930510062781474,0.8127231228318508,-0.7346187765106854,0.2546634830002469,0.8160043254697448,0.6637386974043528
-0.5982218382815253,-0.9511976647930356,0.19037229509110573,-0.8057500149824197,-0.6996783290288535,1.537868592727193,1.6286131009527842,-0.18370740527834584,2.2659208335291865,-0.8267797367714936,-0.7678133201398343,0.5106776014546656,0.7730789330144205,0.2790894357519784,-0.7863640591095876,-1.1319600903049585,1.3958149037935526,0.01140336503875582,1.710129342077862,1.0601586691704994,-1.390439352540501,-0.8930510062781474,0.8127231228318508,-0.7346187765106854,0.2546634830002469,0.8160043254697448,0.6637386974043528
-0.5982218382815253,-0.9511976647930356,0.19037229509110573,-0.8057500149824197,-0.6996783290288535,1.537868592727193,1.6286131009527842,-0.18370740527834584,2.2659208335291865,-0.8267797367714936,-0.7678133201398343,0.5106776014546656,0.7730789330144205,0.2790894357519784,-0.7863640591095876,-1.1319600903049585,1.3958149037935526,0.01140336503875582,1.710129342077862,1.0601586691704994,-1.390439352540501,-0.8930510062781474,0.8127231228318508,-0.7346187765106854,0.2546634830002469,0.8160043254697448,0.6637386974043528
-0.5982218382815253,-0.9511976647930356,0.19037229509110573,-0.8057500149824197,-0.6996783290288535,1.537868592727193,1.6286131009527842,-0.18370740527834584,2.2659208335291865,-0.8267797367714936,-0.7678133201398343,0.5106776014546656,0.7730789330144205,0.2790894357519784,-0.7863640591095876,-1.1319600903049585,1.3958149037935526,0.01140336503875582,1.710129342077862,1.0601586691704994,-1.390439352540501,-0.8930510062781474,0.8127231228318508,-0.7346187765106854,0.2546634830002469,0.8160043254697448,0.6637386974043528
-0.5982218382815253,-0.9511976647930356,0.19037229509110573,-0.8057500149824197,-0.6996783290288535,1.537868592727193,1.6286131009527842,-0.18370740527834584,2.2659208335291865,-0.8267797367714936,-0.7678133201398343,0.5106776014546656,0.7730789330144205,0.2790894357519784,-0.7863640591095876,-1.1319600903049585,1.3958149037935526,0.01140336503875582,1.710129342077862,1.0601586691704994,-1.390439352540501,-0.8930510062781474,0.8127231228318508,-0.7346187765106854,0.2546634830002469,0.8160043254697448,0.6637386974043528
3.0944268223261844,-0.9511976647930356,2.231586348012406,-0.7662404232924789,-0.8775052904207761,1.3763840234147073,1.176498604277693,0.0007329285811741306,1.3334630065118454,1.8777709275827146,-0.7815154973438142,0.9025618837044834,0.18968016831536583,3.5888588416168417,0.21792910552168404,0.2602845966110754,1.6794157738367501,3.007236460049426,2.5942129337011313,-0.7404628311220179,-1.6982141498378653,-0.8930510062781474,3.417936621072081,2.8698027825142587,2.1228947995304064,0.13406082270198272,0.4850044983805899
3.0944268223261844,-0.9511976647930356,2.231586348012406,-0.7662404232924789,-0.8775052904207761,1.3763840234147073,1.176498604277693,0.0007329285811741306,1.3334630065118454,1.8777709275827146,-0.7815154973438142,0.9025618837044834,0.18968016831536583,3.5888588416168417,0.21792910552168404,0.2602845966110754,1.6794157738367501,3.007236460049426,2.5942129337011313,-0.7404628311220179,-1.6982141498378653,-0.8930510062781474,3.417936621072081,2.8698027825142587,2.1228947995304064,0.13406082270198272,0.4850044983805899
3.0944268223261844,-0.9511976647930356,2.231586348012406,-0.7662404232924789,-0.8775052904207761,1.3763840234147073,1.176498604277693,0.0007329285811741306,1.3334630065118454,1.8777709275827146,-0.7815154973438142,0.9025618837044834,0.18968016831536583,3.5888588416168417,0.21792910552168404,0.2602845966110754,1.6794157738367501,3.007236460049426,2.5942129337011313,-0.7404628311220179,-1.6982141498378653,-0.8930510062781474,3.417936621072081,2.8698027825142587,2.1228947995304064,0.13406082270198272,0.4850044983805899
3.0944268223261844,-0.9511976647930356,2.231586348012406,-0.7662404232924789,-0.8775052904207761,1.3763840234147073,1.176498604277693,0.0007329285811741306,1.3334630065118454,1.8777709275827146,-0.7815154973438142,0.9025618837044834,0.18968016831536583,3.5888588416168417,0.21792910552168404,0.2602845966110754,1.6794157738367501,3.007236460049426,2.5942129337011313,-0.7404628311220179,-1.6982141498378653,-0.8930510062781474,3.417936621072081,2.8698027825142587,2.1228947995304064,0.13406082270198272,0.4850044983805899
3.0944268223261844,-0.9511976647930356,2.231586348012406,-0.7662404232924789,-0.8775052904207761,1.3763840234147073,1.176498604277693,0.0007329285811741306,1.3334630065118454,1.8777709275827146,-0.7815154973438142,0.9025618837044834,0.18968016831536583,3.5888588416168417,0.21792910552168404,0.2602845966110754,1.6794157738367501,3.007236460049426,2.5942129337011313,-0.7404628311220179,-1.6982141498378653,-0.8930510062781474,3.417936621072081,2.8698027825142587,2.1228947995304064,0.13406082270198272,0.4850044983805899
3.0944268223261844,-0.9511976647930356,2.231586348012406,-0.7662404232924789,-0.8775052904207761,1.3763840234147073,1.176498604277693,0.0007329285811741306,1.3334630065118454,1.8777709275827146,-0.7815154973438142,0.9025618837044834,0.18968016831536583,3.5888588416168417,0.21792910552168404,0.2602845966110754,1.6794157738367501,3.007236460049426,2.5942129337011313,-0.7404628311220179,-1.6982141498378653,-0.8930510062781474,3.417936621072081,2.8698027825142587,2.1228947995304064,0.13406082270198272,0.4850044983805899
-0.5982218382815253,-0.9511976647930356,0.19037229509110573,-0.8057500149824197,-0.6996783290288535,1.0130437424616152,0.5599788360843866,-0.18370740527834584,2.2659208335291865,-0.15064207068294158,-0.7678133201398343,0.5106776014546656,0.6758458055645781,0.2790894357519784,-0.7863640591095876,0.8194648397166956,1.3958149037935526,1.5176881614128357,1.710129342077862,2.380614436051679,-1.390439352540501,-0.8930510062781474,0.8127231228318508,1.9011144885263052,0.2546634830002469,0.6956613543930809,0.6637386974043528
-0.5982218382815253,-0.9511976647930356,0.19037229509110573,-0.8057500149824197,-0.6996783290288535,1.0130437424616152,0.5599788360843866,-0.18370740527834584,2.2659208335291865,-0.15064207068294158,-0.7678133201398343,0.5106776014546656,0.6758458055645781,0.2790894357519784,-0.7863640591095876,0.8194648397166956,1.3958149037935526,1.5176881614128357,1.710129342077862,2.380614436051679,-1.390439352540501,-0.8930510062781474,0.8127231228318508,1.9011144885263052,0.2546634830002469,0.6956613543930809,0.6637386974043528
-0.5982218382815253,-0.9511976647930356,0.19037229509110573,-0.8057500149824197,-0.6996783290288535,1.0130437424616152,0.5599788360843866,-0.18370740527834584,2.2659208335291865,-0.15064207068294158,-0.7678133201398343,0.5106776014546656,0.6758458055645781,0.2790894357519784,-0.7863640591095876,0.8194648397166956,1.3958149037935526,1.5176881614128357,1.710129342077862,2.380614436051679,-1.390439352540501,-0.8930510062781474,0.8127231228318508,1.9011144885263052,0.2546634830002469,0.6956613543930809,0.6637386974043528
-0.5982218382815253,-0.9511976647930356,0.19037229509110573,-0.8057500149824197,-0.6996783290288535,1.0130437424616152,0.5599788360843866,-0.18370740527834584,2.2659208335291865,-0.15064207068294158,-0.7678133201398343,0.5106776014546656,0.6758458055645781,0.2790894357519784,-0.7863640591095876,0.8194648397166956,1.3958149037935526,1.5176881614128357,1.710129342077862,2.380614436051679,-1.390439352540501,-0.8930510062781474,0.8127231228318508,1.9011144885263052,0.2546634830002469,0.6956613543930809,0.6637386974043528
-0.5982218382815253,-0.9511976647930356,0.19037229509110573,-0.8057500149824197,-0.6996783290288535,1.0130437424616152,0.5599788360843866,-0.18370740527834584,2.2659208335291865,-0.15064207068294158,-0.7678133201398343,0.5106776014546656,0.6758458055645781,0.2790894357519784,-0.7863640591095876,0.8194648397166956,1.3958149037935526,1.5176881614128357,1.710129342077862,2.380614436051679,-1.390439352540501,-0.8930510062781474,0.8127231228318508,1.9011144885263052,0.2546634830002469,0.6956613543930809,0.6637386974043528
-0.5982218382815253,-0.9511976647930356,0.19037229509110573,-0.8057500149824197,-0.6996783290288535,1.0130437424616152,0.5599788360843866,-0.18370740527834584,2.2659208335291865,-0.15064207068294158,-0.7678133201398343,0.5106776014546656,0.6758458055645781,0.2790894357519784,-0.7863640591095876,0.8194648397166956,1.3958149037935526,1.5176881614128357,1.710129342077862,2.380614436051679,-1.390439352540501,-0.8930510062781474,0.8127231228318508,1.9011144885263052,0.2546634830002469,0.6956613543930809,0.6637386974043528
3.0944268223261844,-0.9511976647930356,2.231586348012406,-0.7662404232924789,-0.8775052904207761,1.3763840234147073,1.176498604277693,0.0007329285811741306,1.3334630065118454,1.8777709275827146,-0.7815154973438142,0.9025618837044834,0.18968016831536583,3.5888588416168417,0.21792910552168404,0.2602845966110754,1.6794157738367501,3.007236460049426,2.5942129337011313,-0.7404628311220179,-1.6982141498378653,-0.8930510062781474,3.417936621072081,2.8698027825142587,2.1228947995304064,0.13406082270198272,0.4850044983805899
3.0944268223261844,-0.9511976647930356,2.231586348012406,-0.7662404232924789,-0.8775052904207761,1.3763840234147073,1.176498604277693,0.0007329285811741306,1.3334630065118454,1.8777709275827146,-0.7815154973438142,0.9025618837044834,0.18968016831536583,3.5888588416168417,0.21792910552168404,0.2602845966110754,1.6794157738367501,3.007236460049426,2.5942129337011313,-0.7404628311220179,-1.6982141498378653,-0.8930510062781474,3.417936621072081,2.8698027825142587,2.1228947995304064,0.13406082270198272,0.4850044983805899
3.0944268223261844,-0.9511976647930356,2.231586348012406,-0.7662404232924789,-0.8775052904207761,1.3763840234147073,1.176498604277693,0.0007329285811741306,1.3334630065118454,1.8777709275827146,-0.7815154973438142,0.9025618837044834,0.18968016831536583,3.5888588416168417,0.21792910552168404,0.2602845966110754,1.6794157738367501,3.007236460049426,2.5942129337011313,-0.7404628311220179,-1.6982141498378653,-0.8930510062781474,3.417936621072081,2.8698027825142587,2.1228947995304064,0.13406082270198272,0.4850044983805899
3.0944268223261844,-0.9511976647930356,2.231586348012406,-0.7662404232924789,-0.8775052904207761,1.3763840234147073,1.176498604277693,0.0007329285811741306,1.3334630065118454,1.8777709275827146,-0.7815154973438142,0.9025618837044834,0.18968016831536583,3.5888588416168417,0.21792910552168404,0.2602845966110754,1.6794157738367501,3.007236460049426,2.5942129337011313,-0.7404628311220179,-1.6982141498378653,-0.8930510062781474,3.417936621072081,2.8698027825142587,2.1228947995304064,0.13406082270198272,0.4850044983805899
3.0944268223261844,-0.9511976647930356,2.231586348012406,-0.7662404232924789,-0.8775052904207761,1.3763840234147073,1.176498604277693,0.0007329285811741306,1.3334630065118454,1.8777709275827146,-0.7815154973438142,0.9025618837044834,0.18968016831536583,3.5888588416168417,0.21792910552168404,0.2602845966110754,1.6794157738367501,3.007236460049426,2.5942129337011313,-0.7404628311220179,-1.6982141498378653,-0.8930510062781474,3.417936621072081,2.8698027825142587,2.1228947995304064,0.13406082270198272,0.4850044983805899
3.0944268223261844,-0.9511976647930356,2.231586348012406,-0.7662404232924789,-0.8775052904207761,1.3763840234147073,1.176498604277693,0.0007329285811741306,1.3334630065118454,1.8777709275827146,-0.7815154973438142,0.9025618837044834,0.18968016831536583,3.5888588416168417,0.21792910552168404,0.2602845966110754,1.6794157738367501,3.007236460049426,2.5942129337011313,-0.7404628311220179,-1.6982141498378653,-0.8930510062781474,3.417936621072081,2.8698027825142587,2.1228947995304064,0.13406082270198272,0.4850044983805899
-0.5982218382815253,-0.9511976647930356,0.19037229509110573,-0.8057500149824197,-0.6996783290288535,1.0130437424616152,0.5599788360843866,-0.18370740527834584,2.2659208335291865,-0.15064207068294158,-0.7678133201398343,0.5106776014546656,0.6758458055645781,0.2790894357519784,-0.7863640591095876,0.8194648397166956,1.3958149037935526,1.5176881614128357,1.710129342077862,2.380614436051679,-1.390439352540501,-0.8930510062781474,0.8127231228318508,1.9011144885263052,0.2546634830002469,0.6956613543930809,0.6637386974043528
-0.5982218382815253,-0.9511976647930356,0.19037229509110573,-0.8057500149824197,-0.6996783290288535,1.0130437424616152,0.5599788360843866,-0.18370740527834584,2.2659208335291865,-0.15064207068294158,-0.7678133201398343,0.5106776014546656,0.6758458055645781,0.2790894357519784,-0.7863640591095876,0.8194648397166956,1.3958149037935526,1.5176881614128357,1.710129342077862,2.380614436051679,-1.390439352540501,-0.8930510062781474,0.8127231228318508,1.9011144885263052,0.2546634830002469,0.6956613543930809,0.6637386974043528
-0.5982218382815253,-0.9511976647930356,0.19037229509110573,-0.8057500149824197,-0.6996783290288535,1.0130437424616152,0.5599788360843866,-0.18370740527834584,2.2659208335291865,-0.15064207068294158,-0.7678133201398343,0.5106776014546656,0.6758458055645781,0.2790894357519784,-0.7863640591095876,0.8194648397166956,1.3958149037935526,1.5176881614128357,1.710129342077862,2.380614436051679,-1.390439352540501,-0.8930510062781474,0.8127231228318508,1.9011144885263052,0.2546634830002469,0.6956613543930809,0.6637386974043528
-0.5982218382815253,-0.9511976647930356,0.19037229509110573,-0.8057500149824197,-0.6996783290288535,1.0130437424616152,0.5599788360843866,-0.18370740527834584,2.2659208335291865,-0.15064207068294158,-0.7678133201398343,0.5106776014546656,0.6758458055645781,0.2790894357519784,-0.7863640591095876,0.8194648397166956,1.3958149037935526,1.5176881614128357,1.710129342077862,2.380614436051679,-1.390439352540501,-0.8930510062781474,0.8127231228318508,1.9011144885263052,0.2546634830002469,0.6956613543930809,0.6637386974043528
-0.5982218382815253,-0.9511976647930356,0.19037229509110573,-0.8057500149824197,-0.6996783290288535,1.0130437424616152,0.5599788360843866,-0.18370740527834584,2.2659208335291865,-0.15064207068294158,-0.7678133201398343,0.5106776014546656,0.6758458055645781,0.2790894357519784,-0.7863640591095876,0.8194648397166956,1.3958149037935526,1.5176881614128357,1.710129342077862,2.380614436051679,-1.390439352540501,-0.8930510062781474,0.8127231228318508,1.9011144885263052,0.2546634830002469,0.6956613543930809,0.6637386974043528
-0.5982218382815253,-0.9511976647930356,0.19037229509110573,-0.8057500149824197,-0.6996783290288535,1.0130437424616152,0.5599788360843866,-0.18370740527834584,2.2659208335291865,-0.15064207068294158,-0.7678133201398343,0.5106776014546656,0.6758458055645781,0.2790894357519784,-0.7863640591095876,0.8194648397166956,1.3958149037935526,1.5176881614128357,1.710129342077862,2.380614436051679,-1.390439352540501,-0.8930510062781474,0.8127231228318508,1.9011144885263052,0.2546634830002469,0.6956613543930809,0.6637386974043528
-0.5982218382815253,0.4543117232904312,-0.8302347313695445,1.248748752894502,-0.7238276694647937,-1.570709366538152,-1.5772896936524086,0.3546589746359286,0.09018590382205717,-0.8267797367714936,-0.3665352734518526,-1.0510105084065486,0.7082568480478589,0.17786991758511478,1.209296041781465,-0.40160222175884236,-0.5893911865088293,0.5888125369821531,-0.46273355592095666,-0.7404628311220179,0.7639842285410483,1.097578230224881,-0.055681376581559326,0.26410636380247626,0.2546634830002469,1.0968045913152937,0.18542741929298223
-0.5982218382815253,0.4543117232904312,-0.8302347313695445,1.248748752894502,-0.7238276694647937,-1.570709366538152,-1.5772896936524086,0.3546589746359286,0.09018590382205717,-0.8267797367714936,-0.3665352734518526,-1.0510105084065486,0.7082568480478589,0.17786991758511478,1.209296041781465,-0.40160222175884236,-0.5893911865088293,0.5888125369821531,-0.46273355592095666,-0.7404628311220179,0.7639842285410483,1.097578230224881,-0.055681376581559326,0.26410636380247626,0.2546634830002469,1.0968045913152937,0.18542741929298223
-0.40128057638244746,0.8867761503930365,0.19037229509110573,1.1302199778246795,-0.49111584344573456,-1.570709366538152,0.4366748824457252,-0.21361664860691662,0.7118244551669513,1.8777709275827146,-0.6053446475783588,0.4112442761076967,0.870312060464263,-0.2923110700287034,-0.5366023022912269,0.12334249625867862,-0.02218944642243442,-0.10575211912367262,-0.0010001900962076837,-0.4403592477399317,0.14843463394631992,1.2669934843953516,-0.055681376581559326,-0.013734464705696548,-0.056708403088113035,0.5352040596241957,0.6899744811276125
-0.40128057638244746,0.8867761503930365,0.19037229509110573,1.1302199778246795,-0.49111584344573456,-1.570709366538152,0.4366748824457252,-0.21361664860691662,0.7118244551669513,1.8777709275827146,-0.6053446475783588,0.4112442761076967,0.870312060464263,-0.2923110700287034,-0.5366023022912269,0.12334249625867862,-0.02218944642243442,-0.10575211912367262,-0.0010001900962076837,-0.4403592477399317,0.14843463394631992,1.2669934843953516,-0.055681376581559326,-0.013734464705696548,-0.056708403088113035,0.5352040596241957,0.6899744811276125
-0.5982218382815253,0.8867761503930365,-0.8302347313695445,1.011691202754857,-0.10472639647069308,-1.570709366538152,0.4366748824457252,-0.6423158029830981,0.7118244551669513,-0.8267797367714936,-0.5975148320332274,2.850285256677458,1.291655612746913,-0.4860430510362488,-0.736358633491061,-0.025011445789751233,0.8286131637071579,0.1704000935449087,-0.024086858387445134,-0.7404628311220179,-0.7748897579457726,1.2669934843953516,-0.055681376581559326,0.1364497669203428,-0.36808028917647295,0.8962329728541873,0.9255320548339719
-0.5982218382815253,0.8867761503930365,-0.8302347313695445,1.011691202754857,-0.10472639647069308,-1.570709366538152,0.4366748824457252,-0.6423158029830981,0.7118244551669513,-0.8267797367714936,-0.5975148320332274,2.850285256677458,1.291655612746913,-0.4860430510362488,-0.736358633491061,-0.025011445789751233,0.8286131637071579,0.1704000935449087,-0.024086858387445134,-0.7404628311220179,-0.7748897579457726,1.2669934843953516,-0.055681376581559326,0.1364497669203428,-0.36808028917647295,0.8962329728541873,0.9255320548339719
-0.5982218382815253,0.8867761503930365,1.210979321551756,1.1697295695146204,-0.5328283405623584,-1.570709366538152,-1.5772896936524086,-0.0640704319640626,0.09018590382205717,0.5254955954056105,-0.5250890382407625,-0.6591262261567307,0.9675451879141054,-0.2563944668082034,-0.3001303936983554,-1.9992600592034715,0.5450122936639604,0.28755557770733714,-0.2563115806110689,-0.500379964416349,-0.46711496064840846,1.1822858573101165,-0.055681376581559326,-1.05751487450667,-1.6135678335299126,0.05383217531754103,0.549833997312478
-0.5982218382815253,0.8867761503930365,1.210979321551756,1.1697295695146204,-0.5328283405623584,-1.570709366538152,-1.5772896936524086,-0.0640704319640626,0.09018590382205717,0.5254955954056105,-0.5250890382407625,-0.6591262261567307,0.9675451879141054,-0.2563944668082034,-0.3001303936983554,-1.9992600592034715,0.5450122936639604,0.28755557770733714,-0.2563115806110689,-0.500379964416349,-0.46711496064840846,1.1822858573101165,-0.055681376581559326,-1.05751487450667,-1.6135678335299126,0.05383217531754103,0.549833997312478
-0.5982218382815253,0.8867761503930365,1.210979321551756,1.248748752894502,-0.6645520156674861,-1.570709366538152,-1.5772896936524086,0.033134608853792505,0.09018590382205717,1.2016332614941625,-0.566195569852702,-0.07422431235103256,0.8054899754977013,0.0069939568087966,-0.07506271672685573,-1.4286679744018183,-0.02218944642243442,0.6557585279321122,-0.12593980673113978,-0.5604006810927662,0.14843463394631992,1.224639670852734,-0.055681376581559326,-0.35164898586428506,-0.9908240613531928,0.3747467648553105,0.45264238185691075
-0.5982218382815253,0.8867761503930365,1.210979321551756,1.248748752894502,-0.6645520156674861,-1.570709366538152,-1.5772896936524086,0.033134608853792505,0.09018590382205717,1.2016332614941625,-0.566195569852702,-0.07422431235103256,0.8054899754977013,0.0069939568087966,-0.07506271672685573,-1.4286679744018183,-0.02218944642243442,0.6557585279321122,-0.12593980673113978,-0.5604006810927662,0.14843463394631992,1.224639670852734,-0.055681376581559326,-0.35164898586428506,-0.9908240613531928,0.3747467648553105,0.45264238185691075
-0.49975120733198636,0.8867761503930365,0.19037229509110573,1.248748752894502,-0.6777243831779989,-1.570709366538152,-1.5772896936524086,0.18018838855259892,0.09018590382205717,0.5254955954056105,-0.46245051387971164,-1.828930053768127,0.1248580833488049,0.04617570577661478,0.38081026583583144,0.5569924807079352,-1.7237946666816188,-0.3567995851860193,-0.36359668619976054,-0.6204213977691835,1.9950834177305052,1.1399320437674987,-0.055681376581559326,0.04633922794471919,-0.36808028917647295,0.6154327070086383,0.31431988606174616
-0.49975120733198636,0.8867761503930365,0.19037229509110573,1.248748752894502,-0.6777243831779989,-1.570709366538152,-1.5772896936524086,0.18018838855259892,0.09018590382205717,0.5254955954056105,-0.46245051387971164,-1.828930053768127,0.1248580833488049,0.04617570577661478,0.38081026583583144,0.5569924807079352,-1.7237946666816188,-0.3567995851860193,-0.36359668619976054,-0.6204213977691835,1.9950834177305052,1.1399320437674987,-0.055681376581559326,0.04633922794471919,-0.36808028917647295,0.6154327070086383,0.31431988606174616
-0.5982218382815253,0.7786600436173851,1.210979321551756,1.1697295695146204,-0.583322416019324,-1.570709366538152,-1.5772896936524086,0.0181799871895071,0.09018590382205717,0.5254955954056105,-0.5055144993779341,1.3880304721632126,0.8054899754977013,-0.18673802419874883,-0.14030439681784815,-0.8124285228160326,0.261411423620763,0.5386030437696838,-0.2875464847698019,-0.500379964416349,-0.15934016335104428,1.1822858573101165,-0.055681376581559326,-0.051280522612206385,-0.36808028917647295,0.6956613543930809,0.4675456936126812
-0.5982218382815253,0.7786600436173851,1.210979321551756,1.1697295695146204,-0.583322416019324,-1.570709366538152,-1.5772896936524086,0.0181799871895071,0.09018590382205717,0.5254955954056105,-0.5055144993779341,1.3880304721632126,0.8054899754977013,-0.18673802419874883,-0.14030439681784815,-0.8124285228160326,0.261411423620763,0.5386030437696838,-0.2875464847698019,-0.500379964416349,-0.15934016335104428,1.1822858573101165,-0.055681376581559326,-0.051280522612206385,-0.36808028917647295,0.6956613543930809,0.4675456936126812
-0.5982218382815253,-0.08626881058782543,0.19037229509110573,1.1697295695146204,-0.5569776809982985,-1.570709366538152,-1.5772896936524086,0.17769595160855137,0.09018590382205717,-0.15064207068294158,-0.35674800402043844,1.3880304721632126,1.0323672728806663,-0.21503595400883974,0.16838143516036885,0.020635920994381027,0.261411423620763,-0.03043787930496862,-0.47088179178845224,-0.7404628311220179,-0.15934016335104428,1.097578230224881,-0.055681376581559326,-0.013734464705696548,0.5660353690886069,1.0968045913152937,0.31647910626368436
-0.5982218382815253,-0.08626881058782543,0.19037229509110573,1.1697295695146204,-0.5569776809982985,-1.570709366538152,-1.5772896936524086,0.17769595160855137,0.09018590382205717,-0.15064207068294158,-0.35674800402043844,1.3880304721632126,1.0323672728806663,-0.21503595400883974,0.16838143516036885,0.020635920994381027,0.261411423620763,-0.03043787930496862,-0.47088179178845224,-0.7404628311220179,-0.15934016335104428,1.097578230224881,-0.055681376581559326,-0.013734464705696548,0.5660353690886069,1.0968045913152937,0.31647910626368436
-0.49975120733198636,0.8867761503930365,-0.8302347313695445,1.2092391612045612,-0.6008855727000078,-0.6018019506632394,-1.5772896936524086,0.3546589746359286,0.09018590382205717,-0.15064207068294158,-0.25691785582001375,1.7857637735510872,0.7406678905311397,-0.022392354917067033,0.6230221467174912,-0.6868982641596689,-0.02218944642243442,0.6473902790633673,-0.48038806696719705,-0.6204213977691835,0.14843463394631992,1.097578230224881,-0.055681376581559326,0.12894055533904084,-0.056708403088113035,0.8160043254697448,0.18542741929298223
-0.49975120733198636,0.8867761503930365,-0.8302347313695445,1.2092391612045612,-0.6008855727000078,-0.6018019506632394,-1.5772896936524086,0.3546589746359286,0.09018590382205717,-0.15064207068294158,-0.25691785582001375,1.7857637735510872,0.7406678905311397,-0.022392354917067033,0.6230221467174912,-0.6868982641596689,-0.02218944642243442,0.6473902790633673,-0.48038806696719705,-0.6204213977691835,0.14843463394631992,1.097578230224881,-0.055681376581559326,0.12894055533904084,-0.056708403088113035,0.8160043254697448,0.18542741929298223
-0.5982218382815253,0.8867761503930365,0.19037229509110573,1.1697295695146204,-0.45818492466945265,0.8111880308210082,-1.5772896936524086,-0.24103345499143985,2.88755938487408,-0.8267797367714936,-0.5975148320332274,-1.536479096865278,1.8102322924794052,-0.2368035923242943,-0.5534355604219986,-0.8466640479041319,0.5450122936639604,0.5218665460321941,0.1728288417436978,-0.7404628311220179,-0.46711496064840846,1.2669934843953516,-1.1411870008483218,-0.08882658051871622,-0.9908240613531928,0.21428947008642532,0.7130001627522816
-0.5982218382815253,0.8867761503930365,0.19037229509110573,1.1697295695146204,-0.45818492466945265,0.8111880308210082,-1.5772896936524086,-0.24103345499143985,2.88755938487408,-0.8267797367714936,-0.5975148320332274,-1.536479096865278,1.8102322924794052,-0.2368035923242943,-0.5534355604219986,-0.8466640479041319,0.5450122936639604,0.5218665460321941,0.1728288417436978,-0.7404628311220179,-0.46711496064840846,1.2669934843953516,-1.1411870008483218,-0.08882658051871622,-0.9908240613531928,0.21428947008642532,0.7130001627522816
-0.4505158918572169,0.8867761503930365,0.19037229509110573,1.3277679362743837,-0.8138388474532976,-0.15771938505390443,-1.5772896936524086,0.2051127579930746,0.09018590382205717,0.5254955954056105,-0.5642381159664193,1.1774657831931616,0.5786126781147356,0.7808334989232056,1.5349256703742804,-0.5956035305914045,-0.3057903164656318,0.6139172835883878,0.049247264420015,-0.5604006810927662,0.4562094312436841,1.2669934843953516,0.3785208731251457,0.1589774016642487,0.2546634830002469,1.2572618860841782,0.29317777890643243
-0.4505158918572169,0.8867761503930365,0.19037229509110573,1.3277679362743837,-0.8138388474532976,-0.15771938505390443,-1.5772896936524086,0.2051127579930746,0.09018590382205717,0.5254955954056105,-0.5642381159664193,1.1774657831931616,0.5786126781147356,0.7808334989232056,1.5349256703742804,-0.5956035305914045,-0.3057903164656318,0.6139172835883878,0.049247264420015,-0.5604006810927662,0.4562094312436841,1.2669934843953516,0.3785208731251457,0.1589774016642487,0.2546634830002469,1.2572618860841782,0.29317777890643243
-0.5982218382815253,0.8867761503930365,-0.8302347313695445,1.0907103861347387,-0.289139541617872,-1.570709366538152,-1.5772896936524086,-0.38310236080215115,2.88755938487408,-0.8267797367714936,-0.5583657543075707,1.0955795152603636,1.8102322924794052,-0.3630558945539306,-0.6126091242464945,-1.06348904012876,1.9630166438799475,1.124380464581826,0.01937039957253124,-0.7404628311220179,-2.0059889471352297,1.2669934843953516,-0.7069847511416169,0.30916163329028806,0.2546634830002469,0.856118649161966,0.8145725807070178
-0.5982218382815253,0.8867761503930365,-0.8302347313695445,1.0907103861347387,-0.289139541617872,-1.570709366538152,-1.5772896936524086,-0.38310236080215115,2.88755938487408,-0.8267797367714936,-0.5583657543075707,1.0955795152603636,1.8102322924794052,-0.3630558945539306,-0.6126091242464945,-1.06348904012876,1.9630166438799475,1.124380464581826,0.01937039957253124,-0.7404628311220179,-2.0059889471352297,1.2669934843953516,-0.7069847511416169,0.30916163329028806,0.2546634830002469,0.856118649161966,0.8145725807070178
-0.5982218382815253,0.8867761503930365,0.19037229509110573,1.248748752894502,-0.6096671510403496,-1.570709366538152,-1.5772896936524086,-0.2510032027676301,0.09018590382205717,0.5254955954056105,-0.7404089657318746,-0.07422431235103256,0.870312060464263,0.008082338724569328,-0.7606592048734034,0.8765240481968609,0.5450122936639604,0.6055490347196429,1.0093810574732431,-0.7404628311220179,-0.46711496064840846,1.351701111480587,-0.055681376581559326,1.1201564840709004,-0.056708403088113035,0.9764616202386299,0.7211151780228631
-0.5982218382815253,0.8867761503930365,0.19037229509110573,1.248748752894502,-0.6096671510403496,-1.570709366538152,-1.5772896936524086,-0.2510032027676301,0.09018590382205717,0.5254955954056105,-0.7404089657318746,-0.07422431235103256,0.870312060464263,0.008082338724569328,-0.7606592048734034,0.8765240481968609,0.5450122936639604,0.6055490347196429,1.0093810574732431,-0.7404628311220179,-0.46711496064840846,1.351701111480587,-0.055681376581559326,1.1201564840709004,-0.056708403088113035,0.9764616202386299,0.7211151780228631
-0.5982218382815253,0.8867761503930365,0.19037229509110573,1.2092391612045612,-0.5942993889447513,0.08450746891482375,-1.5772896936524086,0.18517326244069407,0.09018590382205717,-0.8267797367714936,-0.3841523584283982,1.4582187018198967,1.129600400330509,-0.03545293790633976,0.23077172911031912,-0.6526627390715698,0.8286131637071579,0.5971807858508981,-0.35680648964351425,-0.7404628311220179,-0.7748897579457726,1.1822858573101165,-0.055681376581559326,0.10641292059513492,0.5660353690886069,1.1770332386997355,0.31002551887238755
-0.5982218382815253,0.8867761503930365,0.19037229509110573,1.2092391612045612,-0.5942993889447513,0.08450746891482375,-1.5772896936524086,0.18517326244069407,0.09018590382205717,-0.8267797367714936,-0.3841523584283982,1.4582187018198967,1.129600400330509,-0.03545293790633976,0.23077172911031912,-0.6526627390715698,0.8286131637071579,0.5971807858508981,-0.35680648964351425,-0.7404628311220179,-0.7748897579457726,1.1822858573101165,-0.055681376581559326,0.10641292059513492,0.5660353690886069,1.1770332386997355,0.31002551887238755
-0.5982218382815253,0.8867761503930365,1.210979321551756,1.011691202754857,-0.5745408376789821,0.4074766075397947,-1.5772896936524086,0.05307410440617304,0.09018590382205717,-0.8267797367714936,-0.470280329424843,1.5810481037190929,1.453710825163317,-0.06483924963220339,-0.06970073240220964,-0.1277180210540488,1.1122140337503552,0.7980187587007753,-0.22915079438608366,-0.7404628311220179,-1.0826645552431369,1.1822858573101165,0.3785208731251457,0.6320577312862726,0.5660353690886069,1.5781764756219485,0.4329070950345457
-0.5982218382815253,0.8867761503930365,1.210979321551756,1.011691202754857,-0.5745408376789821,0.4074766075397947,-1.5772896936524086,0.05307410440617304,0.09018590382205717,-0.8267797367714936,-0.470280329424843,1.5810481037190929,1.453710825163317,-0.06483924963220339,-0.06970073240220964,-0.1277180210540488,1.1122140337503552,0.7980187587007753,-0.22915079438608366,-0.7404628311220179,-1.0826645552431369,1.1822858573101165,0.3785208731251457,0.6320577312862726,0.5660353690886069,1.5781764756219485,0.4329070950345457
-0.49975120733198636,0.8867761503930365,0.19037229509110573,1.2092391612045612,-0.5701500485088112,-1.570709366538152,0.31337092880706413,-0.25598807665572526,0.7118244551669513,0.5254955954056105,-0.7090897035513491,0.9025618837044834,1.0323672728806663,-0.09422556135806703,-0.7036122507780617,-1.5656100747542152,0.261411423620763,0.7645457632257958,0.6983900551971621,-0.7404628311220179,-0.15934016335104428,1.351701111480587,-0.055681376581559326,-0.3441397742829831,-1.3021959474415528,0.3346324411630892,0.7251194977898231
-0.49975120733198636,0.8867761503930365,0.19037229509110573,1.2092391612045612,-0.5701500485088112,-1.570709366538152,0.31337092880706413,-0.25598807665572526,0.7118244551669513,0.5254955954056105,-0.7090897035513491,0.9025618837044834,1.0323672728806663,-0.09422556135806703,-0.7036122507780617,-1.5656100747542152,0.261411423620763,0.7645457632257958,0.6983900551971621,-0.7404628311220179,-0.15934016335104428,1.351701111480587,-0.055681376581559326,-0.3441397742829831,-1.3021959474415528,0.3346324411630892,0.7251194977898231
-0.253574629958139,0.8867761503930365,-0.8302347313695445,1.1697295695146204,-0.4340355842335125,-1.570709366538152,0.10786433940929517,-0.3731326130259609,0.09018590382205717,1.2016332614941625,-0.6797278952571066,0.5106776014546656,0.4165574656983315,-0.2563944668082034,-0.7260080757797622,1.641117441831076,-0.5893911865088293,-0.44885032274221304,0.5204869054235088,-0.500379964416349,0.7639842285410483,1.3093472979379694,-0.055681376581559326,0.6771130007740844,-0.056708403088113035,0.6154327070086383,0.8084546514385326
-0.253574629958139,0.8867761503930365,-0.8302347313695445,1.1697295695146204,-0.4340355842335125,-1.570709366538152,0.10786433940929517,-0.3731326130259609,0.09018590382205717,1.2016332614941625,-0.6797278952571066,0.5106776014546656,0.4165574656983315,-0.2563944668082034,-0.7260080757797622,1.641117441831076,-0.5893911865088293,-0.44885032274221304,0.5204869054235088,-0.500379964416349,0.7639842285410483,1.3093472979379694,-0.055681376581559326,0.6771130007740844,-0.056708403088113035,0.6154327070086383,0.8084546514385326
0.23877852478955564,-2.0323587325495485,0.19037229509110573,0.8141432443051534,0.5077886927681511,0.20562089589918794,0.14896565728884895,-0.19118471611048854,0.7118244551669513,0.8635644284498865,0.3029139556568778,-2.9987338813795232,0.3193243382484891,-0.5752903681296124,-0.2894921257678556,0.362991171875373,1.3958149037935526,0.295923826576082,-0.7166869071245686,0.2798893523770753,-1.390439352540501,0.8434553489691755,0.3785208731251457,0.5044011344041391,2.1228947995304064,0.5753183833164169,0.6704011598088686
0.23877852478955564,-2.0323587325495485,0.19037229509110573,0.8141432443051534,0.5077886927681511,0.20562089589918794,0.14896565728884895,-0.19118471611048854,0.7118244551669513,0.8635644284498865,0.3029139556568778,-2.9987338813795232,0.3193243382484891,-0.5752903681296124,-0.2894921257678556,0.362991171875373,1.3958149037935526,0.295923826576082,-0.7166869071245686,0.2798893523770753,-1.390439352540501,0.8434553489691755,0.3785208731251457,0.5044011344041391,2.1228947995304064,0.5753183833164169,0.6704011598088686
-0.5982218382815253,0.021847296187825962,-0.8302347313695445,1.3277679362743837,0.062123591995802106,-0.11734824272578302,0.10786433940929517,0.5889480473763999,0.09018590382205717,-0.4887109037272176,0.5182338831479899,-1.536479096865278,0.09244704086552409,-0.5186945085094307,0.21483915097404238,-0.9379587814723964,-0.02218944642243442,-0.06391087477994818,-0.7438476933495538,0.03980648567140629,0.14843463394631992,0.7587477218839402,0.3785208731251457,-0.6745450838602697,-0.36808028917647295,0.17417514639420403,0.08166025546159467
-0.5982218382815253,0.021847296187825962,-0.8302347313695445,1.3277679362743837,0.062123591995802106,-0.11734824272578302,0.10786433940929517,0.5889480473763999,0.09018590382205717,-0.4887109037272176,0.5182338831479899,-1.536479096865278,0.09244704086552409,-0.5186945085094307,0.21483915097404238,-0.9379587814723964,-0.02218944642243442,-0.06391087477994818,-0.7438476933495538,0.03980648567140629,0.14843463394631992,0.7587477218839402,0.3785208731251457,-0.6745450838602697,-0.36808028917647295,0.17417514639420403,0.08166025546159467
-0.5982218382815253,0.4543117232904312,0.19037229509110573,1.3672775279643246,-0.08496784520492391,0.08450746891482375,0.06676302152974162,-0.22857127027120203,1.6442822821842924,-0.15064207068294158,-0.2549604019337309,0.14803841489513256,0.7406678905311397,-0.4903965786993397,-0.38263957548538813,-1.554198233058182,0.8286131637071579,0.4047110618697656,-0.5550802290859065,-0.7404628311220179,-0.7748897579457726,1.0552244166822633,-0.055681376581559326,-0.6595266606976657,-0.36808028917647295,-0.3071967379124506,0.7026606543447315
-0.5982218382815253,0.4543117232904312,0.19037229509110573,1.3672775279643246,-0.08496784520492391,0.08450746891482375,0.06676302152974162,-0.22857127027120203,1.6442822821842924,-0.15064207068294158,-0.2549604019337309,0.14803841489513256,0.7406678905311397,-0.4903965786993397,-0.38263957548538813,-1.554198233058182,0.8286131637071579,0.4047110618697656,-0.5550802290859065,-0.7404628311220179,-0.7748897579457726,1.0552244166822633,-0.055681376581559326,-0.6595266606976657,-0.36808028917647295,-0.3071967379124506,0.7026606543447315
-0.5982218382815253,-1.059313771568687,-0.8302347313695445,1.4067871196542654,-0.22108230948022262,0.04413632658670257,0.23116829304795652,0.4045077135168799,0.09018590382205717,-0.4887109037272176,0.12087074423257392,1.6804814290660617,0.25450225328192744,-0.45121482973152155,0.20779081918223247,-0.42442590515090844,0.8286131637071579,0.33776507091980645,-0.6800198457208385,-0.20027638103426273,-0.7748897579457726,1.351701111480587,-0.055681376581559326,0.02381159320081329,0.5660353690886069,0.17417514639420403,0.15709546888545273
-0.5982218382815253,-1.059313771568687,-0.8302347313695445,1.4067871196542654,-0.22108230948022262,0.04413632658670257,0.23116829304795652,0.4045077135168799,0.09018590382205717,-0.4887109037272176,0.12087074423257392,1.6804814290660617,0.25450225328192744,-0.45121482973152155,0.20779081918223247,-0.42442590515090844,0.8286131637071579,0.33776507091980645,-0.6800198457208385,-0.20027638103426273,-0.7748897579457726,1.351701111480587,-0.055681376581559326,0.02381159320081329,0.5660353690886069,0.17417514639420403,0.15709546888545273
1.0265435723858671,0.8867761503930365,0.19037229509110573,-0.25261573132324844,-0.47355268676505086,0.3671054652116733,0.5188775182048329,-0.23604858110334473,0.09018590382205717,1.2016332614941625,-0.6073021014646417,-1.536479096865278,-0.2964854689338457,-0.30754841684952156,-0.5582368574776225,0.191813546434877,-0.3057903164656318,-0.11412036799241751,0.004431967148789363,0.6400136524355788,0.4562094312436841,-0.25774380313888284,-0.055681376581559326,0.02381159320081329,-0.056708403088113035,-0.02639647206690156,0.7088901725661199
1.0265435723858671,0.8867761503930365,0.19037229509110573,-0.25261573132324844,-0.47355268676505086,0.3671054652116733,0.5188775182048329,-0.23604858110334473,0.09018590382205717,1.2016332614941625,-0.6073021014646417,-1.536479096865278,-0.2964854689338457,-0.30754841684952156,-0.5582368574776225,0.191813546434877,-0.3057903164656318,-0.11412036799241751,0.004431967148789363,0.6400136524355788,0.4562094312436841,-0.25774380313888284,-0.055681376581559326,0.02381159320081329,-0.056708403088113035,-0.02639647206690156,0.7088901725661199
0.48495510216340293,0.6705439368417336,0.19037229509110573,-0.25261573132324844,-0.4713572921799654,0.5689611768522803,0.39557356456617143,0.1901581363287892,0.09018590382205717,-0.4887109037272176,-0.27062003302399357,0.9025618837044834,0.027624955898962453,-0.309725180681067,0.11308865993728813,1.0020543068532246,-0.02218944642243442,-0.4823233182171926,-0.5496480718409095,-0.7404628311220179,0.14843463394631992,-0.1306823625110303,-0.055681376581559326,0.2265603058959664,-0.056708403088113035,-0.06651079575912286,0.3057636598919695
0.48495510216340293,0.6705439368417336,0.19037229509110573,-0.25261573132324844,-0.4713572921799654,0.5689611768522803,0.39557356456617143,0.1901581363287892,0.09018590382205717,-0.4887109037272176,-0.27062003302399357,0.9025618837044834,0.027624955898962453,-0.309725180681067,0.11308865993728813,1.0020543068532246,-0.02218944642243442,-0.4823233182171926,-0.5496480718409095,-0.7404628311220179,0.14843463394631992,-0.1306823625110303,-0.055681376581559326,0.2265603058959664,-0.056708403088113035,-0.06651079575912286,0.3057636598919695
-0.5982218382815253,0.8867761503930365,-0.8302347313695445,-0.015558181183603827,-0.4515987409141962,0.7304457461647654,0.35447224668661764,-0.32577631108905714,0.09018590382205717,-0.4887109037272176,-0.6581959025079954,-0.07422431235103256,0.027624955898962453,-0.33149281899652155,-0.6754872999891837,0.6482872142761996,-0.02218944642243442,-0.2061711055486113,0.21628609970367418,-0.7404628311220179,0.14843463394631992,-0.25774380313888284,-0.055681376581559326,0.24157872905857034,0.2546634830002469,0.013717851625319735,0.7772998611746911
-0.5982218382815253,0.8867761503930365,-0.8302347313695445,-0.015558181183603827,-0.4515987409141962,0.7304457461647654,0.35447224668661764,-0.32577631108905714,0.09018590382205717,-0.4887109037272176,-0.6581959025079954,-0.07422431235103256,0.027624955898962453,-0.33149281899652155,-0.6754872999891837,0.6482872142761996,-0.02218944642243442,-0.2061711055486113,0.21628609970367418,-0.7404628311220179,0.14843463394631992,-0.25774380313888284,-0.055681376581559326,0.24157872905857034,0.2546634830002469,0.013717851625319735,0.7772998611746911
-0.5982218382815253,0.23807950973912845,-0.8302347313695445,-0.3316349147031301,-0.025692191407616416,0.24599203822730933,0.31337092880706413,0.37210603324426156,0.7118244551669513,-0.8267797367714936,0.2696372395900696,0.9025618837044834,0.3841464232150507,-0.5023687797728397,0.09059349905847651,-0.05924697087785043,0.261411423620763,-0.013701381567478845,-0.7112547498795716,0.45995150240632704,-0.15934016335104428,-0.5118666843945888,-0.055681376581559326,-0.051280522612206385,-0.056708403088113035,-0.10662511945134415,0.1750862681640398
-0.5982218382815253,0.23807950973912845,-0.8302347313695445,-0.3316349147031301,-0.025692191407616416,0.24599203822730933,0.31337092880706413,0.37210603324426156,0.7118244551669513,-0.8267797367714936,0.2696372395900696,0.9025618837044834,0.3841464232150507,-0.5023687797728397,0.09059349905847651,-0.05924697087785043,0.261411423620763,-0.013701381567478845,-0.7112547498795716,0.45995150240632704,-0.15934016335104428,-0.5118666843945888,-0.055681376581559326,-0.051280522612206385,-0.056708403088113035,-0.10662511945134415,0.1750862681640398
-0.5982218382815253,0.12996340296347736,-0.8302347313695445,-0.37114450639307095,0.005043332783580066,0.003765184258581173,0.5599788360843866,0.6063951059847329,0.7118244551669513,0.18742676236133443,0.48104225930861605,0.9025618837044834,0.513790593148174,-0.5088990712674761,0.25427413202799876,-1.8851416422431408,1.1122140337503552,0.4549205550822349,-0.739773575415806,1.5403244025818374,-1.0826645552431369,-0.5542204979372065,-0.055681376581559326,-0.8322385270676109,-0.36808028917647295,-0.22696809052800804,0.07656219735181215
-0.5982218382815253,0.12996340296347736,-0.8302347313695445,-0.37114450639307095,0.005043332783580066,0.003765184258581173,0.5599788360843866,0.6063951059847329,0.7118244551669513,0.18742676236133443,0.48104225930861605,0.9025618837044834,0.513790593148174,-0.5088990712674761,0.25427413202799876,-1.8851416422431408,1.1122140337503552,0.4549205550822349,-0.739773575415806,1.5403244025818374,-1.0826645552431369,-0.5542204979372065,-0.055681376581559326,-0.8322385270676109,-0.36808028917647295,-0.22696809052800804,0.07656219735181215
1.3219554652344838,0.8867761503930365,2.231586348012406,-0.21310613963330757,-0.5899085997745804,0.4478477498679161,0.477776200325279,0.0032253655252216973,0.09018590382205717,0.5254955954056105,-0.5231315843544796,-0.07422431235103256,-0.2640744264505649,-0.16061685822020338,-0.17149069300880904,0.24887275491504232,-0.5893911865088293,-0.08064737251743795,-0.2590276592335674,-0.7404628311220179,0.7639842285410483,-0.3000976166815005,-0.055681376581559326,0.09139449743253099,0.2546634830002469,-0.14673944314356543,0.48250714233361025
1.3219554652344838,0.8867761503930365,2.231586348012406,-0.21310613963330757,-0.5899085997745804,0.4478477498679161,0.477776200325279,0.0032253655252216973,0.09018590382205717,0.5254955954056105,-0.5231315843544796,-0.07422431235103256,-0.2640744264505649,-0.16061685822020338,-0.17149069300880904,0.24887275491504232,-0.5893911865088293,-0.08064737251743795,-0.2590276592335674,-0.7404628311220179,0.7639842285410483,-0.3000976166815005,-0.055681376581559326,0.09139449743253099,0.2546634830002469,-0.14673944314356543,0.48250714233361025
1.3711907807092534,0.8867761503930365,0.19037229509110573,-0.25261573132324844,-0.46916189759488,0.6497034615085231,0.5599788360843866,-0.21112421166286907,0.09018590382205717,0.8635644284498865,-0.5838126548292476,-0.6591262261567307,-0.2640744264505649,-0.31081356259683973,-0.5156528440796974,1.424292449606448,-0.3057903164656318,-0.3400630874485295,-0.06754411634742151,-0.7404628311220179,0.4562094312436841,-0.25774380313888284,-0.055681376581559326,0.6320577312862726,0.2546634830002469,-0.06651079575912286,0.6878313305828404
1.3711907807092534,0.8867761503930365,0.19037229509110573,-0.25261573132324844,-0.46916189759488,0.6497034615085231,0.5599788360843866,-0.21112421166286907,0.09018590382205717,0.8635644284498865,-0.5838126548292476,-0.6591262261567307,-0.2640744264505649,-0.31081356259683973,-0.5156528440796974,1.424292449606448,-0.3057903164656318,-0.3400630874485295,-0.06754411634742151,-0.7404628311220179,0.4562094312436841,-0.25774380313888284,-0.055681376581559326,0.6320577312862726,0.2546634830002469,-0.06651079575912286,0.6878313305828404
-0.5982218382815253,0.8867761503930365,1.210979321551756,-0.015558181183603827,-0.4669665030097945,0.24599203822730933,0.10786433940929517,-0.10394942306882367,0.09018590382205717,-0.4887109037272176,-0.49768468383280273,-0.07422431235103256,-0.037197129067599186,-0.3162554721757034,-0.34742714776285544,0.06628328777851329,-0.3057903164656318,-0.31495834084229485,-0.3079170744385408,-0.7404628311220179,0.4562094312436841,-0.045974735425794964,-0.055681376581559326,-0.23901081214475556,-0.056708403088113035,-0.06651079575912286,0.5890404340586651
-0.5982218382815253,0.8867761503930365,1.210979321551756,-0.015558181183603827,-0.4669665030097945,0.24599203822730933,0.10786433940929517,-0.10394942306882367,0.09018590382205717,-0.4887109037272176,-0.49768468383280273,-0.07422431235103256,-0.037197129067599186,-0.3162554721757034,-0.34742714776285544,0.06628328777851329,-0.3057903164656318,-0.31495834084229485,-0.3079170744385408,-0.7404628311220179,0.4562094312436841,-0.045974735425794964,-0.055681376581559326,-0.23901081214475556,-0.056708403088113035,-0.06651079575912286,0.5890404340586651
1.8143086199821785,0.8867761503930365,-0.8302347313695445,-0.1340869562534259,-0.7589539828261611,0.28636318055543075,1.1353972863981392,0.3970304026847372,0.09018590382205717,-0.15064207068294158,-0.3645778195655698,-1.0510105084065486,-0.10201921403416082,0.296503546404342,1.7731970315413006,-1.8166705920669426,-0.3057903164656318,0.9653837360756731,-0.46816571316595373,0.8200758024648306,0.4562094312436841,-0.34245143022411817,-0.055681376581559326,-0.32912135112037916,-0.056708403088113035,-0.14673944314356543,0.16110894957658525
1.8143086199821785,0.8867761503930365,-0.8302347313695445,-0.1340869562534259,-0.7589539828261611,0.28636318055543075,1.1353972863981392,0.3970304026847372,0.09018590382205717,-0.15064207068294158,-0.3645778195655698,-1.0510105084065486,-0.10201921403416082,0.296503546404342,1.7731970315413006,-1.8166705920669426,-0.3057903164656318,0.9653837360756731,-0.46816571316595373,0.8200758024648306,0.4562094312436841,-0.34245143022411817,-0.055681376581559326,-0.32912135112037916,-0.056708403088113035,-0.14673944314356543,0.16110894957658525
0.5341904176381724,0.8867761503930365,-0.8302347313695445,-0.37114450639307095,0.10603148369751136,1.1341571694459793,-0.015439614229365965,-0.884082186555712,0.7118244551669513,0.18742676236133443,-0.5994722859195103,0.3410560464510132,0.25450225328192744,-0.525224800004067,-0.7857546467117275,1.8693542757517374,0.261411423620763,-0.28985359423606016,-0.024086858387445134,-0.7404628311220179,-0.15934016335104428,-0.25774380313888284,-0.055681376581559326,0.9699722524448612,1.1887791412653266,0.05383217531754103,0.9704018958208609
0.5341904176381724,0.8867761503930365,-0.8302347313695445,-0.37114450639307095,0.10603148369751136,1.1341571694459793,-0.015439614229365965,-0.884082186555712,0.7118244551669513,0.18742676236133443,-0.5994722859195103,0.3410560464510132,0.25450225328192744,-0.525224800004067,-0.7857546467117275,1.8693542757517374,0.261411423620763,-0.28985359423606016,-0.024086858387445134,-0.7404628311220179,-0.15934016335104428,-0.25774380313888284,-0.055681376581559326,0.9699722524448612,1.1887791412653266,0.05383217531754103,0.9704018958208609
1.5681320426083312,0.6705439368417336,-0.8302347313695445,-0.17359654794336674,-0.6711381994227426,0.3671054652116733,0.5599788360843866,0.5141749390549729,0.09018590382205717,0.5254955954056105,-0.19427933145896292,-1.3259144078952265,-0.426129638866969,0.02223130362961478,1.351927424726775,-0.11630617935801575,-0.8729920565520267,-0.1224886168611624,-0.5863151332446395,-0.7404628311220179,1.0717590258384124,-0.17303617605364796,0.3785208731251457,-0.1864463310756418,0.8774072551769667,0.09394649900976233,0.10716807048652817
1.5681320426083312,0.6705439368417336,-0.8302347313695445,-0.17359654794336674,-0.6711381994227426,0.3671054652116733,0.5599788360843866,0.5141749390549729,0.09018590382205717,0.5254955954056105,-0.19427933145896292,-1.3259144078952265,-0.426129638866969,0.02223130362961478,1.351927424726775,-0.11630617935801575,-0.8729920565520267,-0.1224886168611624,-0.5863151332446395,-0.7404628311220179,1.0717590258384124,-0.17303617605364796,0.3785208731251457,-0.1864463310756418,0.8774072551769667,0.09394649900976233,0.10716807048652817
0.48495510216340293,0.12996340296347736,-0.8302347313695445,-0.3316349147031301,-0.06520929393915476,0.4074766075397947,0.35447224668661764,-0.29835950470453393,0.09018590382205717,-0.15064207068294158,-0.2921520257731048,-0.07422431235103256,-0.19925234148400328,-0.49583848827820337,-0.43451296280709495,0.8537003648047948,-0.5893911865088293,-0.674793042198325,-0.5401417966621646,-0.7404628311220179,0.7639842285410483,-0.1306823625110303,-0.055681376581559326,-0.04377131103090442,0.2546634830002469,-0.06651079575912286,0.7576796390037048
0.48495510216340293,0.12996340296347736,-0.8302347313695445,-0.3316349147031301,-0.06520929393915476,0.4074766075397947,0.35447224668661764,-0.29835950470453393,0.09018590382205717,-0.15064207068294158,-0.2921520257731048,-0.07422431235103256,-0.19925234148400328,-0.49583848827820337,-0.43451296280709495,0.8537003648047948,-0.5893911865088293,-0.674793042198325,-0.5401417966621646,-0.7404628311220179,0.7639842285410483,-0.1306823625110303,-0.055681376581559326,-0.04377131103090442,0.2546634830002469,-0.06651079575912286,0.7576796390037048
-0.5982218382815253,0.7786600436173851,0.19037229509110573,1.4067871196542654,-0.18376060153376975,-0.15771938505390443,0.06676302152974162,-0.24851076582358256,0.09018590382205717,-0.8267797367714936,-0.35870545790672126,-0.6591262261567307,0.3517353807317699,-0.4620986488892488,-0.42606495996908617,-0.18477722953421413,0.5450122936639604,0.22897783562612292,-0.46952375247720296,-0.14025566435784545,-0.46711496064840846,1.097578230224881,-0.055681376581559326,0.08388528585122902,0.2546634830002469,0.09394649900976233,0.7190996574163839
-0.5982218382815253,0.7786600436173851,0.19037229509110573,1.4067871196542654,-0.18376060153376975,-0.15771938505390443,0.06676302152974162,-0.24851076582358256,0.09018590382205717,-0.8267797367714936,-0.35870545790672126,-0.6591262261567307,0.3517353807317699,-0.4620986488892488,-0.42606495996908617,-0.18477722953421413,0.5450122936639604,0.22897783562612292,-0.46952375247720296,-0.14025566435784545,-0.46711496064840846,1.097578230224881,-0.055681376581559326,0.08388528585122902,0.2546634830002469,0.09394649900976233,0.7190996574163839
-0.5982218382815253,0.8867761503930365,1.210979321551756,-0.21310613963330757,-0.5174605784667601,0.7304457461647654,-1.5772896936524086,0.06553628912641087,0.09018590382205717,0.18742676236133443,-0.40959925895007504,0.9025618837044834,0.15726912583208572,-0.16605876779906703,-0.06793857528364221,-1.5998455998423142,0.8286131637071579,0.6557585279321122,-0.3255715854847812,0.9401172358176652,-0.7748897579457726,-0.3000976166815005,-0.055681376581559326,-0.46428715958381456,-0.9908240613531928,-0.42753970898911453,0.42067574785125056
-0.5982218382815253,0.8867761503930365,1.210979321551756,-0.21310613963330757,-0.5174605784667601,0.7304457461647654,-1.5772896936524086,0.06553628912641087,0.09018590382205717,0.18742676236133443,-0.40959925895007504,0.9025618837044834,0.15726912583208572,-0.16605876779906703,-0.06793857528364221,-1.5998455998423142,0.8286131637071579,0.6557585279321122,-0.3255715854847812,0.9401172358176652,-0.7748897579457726,-0.3000976166815005,-0.055681376581559326,-0.46428715958381456,-0.9908240613531928,-0.42753970898911453,0.42067574785125056
-0.5982218382815253,0.7786600436173851,-0.8302347313695445,-0.48967328146289346,0.7580636754678939,0.28636318055543075,0.4366748824457252,-1.437403188134272,0.4010051794945042,-0.8267797367714936,-0.4526632444482975,-0.07422431235103256,0.22209121079864663,-0.5829090415400215,-0.7802527416777544,0.14616617965074474,0.261411423620763,-0.3484313363172744,-0.2576696199223181,-0.7404628311220179,-0.15934016335104428,-0.3000976166815005,-0.055681376581559326,-0.21648317740084966,0.2546634830002469,0.05383217531754103,0.9966982650219125
-0.5982218382815253,0.7786600436173851,-0.8302347313695445,-0.48967328146289346,0.7580636754678939,0.28636318055543075,0.4366748824457252,-1.437403188134272,0.4010051794945042,-0.8267797367714936,-0.4526632444482975,-0.07422431235103256,0.22209121079864663,-0.5829090415400215,-0.7802527416777544,0.14616617965074474,0.261411423620763,-0.3484313363172744,-0.2576696199223181,-0.7404628311220179,-0.15934016335104428,-0.3000976166815005,-0.055681376581559326,-0.21648317740084966,0.2546634830002469,0.05383217531754103,0.9966982650219125
1.765073304507409,0.8867761503930365,-0.8302347313695445,-0.2921253230131893,-0.24303625533107726,0.7304457461647654,0.9298906970003702,4.52201354508346,0.09018590382205717,0.18742676236133443,3.335010025508993,0.5984128885255202,-0.0047860865843183656,-0.3870002967009306,4.432267434684719,0.2260490715229762,0.5450122936639604,0.13692709806992914,-0.8090335802895184,0.8200758024648306,-0.46711496064840846,-1.6130658365026471,-0.055681376581559326,0.27161557538377823,-0.056708403088113035,-0.10662511945134415,1.2469252630268726e-08
1.765073304507409,0.8867761503930365,-0.8302347313695445,-0.2921253230131893,-0.24303625533107726,0.7304457461647654,0.9298906970003702,4.52201354508346,0.09018590382205717,0.18742676236133443,3.335010025508993,0.5984128885255202,-0.0047860865843183656,-0.3870002967009306,4.432267434684719,0.2260490715229762,0.5450122936639604,0.13692709806992914,-0.8090335802895184,0.8200758024648306,-0.46711496064840846,-1.6130658365026471,-0.055681376581559326,0.27161557538377823,-0.056708403088113035,-0.10662511945134415,1.2469252630268726e-08
0.5834257331129418,0.6705439368417336,-0.8302347313695445,-0.21310613963330757,-0.5525868918281276,0.6900746038366445,0.10786433940929517,0.8431766156692517,0.09018590382205717,-0.8267797367714936,0.16980709138964487,-1.3259144078952265,-0.037197129067599186,-0.11490481775774884,1.4553550355014453,0.13475433795471167,-0.5893911865088293,-0.4237455761359784,-0.6637233739858474,-0.7404628311220179,0.7639842285410483,-0.5965743114798242,-0.055681376581559326,-0.2915752932138693,0.2546634830002469,-0.02639647206690156,0.03106848415966741
0.5834257331129418,0.6705439368417336,-0.8302347313695445,-0.21310613963330757,-0.5525868918281276,0.6900746038366445,0.10786433940929517,0.8431766156692517,0.09018590382205717,-0.8267797367714936,0.16980709138964487,-1.3259144078952265,-0.037197129067599186,-0.11490481775774884,1.4553550355014453,0.13475433795471167,-0.5893911865088293,-0.4237455761359784,-0.6637233739858474,-0.7404628311220179,0.7639842285410483,-0.5965743114798242,-0.055681376581559326,-0.2915752932138693,0.2546634830002469,-0.02639647206690156,0.03106848415966741
-0.5982218382815253,0.8867761503930365,0.19037229509110573,-0.1340869562534259,-0.7765171395068448,0.48821889219603753,-1.5772896936524086,0.2051127579930746,-3.3288261285748604,-0.8267797367714936,-0.530961399899611,0.5984128885255202,-0.5881848512833731,0.5424778593689784,0.9974263211560402,-0.013599604093718168,-1.1565929265952242,0.01977161390750071,-0.08655666670491118,0.8800965191412479,1.3795338231357768,-0.3000976166815005,-0.4898836262882644,0.008793170038209354,0.5660353690886069,0.17417514639420403,0.29317777890643243
-0.5982218382815253,0.8867761503930365,0.19037229509110573,-0.1340869562534259,-0.7765171395068448,0.48821889219603753,-1.5772896936524086,0.2051127579930746,-3.3288261285748604,-0.8267797367714936,-0.530961399899611,0.5984128885255202,-0.5881848512833731,0.5424778593689784,0.9974263211560402,-0.013599604093718168,-1.1565929265952242,0.01977161390750071,-0.08655666670491118,0.8800965191412479,1.3795338231357768,-0.3000976166815005,-0.4898836262882644,0.008793170038209354,0.5660353690886069,0.17417514639420403,0.29317777890643243
0.8296023104867891,0.8867761503930365,1.210979321551756,-0.17359654794336674,-0.7282184586349646,0.6497034615085231,0.765485425482155,-0.08151749057239557,0.09018590382205717,0.18742676236133443,-0.7130046113239149,1.2885971468162438,-0.037197129067599186,0.19419564632170566,-0.48024261320593803,0.2602845966110754,0.261411423620763,0.30429207544482695,0.7038222124421591,-0.7404628311220179,-0.15934016335104428,-0.21538998959626515,-0.4898836262882644,0.44432744175372346,-0.056708403088113035,-0.22696809052800804,0.5670929049654543
0.8296023104867891,0.8867761503930365,1.210979321551756,-0.17359654794336674,-0.7282184586349646,0.6497034615085231,0.765485425482155,-0.08151749057239557,0.09018590382205717,0.18742676236133443,-0.7130046113239149,1.2885971468162438,-0.037197129067599186,0.19419564632170566,-0.48024261320593803,0.2602845966110754,0.261411423620763,0.30429207544482695,0.7038222124421591,-0.7404628311220179,-0.15934016335104428,-0.21538998959626515,-0.4898836262882644,0.44432744175372346,-0.056708403088113035,-0.22696809052800804,0.5670929049654543
0.8296023104867891,0.8867761503930365,0.19037229509110573,-0.25261573132324844,-0.3242658549792394,0.5689611768522803,0.31337092880706413,-0.2534956397116777,-0.8422719231952839,0.5254955954056105,-0.48789741440138856,-0.07422431235103256,-0.2640744264505649,-0.34455340198579426,-0.486327474718153,0.28310828000314153,-0.02218944642243442,-0.46558682047970285,-0.18433549711485803,-0.7404628311220179,0.14843463394631992,-0.4271590573093535,-0.4898836262882644,-0.2315016005634536,-0.6794521752648329,-0.4676540326813358,0.7231218051243898
0.8296023104867891,0.8867761503930365,0.19037229509110573,-0.25261573132324844,-0.3242658549792394,0.5689611768522803,0.31337092880706413,-0.2534956397116777,-0.8422719231952839,0.5254955954056105,-0.48789741440138856,-0.07422431235103256,-0.2640744264505649,-0.34455340198579426,-0.486327474718153,0.28310828000314153,-0.02218944642243442,-0.46558682047970285,-0.18433549711485803,-0.7404628311220179,0.14843463394631992,-0.4271590573093535,-0.4898836262882644,-0.2315016005634536,-0.6794521752648329,-0.4676540326813358,0.7231218051243898
1.0265435723858671,0.8867761503930365,0.19037229509110573,-0.2921253230131893,-0.2540132282565046,-0.07697710039766162,0.35447224668661764,-0.2161090855509642,0.09018590382205717,-0.15064207068294158,-0.39589708174609517,1.6804814290660617,-0.13443025651744164,-0.38047000520629426,-0.41661296626042843,0.20322538813091007,-0.5893911865088293,-0.4739550693484477,-0.34186805721977237,0.7000343691119959,0.7639842285410483,-0.34245143022411817,-1.1411870008483218,-0.2915752932138693,-0.36808028917647295,-0.4676540326813358,0.6921095043017882
1.0265435723858671,0.8867761503930365,0.19037229509110573,-0.2921253230131893,-0.2540132282565046,-0.07697710039766162,0.35447224668661764,-0.2161090855509642,0.09018590382205717,-0.15064207068294158,-0.39589708174609517,1.6804814290660617,-0.13443025651744164,-0.38047000520629426,-0.41661296626042843,0.20322538813091007,-0.5893911865088293,-0.4739550693484477,-0.34186805721977237,0.7000343691119959,0.7639842285410483,-0.34245143022411817,-1.1411870008483218,-0.2915752932138693,-0.36808028917647295,-0.4676540326813358,0.6921095043017882
-0.5982218382815253,0.6705439368417336,-0.8302347313695445,-0.17359654794336674,-0.644793464401717,0.4478477498679161,0.8065867433617089,0.8282219940049663,-0.5314526475228368,-0.15064207068294158,0.07584930484806866,-2.9987338813795232,-0.19925234148400328,0.12018567604916022,2.02176732157113,-0.8124285228160326,-0.3057903164656318,0.1034541025949496,-0.6379206270721114,-0.7404628311220179,0.4562094312436841,-0.4271590573093535,-0.4898836262882644,-0.44175952483990866,0.2546634830002469,-0.14673944314356543,0.032926394798136256
-0.5982218382815253,0.6705439368417336,-0.8302347313695445,-0.17359654794336674,-0.644793464401717,0.4478477498679161,0.8065867433617089,0.8282219940049663,-0.5314526475228368,-0.15064207068294158,0.07584930484806866,-2.9987338813795232,-0.19925234148400328,0.12018567604916022,2.02176732157113,-0.8124285228160326,-0.3057903164656318,0.1034541025949496,-0.6379206270721114,-0.7404628311220179,0.4562094312436841,-0.4271590573093535,-0.4898836262882644,-0.44175952483990866,0.2546634830002469,-0.14673944314356543,0.032926394798136256
-0.5982218382815253,0.8867761503930365,0.19037229509110573,-0.3316349147031301,0.020411094879178308,0.16524975357106655,0.14896565728884895,0.14030939744783788,0.09018590382205717,-0.8267797367714936,0.12870055977770528,0.721242290424717,-0.16684129900072245,-0.48386628720470337,-0.0931994712739394,0.8537003648047948,-0.8729920565520267,-0.8086850240982433,-0.6542170988071025,-0.7404628311220179,1.0717590258384124,-0.46951287085197113,-0.4898836262882644,-0.1639186963317359,-0.36808028917647295,-0.2670824142202293,0.34978145142617295
-0.5982218382815253,0.8867761503930365,0.19037229509110573,-0.3316349147031301,0.020411094879178308,0.16524975357106655,0.14896565728884895,0.14030939744783788,0.09018590382205717,-0.8267797367714936,0.12870055977770528,0.721242290424717,-0.16684129900072245,-0.48386628720470337,-0.0931994712739394,0.8537003648047948,-0.8729920565520267,-0.8086850240982433,-0.6542170988071025,-0.7404628311220179,1.0717590258384124,-0.46951287085197113,-0.4898836262882644,-0.1639186963317359,-0.36808028917647295,-0.2670824142202293,0.34978145142617295
-0.5982218382815253,0.8867761503930365,-0.8302347313695445,-0.25261573132324844,-0.37475993043620504,0.6093323191804018,0.8065867433617089,-0.3232838741450096,0.09018590382205717,0.18742676236133443,-0.5877275626018132,-2.0219476853240077,0.25450225328192744,-0.30754841684952156,-0.6029658440303937,0.47710958883570365,0.5450122936639604,0.44655230621349,0.13616178033996776,-0.7404628311220179,-0.46711496064840846,-0.25774380313888284,-0.4898836262882644,0.7146590586805943,0.5660353690886069,0.09394649900976233,0.7755640142690734
-0.5982218382815253,0.8867761503930365,-0.8302347313695445,-0.25261573132324844,-0.37475993043620504,0.6093323191804018,0.8065867433617089,-0.3232838741450096,0.09018590382205717,0.18742676236133443,-0.5877275626018132,-2.0219476853240077,0.25450225328192744,-0.30754841684952156,-0.6029658440303937,0.47710958883570365,0.5450122936639604,0.44655230621349,0.13616178033996776,-0.7404628311220179,-0.46711496064840846,-0.25774380313888284,-0.4898836262882644,0.7146590586805943,0.5660353690886069,0.09394649900976233,0.7755640142690734
-0.4505158918572169,0.8867761503930365,-0.8302347313695445,-0.17359654794336674,-0.6513796481569734,0.16524975357106655,0.31337092880706413,0.5042051912787826,0.09018590382205717,0.18742676236133443,-0.18449206202754873,-1.0510105084065486,-0.13443025651744164,0.12562758562802387,1.1997673359497654,-0.34454301327867703,-0.3057903164656318,-0.07227912364869307,-0.5360676787284168,0.5799929357591614,0.4562094312436841,-0.3848052437667358,-0.055681376581559326,-0.2915752932138693,-0.056708403088113035,-0.18685376683578675,0.11105596671140756
-0.4505158918572169,0.8867761503930365,-0.8302347313695445,-0.17359654794336674,-0.6513796481569734,0.16524975357106655,0.31337092880706413,0.5042051912787826,0.09018590382205717,0.18742676236133443,-0.18449206202754873,-1.0510105084065486,-0.13443025651744164,0.12562758562802387,1.1997673359497654,-0.34454301327867703,-0.3057903164656318,-0.07227912364869307,-0.5360676787284168,0.5799929357591614,0.4562094312436841,-0.3848052437667358,-0.055681376581559326,-0.2915752932138693,-0.056708403088113035,-0.18685376683578675,0.11105596671140756
1.5681320426083312,0.8867761503930365,1.210979321551756,-0.3316349147031301,-0.5899085997745804,0.6093323191804018,1.176498604277693,-0.13635110334144204,0.09018590382205717,1.5397020945384385,-0.6327490019863186,1.3880304721632126,0.060035998382243265,-0.040894847485203396,-0.4753104739056644,-0.3787785383667762,0.5450122936639604,0.6975997722758367,0.3249292446036151,1.1201793858469167,-0.46711496064840846,-0.21538998959626515,-0.055681376581559326,0.37674453752200576,-0.36808028917647295,-0.42753970898911453,0.6201064323430902
1.5681320426083312,0.8867761503930365,1.210979321551756,-0.3316349147031301,-0.5899085997745804,0.6093323191804018,1.176498604277693,-0.13635110334144204,0.09018590382205717,1.5397020945384385,-0.6327490019863186,1.3880304721632126,0.060035998382243265,-0.040894847485203396,-0.4753104739056644,-0.3787785383667762,0.5450122936639604,0.6975997722758367,0.3249292446036151,1.1201793858469167,-0.46711496064840846,-0.21538998959626515,-0.055681376581559326,0.37674453752200576,-0.36808028917647295,-0.42753970898911453,0.6201064323430902
-0.5982218382815253,0.8867761503930365,0.19037229509110573,-0.21310613963330757,-0.5591730755833839,0.6900746038366445,0.970992014879924,0.2275446904895027,0.09018590382205717,0.18742676236133443,-0.3195563801810645,0.721242290424717,0.15726912583208572,-0.09966747093693067,0.269442560435653,-1.1890192987851238,0.8286131637071579,0.9319107406006936,-0.4287825731397251,0.9401172358176652,-0.7748897579457726,-0.34245143022411817,-0.055681376581559326,0.053848439526021155,0.2546634830002469,-0.02639647206690156,0.2748805022101769
-0.5982218382815253,0.8867761503930365,0.19037229509110573,-0.21310613963330757,-0.5591730755833839,0.6900746038366445,0.970992014879924,0.2275446904895027,0.09018590382205717,0.18742676236133443,-0.3195563801810645,0.721242290424717,0.15726912583208572,-0.09966747093693067,0.269442560435653,-1.1890192987851238,0.8286131637071579,0.9319107406006936,-0.4287825731397251,0.9401172358176652,-0.7748897579457726,-0.34245143022411817,-0.055681376581559326,0.053848439526021155,0.2546634830002469,-0.02639647206690156,0.2748805022101769
-0.5982218382815253,-2.0323587325495485,-0.8302347313695445,0.14248018557615952,1.9743122756052405,0.12487861124294515,-0.673060700302226,-2.1253157846914004,-2.0855490258850717,-0.4887109037272176,0.09150893593833136,-0.48950467115307833,-0.9771173610827422,-0.6275327000867034,-0.6964724266882704,2.7252424029542173,-2.0073955367248164,-2.1894460874411497,-0.6745876884758415,-0.20027638103426273,2.3028582150278694,0.9281629760544104,-0.4898836262882644,-0.17142790791303786,-0.056708403088113035,-0.02639647206690156,0.9997903790467937
-0.5982218382815253,-2.0323587325495485,-0.8302347313695445,0.14248018557615952,1.9743122756052405,0.12487861124294515,-0.673060700302226,-2.1253157846914004,-2.0855490258850717,-0.4887109037272176,0.09150893593833136,-0.48950467115307833,-0.9771173610827422,-0.6275327000867034,-0.6964724266882704,2.7252424029542173,-2.0073955367248164,-2.1894460874411497,-0.6745876884758415,-0.20027638103426273,2.3028582150278694,0.9281629760544104,-0.4898836262882644,-0.17142790791303786,-0.056708403088113035,-0.02639647206690156,0.9997903790467937
-0.5982218382815253,-2.0323587325495485,-0.8302347313695445,-2.820739191169401,2.537492596408049,-1.1266268009288172,-1.5772896936524086,0.794728740357549,-2.396368301557519,-1.1648485698157698,2.8241145611891727,-1.6177713197715073,-1.203994658465708,-0.629932044323264,0.058997827340359105,-0.8352522062080988,-2.4327968417896124,-1.9132938747725685,-0.8076755409782691,-0.7404628311220179,-0.46711496064840846,-0.4271590573093535,-1.1411870008483218,-2.2664979390962867,-2.2363116057066326,-1.2298261828335395,0.05094503698423272
-0.5982218382815253,-2.0323587325495485,-0.8302347313695445,-2.820739191169401,2.537492596408049,-1.1266268009288172,-1.5772896936524086,0.794728740357549,-2.396368301557519,-1.1648485698157698,2.8241145611891727,-1.6177713197715073,-1.203994658465708,-0.629932044323264,0.058997827340359105,-0.8352522062080988,-2.4327968417896124,-1.9132938747725685,-0.8076755409782691,-0.7404628311220179,-0.46711496064840846,-0.4271590573093535,-1.1411870008483218,-2.2664979390962867,-2.2363116057066326,-1.2298261828335395,0.05094503698423272
-0.5982218382815253,0.6705439368417336,0.19037229509110573,0.4585569190956858,1.4759577047908403,-0.15771938505390443,-0.38535147514534984,0.18766569938474162,0.09018590382205717,-0.8267797367714936,1.4636841102226006,-1.0510105084065486,-0.2316633839672841,-0.6199140266762942,-0.14783193710905077,-0.0706588125738835,-1.1565929265952242,-1.3693576983041509,-0.7954531871770258,-0.7404628311220179,1.3795338231357768,0.33520958645776405,-0.055681376581559326,-1.2752820103644271,-1.6135678335299126,-0.5077683563735571,0.3078904956982118
-0.5982218382815253,0.6705439368417336,0.19037229509110573,0.4585569190956858,1.4759577047908403,-0.15771938505390443,-0.38535147514534984,0.18766569938474162,0.09018590382205717,-0.8267797367714936,1.4636841102226006,-1.0510105084065486,-0.2316633839672841,-0.6199140266762942,-0.14783193710905077,-0.0706588125738835,-1.1565929265952242,-1.3693576983041509,-0.7954531871770258,-0.7404628311220179,1.3795338231357768,0.33520958645776405,-0.055681376581559326,-1.2752820103644271,-1.6135678335299126,-0.5077683563735571,0.3078904956982118
-0.5982218382815253,-2.0323587325495485,-0.8302347313695445,0.41904732740574496,1.5286471748328916,-0.6421730929913606,-0.5497567466635648,1.3665883739192408,-0.8422719231952839,-1.1648485698157698,2.436538691705171,-1.536479096865278,-0.2316633839672841,-0.621002408592067,0.1760756012654053,-0.48148511363107377,-0.8729920565520267,-1.5534591734165384,-0.8063175016670199,-0.7404628311220179,1.0717590258384124,-0.25774380313888284,-0.4898836262882644,-1.710816282079941,-2.149127477601892,-1.0693688880646544,0.003911169526191869
-0.5982218382815253,-2.0323587325495485,-0.8302347313695445,0.41904732740574496,1.5286471748328916,-0.6421730929913606,-0.5497567466635648,1.3665883739192408,-0.8422719231952839,-1.1648485698157698,2.436538691705171,-1.536479096865278,-0.2316633839672841,-0.621002408592067,0.1760756012654053,-0.48148511363107377,-0.8729920565520267,-1.5534591734165384,-0.8063175016670199,-0.7404628311220179,1.0717590258384124,-0.25774380313888284,-0.4898836262882644,-1.710816282079941,-2.149127477601892,-1.0693688880646544,0.003911169526191869
-0.5982218382815253,0.12996340296347736,-0.8302347313695445,0.8931624276850346,0.2882492342596048,-0.9651422316163316,-0.05654093210891975,3.918843804623949,0.09018590382205717,-0.8267797367714936,3.335010025508993,-0.6591262261567307,0.15726912583208572,-0.5513459659826124,2.0141229027683702,-2.06773110937967,-0.02218944642243442,-0.524164562560917,-0.8090335802895184,-0.7404628311220179,0.14843463394631992,-0.808343379192912,-0.055681376581559326,-1.8309636673807725,-2.4418170505249503,-0.9891402406802118,1.4022744292651565e-07
-0.5982218382815253,0.12996340296347736,-0.8302347313695445,0.8931624276850346,0.2882492342596048,-0.9651422316163316,-0.05654093210891975,3.918843804623949,0.09018590382205717,-0.8267797367714936,3.335010025508993,-0.6591262261567307,0.15726912583208572,-0.5513459659826124,2.0141229027683702,-2.06773110937967,-0.02218944642243442,-0.524164562560917,-0.8090335802895184,-0.7404628311220179,0.14843463394631992,-0.808343379192912,-0.055681376581559326,-1.8309636673807725,-2.4418170505249503,-0.9891402406802118,1.4022744292651565e-07
1.4204260961840227,0.23807950973912845,0.19037229509110573,-0.7662404232924789,1.1905564087297302,-1.570709366538152,-0.34425015726579605,-0.19866202694263124,0.09018590382205717,-0.15064207068294158,0.9058097526319918,0.25332075938015847,-0.0047860865843183656,-0.6122953532658851,-0.2639441887504051,0.27169643830710843,-0.02218944642243442,-0.6413200467233455,-0.7737245581970376,1.0601586691704994,0.14843463394631992,-0.8930510062781474,-0.055681376581559326,-0.39670425535209686,0.5660353690886069,0.05383217531754103,0.676995856238523
1.4204260961840227,0.23807950973912845,0.19037229509110573,-0.7662404232924789,1.1905564087297302,-1.570709366538152,-0.34425015726579605,-0.19866202694263124,0.09018590382205717,-0.15064207068294158,0.9058097526319918,0.25332075938015847,-0.0047860865843183656,-0.6122953532658851,-0.2639441887504051,0.27169643830710843,-0.02218944642243442,-0.6413200467233455,-0.7737245581970376,1.0601586691704994,0.14843463394631992,-0.8930510062781474,-0.055681376581559326,-0.39670425535209686,0.5660353690886069,0.05383217531754103,0.676995856238523
-0.5982218382815253,-1.059313771568687,-0.8302347313695445,-0.6872212399125972,0.6768340758197318,-0.5210596660069966,-0.1798448857475809,1.5934001358275693,0.09018590382205717,-1.1648485698157698,1.855174887479168,-0.6591262261567307,0.25450225328192744,-0.5883509511188851,0.47817454778223994,-1.4400798160978512,-0.02218944642243442,-0.5911105535108762,-0.8022433837332721,-0.7404628311220179,0.14843463394631992,-1.2318815146190885,-0.055681376581559326,-1.4780307230595802,-1.3021959474415528,-0.38742538529689324,0.001578028060403861
-0.5982218382815253,-1.059313771568687,-0.8302347313695445,-0.6872212399125972,0.6768340758197318,-0.5210596660069966,-0.1798448857475809,1.5934001358275693,0.09018590382205717,-1.1648485698157698,1.855174887479168,-0.6591262261567307,0.25450225328192744,-0.5883509511188851,0.47817454778223994,-1.4400798160978512,-0.02218944642243442,-0.5911105535108762,-0.8022433837332721,-0.7404628311220179,0.14843463394631992,-1.2318815146190885,-0.055681376581559326,-1.4780307230595802,-1.3021959474415528,-0.38742538529689324,0.001578028060403861
-0.5982218382815253,-0.7349654512417332,-0.8302347313695445,-0.7662404232924789,1.109326809081568,-0.5614308083351179,-0.4264527930249034,0.8930253545502032,0.09018590382205717,0.8635644284498865,1.6907487610314098,-0.07422431235103256,-0.16684129900072245,-0.609030207518567,0.09761632455019044,-0.7097219475517351,-0.02218944642243442,-1.2689387118792121,-0.7995273051107735,1.3002415358761688,0.14843463394631992,-1.147173887533853,-0.055681376581559326,-1.6056873199417137,-1.6135678335299126,-0.6682256511424423,0.025580788312007684
-0.5982218382815253,-0.7349654512417332,-0.8302347313695445,-0.7662404232924789,1.109326809081568,-0.5614308083351179,-0.4264527930249034,0.8930253545502032,0.09018590382205717,0.8635644284498865,1.6907487610314098,-0.07422431235103256,-0.16684129900072245,-0.609030207518567,0.09761632455019044,-0.7097219475517351,-0.02218944642243442,-1.2689387118792121,-0.7995273051107735,1.3002415358761688,0.14843463394631992,-1.147173887533853,-0.055681376581559326,-1.6056873199417137,-1.6135678335299126,-0.6682256511424423,0.025580788312007684
-0.5982218382815253,-2.0323587325495485,-0.8302347313695445,-1.2403555235717685,2.573654997333572,-0.3192039543663898,0.27226961092751034,-1.2305309217783238,0.09018590382205717,-1.1648485698157698,1.3286197920690848,0.9025618837044834,-0.10201921403416082,-0.6318862277497943,-0.4389698725717698,0.08910697117057942,-0.9580723175649859,-1.2522022141417224,-0.7927371085545273,-0.7404628311220179,-0.15934016335104428,-1.0201124469060003,-0.055681376581559326,-1.065024086087972,-0.9908240613531928,-0.18685376683578675,0.9924602654416266
-0.5982218382815253,-2.0323587325495485,-0.8302347313695445,-1.2403555235717685,2.573654997333572,-0.3192039543663898,0.27226961092751034,-1.2305309217783238,0.09018590382205717,-1.1648485698157698,1.3286197920690848,0.9025618837044834,-0.10201921403416082,-0.6318862277497943,-0.4389698725717698,0.08910697117057942,-0.9580723175649859,-1.2522022141417224,-0.7927371085545273,-0.7404628311220179,-0.15934016335104428,-1.0201124469060003,-0.055681376581559326,-1.065024086087972,-0.9908240613531928,-0.18685376683578675,0.9924602654416266
-0.5982218382815253,-1.059313771568687,-0.8302347313695445,-1.2403555235717685,2.672447753662418,-0.3999462390226326,-0.34425015726579605,-0.6497931138152407,0.09018590382205717,-0.8267797367714936,1.8727919724557136,-1.150121515516123,-0.19925234148400328,-0.6318862277497943,-0.32362747399823333,-0.7896048394239665,-1.1565929265952242,-1.1183102322418041,-0.8022433837332721,-0.7404628311220179,1.3795338231357768,-1.2318815146190885,-0.055681376581559326,-1.5230859925473919,-1.6135678335299126,-0.5077683563735571,0.9275735146384823
-0.5982218382815253,-1.059313771568687,-0.8302347313695445,-1.2403555235717685,2.672447753662418,-0.3999462390226326,-0.34425015726579605,-0.6497931138152407,0.09018590382205717,-0.8267797367714936,1.8727919724557136,-1.150121515516123,-0.19925234148400328,-0.6318862277497943,-0.32362747399823333,-0.7896048394239665,-1.1565929265952242,-1.1183102322418041,-0.8022433837332721,-0.7404628311220179,1.3795338231357768,-1.2318815146190885,-0.055681376581559326,-1.5230859925473919,-1.6135678335299126,-0.5077683563735571,0.9275735146384823
-0.5982218382815253,0.12996340296347736,-0.8302347313695445,-0.6477116482226564,0.630730789532937,0.003765184258581173,-0.673060700302226,0.6986152729144929,0.09018590382205717,-0.8267797367714936,1.1113424106916898,0.23537175490996556,0.060035998382243265,-0.585085805371567,0.10697959262232941,0.12334249625867862,-0.3057903164656318,-0.4739550693484477,-0.7845888726870317,-0.7404628311220179,0.4562094312436841,-0.935404819820765,-0.055681376581559326,-0.3441397742829831,-0.056708403088113035,0.09394649900976233,0.05416670048123607
-0.5982218382815253,0.12996340296347736,-0.8302347313695445,-0.6477116482226564,0.630730789532937,0.003765184258581173,-0.673060700302226,0.6986152729144929,0.09018590382205717,-0.8267797367714936,1.1113424106916898,0.23537175490996556,0.060035998382243265,-0.585085805371567,0.10697959262232941,0.12334249625867862,-0.3057903164656318,-0.4739550693484477,-0.7845888726870317,-0.7404628311220179,0.4562094312436841,-0.935404819820765,-0.055681376581559326,-0.3441397742829831,-0.056708403088113035,0.09394649900976233,0.05416670048123607
0.8296023104867891,-2.0323587325495485,-0.8302347313695445,-0.726730831602538,0.9973616852422094,-0.682544235319482,-0.30314883938624226,3.113786671696585,0.09018590382205717,0.18742676236133443,3.335010025508993,-0.5245987859814203,-0.6854179787332149,-0.6035882979397034,0.8996362294536971,-0.5956035305914045,-1.7237946666816188,-1.5367226756790486,-0.8090335802895184,1.9604694193167582,1.9950834177305052,-1.7401272771304999,-0.055681376581559326,-1.7708899747303568,-2.2363116057066326,-0.9490259169879904,3.5448895859034296e-06
0.8296023104867891,-2.0323587325495485,-0.8302347313695445,-0.726730831602538,0.9973616852422094,-0.682544235319482,-0.30314883938624226,3.113786671696585,0.09018590382205717,0.18742676236133443,3.335010025508993,-0.5245987859814203,-0.6854179787332149,-0.6035882979397034,0.8996362294536971,-0.5956035305914045,-1.7237946666816188,-1.5367226756790486,-0.8090335802895184,1.9604694193167582,1.9950834177305052,-1.7401272771304999,-0.055681376581559326,-1.7708899747303568,-2.2363116057066326,-0.9490259169879904,3.5448895859034296e-06
-0.5982218382815253,0.23807950973912845,-0.8302347313695445,-2.820739191169401,1.213544157262071,-0.1980905273820256,-1.5772896936524086,-1.5586342582684587,-0.22063337185038984,-1.1648485698157698,-0.21581132420807414,0.28491792045604764,-4.283043694377382,-0.6006498091755321,-0.6650157679480438,1.2873503492540512,-1.1337148351141741,-1.43630368925411,-0.5754508187546454,-0.7404628311220179,1.3547056201508636,-0.5965743114798242,-0.4898836262882644,-0.44175952483990866,-0.056708403088113035,0.05383217531754103,0.9986067319833485
-0.5982218382815253,0.23807950973912845,-0.8302347313695445,-2.820739191169401,1.213544157262071,-0.1980905273820256,-1.5772896936524086,-1.5586342582684587,-0.22063337185038984,-1.1648485698157698,-0.21581132420807414,0.28491792045604764,-4.283043694377382,-0.6006498091755321,-0.6650157679480438,1.2873503492540512,-1.1337148351141741,-1.43630368925411,-0.5754508187546454,-0.7404628311220179,1.3547056201508636,-0.5965743114798242,-0.4898836262882644,-0.44175952483990866,-0.056708403088113035,0.05383217531754103,0.9986067319833485
-0.5982218382815253,-2.0323587325495485,-0.8302347313695445,-0.726730831602538,0.92930445310456,-0.9651422316163316,0.06676302152974162,3.365522803045389,-0.8422719231952839,-1.1648485698157698,3.4720317975487918,-0.07422431235103256,0.060035998382243265,-0.6003231521923852,1.032963807547002,-1.8623179588510748,-0.3057903164656318,-0.750107282017029,-0.8090335802895184,-0.7404628311220179,0.4562094312436841,-1.7401272771304999,-1.5753892505550269,-1.8985465716124903,-2.4418170505249503,-1.430397801294646,1.2911189775612279e-06
-0.5982218382815253,-2.0323587325495485,-0.8302347313695445,-0.726730831602538,0.92930445310456,-0.9651422316163316,0.06676302152974162,3.365522803045389,-0.8422719231952839,-1.1648485698157698,3.4720317975487918,-0.07422431235103256,0.060035998382243265,-0.6003231521923852,1.032963807547002,-1.8623179588510748,-0.3057903164656318,-0.750107282017029,-0.8090335802895184,-0.7404628311220179,0.4562094312436841,-1.7401272771304999,-1.5753892505550269,-1.8985465716124903,-2.4418170505249503,-1.430397801294646,1.2911189775612279e-06
-0.5982218382815253,-2.0323587325495485,1.210979321551756,-0.7662404232924789,1.1312807549324226,-0.2788328120382684,-0.05654093210891975,-0.0640704319640626,-0.5314526475228368,-1.1648485698157698,0.9586610075616284,-0.07422431235103256,-0.0047860865843183656,-0.6101185894343397,-0.22130529994157278,-0.43583774684694154,-0.3057903164656318,-0.6078470512483659,-0.7764406368195361,-0.7404628311220179,0.4562094312436841,-0.8930510062781474,-0.4898836262882644,-0.8322385270676109,0.2546634830002469,0.09394649900976233,0.549833997312478
-0.5982218382815253,-2.0323587325495485,1.210979321551756,-0.7662404232924789,1.1312807549324226,-0.2788328120382684,-0.05654093210891975,-0.0640704319640626,-0.5314526475228368,-1.1648485698157698,0.9586610075616284,-0.07422431235103256,-0.0047860865843183656,-0.6101185894343397,-0.22130529994157278,-0.43583774684694154,-0.3057903164656318,-0.6078470512483659,-0.7764406368195361,-0.7404628311220179,0.4562094312436841,-0.8930510062781474,-0.4898836262882644,-0.8322385270676109,0.2546634830002469,0.09394649900976233,0.549833997312478
-0.5982218382815253,-1.059313771568687,-0.8302347313695445,-2.820739191169401,2.214601831091099,-0.5614308083351179,-1.5772896936524086,0.16005665963448962,-1.1530911988677308,-1.1648485698157698,2.001983928950381,-0.7957542316288045,-4.283043694377382,-0.6265444836912558,-0.09069146291228253,-0.1961890712302472,-3.141799016897606,-1.7542971462664156,-0.8036014230445213,-0.7404628311220179,-1.6982141498378653,-1.274235328161706,-0.4898836262882644,-1.703307070498639,-1.9249397196182725,-0.9891402406802118,0.45128415626029006
-0.5982218382815253,-1.059313771568687,-0.8302347313695445,-2.820739191169401,2.214601831091099,-0.5614308083351179,-1.5772896936524086,0.16005665963448962,-1.1530911988677308,-1.1648485698157698,2.001983928950381,-0.7957542316288045,-4.283043694377382,-0.6265444836912558,-0.09069146291228253,-0.1961890712302472,-3.141799016897606,-1.7542971462664156,-0.8036014230445213,-0.7404628311220179,-1.6982141498378653,-1.274235328161706,-0.4898836262882644,-1.703307070498639,-1.9249397196182725,-0.9891402406802118,0.45128415626029006
-0.5982218382815253,-0.7349654512417332,0.19037229509110573,-0.7662404232924789,1.1664070682937902,-0.6421730929913606,-0.2620475215066885,-0.23604858110334473,-1.774729750212625,-0.8267797367714936,0.854915951588638,-1.536479096865278,-0.5881848512833731,-0.6112069713501125,-0.2767656322861389,-0.35595485497471013,-1.4401937966384215,-1.427935440385365,-0.7696504402632898,-0.7404628311220179,1.687308620433141,-0.8506971927355297,-0.7069847511416169,-1.51557678096609,-1.3021959474415528,-0.5077683563735571,0.7088901725661199
-0.5982218382815253,-0.7349654512417332,0.19037229509110573,-0.7662404232924789,1.1664070682937902,-0.6421730929913606,-0.2620475215066885,-0.23604858110334473,-1.774729750212625,-0.8267797367714936,0.854915951588638,-1.536479096865278,-0.5881848512833731,-0.6112069713501125,-0.2767656322861389,-0.35595485497471013,-1.4401937966384215,-1.427935440385365,-0.7696504402632898,-0.7404628311220179,1.687308620433141,-0.8506971927355297,-0.7069847511416169,-1.51557678096609,-1.3021959474415528,-0.5077683563735571,0.7088901725661199
-0.5982218382815253,-2.0323587325495485,0.19037229509110573,-1.3193747069516502,3.104940486924254,-1.570709366538152,-1.0840738790977635,-0.15629059889382257,-0.5314526475228368,-1.1648485698157698,2.6459862575374347,-2.9987338813795232,-0.653006936249934,-0.632974609665567,-0.2282084011070407,-0.13912986275008188,-1.6273703708669318,-1.7459288973976708,-0.8076755409782691,-0.7404628311220179,0.7639842285410483,-1.4860043958747942,-0.7069847511416169,-1.6582518010108274,-2.099307975827754,-0.9490259169879904,0.6387631751488418
-0.5982218382815253,-2.0323587325495485,0.19037229509110573,-1.3193747069516502,3.104940486924254,-1.570709366538152,-1.0840738790977635,-0.15629059889382257,-0.5314526475228368,-1.1648485698157698,2.6459862575374347,-2.9987338813795232,-0.653006936249934,-0.632974609665567,-0.2282084011070407,-0.13912986275008188,-1.6273703708669318,-1.7459288973976708,-0.8076755409782691,-0.7404628311220179,0.7639842285410483,-1.4860043958747942,-0.7069847511416169,-1.6582518010108274,-2.099307975827754,-0.9490259169879904,0.6387631751488418
-0.5982218382815253,0.23807950973912845,-0.8302347313695445,-0.5686924648427751,0.08188214326157127,-0.03660595806954023,0.10786433940929517,3.4178639788703884,-0.5314526475228368,-1.1648485698157698,2.7575611290555564,0.38784819955546884,0.3517353807317699,-0.5230480361725215,2.1393205200873724,-3.2773863291591745,0.5450122936639604,0.01140336503875582,-0.8076755409782691,-0.7404628311220179,-0.46711496064840846,-1.4860043958747942,-0.4898836262882644,-2.1463505537954553,-2.2363116057066326,-1.3501691539102034,1.0465609588294101e-06
-0.5982218382815253,0.23807950973912845,-0.8302347313695445,-0.5686924648427751,0.08188214326157127,-0.03660595806954023,0.10786433940929517,3.4178639788703884,-0.5314526475228368,-1.1648485698157698,2.7575611290555564,0.38784819955546884,0.3517353807317699,-0.5230480361725215,2.1393205200873724,-3.2773863291591745,0.5450122936639604,0.01140336503875582,-0.8076755409782691,-0.7404628311220179,-0.46711496064840846,-1.4860043958747942,-0.4898836262882644,-2.1463505537954553,-2.2363116057066326,-1.3501691539102034,1.0465609588294101e-06
-0.5982218382815253,-0.4106171309147793,-0.8302347313695445,-1.2403555235717685,2.7185510399492125,-0.7229153776476035,-0.9607699254591022,-0.5152015188366722,-1.774729750212625,-0.8267797367714936,2.0196010139269265,-1.0510105084065486,-0.8798842336328997,-0.6318862277497943,-0.2971994543778111,0.6482872142761996,-2.0073955367248164,-2.273128576128599,-0.8036014230445213,-0.7404628311220179,2.3028582150278694,-1.274235328161706,-0.9240858759949694,-1.6131965315230155,-1.9249397196182725,-0.9490259169879904,0.8818430221907304
-0.5982218382815253,-0.4106171309147793,-0.8302347313695445,-1.2403555235717685,2.7185510399492125,-0.7229153776476035,-0.9607699254591022,-0.5152015188366722,-1.774729750212625,-0.8267797367714936,2.0196010139269265,-1.0510105084065486,-0.8798842336328997,-0.6318862277497943,-0.2971994543778111,0.6482872142761996,-2.0073955367248164,-2.273128576128599,-0.8036014230445213,-0.7404628311220179,2.3028582150278694,-1.274235328161706,-0.9240858759949694,-1.6131965315230155,-1.9249397196182725,-0.9490259169879904,0.8818430221907304
-0.5982218382815253,-0.3025010241391279,-0.8302347313695445,-0.17359654794336674,2.8041714287675457,-0.6018019506632394,-0.38535147514534984,-0.9364233623807109,0.09018590382205717,-0.8267797367714936,1.7651320087101576,-0.6591262261567307,-0.32889651141712656,-0.6318862277497943,-0.3711797321900417,-0.9379587814723964,-1.4401937966384215,-1.0095229969481205,-0.8008853444220229,-0.7404628311220179,1.687308620433141,0.08108670520205803,-0.055681376581559326,-1.5230859925473919,-1.3021959474415528,-0.3473110616046719,0.9758729785823308
-0.5982218382815253,-0.3025010241391279,-0.8302347313695445,-0.17359654794336674,2.8041714287675457,-0.6018019506632394,-0.38535147514534984,-0.9364233623807109,0.09018590382205717,-0.8267797367714936,1.7651320087101576,-0.6591262261567307,-0.32889651141712656,-0.6318862277497943,-0.3711797321900417,-0.9379587814723964,-1.4401937966384215,-1.0095229969481205,-0.8008853444220229,-0.7404628311220179,1.687308620433141,0.08108670520205803,-0.055681376581559326,-1.5230859925473919,-1.3021959474415528,-0.3473110616046719,0.9758729785823308
-0.5982218382815253,-1.059313771568687,-0.8302347313695445,-0.17359654794336674,2.619758283620367,-0.5614308083351179,-0.09764224998847354,-1.0211662184783281,0.09018590382205717,-0.4887109037272176,1.5341524501287827,-2.9987338813795232,-0.36130755390040736,-0.6318862277497943,-0.39606374132823424,-0.05924697087785043,-1.2530172224099114,-1.360989449435406,-0.7968112264882751,-0.7404628311220179,1.0717590258384124,0.29285577291514636,-0.055681376581559326,-1.260263587201823,-0.9908240613531928,-0.18685376683578675,0.9827068434300946
-0.5982218382815253,-1.059313771568687,-0.8302347313695445,-0.17359654794336674,2.619758283620367,-0.5614308083351179,-0.09764224998847354,-1.0211662184783281,0.09018590382205717,-0.4887109037272176,1.5341524501287827,-2.9987338813795232,-0.36130755390040736,-0.6318862277497943,-0.39606374132823424,-0.05924697087785043,-1.2530172224099114,-1.360989449435406,-0.7968112264882751,-0.7404628311220179,1.0717590258384124,0.29285577291514636,-0.055681376581559326,-1.260263587201823,-0.9908240613531928,-0.18685376683578675,0.9827068434300946
-0.5982218382815253,-1.059313771568687,-0.8302347313695445,0.8141432443051534,0.516570271108493,-0.15771938505390443,0.06676302152974162,0.5764858626561621,0.09018590382205717,0.18742676236133443,0.9136395681771231,0.5106776014546656,0.4489685081816124,-0.5763787500453852,0.07430139681613124,-1.7824350669788434,0.8286131637071579,0.3293968220510616,-0.7737245581970376,-0.08023494768142823,-0.7748897579457726,0.5893324677134696,-0.055681376581559326,-0.8772937965554227,-0.9908240613531928,-0.4676540326813358,0.08548913943480654
-0.5982218382815253,-1.059313771568687,-0.8302347313695445,0.8141432443051534,0.516570271108493,-0.15771938505390443,0.06676302152974162,0.5764858626561621,0.09018590382205717,0.18742676236133443,0.9136395681771231,0.5106776014546656,0.4489685081816124,-0.5763787500453852,0.07430139681613124,-1.7824350669788434,0.8286131637071579,0.3293968220510616,-0.7737245581970376,-0.08023494768142823,-0.7748897579457726,0.5893324677134696,-0.055681376581559326,-0.8772937965554227,-0.9908240613531928,-0.4676540326813358,0.08548913943480654
0.33724915573909453,0.23807950973912845,1.210979321551756,0.8141432443051534,0.569259741150544,0.12487861124294515,0.06676302152974162,-0.07653261668430043,0.09018590382205717,0.5254955954056105,0.4477655432418078,0.11879331920484765,-0.13443025651744164,-0.5796438957927034,-0.23360611442399168,1.070525357029423,-0.02218944642243442,-0.3567995851860193,-0.7370574967933076,-0.08023494768142823,0.14843463394631992,0.8011015354265579,1.0298242476852033,0.38425374910330773,0.8774072551769667,0.7357756780853022,0.5621765008857981
0.33724915573909453,0.23807950973912845,1.210979321551756,0.8141432443051534,0.569259741150544,0.12487861124294515,0.06676302152974162,-0.07653261668430043,0.09018590382205717,0.5254955954056105,0.4477655432418078,0.11879331920484765,-0.13443025651744164,-0.5796438957927034,-0.23360611442399168,1.070525357029423,-0.02218944642243442,-0.3567995851860193,-0.7370574967933076,-0.08023494768142823,0.14843463394631992,0.8011015354265579,1.0298242476852033,0.38425374910330773,0.8774072551769667,0.7357756780853022,0.5621765008857981
-0.5982218382815253,-1.059313771568687,-0.8302347313695445,0.8536528359950942,0.41558212019456164,-0.48068852367887516,-0.1798448857475809,1.2992925764299565,0.09018590382205717,-1.1648485698157698,1.3912583164301355,-0.24928709127589707,0.027624955898962453,-0.5665833128034307,0.4640558696819013,-0.49289695532710687,-0.5893911865088293,-0.9342087571294165,-0.7940951478657765,-0.7404628311220179,0.7639842285410483,0.37756340000038124,-0.055681376581559326,-1.1626438366448975,-0.6794521752648329,-0.06651079575912286,0.005117289230041487
-0.5982218382815253,-1.059313771568687,-0.8302347313695445,0.8536528359950942,0.41558212019456164,-0.48068852367887516,-0.1798448857475809,1.2992925764299565,0.09018590382205717,-1.1648485698157698,1.3912583164301355,-0.24928709127589707,0.027624955898962453,-0.5665833128034307,0.4640558696819013,-0.49289695532710687,-0.5893911865088293,-0.9342087571294165,-0.7940951478657765,-0.7404628311220179,0.7639842285410483,0.37756340000038124,-0.055681376581559326,-1.1626438366448975,-0.6794521752648329,-0.06651079575912286,0.005117289230041487
-0.5982218382815253,-0.7349654512417332,-0.8302347313695445,0.37953773571580457,1.6362215095020791,-0.03660595806954023,-0.38535147514534984,-1.4573426836866523,0.09018590382205717,-0.8267797367714936,0.31465867897457483,-0.6591262261567307,-0.5233627663168114,-0.6231791724236124,-0.5857921038121403,1.7552358587914068,-1.7237946666816188,-1.586932168891518,-0.7180449464358178,-0.7404628311220179,1.9950834177305052,0.8434553489691755,-0.055681376581559326,-0.2690476584699634,0.5660353690886069,0.3346324411630892,0.9969513405697762
-0.5982218382815253,-0.7349654512417332,-0.8302347313695445,0.37953773571580457,1.6362215095020791,-0.03660595806954023,-0.38535147514534984,-1.4573426836866523,0.09018590382205717,-0.8267797367714936,0.31465867897457483,-0.6591262261567307,-0.5233627663168114,-0.6231791724236124,-0.5857921038121403,1.7552358587914068,-1.7237946666816188,-1.586932168891518,-0.7180449464358178,-0.7404628311220179,1.9950834177305052,0.8434553489691755,-0.055681376581559326,-0.2690476584699634,0.5660353690886069,0.3346324411630892,0.9969513405697762
-0.5982218382815253,-2.0323587325495485,-0.8302347313695445,-1.3193747069516502,3.0742049627330577,-0.15771938505390443,-0.7552633360613334,-1.8187460405735496,0.09018590382205717,-1.1648485698157698,1.3129601609788222,-2.9987338813795232,-0.5881848512833731,-0.632974609665567,-0.5084504148646616,1.4699398163905801,-1.9450033453153128,-1.9886081145912726,-0.7927371085545273,-0.7404628311220179,1.9950834177305052,-1.0201124469060003,-0.055681376581559326,-0.817220103905007,-0.36808028917647295,0.13406082270198272,0.9992832024072336
-0.5982218382815253,-2.0323587325495485,-0.8302347313695445,-1.3193747069516502,3.0742049627330577,-0.15771938505390443,-0.7552633360613334,-1.8187460405735496,0.09018590382205717,-1.1648485698157698,1.3129601609788222,-2.9987338813795232,-0.5881848512833731,-0.632974609665567,-0.5084504148646616,1.4699398163905801,-1.9450033453153128,-1.9886081145912726,-0.7927371085545273,-0.7404628311220179,1.9950834177305052,-1.0201124469060003,-0.055681376581559326,-0.817220103905007,-0.36808028917647295,0.13406082270198272,0.9992832024072336
-0.5982218382815253,-2.0323587325495485,0.19037229509110573,-0.8057500149824197,-0.6996783290288535,-1.570709366538152,-1.5772896936524086,-0.18370740527834584,-0.22063337185038984,-1.1648485698157698,-0.7678133201398343,0.5106776014546656,-4.283043694377382,0.2790894357519784,-0.7863640591095876,-0.11630617935801575,1.3958149037935526,-1.43630368925411,1.710129342077862,-0.7404628311220179,-1.390439352540501,-0.8930510062781474,-0.27278250143491184,-1.3653925493400507,0.2546634830002469,-5.40171584682455,0.6637386974043528
-0.5982218382815253,-2.0323587325495485,0.19037229509110573,-0.8057500149824197,-0.6996783290288535,-1.570709366538152,-1.5772896936524086,-0.18370740527834584,-0.22063337185038984,-1.1648485698157698,-0.7678133201398343,0.5106776014546656,-4.283043694377382,0.2790894357519784,-0.7863640591095876,-0.11630617935801575,1.3958149037935526,-1.43630368925411,1.710129342077862,-0.7404628311220179,-1.390439352540501,-0.8930510062781474,-0.27278250143491184,-1.3653925493400507,0.2546634830002469,-5.40171584682455,0.6637386974043528
-0.5982218382815253,-2.0323587325495485,0.19037229509110573,-0.8057500149824197,-0.6996783290288535,-1.570709366538152,-1.5772896936524086,-0.18370740527834584,-0.22063337185038984,-1.1648485698157698,-0.7678133201398343,0.5106776014546656,-4.283043694377382,0.2790894357519784,-0.7863640591095876,-0.11630617935801575,1.3958149037935526,-1.43630368925411,1.710129342077862,-0.7404628311220179,-1.390439352540501,-0.8930510062781474,-0.27278250143491184,-1.3653925493400507,0.2546634830002469,-5.40171584682455,0.6637386974043528
-0.5982218382815253,-2.0323587325495485,0.19037229509110573,-0.8057500149824197,-0.6996783290288535,-1.570709366538152,-1.5772896936524086,-0.18370740527834584,-0.22063337185038984,-1.1648485698157698,-0.7678133201398343,0.5106776014546656,-4.283043694377382,0.2790894357519784,-0.7863640591095876,-0.11630617935801575,1.3958149037935526,-1.43630368925411,1.710129342077862,-0.7404628311220179,-1.390439352540501,-0.8930510062781474,-0.27278250143491184,-1.3653925493400507,0.2546634830002469,-5.40171584682455,0.6637386974043528
-0.5982218382815253,-2.0323587325495485,0.19037229509110573,-0.8057500149824197,-0.6996783290288535,-1.570709366538152,-1.5772896936524086,-0.18370740527834584,-0.22063337185038984,-1.1648485698157698,-0.7678133201398343,0.5106776014546656,-4.283043694377382,0.2790894357519784,-0.7863640591095876,-0.11630617935801575,1.3958149037935526,-1.43630368925411,1.710129342077862,-0.7404628311220179,-1.390439352540501,-0.8930510062781474,-0.27278250143491184,-1.3653925493400507,0.2546634830002469,-5.40171584682455,0.6637386974043528
-0.5982218382815253,-2.0323587325495485,0.19037229509110573,-0.8057500149824197,-0.6996783290288535,-1.570709366538152,-1.5772896936524086,-0.18370740527834584,-0.22063337185038984,-1.1648485698157698,-0.7678133201398343,0.5106776014546656,-4.283043694377382,0.2790894357519784,-0.7863640591095876,-0.11630617935801575,1.3958149037935526,-1.43630368925411,1.710129342077862,-0.7404628311220179,-1.390439352540501,-0.8930510062781474,-0.27278250143491184,-1.3653925493400507,0.2546634830002469,-5.40171584682455,0.6637386974043528
-0.5982218382815253,0.021847296187825962,-0.8302347313695445,-0.37114450639307095,0.10164069452734044,0.5689611768522803,0.5599788360843866,-0.3880872346902463,0.09018590382205717,-0.8267797367714936,-0.2138538703217913,-0.06635669478907649,0.1248580833488049,-0.525224800004067,-0.4561130701676763,-0.5499561638072722,0.5450122936639604,0.3293968220510616,-0.5768088580658947,0.219868635700658,-0.46711496064840846,-0.3848052437667358,-0.055681376581559326,-0.06629894577481033,0.5660353690886069,0.21428947008642532,0.8175744761936437
0.5834257331129418,-0.7349654512417332,-0.8302347313695445,-0.37114450639307095,0.06431898658088757,0.8111880308210082,0.5599788360843866,-0.4329510996831025,0.09018590382205717,0.18742676236133443,-0.2823647563416906,-0.2624307771056005,0.15726912583208572,-0.5186945085094307,-0.4971109800365542,1.1047608821175223,0.8286131637071579,0.48839355055721445,-0.5482900325296601,0.7000343691119959,-0.7748897579457726,-0.3848052437667358,1.0298242476852033,1.1652117535587123,1.8115229134420465,0.7758900017775234,0.8429045311145473
1.469661411658792,0.5624278300660823,-0.8302347313695445,-0.0945773645634855,-0.02788758599270188,0.8515591731491297,0.5188775182048329,-0.2958670677604863,0.09018590382205717,0.18742676236133443,-0.25691785582001375,-0.17417450539323043,-0.13443025651744164,-0.501280397857067,-0.4227009880360791,0.6368753725801666,-0.5893911865088293,-0.5576375580358967,-0.5550802290859065,-0.26029709771067994,0.7639842285410483,-0.1306823625110303,-0.055681376581559326,-0.08131736893741426,0.5660353690886069,-0.10662511945134415,0.7558388990947971
-0.5982218382815253,0.3461956165147798,1.210979321551756,-0.37114450639307095,0.14115779705887876,0.3671054652116733,0.5599788360843866,-0.11641160778906151,0.09018590382205717,-0.4887109037272176,0.03474277323612907,0.5183787928757703,0.28691329576520824,-0.5295783276671578,-0.27148694979900795,-0.9151350980803302,1.1122140337503552,0.48839355055721445,-0.6623653346745981,1.0601586691704994,-1.0826645552431369,-0.21538998959626515,-0.055681376581559326,-0.1639186963317359,0.2546634830002469,0.013717851625319735,0.6010878788483698
0.5341904176381724,-0.5187332376904303,0.19037229509110573,-0.3316349147031301,-0.11350797481103493,0.7708168884928869,0.35447224668661764,-0.2584805135997728,0.09018590382205717,1.2016332614941625,-0.30389674909080183,-0.1631082578034119,-0.2640744264505649,-0.4827779052889306,-0.4146741730964181,1.800883225575539,-0.3057903164656318,-0.7250025354107944,-0.526561403549672,2.0204901359931755,0.4562094312436841,-0.3848052437667358,-0.055681376581559326,0.534437980729347,0.8774072551769667,0.25440379377864664,0.7271082163411295
0.48495510216340293,0.6705439368417336,-0.8302347313695445,-1.4379034820214727,3.607685846908825,0.7304457461647654,0.6010801539639404,-4.6351997873473,0.09018590382205717,-0.4887109037272176,-0.4233014361540549,-0.6046600374621602,0.15726912583208572,-0.6340629915813397,-0.8906725560110667,0.9564069400690924,0.5450122936639604,0.06161285825122515,-0.4192762979609803,-0.7404628311220179,-0.46711496064840846,-0.08832854896841263,1.0298242476852033,0.6846222123553865,1.5001510273536867,0.8962329728541873,0.999999991124756
-0.5982218382815253,-0.08626881058782543,-0.8302347313695445,-2.820739191169401,-0.3643440824913293,0.6900746038366445,0.31337092880706413,0.12740805047431752,0.09018590382205717,-0.4887109037272176,-0.2197262319806398,-0.7889291733504654,-0.19925234148400328,-0.3171757094808647,0.0698704111643601,0.3059319633952077,-0.8729920565520267,-0.7417390331482842,-0.5713767008208976,0.7000343691119959,1.0717590258384124,-0.3848052437667358,-0.055681376581559326,-0.46428715958381456,-0.36808028917647295,-0.14673944314356543,0.3560486230314374
0.48495510216340293,0.12996340296347736,-0.8302347313695445,-0.37114450639307095,0.1455485862290497,0.6497034615085231,0.5599788360843866,-0.5376334513331004,0.09018590382205717,-0.15064207068294158,-0.2921520257731048,-0.22784760833722387,-0.06960817155088,-0.5306667095829306,-0.5414426743339649,0.6596990559722327,-0.02218944642243442,-0.2061711055486113,-0.5401417966621646,-0.7404628311220179,0.14843463394631992,-0.1306823625110303,-0.055681376581559326,0.2490879406398723,0.5660353690886069,0.13406082270198272,0.8909031788043871
0.8788376259615586,-1.059313771568687,0.19037229509110573,-0.37114450639307095,0.13457161330362238,0.6093323191804018,0.6010801539639404,-0.17623009444620313,0.09018590382205717,0.5254955954056105,-0.018108481693507542,-0.7928776531361303,-0.0047860865843183656,-0.5284899457513852,-0.31070294823738337,0.6596990559722327,-0.02218944642243442,0.04487636051373538,-0.6487849415621055,-0.26029709771067994,0.14843463394631992,-0.46951287085197113,-0.055681376581559326,0.47436428807893133,0.8774072551769667,-0.02639647206690156,0.6570104626734988
-0.2043393144833696,-0.5187332376904303,-0.8302347313695445,-0.4106540980830118,0.20262884544127174,0.48821889219603753,0.5188775182048329,-0.3806099238581036,0.09018590382205717,0.5254955954056105,-0.11793862989393226,0.15342829771321684,0.027624955898962453,-0.5404621468248851,-0.428420694490089,-0.5043087970231399,0.261411423620763,0.06998110711997003,-0.6189080767146218,-0.7404628311220179,-0.15934016335104428,-0.4271590573093535,-0.055681376581559326,-0.2690476584699634,0.2546634830002469,-0.06651079575912286,0.8130573860319537
0.48495510216340293,0.021847296187825962,1.210979321551756,-0.37114450639307095,0.07968674867648581,0.6497034615085231,0.6421814718434942,-0.09896454918072854,0.09018590382205717,-0.4887109037272176,-0.006363758375810519,0.09246674018209645,0.3193243382484891,-0.5219596542567488,-0.26378265694898545,-0.1961890712302472,0.5450122936639604,0.6892315234070918,-0.6528590594958533,-0.7404628311220179,-0.46711496064840846,-0.46951287085197113,-0.055681376581559326,0.48938271124153526,1.1887791412653266,0.21428947008642532,0.5841905229354074
-0.5982218382815253,-0.7349654512417332,-0.8302347313695445,1.2882583445844429,-0.7677355611665029,-1.570709366538152,0.35447224668661764,0.2898556140906919,-1.1530911988677308,-0.8267797367714936,-0.4565781522208632,-1.0510105084065482,0.3193243382484891,0.33895044111947836,1.3536772506822448,1.0362898319413238,-0.8729920565520267,0.4967617994259594,-0.3785351186235024,-0.7404628311220179,1.0717590258384124,1.1399320437674987,0.16141974827179317,1.1276656956522024,1.8115229134420465,1.93920538885194,0.22793645057321624
0.23877852478955564,0.8867761503930365,2.231586348012406,1.2882583445844429,-0.7831033232621012,-1.570709366538152,-1.5772896936524086,-0.024191440859301534,-1.4639104745401779,3.568115092804095,-0.7169195190964806,-0.5993797572398336,-0.10201921403416082,0.39663468265543295,-0.2770764135677436,0.10051881286661248,-0.5893911865088293,0.3796063152635309,0.5069065123110162,0.39993078572990975,0.7639842285410483,1.8175930604493804,-0.4898836262882644,0.40678138384721363,-0.9908240613531928,-0.18685376683578675,0.5099986668799655
-0.5982218382815253,0.8867761503930365,-0.8302347313695445,0.9326720193749755,0.09944529994225497,-1.570709366538152,0.8887893791208165,-0.901529245164045,1.3334630065118454,-0.15064207068294158,-0.6190468247823386,1.640013450850212,1.7778212499961252,-0.525224800004067,-0.8013096724136181,-0.3217193298866109,1.1122140337503552,0.7896505098320304,0.04381510717501795,-0.7404628311220179,-1.0826645552431369,1.2669934843953516,0.16141974827179317,0.49689192282283723,-0.056708403088113035,1.0566902676230725,0.9723475776771769
-0.007398052584291759,0.8867761503930365,2.231586348012406,1.3277679362743837,-0.8050572691129558,0.7304457461647654,0.5599788360843866,-0.004251945306921003,-1.4639104745401779,2.5539085936712667,-0.7208344268690462,1.1133328687172148,-0.06960817155088,0.5947201913260692,-0.14978928008760517,0.5798161641000013,-0.8729920565520267,0.3293968220510616,0.5394994557809984,-0.26029709771067994,1.0717590258384124,1.3093472979379694,-0.7069847511416169,0.6771130007740844,-0.36808028917647295,0.2945181174708679,0.4900013331200346
-0.4505158918572169,0.8867761503930365,-0.8302347313695445,1.1302199778246795,-0.49111584344573456,-1.570709366538152,0.39557356456617143,-0.39307210857834146,0.4010051794945042,0.18742676236133443,-0.7462813273907231,0.38147495859856434,0.9351341454308246,-0.2923110700287034,-0.8322107377584375,1.3672332411262826,-0.02218944642243442,-0.03043787930496862,1.0501222368107208,-0.7404628311220179,0.14843463394631992,1.351701111480587,-0.4898836262882644,0.8723525018879356,-0.9908240613531928,0.13406082270198272,0.8205384805926733
-0.4505158918572169,0.8867761503930365,1.210979321551756,1.2882583445844429,-0.7589539828261611,-1.570709366538152,-1.5772896936524086,-0.12887379250929934,-0.8422719231952839,0.18742676236133443,-0.7776005895712486,-0.602647866324149,0.6758458055645781,0.4662911252648875,-0.7706908164442737,-0.31030748819057785,-0.02218944642243442,0.5637077903759184,2.515446653648674,-0.6204213977691835,0.14843463394631992,1.4364087385658224,-1.1411870008483218,0.3016524217089861,-1.6135678335299126,-0.22696809052800804,0.6130141761393355
-0.253574629958139,0.8867761503930365,1.210979321551756,1.2882583445844429,-0.73041385322005,0.6497034615085231,-1.5772896936524086,-0.0565931211319199,-0.5314526475228368,2.2158397606269906,-0.6953875263473693,-0.39948574285760197,0.28691329576520824,0.380308953918842,-0.3839361037111214,0.07769512947454635,-0.3057903164656318,0.8984377451257141,0.6169076965222065,-0.26029709771067994,0.4562094312436841,1.7752392469067628,-0.4898836262882644,0.8573340787253316,-0.36808028917647295,0.4148610885475318,0.542397940774351
-0.3028099454329085,0.8867761503930365,-0.8302347313695445,1.3672775279643246,-0.853355949984836,0.08450746891482375,1.176498604277693,0.3247497313073578,-0.5314526475228368,2.2158397606269906,-0.5055144993779341,0.8858580575552033,0.4489685081816124,1.4523651409549783,4.922915990243818,-1.5770219164502481,-0.02218944642243442,1.6934213876564783,-0.15989078951237132,-0.26029709771067994,0.14843463394631992,1.224639670852734,-0.4898836262882644,0.4818734996602333,-0.36808028917647295,0.3346324411630892,0.20424030228409176
-0.4505158918572169,0.8867761503930365,-0.8302347313695445,0.9721816110649163,0.15652555915447702,0.20562089589918794,0.8065867433617089,-1.051075461806899,0.4010051794945042,0.18742676236133443,-0.6856002569159552,0.07817171049841397,0.8379010179809822,-0.5099874531832488,-0.8639013990259726,1.1960556156857867,-0.02218944642243442,-0.03043787930496862,0.5598700454497374,-0.7404628311220179,0.14843463394631992,1.7752392469067628,-0.4898836262882644,0.7597143281684061,0.5660353690886069,0.856118649161966,0.9846322944347244
-0.49975120733198636,0.8867761503930365,0.19037229509110573,1.2092391612045612,-0.587713205189495,-1.570709366538152,0.8476880612412626,-0.153798161949775,-1.4639104745401779,0.5254955954056105,-0.6444937253040156,0.8285604839115704,0.18968016831536583,-0.041983229400976124,-0.5110947186161603,0.5912280057960343,-0.8729920565520267,0.7059680211445816,0.39554728878857676,-0.6204213977691835,1.0717590258384124,1.3093472979379694,-0.4898836262882644,1.022536733513975,0.8774072551769667,1.2572618860841782,0.6364525402815664
-0.5982218382815253,0.8867761503930365,-0.8302347313695445,1.3672775279643246,-0.8445743716444941,0.3671054652116733,1.0942959685185853,0.6088875429287804,-1.774729750212625,-0.15064207068294158,-0.27453494079655927,0.8430449112986567,0.25450225328192744,1.3239360748937963,7.676282754621569,0.9335832566770262,-0.8729920565520267,0.35450156865729626,-0.46680767385470445,-0.7404628311220179,1.0717590258384124,1.097578230224881,-0.4898836262882644,0.9324261945383513,0.8774072551769667,1.3374905334686207,0.07585818002124355
-0.5982218382815253,0.8867761503930365,0.19037229509110573,1.0512007944447979,-0.2935303307880429,0.5689611768522803,0.19006697516840274,-0.15878303583787015,0.09018590382205717,-0.15064207068294158,-0.386109812314681,0.21513318996574082,1.0323672728806663,-0.42618204566874884,-0.36700069487165565,-0.8010166811199996,0.261411423620763,0.1704000935449087,-0.4505112021197133,-0.7404628311220179,-0.15934016335104428,1.1399320437674987,-0.055681376581559326,-0.37417662060819096,-0.6794521752648329,0.6555470307008596,0.6410674063348171
-0.5982218382815253,0.8867761503930365,-0.8302347313695445,1.011691202754857,-0.17936981236359884,0.24599203822730933,-1.5772896936524086,-0.4429208474592928,0.09018590382205717,-0.8267797367714936,-0.5074719532642169,0.5147935877721529,0.9675451879141054,-0.46427541272079426,-0.605883959907098,-0.4130140634548754,0.261411423620763,0.2457143333636127,-0.28618844545855265,-0.7404628311220179,-0.15934016335104428,1.1822858573101165,-0.055681376581559326,-0.051280522612206385,-0.056708403088113035,1.0165759439308513,0.8481288363433407
-0.49975120733198636,0.6705439368417336,1.210979321551756,1.0907103861347387,-0.3637829575107777,-1.570709366538152,-1.5772896936524086,-0.0640704319640626,0.09018590382205717,0.5254955954056105,-0.37436508899698395,0.46193710251759434,0.6434347630812972,-0.38373515095361244,-0.26968288851030603,-0.31030748819057785,-0.3057903164656318,0.14529534693867405,-0.4586594379872089,-0.6204213977691835,0.4562094312436841,1.1399320437674987,-0.055681376581559326,-0.07380815735611229,0.2546634830002469,0.8962329728541873,0.549833997312478
-0.5982218382815253,0.8867761503930365,-0.8302347313695445,1.011691202754857,0.033583462389691086,-1.570709366538152,0.4366748824457252,-0.5376334513331004,0.09018590382205717,-0.4887109037272176,-0.3919821739735295,0.5150816632426402,0.8054899754977013,-0.48713143295202155,-0.5820261482941319,1.1275845655095884,-0.3057903164656318,-0.5492693091671517,-0.34322609653102165,-0.7404628311220179,0.4562094312436841,1.1822858573101165,-0.055681376581559326,0.2490879406398723,0.5660353690886069,1.1770332386997355,0.8909031788043871
-0.4505158918572169,0.5624278300660823,0.19037229509110573,0.9721816110649163,0.11700845662293868,0.24599203822730933,-0.015439614229365965,0.18517326244069407,0.09018590382205717,-0.15064207068294158,0.2500627007272412,0.7162068464820024,0.3517353807317699,-0.5034571616886124,-0.0741631441500762,1.218879299077853,-1.1565929265952242,-1.1434149788480388,-0.6773037670983401,-0.6204213977691835,1.3795338231357768,0.9281629760544104,-0.055681376581559326,-0.22399238898215162,-0.056708403088113035,0.8160043254697448,0.31002551887238755
-0.49975120733198636,0.8867761503930365,-0.8302347313695445,1.0512007944447979,-0.18376060153376975,0.28636318055543075,-1.5772896936524086,-0.2809124460962009,0.09018590382205717,0.18742676236133443,-0.3841523584283982,0.48496906120372407,1.0323672728806663,-0.4207401360898852,-0.45644693805877173,-0.05924697087785043,0.8286131637071579,0.35450156865729626,-0.35680648964351425,-0.6204213977691835,-0.7748897579457726,1.1822858573101165,-0.055681376581559326,0.2791247869650802,0.2546634830002469,0.8160043254697448,0.7445969158274759
-0.5982218382815253,0.8867761503930365,0.19037229509110573,1.1302199778246795,-0.32207046039415393,-1.570709366538152,0.35447224668661764,-0.18121496833429826,0.09018590382205717,-0.15064207068294158,-0.42917379781290343,0.7370546218148015,1.0323672728806663,-0.345641783901567,-0.40117778472826926,0.020635920994381027,0.5450122936639604,0.27918732883859226,-0.30384295650479304,-0.7404628311220179,-0.46711496064840846,1.1822858573101165,-0.055681376581559326,0.26410636380247626,-0.056708403088113035,1.0165759439308513,0.6615031592029524
-0.4505158918572169,0.8867761503930365,-0.8302347313695445,0.8931624276850346,-0.21888691489513717,-1.570709366538152,-1.5772896936524086,-0.2809124460962009,0.09018590382205717,0.5254955954056105,-0.41547162060892356,0.940175782658152,0.7082568480478589,-0.3978841158586579,-0.46951640734903227,-0.025011445789751233,-0.3057903164656318,-0.0471743770424584,-0.3147072709947871,-0.6204213977691835,0.4562094312436841,1.1822858573101165,-0.055681376581559326,-0.05878973419350835,-0.36808028917647295,0.6154327070086383,0.7445969158274759
0.8296023104867891,0.8867761503930365,0.19037229509110573,-0.2921253230131893,-0.2649902011819319,0.5285900345241589,-0.34425015726579605,-0.1637679097259653,-1.4639104745401779,-0.4887109037272176,-0.3645778195655698,-0.020753138569821885,-0.32889651141712656,-0.4338007190791579,-0.36491960609467905,0.6254635308841335,-0.5893911865088293,-0.6915295399358148,-0.46816571316595373,-0.7404628311220179,0.7639842285410483,-0.34245143022411817,-0.4898836262882644,-0.2089739658195477,0.2546634830002469,-0.02639647206690156,0.6456563062257954
0.48495510216340293,0.6705439368417336,-0.8302347313695445,-0.3316349147031301,-0.16619744485308605,0.5285900345241589,0.477776200325279,-0.395564545522389,-0.5314526475228368,0.18742676236133443,-0.458535606107146,0.47429681351174297,-0.4585406813502498,-0.4708057042154306,-0.5553059224365289,0.887935889892894,-0.5893911865088293,-0.6915295399358148,-0.3731029613785054,1.000137952494082,0.7639842285410483,-0.34245143022411817,-0.4898836262882644,-0.03626209944960245,0.2546634830002469,-0.02639647206690156,0.8220063142137535
0.33724915573909453,0.8867761503930365,-0.8302347313695445,-0.21310613963330757,-0.5964947835298368,0.8515591731491297,0.6010801539639404,0.945366530375202,-0.5314526475228368,-0.15064207068294158,0.21091362300158445,-1.5322652683978404,-0.19925234148400328,-0.1453795113993852,1.9249133165216559,1.3672332411262826,-0.3057903164656318,-0.013701381567478845,-0.703106514012076,-0.7404628311220179,0.4562094312436841,-0.5118666843945888,-0.4898836262882644,0.8873709250505395,0.5660353690886069,0.13406082270198272,0.020836344518680425
-0.5982218382815253,0.6705439368417336,-0.8302347313695445,-0.17359654794336674,-0.6689428048376571,0.5285900345241589,0.6421814718434942,0.6711984665299696,-0.5314526475228368,-0.15064207068294158,-0.06900228273686132,-1.9467717741240733,-0.19925234148400328,0.017877775966523873,1.7970778598627108,-1.1205482486089253,-0.3057903164656318,-0.013701381567478845,-0.6365625877608622,1.000137952494082,0.4562094312436841,-0.4271590573093535,-0.4898836262882644,-0.7496371996732893,-0.6794521752648329,-0.4676540326813358,0.060086650174007626
-0.5982218382815253,0.8867761503930365,1.210979321551756,-0.25261573132324844,-0.436230978818598,0.9323014578053724,0.7243841076026017,0.025657298021649802,-0.5314526475228368,-0.8267797367714936,-0.3684927273381355,1.191558739644463,0.027624955898962453,-0.3391114924069306,-0.14978928008760517,0.5113451139238029,0.261411423620763,-0.022069630436223734,-0.46273355592095666,0.5799929357591614,-0.15934016335104428,-0.34245143022411817,-0.7069847511416169,0.31667084487159003,0.5660353690886069,0.21428947008642532,0.46008511544443426
0.5834257331129418,0.3461956165147798,0.19037229509110573,-0.2921253230131893,-0.28035796327753015,0.5689611768522803,0.4366748824457252,-0.19866202694263124,-0.5314526475228368,0.8635644284498865,-0.4056843511775094,0.03491120669886304,0.1248580833488049,-0.429447191416067,-0.40676953451929965,-1.3373732408335537,0.8286131637071579,0.28755557770733714,-0.4355727696959714,-0.26029709771067994,-0.7748897579457726,-0.34245143022411817,-0.7069847511416169,-0.6219806027911559,-0.6794521752648329,-0.7484542985268848,0.676995856238523
-0.5982218382815253,0.7786600436173851,-0.8302347313695445,-0.17359654794336674,-0.6865059615183408,-1.570709366538152,0.5599788360843866,0.29982536186688213,-0.5314526475228368,0.18742676236133443,-0.37632254288326683,0.6762811908385558,-0.2316633839672841,0.05379437918702387,0.7849538702163357,-1.4743153411859506,-0.3057903164656318,0.4047110618697656,-0.4586594379872089,1.3002415358761688,0.4562094312436841,-0.34245143022411817,-1.5753892505550269,-0.6069621796285519,-0.9908240613531928,-0.628111327450221,0.22097389222018782
0.5834257331129418,-0.08626881058782543,1.210979321551756,-0.015558181183603827,-0.35719677375552134,0.5689611768522803,0.5188775182048329,0.07550603690260113,-0.5314526475228368,-0.4887109037272176,-0.2588753097062966,0.20002750270087527,-0.0047860865843183656,-0.39026544244824884,-0.09597683341307499,-0.1961890712302472,0.261411423620763,-0.24801234989233573,-0.5550802290859065,-0.7404628311220179,-0.15934016335104428,-0.3848052437667358,-0.7069847511416169,-0.35164898586428506,0.2546634830002469,-0.10662511945134415,0.41095956594133487
-0.5982218382815253,0.23807950973912845,-0.8302347313695445,-0.3316349147031301,-0.11789876398120587,0.20562089589918794,0.14896565728884895,-0.3806099238581036,-0.8422719231952839,-0.8267797367714936,-0.4037268972912265,0.017586289401922837,-0.2964854689338457,-0.4816895233731579,-0.5207000488183234,1.1846437739897537,-0.5893911865088293,-0.7333707842795393,-0.43828884831847,-0.7404628311220179,0.7639842285410483,-0.08832854896841263,-0.4898836262882644,0.12143134375773885,0.5660353690886069,0.09394649900976233,0.8130573860319537
-0.2043393144833696,0.23807950973912845,-0.8302347313695445,-0.17359654794336674,-0.6623566210824007,0.6900746038366445,0.8065867433617089,0.29234805103473943,-0.8422719231952839,-0.4887109037272176,-0.36066291179300414,0.32681450869844,-0.06960817155088,0.0015520472299329644,0.6619855350256547,1.1275845655095884,0.261411423620763,0.26245083110110246,-0.46952375247720296,-0.7404628311220179,-0.15934016335104428,-0.34245143022411817,-0.4898836262882644,0.9774814640261631,1.8115229134420465,0.5753183833164169,0.2261814257305462
-0.5982218382815253,0.8867761503930365,-0.8302347313695445,1.3672775279643246,-0.8226204257936395,-1.570709366538152,1.2587012400368,0.3048102357549773,-1.1530911988677308,-0.15064207068294158,-0.4937697760602371,0.9155409296126111,0.027624955898962453,0.8940252181635693,2.6330977886314897,-0.09348249596594962,-1.4401937966384215,0.3963428130010207,-0.17618726124736245,-0.7404628311220179,1.687308620433141,1.224639670852734,-0.7069847511416169,0.29414321012768413,0.2546634830002469,1.0566902676230725,0.2175502235768875
0.04183726289047775,0.8867761503930365,-0.8302347313695445,1.0512007944447979,-0.3067026982985557,0.9323014578053724,-1.5772896936524086,-0.3806099238581036,-0.8422719231952839,2.5539085936712667,-0.5720679315115506,0.039275989184480636,0.28691329576520824,-0.4218285180056579,-0.6219361913193752,0.6368753725801666,-0.02218944642243442,1.2080629532692748,0.08591432582374507,0.0998272023478236,0.14843463394631992,1.2669934843953516,-0.7069847511416169,1.5031262747173009,-0.36808028917647295,0.3747467648553105,0.8130573860319537
0.5834257331129418,0.8867761503930365,-0.8302347313695445,-2.820739191169401,-0.5479120416143967,0.6900746038366445,1.0942959685185853,-0.3328516416777205,0.09018590382205717,-0.15064207068294158,-0.6053446475783588,-1.12546776547494,0.09244704086552409,0.07923066355041052,-0.628834977821779,1.0020543068532246,0.8286131637071579,0.5720760392446633,0.18233511692244264,0.39993078572990975,-0.7748897579457726,-0.25774380313888284,-0.4898836262882644,1.1727209651400143,0.8774072551769667,0.2945181174708679,0.6321133593600129
-0.5982218382815253,0.8867761503930365,-0.8302347313695445,-0.4106540980830118,-0.31987506580906844,0.6093323191804018,1.0531946506390315,0.4194623351811653,1.3334630065118454,-0.15064207068294158,0.044530042667543256,1.1764064855970267,0.5462016356314549,-0.345641783901567,0.29558477406524014,-2.2617324182122323,0.8286131637071579,0.8984377451257141,-0.6324884698271144,1.1201793858469167,-0.7748897579457726,-0.4271590573093535,-0.4898836262882644,-0.6820542954415716,-0.9908240613531928,-0.6682256511424423,0.14931293453084377
0.38648447121386403,0.8867761503930365,1.210979321551756,-0.17359654794336674,-0.6074717564552641,0.6900746038366445,0.7243841076026017,0.013195113301411964,-0.5314526475228368,-0.8267797367714936,-0.530961399899611,0.0929936204604981,0.15726912583208572,-0.013685299590885215,-0.1465011872207561,-0.9950179899525617,0.8286131637071579,0.7227045188820713,-0.08655666670491118,-0.7404628311220179,-0.7748897579457726,-0.3000976166815005,-0.7069847511416169,-0.0062252531243945815,0.2546634830002469,-0.10662511945134415,0.47252769565540637
-0.5982218382815253,-1.059313771568687,-0.8302347313695445,1.248748752894502,-0.616253334795606,-1.570709366538152,-1.5772896936524086,0.35715141157997615,-0.8422719231952839,-0.4887109037272176,-0.26866257913771074,-0.28436762721581504,0.4489685081816124,0.03638026853466023,0.6741862417643574,1.7210003337033075,-0.5893911865088293,0.08671760485745982,-0.47088179178845224,-0.7404628311220179,0.7639842285410483,1.097578230224881,-0.4898836262882644,1.210267023046524,1.8115229134420465,1.7386337703908337,0.18392172741950427
-0.5982218382815253,0.8867761503930365,-0.8302347313695445,-2.820739191169401,-0.27174695912471564,-1.570709366538152,-1.5772896936524086,-0.6304027821932231,-0.5314526475228368,-1.1648485698157698,-0.675812987484541,-0.3459720601359277,0.4165574656983315,-0.09426029473138063,-0.6881708787777783,2.8165371365224816,-0.8729920565520267,-1.494881431335324,0.4946841585097728,-0.7404628311220179,-1.6982141498378653,1.7752392469067628,-0.4898836262882644,0.5119103459854412,-0.36808028917647295,0.6956613543930809,0.8965274949727835
-0.49975120733198636,0.8867761503930365,1.210979321551756,1.2092391612045612,-0.5174605784667601,-1.570709366538152,-1.5772896936524086,-0.0865023644604907,-0.5314526475228368,0.18742676236133443,-0.5290039460133281,-0.11807894878282496,0.7730789330144205,-0.16605876779906703,-0.33575659023607257,0.3972266969634722,0.5450122936639604,0.6222855324571327,-0.08791470601616043,-0.5604006810927662,-0.46711496064840846,1.224639670852734,-0.7069847511416169,0.8197880208188218,0.5660353690886069,0.856118649161966,0.5719961329315186
-0.253574629958139,0.8867761503930365,0.19037229509110573,1.2882583445844429,-0.6930921452735972,0.003765184258581173,-1.5772896936524086,0.16274132994426596,-0.5314526475228368,2.5539085936712667,-0.4898548682876714,-0.9330084907267028,0.513790593148174,0.25732179743652384,0.36766107639379014,-1.7481995418907441,0.5450122936639604,1.1411169623193158,-0.1816194184923595,0.15984791902424073,-0.46711496064840846,1.224639670852734,-1.1411870008483218,-0.12637263842522606,-0.6794521752648329,-0.06651079575912286,0.3295988401911314
-0.5982218382815253,0.8867761503930365,2.231586348012406,1.1697295695146204,-0.5064836055413329,0.3267343228835519,-1.5772896936524086,-0.024191440859301534,-0.5314526475228368,-0.8267797367714936,-0.470280329424843,0.8542863675160506,0.8379010179809822,-0.18564964228297612,-0.2253784711614616,0.1575780213467778,0.8286131637071579,0.8147552564382651,-0.22915079438608366,-0.7404628311220179,-0.7748897579457726,1.1822858573101165,-0.4898836262882644,0.8348064439814258,0.5660353690886069,1.2171475623919568,0.5099986668799655
-0.49975120733198636,0.7786600436173851,1.210979321551756,1.2092391612045612,-0.6316210968912042,-1.570709366538152,-1.5772896936524086,0.05805897829426817,-0.8422719231952839,0.18742676236133443,-0.5172592226956311,1.2175463751448201,0.513790593148174,-0.06701601346374884,-0.0282793027808641,-0.5043087970231399,-0.3057903164656318,0.11182235146369449,-0.2617437378560659,-0.6804421144456008,0.4562094312436841,1.1822858573101165,-0.4898836262882644,-0.2315016005634536,0.5660353690886069,0.856118649161966,0.42800386706848137
-0.5982218382815253,0.8867761503930365,-0.8302347313695445,1.011691202754857,-0.16180665568291513,-1.570709366538152,0.683282789723048,-0.4254737888509598,-0.8422719231952839,-0.15064207068294158,-0.4781101449699744,0.4232739182693169,0.7406678905311397,-0.47189408613120337,-0.5804165708150776,-2.113378476163802,-0.02218944642243442,0.5971807858508981,-0.34322609653102165,-0.7404628311220179,0.14843463394631992,1.1822858573101165,-0.7069847511416169,-0.8547661618115169,-1.3021959474415528,0.25440379377864664,0.8388910504234147
-0.5982218382815253,0.021847296187825962,0.19037229509110573,1.2092391612045612,-0.6074717564552641,-1.570709366538152,0.5188775182048329,0.23502200132164539,-1.1530911988677308,-1.1648485698157698,-0.35674800402043844,1.2246157358098257,0.5462016356314549,-0.1290537826627943,0.3656192767909887,0.5912280057960343,-0.5893911865088293,-0.38190433179225397,-0.47088179178845224,-0.7404628311220179,0.7639842285410483,1.097578230224881,-0.4898836262882644,0.04633922794471919,0.2546634830002469,0.9363472965464087,0.2689414213699951
-0.5982218382815253,0.8867761503930365,2.231586348012406,1.1697295695146204,-0.5701500485088112,-1.570709366538152,-1.5772896936524086,-0.0266838778033491,-0.5314526475228368,-1.1648485698157698,-0.5290039460133281,0.976022601601369,1.097189357847228,-0.19544507952493065,-0.23462869637351996,-0.9151350980803302,1.1122140337503552,1.1662217089255504,-0.2522374626773211,-0.7404628311220179,-1.0826645552431369,1.1822858573101165,-0.4898836262882644,0.44432744175372346,0.8774072551769667,1.1369189150075143,0.5124973964842103
-0.5982218382815253,-2.0323587325495485,-0.8302347313695445,-0.5291828731528343,0.806362356339774,0.12487861124294515,0.23116829304795652,3.3306286858287235,0.09018590382205717,-0.8267797367714936,3.335010025508993,-0.3594612708308097,-0.16684129900072245,-0.5937928606977488,1.1085291147443173,-0.09348249596594962,-0.5893911865088293,-1.0178912458168654,-0.8090335802895184,-0.7404628311220179,0.7639842285410483,-1.6130658365026471,-0.055681376581559326,-0.9749135471123483,-0.6483149866559968,-0.10662511945134415,1.485140042947132e-06
0.8296023104867891,0.4543117232904312,-0.8302347313695445,-0.3316349147031301,-0.08057705603475299,0.5285900345241589,0.6010801539639404,0.5042051912787826,-0.5314526475228368,0.18742676236133443,0.324445948405989,0.1578425579796344,-0.16684129900072245,-0.4925733425308852,0.21860970538928445,-0.43583774684694154,-0.02218944642243442,0.003035116170010932,-0.7194029857470672,1.3002415358761688,0.14843463394631992,-0.5542204979372065,-0.4898836262882644,-0.28406608163256736,0.2546634830002469,-0.18685376683578675,0.11105596671140756
2.3066617747298728,0.4543117232904312,-0.8302347313695445,-0.4501636897729526,0.4660761956515273,0.6900746038366445,0.39557356456617143,-0.5949595010461943,-1.4639104745401779,2.8919774267155427,-0.05138519776031578,-1.3132284413926498,-0.6205958937666539,-0.5720252223822943,-0.4902498523659135,1.230291140773886,-0.3057903164656318,-0.7919485263607535,-0.64063670569461,1.3002415358761688,0.4562094312436841,-0.4271590573093535,-0.4898836262882644,0.09890370901383295,-0.056708403088113035,-0.628111327450221,0.9113313367452667
-0.5982218382815253,-2.0323587325495485,-0.8302347313695445,-1.556432257091295,3.967730558862841,-0.7632865199757247,-0.22094620362713469,-2.5839241823961525,-0.5314526475228368,-1.1648485698157698,1.5087055496071058,-1.213216577687227,-0.39371859638368817,-0.6340629915813397,-0.5577680085611415,-0.5613680055033052,-1.3948176574315099,-1.4111989426478753,-0.7968112264882751,-0.7404628311220179,0.14843463394631992,-1.062466260448618,-0.7069847511416169,-1.6357241662669215,-0.9908240613531928,-0.4676540326813358,0.9999667026684521
1.765073304507409,0.23807950973912845,-0.8302347313695445,-0.8452596066723606,1.478153099375926,-0.03660595806954023,-0.015439614229365965,0.43690939378949833,-1.1530911988677308,2.5539085936712667,1.6613869527371672,-0.6008055085990299,-1.3012277859155499,-0.6199140266762942,-0.07768523253517605,0.44287406374760446,-2.0073955367248164,-2.1225000964911906,-0.7995273051107735,2.4406351527280963,2.3028582150278694,-1.147173887533853,-0.7069847511416169,-1.6131965315230155,-1.6135678335299126,-1.149597535449097,0.14063812573413417
1.469661411658792,0.5624278300660823,-0.8302347313695445,-0.0945773645634855,-0.02788758599270188,0.8515591731491297,0.5188775182048329,-0.2958670677604863,0.09018590382205717,0.18742676236133443,-0.25691785582001375,-0.17417450539323043,-0.13443025651744164,-0.501280397857067,-0.4227009880360791,0.6368753725801666,-0.5893911865088293,-0.5576375580358967,-0.5550802290859065,-0.26029709771067994,0.7639842285410483,-0.1306823625110303,-0.055681376581559326,-0.08131736893741426,0.5660353690886069,-0.10662511945134415,0.7558388990947971
-0.5982218382815253,0.3461956165147798,1.210979321551756,-0.37114450639307095,0.14115779705887876,0.3671054652116733,0.5599788360843866,-0.11641160778906151,0.09018590382205717,-0.4887109037272176,0.03474277323612907,0.5183783570050643,0.28691329576520824,-0.5295783276671578,-0.27148694979900795,-0.9151350980803302,1.1122140337503552,0.48839355055721445,-0.6623653346745981,1.0601586691704994,-1.0826645552431369,-0.21538998959626515,-0.055681376581559326,-0.1639186963317359,0.2546634830002469,0.013717851625319735,0.6010878788483698
0.5341904176381724,-0.5187332376904303,0.19037229509110573,-0.3316349147031301,-0.11350797481103493,0.7708168884928869,0.35447224668661764,-0.2584805135997728,0.09018590382205717,1.2016332614941625,-0.30389674909080183,-0.1631060379833366,-0.2640744264505649,-0.4827779052889306,-0.4146741730964181,1.800883225575539,-0.3057903164656318,-0.7250025354107944,-0.526561403549672,2.0204901359931755,0.4562094312436841,-0.3848052437667358,-0.055681376581559326,0.534437980729347,0.8774072551769667,0.25440379377864664,0.7271082163411295
0.48495510216340293,0.6705439368417336,-0.8302347313695445,-1.4379034820214727,3.607685846908825,0.7304457461647654,0.6010801539639404,-4.6351997873473,0.09018590382205717,-0.4887109037272176,-0.4233014361540549,-0.6046600374621602,0.15726912583208572,-0.6340629915813397,-0.8906725560110667,0.9564069400690924,0.5450122936639604,0.06161285825122515,-0.4192762979609803,-0.7404628311220179,-0.46711496064840846,-0.08832854896841263,1.0298242476852033,0.6846222123553865,1.5001510273536867,0.8962329728541873,0.999999991124756
-0.5982218382815253,-0.08626881058782543,-0.8302347313695445,-2.820739191169401,-0.3643440824913293,0.6900746038366445,0.31337092880706413,0.12740805047431752,0.09018590382205717,-0.4887109037272176,-0.2197262319806398,-0.7889291733504654,-0.19925234148400328,-0.3171757094808647,0.0698704111643601,0.3059319633952077,-0.8729920565520267,-0.7417390331482842,-0.5713767008208976,0.7000343691119959,1.0717590258384124,-0.3848052437667358,-0.055681376581559326,-0.46428715958381456,-0.36808028917647295,-0.14673944314356543,0.3560486230314374
0.48495510216340293,0.12996340296347736,-0.8302347313695445,-0.37114450639307095,0.1455485862290497,0.6497034615085231,0.5599788360843866,-0.5376334513331004,0.09018590382205717,-0.15064207068294158,-0.2921520257731048,-0.22784760833722387,-0.06960817155088,-0.5306667095829306,-0.5414426743339649,0.6596990559722327,-0.02218944642243442,-0.2061711055486113,-0.5401417966621646,-0.7404628311220179,0.14843463394631992,-0.1306823625110303,-0.055681376581559326,0.2490879406398723,0.5660353690886069,0.13406082270198272,0.8909031788043871
0.8788376259615586,-1.059313771568687,0.19037229509110573,-0.37114450639307095,0.13457161330362238,0.6093323191804018,0.6010801539639404,-0.17623009444620313,0.09018590382205717,0.5254955954056105,-0.018108481693507542,-0.7928707176673249,-0.0047860865843183656,-0.5284899457513852,-0.31070294823738337,0.6596990559722327,-0.02218944642243442,0.04487636051373538,-0.6487849415621055,-0.26029709771067994,0.14843463394631992,-0.46951287085197113,-0.055681376581559326,0.47436428807893133,0.8774072551769667,-0.02639647206690156,0.6570104626734988
-0.2043393144833696,-0.5187332376904303,-0.8302347313695445,-0.4106540980830118,0.20262884544127174,0.48821889219603753,0.5188775182048329,-0.3806099238581036,0.09018590382205717,0.5254955954056105,-0.11793862989393226,0.15342829771321684,0.027624955898962453,-0.5404621468248851,-0.428420694490089,-0.5043087970231399,0.261411423620763,0.06998110711997003,-0.6189080767146218,-0.7404628311220179,-0.15934016335104428,-0.4271590573093535,-0.055681376581559326,-0.2690476584699634,0.2546634830002469,-0.06651079575912286,0.8130573860319537
0.48495510216340293,0.021847296187825962,1.210979321551756,-0.37114450639307095,0.07968674867648581,0.6497034615085231,0.6421814718434942,-0.09896454918072854,0.09018590382205717,-0.4887109037272176,-0.006363758375810519,0.09246674018209645,0.3193243382484891,-0.5219596542567488,-0.26378265694898545,-0.1961890712302472,0.5450122936639604,0.6892315234070918,-0.6528590594958533,-0.7404628311220179,-0.46711496064840846,-0.46951287085197113,-0.055681376581559326,0.48938271124153526,1.1887791412653266,0.21428947008642532,0.5841905229354074
-0.5982218382815253,-0.7349654512417332,-0.8302347313695445,1.2882583445844429,-0.7677355611665029,-1.570709366538152,0.35447224668661764,0.2898556140906919,-1.1530911988677308,-0.8267797367714936,-0.4565781522208632,-1.0510105084065482,0.3193243382484891,0.33895044111947836,1.3536772506822448,1.0362898319413238,-0.8729920565520267,0.4967617994259594,-0.3785351186235024,-0.7404628311220179,1.0717590258384124,1.1399320437674987,0.16141974827179317,1.1276656956522024,1.8115229134420465,1.93920538885194,0.22793645057321624
0.23877852478955564,0.8867761503930365,2.231586348012406,1.2882583445844429,-0.7831033232621012,-1.570709366538152,-1.5772896936524086,-0.024191440859301534,-1.4639104745401779,3.568115092804095,-0.7169195190964806,-0.5993796494404872,-0.10201921403416082,0.39663468265543295,-0.2770764135677436,0.10051881286661248,-0.5893911865088293,0.3796063152635309,0.5069065123110162,0.39993078572990975,0.7639842285410483,1.8175930604493804,-0.4898836262882644,0.40678138384721363,-0.9908240613531928,-0.18685376683578675,0.5099986668799655
-0.5982218382815253,0.8867761503930365,-0.8302347313695445,0.9326720193749755,0.09944529994225497,-1.570709366538152,0.8887893791208165,-0.901529245164045,1.3334630065118454,-0.15064207068294158,-0.6190468247823386,1.6400134525417382,1.7778212499961252,-0.525224800004067,-0.8013096724136181,-0.3217193298866109,1.1122140337503552,0.7896505098320304,0.04381510717501795,-0.7404628311220179,-1.0826645552431369,1.2669934843953516,0.16141974827179317,0.49689192282283723,-0.056708403088113035,1.0566902676230725,0.9723475776771769
-0.007398052584291759,0.8867761503930365,2.231586348012406,1.3277679362743837,-0.8050572691129558,0.7304457461647654,0.5599788360843866,-0.004251945306921003,-1.4639104745401779,2.5539085936712667,-0.7208344268690462,1.1133328687172148,-0.06960817155088,0.5947201913260692,-0.14978928008760517,0.5798161641000013,-0.8729920565520267,0.3293968220510616,0.5394994557809984,-0.26029709771067994,1.0717590258384124,1.3093472979379694,-0.7069847511416169,0.6771130007740844,-0.36808028917647295,0.2945181174708679,0.4900013331200346
-0.4505158918572169,0.8867761503930365,-0.8302347313695445,1.1302199778246795,-0.49111584344573456,-1.570709366538152,0.39557356456617143,-0.39307210857834146,0.4010051794945042,0.18742676236133443,-0.7462813273907231,0.38147495859856434,0.9351341454308246,-0.2923110700287034,-0.8322107377584375,1.3672332411262826,-0.02218944642243442,-0.03043787930496862,1.0501222368107208,-0.7404628311220179,0.14843463394631992,1.351701111480587,-0.4898836262882644,0.8723525018879356,-0.9908240613531928,0.13406082270198272,0.8205384805926733
-0.4505158918572169,0.8867761503930365,1.210979321551756,1.2882583445844429,-0.7589539828261611,-1.570709366538152,-1.5772896936524086,-0.12887379250929934,-0.8422719231952839,0.18742676236133443,-0.7776005895712486,-0.602647866324149,0.6758458055645781,0.4662911252648875,-0.7706908164442737,-0.31030748819057785,-0.02218944642243442,0.5637077903759184,2.515446653648674,-0.6204213977691835,0.14843463394631992,1.4364087385658224,-1.1411870008483218,0.3016524217089861,-1.6135678335299126,-0.22696809052800804,0.6130141761393355
-0.253574629958139,0.8867761503930365,1.210979321551756,1.2882583445844429,-0.73041385322005,0.6497034615085231,-1.5772896936524086,-0.0565931211319199,-0.5314526475228368,2.2158397606269906,-0.6953875263473693,-0.39948574285760197,0.28691329576520824,0.380308953918842,-0.3839361037111214,0.07769512947454635,-0.3057903164656318,0.8984377451257141,0.6169076965222065,-0.26029709771067994,0.4562094312436841,1.7752392469067628,-0.4898836262882644,0.8573340787253316,-0.36808028917647295,0.4148610885475318,0.542397940774351
-0.3028099454329085,0.8867761503930365,-0.8302347313695445,1.3672775279643246,-0.853355949984836,0.08450746891482375,1.176498604277693,0.3247497313073578,-0.5314526475228368,2.2158397606269906,-0.5055144993779341,0.8858580575552033,0.4489685081816124,1.4523651409549783,4.922915990243818,-1.5770219164502481,-0.02218944642243442,1.6934213876564783,-0.15989078951237132,-0.26029709771067994,0.14843463394631992,1.224639670852734,-0.4898836262882644,0.4818734996602333,-0.36808028917647295,0.3346324411630892,0.20424030228409176
-0.4505158918572169,0.8867761503930365,-0.8302347313695445,0.9721816110649163,0.15652555915447702,0.20562089589918794,0.8065867433617089,-1.051075461806899,0.4010051794945042,0.18742676236133443,-0.6856002569159552,0.07817171049841397,0.8379010179809822,-0.5099874531832488,-0.8639013990259726,1.1960556156857867,-0.02218944642243442,-0.03043787930496862,0.5598700454497374,-0.7404628311220179,0.14843463394631992,1.7752392469067628,-0.4898836262882644,0.7597143281684061,0.5660353690886069,0.856118649161966,0.9846322944347244
-0.49975120733198636,0.8867761503930365,0.19037229509110573,1.2092391612045612,-0.587713205189495,-1.570709366538152,0.8476880612412626,-0.153798161949775,-1.4639104745401779,0.5254955954056105,-0.6444937253040156,0.8285604839115704,0.18968016831536583,-0.041983229400976124,-0.5110947186161603,0.5912280057960343,-0.8729920565520267,0.7059680211445816,0.39554728878857676,-0.6204213977691835,1.0717590258384124,1.3093472979379694,-0.4898836262882644,1.022536733513975,0.8774072551769667,1.2572618860841782,0.6364525402815664
-0.5982218382815253,0.8867761503930365,-0.8302347313695445,1.3672775279643246,-0.8445743716444941,0.3671054652116733,1.0942959685185853,0.6088875429287804,-1.774729750212625,-0.15064207068294158,-0.27453494079655927,0.8430449186298752,0.25450225328192744,1.3239360748937963,7.676282754621569,0.9335832566770262,-0.8729920565520267,0.35450156865729626,-0.46680767385470445,-0.7404628311220179,1.0717590258384124,1.097578230224881,-0.4898836262882644,0.9324261945383513,0.8774072551769667,1.3374905334686207,0.07585818002124355
-0.5982218382815253,0.021847296187825962,-0.8302347313695445,-0.37114450639307095,0.10164069452734044,0.5689611768522803,0.5599788360843866,-0.3880872346902463,0.09018590382205717,-0.8267797367714936,-0.2138538703217913,-0.06635669478907649,0.1248580833488049,-0.525224800004067,-0.4561130701676763,-0.5499561638072722,0.5450122936639604,0.3293968220510616,-0.5768088580658947,0.219868635700658,-0.46711496064840846,-0.3848052437667358,-0.055681376581559326,-0.06629894577481033,0.5660353690886069,0.21428947008642532,0.8175744761936437
0.5834257331129418,-0.7349654512417332,-0.8302347313695445,-0.37114450639307095,0.06431898658088757,0.8111880308210082,0.5599788360843866,-0.4329510996831025,0.09018590382205717,0.18742676236133443,-0.2823647563416906,-0.2624307771056005,0.15726912583208572,-0.5186945085094307,-0.4971109800365542,1.1047608821175223,0.8286131637071579,0.48839355055721445,-0.5482900325296601,0.7000343691119959,-0.7748897579457726,-0.3848052437667358,1.0298242476852033,1.1652117535587123,1.8115229134420465,0.7758900017775234,0.8429045311145473
-0.5982218382815253,0.8867761503930365,0.19037229509110573,1.0512007944447979,-0.2935303307880429,0.5689611768522803,0.19006697516840274,-0.15878303583787015,0.09018590382205717,-0.15064207068294158,-0.386109812314681,0.21513318996574082,1.0323672728806663,-0.42618204566874884,-0.36700069487165565,-0.8010166811199996,0.261411423620763,0.1704000935449087,-0.4505112021197133,-0.7404628311220179,-0.15934016335104428,1.1399320437674987,-0.055681376581559326,-0.37417662060819096,-0.6794521752648329,0.6555470307008596,0.6410674063348171
-0.5982218382815253,0.8867761503930365,-0.8302347313695445,1.011691202754857,-0.17936981236359884,0.24599203822730933,-1.5772896936524086,-0.4429208474592928,0.09018590382205717,-0.8267797367714936,-0.5074719532642169,0.5147935877721529,0.9675451879141054,-0.46427541272079426,-0.605883959907098,-0.4130140634548754,0.261411423620763,0.2457143333636127,-0.28618844545855265,-0.7404628311220179,-0.15934016335104428,1.1822858573101165,-0.055681376581559326,-0.051280522612206385,-0.056708403088113035,1.0165759439308513,0.8481288363433407
-0.49975120733198636,0.6705439368417336,1.210979321551756,1.0907103861347387,-0.3637829575107777,-1.570709366538152,-1.5772896936524086,-0.0640704319640626,0.09018590382205717,0.5254955954056105,-0.37436508899698395,0.46193710251759434,0.6434347630812972,-0.38373515095361244,-0.26968288851030603,-0.31030748819057785,-0.3057903164656318,0.14529534693867405,-0.4586594379872089,-0.6204213977691835,0.4562094312436841,1.1399320437674987,-0.055681376581559326,-0.07380815735611229,0.2546634830002469,0.8962329728541873,0.549833997312478
-0.5982218382815253,0.8867761503930365,-0.8302347313695445,1.011691202754857,0.033583462389691086,-1.570709366538152,0.4366748824457252,-0.5376334513331004,0.09018590382205717,-0.4887109037272176,-0.3919821739735295,0.5150816632426402,0.8054899754977013,-0.48713143295202155,-0.5820261482941319,1.1275845655095884,-0.3057903164656318,-0.5492693091671517,-0.34322609653102165,-0.7404628311220179,0.4562094312436841,1.1822858573101165,-0.055681376581559326,0.2490879406398723,0.5660353690886069,1.1770332386997355,0.8909031788043871
-0.4505158918572169,0.5624278300660823,0.19037229509110573,0.9721816110649163,0.11700845662293868,0.24599203822730933,-0.015439614229365965,0.18517326244069407,0.09018590382205717,-0.15064207068294158,0.2500627007272412,0.7162068464820024,0.3517353807317699,-0.5034571616886124,-0.0741631441500762,1.218879299077853,-1.1565929265952242,-1.1434149788480388,-0.6773037670983401,-0.6204213977691835,1.3795338231357768,0.9281629760544104,-0.055681376581559326,-0.22399238898215162,-0.056708403088113035,0.8160043254697448,0.31002551887238755
-0.49975120733198636,0.8867761503930365,-0.8302347313695445,1.0512007944447979,-0.18376060153376975,0.28636318055543075,-1.5772896936524086,-0.2809124460962009,0.09018590382205717,0.18742676236133443,-0.3841523584283982,0.48496906120372407,1.0323672728806663,-0.4207401360898852,-0.45644693805877173,-0.05924697087785043,0.8286131637071579,0.35450156865729626,-0.35680648964351425,-0.6204213977691835,-0.7748897579457726,1.1822858573101165,-0.055681376581559326,0.2791247869650802,0.2546634830002469,0.8160043254697448,0.7445969158274759
-0.5982218382815253,0.8867761503930365,0.19037229509110573,1.1302199778246795,-0.32207046039415393,-1.570709366538152,0.35447224668661764,-0.18121496833429826,0.09018590382205717,-0.15064207068294158,-0.42917379781290343,0.7370546218148015,1.0323672728806663,-0.345641783901567,-0.40117778472826926,0.020635920994381027,0.5450122936639604,0.27918732883859226,-0.30384295650479304,-0.7404628311220179,-0.46711496064840846,1.1822858573101165,-0.055681376581559326,0.26410636380247626,-0.056708403088113035,1.0165759439308513,0.6615031592029524
-0.4505158918572169,0.8867761503930365,-0.8302347313695445,0.8931624276850346,-0.21888691489513717,-1.570709366538152,-1.5772896936524086,-0.2809124460962009,0.09018590382205717,0.5254955954056105,-0.41547162060892356,0.940175782658152,0.7082568480478589,-0.3978841158586579,-0.46951640734903227,-0.025011445789751233,-0.3057903164656318,-0.0471743770424584,-0.3147072709947871,-0.6204213977691835,0.4562094312436841,1.1822858573101165,-0.055681376581559326,-0.05878973419350835,-0.36808028917647295,0.6154327070086383,0.7445969158274759
0.8296023104867891,0.8867761503930365,0.19037229509110573,-0.2921253230131893,-0.2649902011819319,0.5285900345241589,-0.34425015726579605,-0.1637679097259653,-1.4639104745401779,-0.4887109037272176,-0.3645778195655698,-0.020753138569821885,-0.32889651141712656,-0.4338007190791579,-0.36491960609467905,0.6254635308841335,-0.5893911865088293,-0.6915295399358148,-0.46816571316595373,-0.7404628311220179,0.7639842285410483,-0.34245143022411817,-0.4898836262882644,-0.2089739658195477,0.2546634830002469,-0.02639647206690156,0.6456563062257954
0.48495510216340293,0.6705439368417336,-0.8302347313695445,-0.3316349147031301,-0.16619744485308605,0.5285900345241589,0.477776200325279,-0.395564545522389,-0.5314526475228368,0.18742676236133443,-0.458535606107146,0.47429681351174297,-0.4585406813502498,-0.4708057042154306,-0.5553059224365289,0.887935889892894,-0.5893911865088293,-0.6915295399358148,-0.3731029613785054,1.000137952494082,0.7639842285410483,-0.34245143022411817,-0.4898836262882644,-0.03626209944960245,0.2546634830002469,-0.02639647206690156,0.8220063142137535
0.33724915573909453,0.8867761503930365,-0.8302347313695445,-0.21310613963330757,-0.5964947835298368,0.8515591731491297,0.6010801539639404,0.945366530375202,-0.5314526475228368,-0.15064207068294158,0.21091362300158445,-1.5322652683978404,-0.19925234148400328,-0.1453795113993852,1.9249133165216559,1.3672332411262826,-0.3057903164656318,-0.013701381567478845,-0.703106514012076,-0.7404628311220179,0.4562094312436841,-0.5118666843945888,-0.4898836262882644,0.8873709250505395,0.5660353690886069,0.13406082270198272,0.020836344518680425
-0.5982218382815253,0.6705439368417336,-0.8302347313695445,-0.17359654794336674,-0.6689428048376571,0.5285900345241589,0.6421814718434942,0.6711984665299696,-0.5314526475228368,-0.15064207068294158,-0.06900228273686132,-1.9467717741240733,-0.19925234148400328,0.017877775966523873,1.7970778598627108,-1.1205482486089253,-0.3057903164656318,-0.013701381567478845,-0.6365625877608622,1.000137952494082,0.4562094312436841,-0.4271590573093535,-0.4898836262882644,-0.7496371996732893,-0.6794521752648329,-0.4676540326813358,0.060086650174007626
-0.5982218382815253,0.8867761503930365,1.210979321551756,-0.25261573132324844,-0.436230978818598,0.9323014578053724,0.7243841076026017,0.025657298021649802,-0.5314526475228368,-0.8267797367714936,-0.3684927273381355,1.191545826185473,0.027624955898962453,-0.3391114924069306,-0.14978928008760517,0.5113451139238029,0.261411423620763,-0.022069630436223734,-0.46273355592095666,0.5799929357591614,-0.15934016335104428,-0.34245143022411817,-0.7069847511416169,0.31667084487159003,0.5660353690886069,0.21428947008642532,0.46008511544443426
0.5834257331129418,0.3461956165147798,0.19037229509110573,-0.2921253230131893,-0.28035796327753015,0.5689611768522803,0.4366748824457252,-0.19866202694263124,-0.5314526475228368,0.8635644284498865,-0.4056843511775094,0.03491120669886304,0.1248580833488049,-0.429447191416067,-0.40676953451929965,-1.3373732408335537,0.8286131637071579,0.28755557770733714,-0.4355727696959714,-0.26029709771067994,-0.7748897579457726,-0.34245143022411817,-0.7069847511416169,-0.6219806027911559,-0.6794521752648329,-0.7484542985268848,0.676995856238523
-0.5982218382815253,0.7786600436173851,-0.8302347313695445,-0.17359654794336674,-0.6865059615183408,-1.570709366538152,0.5599788360843866,0.29982536186688213,-0.5314526475228368,0.18742676236133443,-0.37632254288326683,0.676311877670074,-0.2316633839672841,0.05379437918702387,0.7849538702163357,-1.4743153411859506,-0.3057903164656318,0.4047110618697656,-0.4586594379872089,1.3002415358761688,0.4562094312436841,-0.34245143022411817,-1.5753892505550269,-0.6069621796285519,-0.9908240613531928,-0.628111327450221,0.22097389222018782
0.5834257331129418,-0.08626881058782543,1.210979321551756,-0.015558181183603827,-0.35719677375552134,0.5689611768522803,0.5188775182048329,0.07550603690260113,-0.5314526475228368,-0.4887109037272176,-0.2588753097062966,0.20002699555023853,-0.0047860865843183656,-0.39026544244824884,-0.09597683341307499,-0.1961890712302472,0.261411423620763,-0.24801234989233573,-0.5550802290859065,-0.7404628311220179,-0.15934016335104428,-0.3848052437667358,-0.7069847511416169,-0.35164898586428506,0.2546634830002469,-0.10662511945134415,0.41095956594133487
-0.5982218382815253,0.23807950973912845,-0.8302347313695445,-0.3316349147031301,-0.11789876398120587,0.20562089589918794,0.14896565728884895,-0.3806099238581036,-0.8422719231952839,-0.8267797367714936,-0.4037268972912265,0.017586289401922837,-0.2964854689338457,-0.4816895233731579,-0.5207000488183234,1.1846437739897537,-0.5893911865088293,-0.7333707842795393,-0.43828884831847,-0.7404628311220179,0.7639842285410483,-0.08832854896841263,-0.4898836262882644,0.12143134375773885,0.5660353690886069,0.09394649900976233,0.8130573860319537
-0.2043393144833696,0.23807950973912845,-0.8302347313695445,-0.17359654794336674,-0.6623566210824007,0.6900746038366445,0.8065867433617089,0.29234805103473943,-0.8422719231952839,-0.4887109037272176,-0.36066291179300414,0.32681450869844,-0.06960817155088,0.0015520472299329644,0.6619855350256547,1.1275845655095884,0.261411423620763,0.26245083110110246,-0.46952375247720296,-0.7404628311220179,-0.15934016335104428,-0.34245143022411817,-0.4898836262882644,0.9774814640261631,1.8115229134420465,0.5753183833164169,0.2261814257305462
-0.5982218382815253,0.8867761503930365,-0.8302347313695445,1.3672775279643246,-0.8226204257936395,-1.570709366538152,1.2587012400368,0.3048102357549773,-1.1530911988677308,-0.15064207068294158,-0.4937697760602371,0.9155409296126111,0.027624955898962453,0.8940252181635693,2.6330977886314897,-0.09348249596594962,-1.4401937966384215,0.3963428130010207,-0.17618726124736245,-0.7404628311220179,1.687308620433141,1.224639670852734,-0.7069847511416169,0.29414321012768413,0.2546634830002469,1.0566902676230725,0.2175502235768875
0.04183726289047775,0.8867761503930365,-0.8302347313695445,1.0512007944447979,-0.3067026982985557,0.9323014578053724,-1.5772896936524086,-0.3806099238581036,-0.8422719231952839,2.5539085936712667,-0.5720679315115506,0.039275989184480636,0.28691329576520824,-0.4218285180056579,-0.6219361913193752,0.6368753725801666,-0.02218944642243442,1.2080629532692748,0.08591432582374507,0.0998272023478236,0.14843463394631992,1.2669934843953516,-0.7069847511416169,1.5031262747173009,-0.36808028917647295,0.3747467648553105,0.8130573860319537
0.5834257331129418,0.8867761503930365,-0.8302347313695445,-2.820739191169401,-0.547908902583571,0.6900746038366445,1.0942959685185853,-0.33285168201945686,0.09018590382205717,-0.15064207068294158,-0.6053446475783588,-1.12545134915709,0.09244704086552409,0.07922155313072195,-0.628835674610211,1.0020543068532246,0.8286131637071579,0.5720760392446633,0.18233511692244264,0.39993078572990975,-0.7748897579457726,-0.25774380313888284,-0.4898836262882644,1.1727209651400143,0.8774072551769667,0.2945181174708679,0.6321166843562466
-0.5982218382815253,0.8867761503930365,-0.8302347313695445,-0.4106540980830118,-0.31987506580906844,0.6093323191804018,1.0531946506390315,0.4194623351811653,1.3334630065118454,-0.15064207068294158,0.044530042667543256,1.1764064855970267,0.5462016356314549,-0.345641783901567,0.29558477406524014,-2.2617324182122323,0.8286131637071579,0.8984377451257141,-0.6324884698271144,1.1201793858469167,-0.7748897579457726,-0.4271590573093535,-0.4898836262882644,-0.6820542954415716,-0.9908240613531928,-0.6682256511424423,0.14931293453084377
0.38648447121386403,0.8867761503930365,1.210979321551756,-0.17359654794336674,-0.6074717564552641,0.6900746038366445,0.7243841076026017,0.013195113301411964,-0.5314526475228368,-0.8267797367714936,-0.530961399899611,0.0929936204604981,0.15726912583208572,-0.013685299590885215,-0.1465011872207561,-0.9950179899525617,0.8286131637071579,0.7227045188820713,-0.08655666670491118,-0.7404628311220179,-0.7748897579457726,-0.3000976166815005,-0.7069847511416169,-0.0062252531243945815,0.2546634830002469,-0.10662511945134415,0.47252769565540637
-0.5982218382815253,-1.059313771568687,-0.8302347313695445,1.248748752894502,-0.616253334795606,-1.570709366538152,-1.5772896936524086,0.35715141157997615,-0.8422719231952839,-0.4887109037272176,-0.26866257913771074,-0.28436762721581504,0.4489685081816124,0.03638026853466023,0.6741862417643574,1.7210003337033075,-0.5893911865088293,0.08671760485745982,-0.47088179178845224,-0.7404628311220179,0.7639842285410483,1.097578230224881,-0.4898836262882644,1.210267023046524,1.8115229134420465,1.7386337703908337,0.18392172741950427
-0.5982218382815253,0.8867761503930365,-0.8302347313695445,-2.820739191169401,-0.27174695912471564,-1.570709366538152,-1.5772896936524086,-0.6304027821932231,-0.5314526475228368,-1.1648485698157698,-0.675812987484541,-0.3459720601359277,0.4165574656983315,-0.09426029473138063,-0.6881708787777783,2.8165371365224816,-0.8729920565520267,-1.494881431335324,0.4946841585097728,-0.7404628311220179,-1.6982141498378653,1.7752392469067628,-0.4898836262882644,0.5119103459854412,-0.36808028917647295,0.6956613543930809,0.8965274949727835
-0.49975120733198636,0.8867761503930365,1.210979321551756,1.2092391612045612,-0.5174605784667601,-1.570709366538152,-1.5772896936524086,-0.0865023644604907,-0.5314526475228368,0.18742676236133443,-0.5290039460133281,-0.11807894878282496,0.7730789330144205,-0.16605876779906703,-0.33575659023607257,0.3972266969634722,0.5450122936639604,0.6222855324571327,-0.08791470601616043,-0.5604006810927662,-0.46711496064840846,1.224639670852734,-0.7069847511416169,0.8197880208188218,0.5660353690886069,0.856118649161966,0.5719961329315186
-0.253574629958139,0.8867761503930365,0.19037229509110573,1.2882583445844429,-0.6930921452735972,0.003765184258581173,-1.5772896936524086,0.16274132994426596,-0.5314526475228368,2.5539085936712667,-0.4898548682876714,-0.9330084907267028,0.513790593148174,0.25732179743652384,0.36766107639379014,-1.7481995418907441,0.5450122936639604,1.1411169623193158,-0.1816194184923595,0.15984791902424073,-0.46711496064840846,1.224639670852734,-1.1411870008483218,-0.12637263842522606,-0.6794521752648329,-0.06651079575912286,0.3295988401911314
-0.5982218382815253,0.8867761503930365,2.231586348012406,1.1697295695146204,-0.5064836055413329,0.3267343228835519,-1.5772896936524086,-0.024191440859301534,-0.5314526475228368,-0.8267797367714936,-0.470280329424843,0.8542863675160506,0.8379010179809822,-0.18564964228297612,-0.2253784711614616,0.1575780213467778,0.8286131637071579,0.8147552564382651,-0.22915079438608366,-0.7404628311220179,-0.7748897579457726,1.1822858573101165,-0.4898836262882644,0.8348064439814258,0.5660353690886069,1.2171475623919568,0.5099986668799655
-0.49975120733198636,0.7786600436173851,1.210979321551756,1.2092391612045612,-0.6316210968912042,-1.570709366538152,-1.5772896936524086,0.05805897829426817,-0.8422719231952839,0.18742676236133443,-0.5172592226956311,1.2175463751448201,0.513790593148174,-0.06701601346374884,-0.0282793027808641,-0.5043087970231399,-0.3057903164656318,0.11182235146369449,-0.2617437378560659,-0.6804421144456008,0.4562094312436841,1.1822858573101165,-0.4898836262882644,-0.2315016005634536,0.5660353690886069,0.856118649161966,0.42800386706848137
-0.5982218382815253,0.8867761503930365,-0.8302347313695445,1.011691202754857,-0.16180665568291513,-1.570709366538152,0.683282789723048,-0.4254737888509598,-0.8422719231952839,-0.15064207068294158,-0.4781101449699744,0.4232739182693169,0.7406678905311397,-0.47189408613120337,-0.5804165708150776,-2.113378476163802,-0.02218944642243442,0.5971807858508981,-0.34322609653102165,-0.7404628311220179,0.14843463394631992,1.1822858573101165,-0.7069847511416169,-0.8547661618115169,-1.3021959474415528,0.25440379377864664,0.8388910504234147
-0.5982218382815253,0.021847296187825962,0.19037229509110573,1.2092391612045612,-0.6074717564552641,-1.570709366538152,0.5188775182048329,0.23502200132164539,-1.1530911988677308,-1.1648485698157698,-0.35674800402043844,1.2246157358098257,0.5462016356314549,-0.1290537826627943,0.3656192767909887,0.5912280057960343,-0.5893911865088293,-0.38190433179225397,-0.47088179178845224,-0.7404628311220179,0.7639842285410483,1.097578230224881,-0.4898836262882644,0.04633922794471919,0.2546634830002469,0.9363472965464087,0.2689414213699951
-0.5982218382815253,0.8867761503930365,2.231586348012406,1.1697295695146204,-0.5701500485088112,-1.570709366538152,-1.5772896936524086,-0.0266838778033491,-0.5314526475228368,-1.1648485698157698,-0.5290039460133281,0.976022601601369,1.097189357847228,-0.19544507952493065,-0.23462869637351996,-0.9151350980803302,1.1122140337503552,1.1662217089255504,-0.2522374626773211,-0.7404628311220179,-1.0826645552431369,1.1822858573101165,-0.4898836262882644,0.44432744175372346,0.8774072551769667,1.1369189150075143,0.5124973964842103
-0.5982218382815253,-2.0323587325495485,-0.8302347313695445,-0.5291828731528343,0.806362356339774,0.12487861124294515,0.23116829304795652,3.3306286858287235,0.09018590382205717,-0.8267797367714936,3.335010025508993,-0.3594612708308097,-0.16684129900072245,-0.5937928606977488,1.1085291147443173,-0.09348249596594962,-0.5893911865088293,-1.0178912458168654,-0.8090335802895184,-0.7404628311220179,0.7639842285410483,-1.6130658365026471,-0.055681376581559326,-0.9749135471123483,-0.6483149866559968,-0.10662511945134415,1.485140042947132e-06
0.8296023104867891,0.4543117232904312,-0.8302347313695445,-0.3316349147031301,-0.08057705603475299,0.5285900345241589,0.6010801539639404,0.5042051912787826,-0.5314526475228368,0.18742676236133443,0.324445948405989,0.1578425579796344,-0.16684129900072245,-0.4925733425308852,0.21860970538928445,-0.43583774684694154,-0.02218944642243442,0.003035116170010932,-0.7194029857470672,1.3002415358761688,0.14843463394631992,-0.5542204979372065,-0.4898836262882644,-0.28406608163256736,0.2546634830002469,-0.18685376683578675,0.11105596671140756
2.3066617747298728,0.4543117232904312,-0.8302347313695445,-0.4501636897729526,0.4660761956515273,0.6900746038366445,0.39557356456617143,-0.5949595010461943,-1.4639104745401779,2.8919774267155427,-0.05138519776031578,-1.3132284413926498,-0.6205958937666539,-0.5720252223822943,-0.4902498523659135,1.230291140773886,-0.3057903164656318,-0.7919485263607535,-0.64063670569461,1.3002415358761688,0.4562094312436841,-0.4271590573093535,-0.4898836262882644,0.09890370901383295,-0.056708403088113035,-0.628111327450221,0.9113313367452667
-0.5982218382815253,-2.0323587325495485,-0.8302347313695445,-1.556432257091295,3.967730558862841,-0.7632865199757247,-0.22094620362713469,-2.5839241823961525,-0.5314526475228368,-1.1648485698157698,1.5087055496071058,-1.213216577687227,-0.39371859638368817,-0.6340629915813397,-0.5577680085611415,-0.5613680055033052,-1.3948176574315099,-1.4111989426478753,-0.7968112264882751,-0.7404628311220179,0.14843463394631992,-1.062466260448618,-0.7069847511416169,-1.6357241662669215,-0.9908240613531928,-0.4676540326813358,0.9999667026684521
1.765073304507409,0.23807950973912845,-0.8302347313695445,-0.8452596066723606,1.478153099375926,-0.03660595806954023,-0.015439614229365965,0.43690939378949833,-1.1530911988677308,2.5539085936712667,1.6613869527371672,-0.6008055085990299,-1.3012277859155499,-0.6199140266762942,-0.07768523253517605,0.44287406374760446,-2.0073955367248164,-2.1225000964911906,-0.7995273051107735,2.4406351527280963,2.3028582150278694,-1.147173887533853,-0.7069847511416169,-1.6131965315230155,-1.6135678335299126,-1.149597535449097,0.14063812573413417
-0.5982218382815253,-2.0323587325495485,-0.8302347313695445,-0.5291828731528343,0.806362356339774,0.12487861124294515,0.23116829304795652,3.3306286858287235,0.09018590382205717,-0.8267797367714936,3.335010025508993,-0.359443334673138,-0.10201921403416082,-0.5937928606977488,1.1085291147443173,-0.09348249596594962,-0.5893911865088293,-1.0178912458168654,-0.8090335802895184,-0.7404628311220179,0.7639842285410483,-1.6130658365026471,-0.055681376581559326,-0.9749135471123483,-0.6483149866559968,-0.18685376683578675,1.485140042947132e-06
0.5834257331129418,-0.7349654512417332,1.210979321551756,-0.05506777287354467,-0.26938099035210283,0.8111880308210082,0.5599788360843866,-0.05410068418787234,-0.5314526475228368,0.18742676236133443,-0.2823647563416906,0.04311836869887861,0.060035998382243265,-0.43162395524761243,-0.24919085675465832,1.390056924518349,0.8286131637071579,0.3210285731823167,-0.5482900325296601,0.7000343691119959,-0.7748897579457726,-0.3848052437667358,1.2469253725385558,1.2027578114652222,1.8115229134420465,0.7758900017775234,0.5399148845555657
-0.5982218382815253,-0.5187332376904303,-0.8302347313695445,-0.726730831602538,0.92930445310456,-0.3192039543663898,0.23116829304795652,0.6512589709775891,-1.1530911988677308,0.8635644284498865,1.3403645153867818,-0.3309220508608311,-0.2640744264505649,-0.6003231521923852,0.038793911523337735,-0.1277180210540488,-0.3057903164656318,-0.9676817526043962,-0.7927371085545273,2.3205937193752617,0.4562094312436841,-1.0201124469060003,-0.4898836262882644,-0.9523859123684424,-0.6794521752648329,-0.5478826800657784,0.06476696860678553
-0.5982218382815253,-2.0323587325495485,-0.8302347313695445,-0.5291828731528343,0.806362356339774,0.12487861124294515,0.23116829304795652,3.3306286858287235,0.09018590382205717,-0.8267797367714936,3.335010025508993,-0.3594612708308097,-0.16684129900072245,-0.5937928606977488,1.1085291147443173,-0.09348249596594962,-0.5893911865088293,-1.0178912458168654,-0.8090335802895184,-0.7404628311220179,0.7639842285410483,-1.6130658365026471,-0.055681376581559326,-0.9749135471123483,-0.6483149866559968,-0.10662511945134415,1.485140042947132e-06
0.04183726289047775,0.8867761503930365,0.19037229509110573,1.248748752894502,-0.6469888589868025,0.20562089589918794,0.5599788360843866,-0.20613933777477395,0.4010051794945042,2.8919774267155427,-0.7384515118455918,-0.3414418051171274,0.3841464232150507,0.12345082179647841,-0.7237345428720781,1.1618200905976876,-0.5893911865088293,-0.1224886168611624,0.9930845857382519,-0.20027638103426273,0.7639842285410483,1.7752392469067628,-0.4898836262882644,0.6545853660301785,-0.6794521752648329,0.17417514639420403,0.6835208937363156
-0.49975120733198636,0.8867761503930365,0.19037229509110573,1.248748752894502,-0.6316210968912042,-1.570709366538152,-1.5772896936524086,-0.24851076582358256,0.4010051794945042,0.5254955954056105,-0.7580260507084201,-0.7194268905410968,1.1944224852970704,0.09188774623906933,-0.8003832914236988,0.34016748848330686,1.1122140337503552,0.9235424917319487,1.4045704970467783,-0.7404628311220179,-1.0826645552431369,1.7752392469067628,-0.4898836262882644,1.0525735798391829,0.2546634830002469,0.6555470307008596,0.7190996574163839
-0.5982218382815253,0.8867761503930365,-0.8302347313695445,-2.820739191169401,1.0355321695158923,0.3671054652116733,-1.5772896936524086,-0.8580145711887,-0.8422719231952839,-1.1648485698157698,0.18155181470734189,-0.34955759216248194,-4.283043694377382,-0.5721482643414354,-0.382969729903907,1.5384108665667786,-3.141799016897606,-1.7124559019226913,-0.6650814132970967,-0.7404628311220179,-2.0059889471352297,-0.6812819385650595,-0.4898836262882644,-0.5243608522342303,-0.9908240613531928,-0.38742538529689324,0.9766576338964289
0.38648447121386403,0.7786600436173851,-0.8302347313695445,-0.8847691983623014,1.5945090123854555,0.4478477498679161,0.477776200325279,-1.7115712519795043,-1.774729750212625,-0.15064207068294158,0.0778067587343515,-0.3995126847267184,-0.39371859638368817,-0.621002408592067,-0.66044169030175,-1.029253515040661,-0.8729920565520267,-0.4906915670859375,-0.6419947450058592,0.6400136524355788,1.0717590258384124,-0.6389281250224418,-0.9240858759949694,-1.1175885671570858,-1.6135678335299126,-0.7484542985268848,0.9988985216923515
1.1250142033354058,0.8867761503930365,-0.8302347313695445,-0.2921253230131893,-0.2342546769907354,0.7708168884928869,0.683282789723048,-0.320791437200962,-0.5314526475228368,-0.4887109037272176,-0.4604930599934288,0.5766862782932136,-0.2640744264505649,-0.44359615632111243,-0.5159107994039434,1.1275845655095884,-0.3057903164656318,-0.5827423046421313,-0.3649547255110098,-0.7404628311220179,0.4562094312436841,-0.34245143022411817,-0.9240858759949694,0.21905109431466444,0.5660353690886069,0.013717851625319735,0.7738185742694538
0.8296023104867891,0.4543117232904312,-0.8302347313695445,-0.3316349147031301,-0.08057705603475299,0.5285900345241589,0.6010801539639404,0.5042051912787826,-0.5314526475228368,0.18742676236133443,0.324445948405989,0.1577586232883351,-0.16684129900072245,-0.4925733425308852,0.21860970538928445,-0.43583774684694154,-0.02218944642243442,0.003035116170010932,-0.7194029857470672,1.3002415358761688,0.14843463394631992,-0.5542204979372065,-0.4898836262882644,-0.28406608163256736,0.2546634830002469,-0.18685376683578675,0.11105596671140756
-0.5982218382815253,0.021847296187825962,-0.8302347313695445,-0.37114450639307095,0.0028479381984946026,0.48821889219603753,0.5599788360843866,0.43690939378949833,-0.5314526475228368,0.8635644284498865,0.3459779411551002,0.045287806582850886,-0.2640744264505649,-0.5088990712674761,0.1294179227400798,-0.6640745807676028,-0.3057903164656318,0.03650811164499049,-0.723477103680815,1.8404279859639237,0.4562094312436841,-0.5542204979372065,-0.4898836262882644,-0.4042134669333988,-0.36808028917647295,-0.42753970898911453,0.14063812573413417
2.3066617747298728,0.4543117232904312,-0.8302347313695445,-0.4501636897729526,0.4660761956515273,0.6900746038366445,0.39557356456617143,-0.5949595010461943,-1.4639104745401779,2.8919774267155427,-0.05138519776031578,-1.3132284413926498,-0.6205958937666539,-0.5720252223822943,-0.4902498523659135,1.230291140773886,-0.3057903164656318,-0.7919485263607535,-0.64063670569461,1.3002415358761688,0.4562094312436841,-0.4271590573093535,-0.4898836262882644,0.09890370901383295,-0.056708403088113035,-0.628111327450221,0.9113313367452667
0.14030789384001663,-0.7349654512417332,0.19037229509110573,-0.2921253230131893,-0.25181783367141913,0.6900746038366445,0.477776200325279,0.21508250576926485,-0.5314526475228368,1.2016332614941625,-0.055300105532881456,1.2750308688412317,-0.06960817155088,-0.44033101057379426,0.03105582758909445,-0.3673666966707431,0.5450122936639604,0.22897783562612292,-0.6392786663833607,0.5799929357591614,-0.46711496064840846,-0.4271590573093535,-0.9240858759949694,-0.03626209944960245,-0.056708403088113035,-0.38742538529689324,0.28495789429901025
0.8788376259615586,0.12996340296347736,-0.8302347313695445,-0.726730831602538,1.6274399311617374,0.5689611768522803,-0.22094620362713469,-2.0430653655378306,-0.8422719231952839,-0.15064207068294158,-0.15317279984702334,-0.4799580434723788,-0.6854179787332149,-0.6231791724236124,-0.7423322068056958,1.6753529669191753,-1.4401937966384215,-1.6706146575789669,-0.6066857229133784,0.15984791902424073,1.687308620433141,-0.4271590573093535,0.16141974827179317,-0.39670425535209686,-0.056708403088113035,-0.02639647206690156,0.9997084478292226
0.48495510216340293,0.8867761503930365,1.210979321551756,-0.17359654794336674,-0.6623566210824007,1.2148994541022218,0.7243841076026017,0.06802872607045844,-0.5314526475228368,0.5254955954056105,-0.5368337615584595,-0.8230916067207981,-0.5881848512833731,0.1582790431012057,0.023112163980865606,1.0134661485492578,-1.1565929265952242,0.06998110711997003,-0.06890215565867076,0.15984791902424073,1.3795338231357768,-0.4271590573093535,-0.4898836262882644,0.7296774818431983,0.5660353690886069,-0.18685376683578675,0.4182406231581638
0.6818963640624809,0.8867761503930365,-0.8302347313695445,-0.17359654794336674,-0.6360118860613752,0.9323014578053724,0.8887893791208165,0.451126744726699,-0.5314526475228368,0.18742676236133443,-0.22331281078194296,-1.765872517476171,-0.2316633839672841,0.10603671114411477,1.0374353820913047,-0.002187762397685103,-0.3057903164656318,0.22897783562612292,-0.22173225750074024,2.14053156934601,0.4562094312436841,-3.095449310494264,-0.4898836262882644,0.2040326711520605,0.2546634830002469,-0.18685376683578675,0.1404355277979482
0.9280729414363281,0.8867761503930365,-0.8302347313695445,-0.25261573132324844,-0.3352428279046667,-0.3999462390226326,0.8476880612412626,-0.34073093275334254,-1.4639104745401779,0.18742676236133443,-0.566195569852702,-0.516960850746325,-0.8474731911496189,-0.3412882562384761,-0.5956854987029676,0.4314622220515714,-1.7237946666816188,-1.0262594946856103,0.07369197202250172,-0.08023494768142823,1.9950834177305052,-0.25774380313888284,-1.1411870008483218,-0.6369990259537598,-0.9908240613531928,-0.6682256511424423,0.7875131558774608
0.5834257331129418,0.7786600436173851,-0.8302347313695445,-0.21310613963330757,-0.5108743947115038,0.48821889219603753,0.6010801539639404,0.34967410074783345,-0.5314526475228368,-0.4887109037272176,-0.18057715425498305,1.1264085168050368,-0.32889651141712656,-0.17585420504102156,0.42172236133160124,0.032047762690414094,-0.5893911865088293,-0.36516783405476416,-0.5374257180396661,0.8200758024648306,0.7639842285410483,-0.3848052437667358,-0.055681376581559326,-0.30659371637647326,-0.056708403088113035,0.013717851625319735,0.18846732521381943
-0.5982218382815253,-0.3025010241391279,-0.8302347313695445,-0.6872212399125972,3.8425930675129694,0.08450746891482375,-0.7141620181817798,-3.5858838339032744,-0.5314526475228368,-0.8267797367714936,0.6102342158032833,-1.3264286230097102,-0.7826511061830572,-0.6340629915813397,-0.7085328144819658,1.7438240170953736,-1.8826111539058097,-1.8881891281663339,-0.7533539685282987,-0.38033853106351445,-0.46711496064840846,0.7587477218839402,-0.7069847511416169,-0.5468884869781362,-0.36808028917647295,-0.18685376683578675,0.9999994021946262
-0.5982218382815253,0.23807950973912845,-0.8302347313695445,0.6165952858554492,1.0171202365079786,-0.11734824272578302,-0.09764224998847354,1.2295043419966247,-0.5314526475228368,-0.8267797367714936,1.8727919724557136,-0.45885421321518877,-0.19925234148400328,-0.604676679855476,0.22973657661923005,-0.6868982641596689,-0.8729920565520267,-1.285675209616702,-0.8022433837332721,-0.20027638103426273,1.0717590258384124,0.03873289165944037,-0.4898836262882644,-1.6056873199417137,-1.6135678335299126,-0.8286829459113275,0.00675966051071325
-0.5982218382815253,0.23807950973912845,-0.8302347313695445,0.7746336526152126,0.5912136870013986,0.08450746891482375,0.10786433940929517,0.294840487978787,-0.8422719231952839,-0.4887109037272176,0.7590007111607789,0.2756497956212193,0.1248580833488049,-0.5818206596242488,-0.06624844273606785,-0.35595485497471013,0.5450122936639604,-0.15596161233614195,-0.7628602437070435,-0.20027638103426273,-0.46711496064840846,0.6740400947987049,-0.4898836262882644,-0.37417662060819096,-0.36808028917647295,-0.22696809052800804,0.22443598573092652
-0.15510399900860014,0.8867761503930365,-0.8302347313695445,1.3277679362743837,-0.8182296366234686,0.6093323191804018,-1.5772896936524086,0.2087847421091948,-1.774729750212625,1.5397020945384385,-0.520620679607372,1.0135890668634133,-0.06960817155088,0.7612426244392966,1.6474828939483939,0.14616617965074474,-1.1565929265952242,0.5971807858508981,0.001961674223500141,-0.500379964416349,1.3795338231357768,-3.095449310494264,-0.055681376581559326,0.6320577312862726,-1.6135678335299126,0.05383217531754103,0.24548720625608939
-0.5982218382815253,0.23807950973912845,-0.8302347313695445,-0.726730831602538,0.8832011668177653,0.16524975357106655,0.025661703650187825,0.35715141157997615,-0.5314526475228368,-0.15064207068294158,1.0682784251934674,0.20497362623520532,-0.037197129067599186,-0.5981463883608397,-0.06543206154987956,-0.5841916888953713,-0.02218944642243442,-0.4070090783984886,-0.7818727940645331,-0.7404628311220179,0.14843463394631992,-0.8930510062781474,-0.4898836262882644,-0.7496371996732893,-0.36808028917647295,-0.2670824142202293,0.18392172741950427
1.4204260961840227,0.6705439368417336,-0.8302347313695445,-0.7662404232924789,1.0346833931886623,0.28636318055543075,0.06676302152974162,-1.2604401651068946,-0.8422719231952839,-0.15064207068294158,-0.06704482885057848,-0.5093752238755418,-0.2640744264505649,-0.6057650617712488,-0.6364681255421052,1.6525292835271093,-0.5893911865088293,-1.193624472060508,-0.6379206270721114,-0.7404628311220179,0.7639842285410483,-0.6389281250224418,-0.4898836262882644,0.01630238161951132,-0.36808028917647295,-0.3071967379124506,0.9933071490757153
-0.5982218382815253,0.5624278300660823,1.210979321551756,-0.3316349147031301,-0.12009415856629133,0.7304457461647654,0.5188775182048329,-0.06905530585215774,0.4010051794945042,0.5254955954056105,-0.16100261539215469,0.158458169688204,0.15726912583208572,-0.4816895233731579,-0.25339207058713814,-0.08207065426991655,0.261411423620763,-0.11412036799241751,-0.6039696442908798,1.180200102523334,-0.15934016335104428,-0.4271590573093535,-0.4898836262882644,-0.15640948475043392,0.2546634830002469,-0.3071967379124506,0.5547792351072148
-0.5982218382815253,-0.3025010241391279,-0.8302347313695445,0.8141432443051534,0.5297426386190057,-0.03660595806954023,-0.015439614229365965,-0.2958670677604863,-0.8422719231952839,-0.8267797367714936,0.240275431295827,-1.426254407454591,0.09244704086552409,-0.5774671319611578,-0.3372561009376977,-0.13912986275008188,-0.02218944642243442,-0.21453935441735617,-0.7044645533233252,-0.7404628311220179,0.14843463394631992,0.8858091625117928,-1.1411870008483218,-0.28406608163256736,0.2546634830002469,-0.06651079575912286,0.7558388990947971
-0.10586868353383064,0.6705439368417336,-0.8302347313695445,0.8536528359950942,0.4463176443857581,0.12487861124294515,0.14896565728884895,-0.5924670641021468,-0.5314526475228368,-0.15064207068294158,-0.06704482885057848,-1.2703660568294783,-0.19925234148400328,-0.5698484585507488,-0.49321768554816114,-0.13912986275008188,-0.5893911865088293,-0.674793042198325,-0.6379206270721114,-0.02021423100501101,0.7639842285410483,0.970516789597028,-0.7069847511416169,-0.6970727186041755,-0.9908240613531928,-0.628111327450221,0.9105199406664386
0.48495510216340293,0.4543117232904312,0.19037229509110573,0.7746336526152126,0.1762841104202462,0.04413632658670257,0.14896565728884895,0.13283208661569518,-0.5314526475228368,1.2016332614941625,0.26180742404493823,0.4947686947929473,-0.10201921403416082,-0.513252598930567,-0.11395310230872538,-0.40160222175884236,0.5450122936639604,-0.08901562138618284,-0.6800198457208385,0.39993078572990975,-0.46711496064840846,0.9281629760544104,-0.4898836262882644,-0.3441397742829831,0.2546634830002469,-0.3071967379124506,0.35663485430559827
-0.5982218382815253,-0.5187332376904303,-0.8302347313695445,-0.726730831602538,0.92930445310456,-0.3595750966945112,0.27226961092751034,0.6512589709775891,0.09018590382205717,0.8635644284498865,1.3403645153867818,-0.3111821017506781,-0.06960817155088,-0.6003231521923852,0.038793911523337735,-0.6754864224636359,-0.02218944642243442,-0.7333707842795393,-0.7927371085545273,2.3205937193752617,0.14843463394631992,-1.0201124469060003,-0.7069847511416169,-1.1025701439944817,-0.6794521752648329,-0.5478826800657784,0.06476696860678553
-0.5982218382815253,-2.0323587325495485,-0.8302347313695445,-0.5291828731528343,0.806362356339774,0.12487861124294515,0.23116829304795652,3.3306286858287235,0.09018590382205717,-0.8267797367714936,3.335010025508993,-0.3594612708308097,-0.16684129900072245,-0.5937928606977488,1.1085291147443173,-0.09348249596594962,-0.5893911865088293,-1.0178912458168654,-0.8090335802895184,-0.7404628311220179,0.7639842285410483,-1.6130658365026471,-0.055681376581559326,-0.9749135471123483,-0.6483149866559968,-0.10662511945134415,1.485140042947132e-06
0.04183726289047775,0.8867761503930365,0.19037229509110573,1.248748752894502,-0.6469888589868025,0.12487861124294515,0.8887893791208165,-0.20613933777477395,0.7118244551669513,2.8919774267155427,-0.7384515118455918,-0.33861127929356677,0.4813795506648932,0.12345082179647841,-0.7237345428720781,0.6254635308841335,-0.3057903164656318,0.1034541025949496,0.9930845857382519,-0.20027638103426273,0.4562094312436841,1.7752392469067628,-0.7069847511416169,0.5044011344041391,-0.6794521752648329,0.09394649900976233,0.6835208937363156
-0.49975120733198636,0.8867761503930365,0.19037229509110573,1.248748752894502,-0.6316210968912042,-1.570709366538152,-1.5772896936524086,-0.24851076582358256,0.4010051794945042,0.5254955954056105,-0.7580260507084201,-0.7194268905410968,1.1944224852970704,0.09188774623906933,-0.8003832914236988,0.34016748848330686,1.1122140337503552,0.9235424917319487,1.4045704970467783,-0.7404628311220179,-1.0826645552431369,1.7752392469067628,-0.4898836262882644,1.0525735798391829,0.2546634830002469,0.6555470307008596,0.7190996574163839
-0.5982218382815253,0.8867761503930365,-0.8302347313695445,-2.820739191169401,1.0355321695158923,0.3671054652116733,-1.5772896936524086,-0.8580145711887,-0.8422719231952839,-1.1648485698157698,0.18155181470734189,-0.34955759216248194,-4.283043694377382,-0.5721482643414354,-0.382969729903907,1.5384108665667786,-3.141799016897606,-1.7124559019226913,-0.6650814132970967,-0.7404628311220179,-2.0059889471352297,-0.6812819385650595,-0.4898836262882644,-0.5243608522342303,-0.9908240613531928,-0.38742538529689324,0.9766576338964289
0.38648447121386403,0.7786600436173851,-0.8302347313695445,-0.8847691983623014,1.5945090123854555,0.4478477498679161,0.477776200325279,-1.7115712519795043,-1.774729750212625,-0.15064207068294158,0.0778067587343515,-0.3995126847267184,-0.39371859638368817,-0.621002408592067,-0.66044169030175,-1.029253515040661,-0.8729920565520267,-0.4906915670859375,-0.6419947450058592,0.6400136524355788,1.0717590258384124,-0.6389281250224418,-0.9240858759949694,-1.1175885671570858,-1.6135678335299126,-0.7484542985268848,0.9988985216923515
1.1250142033354058,0.8867761503930365,-0.8302347313695445,-0.2921253230131893,-0.2342546769907354,0.7708168884928869,0.683282789723048,-0.320791437200962,-0.5314526475228368,-0.4887109037272176,-0.4604930599934288,0.5766862782932136,-0.2640744264505649,-0.44359615632111243,-0.5159107994039434,1.1275845655095884,-0.3057903164656318,-0.5827423046421313,-0.3649547255110098,-0.7404628311220179,0.4562094312436841,-0.34245143022411817,-0.9240858759949694,0.21905109431466444,0.5660353690886069,0.013717851625319735,0.7738185742694538
0.6818963640624809,0.4543117232904312,-0.8302347313695445,-0.3316349147031301,-0.08057705603475299,0.5285900345241589,0.6010801539639404,0.5042051912787826,0.09018590382205717,0.18742676236133443,0.324445948405989,0.03963773978157773,0.027624955898962453,-0.4925733425308852,0.21860970538928445,-0.7667811560319004,0.261411423620763,0.1034541025949496,-0.7194029857470672,1.3002415358761688,-0.15934016335104428,-0.5542204979372065,-0.7069847511416169,-0.4117226785147008,-0.056708403088113035,-0.3071967379124506,0.11105596671140756
-0.5982218382815253,0.021847296187825962,-0.8302347313695445,-0.37114450639307095,0.0028479381984946026,0.48821889219603753,0.5599788360843866,0.43690939378949833,-0.5314526475228368,0.8635644284498865,0.3459779411551002,0.045287806582850886,-0.2640744264505649,-0.5088990712674761,0.1294179227400798,-0.6640745807676028,-0.3057903164656318,0.03650811164499049,-0.723477103680815,1.8404279859639237,0.4562094312436841,-0.5542204979372065,-0.4898836262882644,-0.4042134669333988,-0.36808028917647295,-0.42753970898911453,0.14063812573413417
2.3066617747298728,0.4543117232904312,-0.8302347313695445,-0.4501636897729526,0.4660761956515273,0.6900746038366445,0.39557356456617143,-0.5949595010461943,-1.4639104745401779,2.8919774267155427,-0.05138519776031578,-1.3132284413926498,-0.6205958937666539,-0.5720252223822943,-0.4902498523659135,1.230291140773886,-0.3057903164656318,-0.7919485263607535,-0.64063670569461,1.3002415358761688,0.4562094312436841,-0.4271590573093535,-0.4898836262882644,0.09890370901383295,-0.056708403088113035,-0.628111327450221,0.9113313367452667
0.14030789384001663,-0.7349654512417332,0.19037229509110573,-0.2921253230131893,-0.25181783367141913,0.6900746038366445,0.477776200325279,0.21508250576926485,-0.5314526475228368,1.2016332614941625,-0.055300105532881456,1.2750308688412317,-0.06960817155088,-0.44033101057379426,0.03105582758909445,-0.3673666966707431,0.5450122936639604,0.22897783562612292,-0.6392786663833607,0.5799929357591614,-0.46711496064840846,-0.4271590573093535,-0.9240858759949694,-0.03626209944960245,-0.056708403088113035,-0.38742538529689324,0.28495789429901025
0.8788376259615586,0.12996340296347736,-0.8302347313695445,-0.726730831602538,1.6274399311617374,0.5689611768522803,-0.22094620362713469,-2.0430653655378306,-0.8422719231952839,-0.15064207068294158,-0.15317279984702334,-0.4799580434723788,-0.6854179787332149,-0.6231791724236124,-0.7423322068056958,1.6753529669191753,-1.4401937966384215,-1.6706146575789669,-0.6066857229133784,0.15984791902424073,1.687308620433141,-0.4271590573093535,0.16141974827179317,-0.39670425535209686,-0.056708403088113035,-0.02639647206690156,0.9997084478292226
0.48495510216340293,0.8867761503930365,1.210979321551756,-0.17359654794336674,-0.6623566210824007,1.2148994541022218,0.7243841076026017,0.06802872607045844,-0.5314526475228368,0.5254955954056105,-0.5368337615584595,-0.8230916067207981,-0.5881848512833731,0.1582790431012057,0.023112163980865606,1.0134661485492578,-1.1565929265952242,0.06998110711997003,-0.06890215565867076,0.15984791902424073,1.3795338231357768,-0.4271590573093535,-0.4898836262882644,0.7296774818431983,0.5660353690886069,-0.18685376683578675,0.4182406231581638
0.6818963640624809,0.8867761503930365,-0.8302347313695445,-0.17359654794336674,-0.6360118860613752,0.9323014578053724,0.8887893791208165,0.451126744726699,-0.5314526475228368,0.18742676236133443,-0.22331281078194296,-1.765872517476171,-0.2316633839672841,0.10603671114411477,1.0374353820913047,-0.002187762397685103,-0.3057903164656318,0.22897783562612292,-0.22173225750074024,2.14053156934601,0.4562094312436841,-3.095449310494264,-0.4898836262882644,0.2040326711520605,0.2546634830002469,-0.18685376683578675,0.1404355277979482
0.9280729414363281,0.8867761503930365,-0.8302347313695445,-0.25261573132324844,-0.3352428279046667,-0.3999462390226326,0.8476880612412626,-0.34073093275334254,-1.4639104745401779,0.18742676236133443,-0.566195569852702,-0.516960850746325,-0.8474731911496189,-0.3412882562384761,-0.5956854987029676,0.4314622220515714,-1.7237946666816188,-1.0262594946856103,0.07369197202250172,-0.08023494768142823,1.9950834177305052,-0.25774380313888284,-1.1411870008483218,-0.6369990259537598,-0.9908240613531928,-0.6682256511424423,0.7875131558774608
0.5834257331129418,0.7786600436173851,-0.8302347313695445,-0.21310613963330757,-0.5108743947115038,0.48821889219603753,0.6010801539639404,0.34967410074783345,-0.5314526475228368,-0.4887109037272176,-0.18057715425498305,1.1264085168050368,-0.32889651141712656,-0.17585420504102156,0.42172236133160124,0.032047762690414094,-0.5893911865088293,-0.36516783405476416,-0.5374257180396661,0.8200758024648306,0.7639842285410483,-0.3848052437667358,-0.055681376581559326,-0.30659371637647326,-0.056708403088113035,0.013717851625319735,0.18846732521381943
-0.5982218382815253,-0.3025010241391279,-0.8302347313695445,-0.6872212399125972,3.8425930675129694,0.08450746891482375,-0.7141620181817798,-3.5858838339032744,-0.5314526475228368,-0.8267797367714936,0.6102342158032833,-1.3264286230097102,-0.7826511061830572,-0.6340629915813397,-0.7085328144819658,1.7438240170953736,-1.8826111539058097,-1.8881891281663339,-0.7533539685282987,-0.38033853106351445,-0.46711496064840846,0.7587477218839402,-0.7069847511416169,-0.5468884869781362,-0.36808028917647295,-0.18685376683578675,0.9999994021946262
-0.5982218382815253,0.23807950973912845,-0.8302347313695445,0.6165952858554492,1.0171202365079786,-0.11734824272578302,-0.09764224998847354,1.2295043419966247,-0.5314526475228368,-0.8267797367714936,1.8727919724557136,-0.45885421321518877,-0.19925234148400328,-0.604676679855476,0.22973657661923005,-0.6868982641596689,-0.8729920565520267,-1.285675209616702,-0.8022433837332721,-0.20027638103426273,1.0717590258384124,0.03873289165944037,-0.4898836262882644,-1.6056873199417137,-1.6135678335299126,-0.8286829459113275,0.00675966051071325
-0.5982218382815253,0.23807950973912845,-0.8302347313695445,0.7746336526152126,0.5912136870013986,0.08450746891482375,0.10786433940929517,0.294840487978787,-0.8422719231952839,-0.4887109037272176,0.7590007111607789,0.2756497956212193,0.1248580833488049,-0.5818206596242488,-0.06624844273606785,-0.35595485497471013,0.5450122936639604,-0.15596161233614195,-0.7628602437070435,-0.20027638103426273,-0.46711496064840846,0.6740400947987049,-0.4898836262882644,-0.37417662060819096,-0.36808028917647295,-0.22696809052800804,0.22443598573092652
-0.15510399900860014,0.8867761503930365,-0.8302347313695445,1.3277679362743837,-0.8182296366234686,0.6093323191804018,-1.5772896936524086,0.2087847421091948,-1.774729750212625,1.5397020945384385,-0.520620679607372,1.0135890668634133,-0.06960817155088,0.7612426244392966,1.6474828939483939,0.14616617965074474,-1.1565929265952242,0.5971807858508981,0.001961674223500141,-0.500379964416349,1.3795338231357768,-3.095449310494264,-0.055681376581559326,0.6320577312862726,-1.6135678335299126,0.05383217531754103,0.24548720625608939
-0.5982218382815253,0.23807950973912845,-0.8302347313695445,-0.726730831602538,0.8832011668177653,0.16524975357106655,0.025661703650187825,0.35715141157997615,-0.5314526475228368,-0.15064207068294158,1.0682784251934674,0.20497362623520532,-0.037197129067599186,-0.5981463883608397,-0.06543206154987956,-0.5841916888953713,-0.02218944642243442,-0.4070090783984886,-0.7818727940645331,-0.7404628311220179,0.14843463394631992,-0.8930510062781474,-0.4898836262882644,-0.7496371996732893,-0.36808028917647295,-0.2670824142202293,0.18392172741950427
1.4204260961840227,0.6705439368417336,-0.8302347313695445,-0.7662404232924789,1.0346833931886623,0.28636318055543075,0.06676302152974162,-1.2604401651068946,-0.8422719231952839,-0.15064207068294158,-0.06704482885057848,-0.5093752238755418,-0.2640744264505649,-0.6057650617712488,-0.6364681255421052,1.6525292835271093,-0.5893911865088293,-1.193624472060508,-0.6379206270721114,-0.7404628311220179,0.7639842285410483,-0.6389281250224418,-0.4898836262882644,0.01630238161951132,-0.36808028917647295,-0.3071967379124506,0.9933071490757153
-0.5982218382815253,0.5624278300660823,1.210979321551756,-0.3316349147031301,-0.12009415856629133,0.7304457461647654,0.5188775182048329,-0.06905530585215774,0.4010051794945042,0.5254955954056105,-0.16100261539215469,0.158458169688204,0.15726912583208572,-0.4816895233731579,-0.25339207058713814,-0.08207065426991655,0.261411423620763,-0.11412036799241751,-0.6039696442908798,1.180200102523334,-0.15934016335104428,-0.4271590573093535,-0.4898836262882644,-0.15640948475043392,0.2546634830002469,-0.3071967379124506,0.5547792351072148
-0.5982218382815253,-0.3025010241391279,-0.8302347313695445,0.8141432443051534,0.5297426386190057,-0.03660595806954023,-0.015439614229365965,-0.2958670677604863,-0.8422719231952839,-0.8267797367714936,0.240275431295827,-1.426254407454591,0.09244704086552409,-0.5774671319611578,-0.3372561009376977,-0.13912986275008188,-0.02218944642243442,-0.21453935441735617,-0.7044645533233252,-0.7404628311220179,0.14843463394631992,0.8858091625117928,-1.1411870008483218,-0.28406608163256736,0.2546634830002469,-0.06651079575912286,0.7558388990947971
-0.10586868353383064,0.6705439368417336,-0.8302347313695445,0.8536528359950942,0.4463176443857581,0.12487861124294515,0.14896565728884895,-0.5924670641021468,-0.5314526475228368,-0.15064207068294158,-0.06704482885057848,-1.2703660568294783,-0.19925234148400328,-0.5698484585507488,-0.49321768554816114,-0.13912986275008188,-0.5893911865088293,-0.674793042198325,-0.6379206270721114,-0.02021423100501101,0.7639842285410483,0.970516789597028,-0.7069847511416169,-0.6970727186041755,-0.9908240613531928,-0.628111327450221,0.9105199406664386
0.48495510216340293,0.4543117232904312,0.19037229509110573,0.7746336526152126,0.1762841104202462,0.04413632658670257,0.14896565728884895,0.13283208661569518,-0.5314526475228368,1.2016332614941625,0.26180742404493823,0.4947686947929394,-0.10201921403416082,-0.513252598930567,-0.11395310230872538,-0.40160222175884236,0.5450122936639604,-0.08901562138618284,-0.6800198457208385,0.39993078572990975,-0.46711496064840846,0.9281629760544104,-0.4898836262882644,-0.3441397742829831,0.2546634830002469,-0.3071967379124506,0.35663485430559827
