p1_strength_of_schedule_score,p1_rivalry_score,p2_elo,p2_pts,ranking_ratio,p1_pts,p2_ranking,p2_form_win_percentage,p1_predicted_score,ranking_diff,p1_elo,elo_diff,p1_ranking,p2_form_recent_score,p1_regional_comfort_win_rate,p2_ranking_momentum_score,cuota1,prediction_confidence,p1_surface_specialization_score,p1_ranking_momentum_score,p2_predicted_score,p2_current_streak_count,p1_form_recent_score,cuota2,match_competitiveness,predicted_score_diff,p1_prob_win
-2.0323587325495485,1.74755684608244,1.7185261342627132,0.09079936432329659,-0.3365223680142438,0.24208884661741017,-0.7084599073691954,-0.3057903164656318,0.30462551466679655,-0.049115810299777206,0.5870024617984608,-1.4514916577938843,-0.6699406258256925,-2.0466817630310086,0.7588618208457046,1.6438446697939098,0.8130779127647912,-0.18566805453704316,-1.570709366538152,1.3093472979379694,-0.0863535930364189,-0.5314526475228368,-2.633827512061284,-0.8129863484054032,1.210979321551756,0.5400209057755004,0.5349429451582145
-2.0323587325495485,-0.5635178434231237,1.4089009261191523,0.04508732386084205,0.36362046244298313,-0.34186805721977237,-0.6887013561034262,-0.02218944642243442,0.3178537122887322,0.16523376688831354,0.1589774016642487,-1.6797284917145459,-0.48398250662882286,-1.9818596780644469,-0.5491741543837405,1.6438446697939098,0.375975778663778,-0.5360104537251128,-1.570709366538152,1.732885433364145,0.25589416403641513,-0.5314526475228368,-2.2727985988312924,-0.6998832120965062,0.19037229509110573,0.07393475077352914,0.32739298293223956
-2.0323587325495485,2.7251414397432936,1.1076439668443363,0.1952840282374784,-0.8506862649751381,3.209404741697047,-0.7348046423902209,-0.5893911865088293,0.7676124314345342,-0.16875278361406043,2.8698027825142587,2.850772661610581,-0.7873878590026627,-2.0790928055142888,-1.284025825860957,1.2882583445844429,-0.9003624529111804,0.9719850906061449,-1.570709366538152,1.47876255210844,-0.7219565704573958,-1.1530911988677308,-1.9518840092935223,6.167092920943674,0.19037229509110573,2.099616885974404,0.6502185485738271
-2.0323587325495485,-0.2553745514890486,1.492583414806601,0.2877964910781602,0.5911105204253735,-0.19384177229360286,-0.7567585882410756,-0.5893911865088293,-0.11867680923513463,0.15526401911212329,0.9324261945383513,-0.6184272139834706,-0.5524933926487222,-2.0790928055142888,0.7588618208457046,1.6438446697939098,0.24484513843347416,-0.5055458972739758,-1.570709366538152,1.7752392469067628,0.023654614594135166,-0.5314526475228368,-2.3129129225235134,-0.6594892348433286,0.19037229509110573,-0.17703471730445544,0.3362613025956473
-2.0323587325495485,0.4379478553626206,1.1745899577942953,-0.0931371794422943,-0.43125846049723765,0.14023589827371555,-0.640402675231546,-0.3057903164656318,0.013605166984219054,-0.09896454918072854,0.5794932502171588,-0.7211337892477682,-0.6484086330765813,-1.9818596780644469,-2.5087786116563175,1.2092391612045612,0.6382370591243858,0.2713002922300047,-1.570709366538152,1.2669934843953516,-0.6852871679138776,0.09018590382205717,-2.5134845409846203,-0.7806711666028613,1.210979321551756,1.0240334513544707,0.5841905229354074
-2.0323587325495485,1.7321496814857367,0.4549205550822349,0.332420149624842,-0.6674967154536147,1.3964222611792827,-0.7677355611665029,-0.8729920565520267,0.569189467105504,-0.1014569861247761,2.2089921633596856,2.7366542446502504,-0.7638984123672686,-2.1439148904808505,-0.059273040065596326,1.2882583445844429,-0.7867158980449172,0.16467434465102748,-1.570709366538152,1.7752392469067628,-0.19636180066697242,-0.8422719231952839,-2.5134845409846203,1.7237554230941454,1.210979321551756,1.0598862325084686,0.5866175789173301
-2.0323587325495485,1.1697881737060492,1.7603673786064375,0.284531345330842,-0.5838175385116842,1.0025908609169967,-0.7523677990709047,-0.02218944642243442,0.4369074908861503,-0.0939796752926334,2.411740876054839,1.2645266658619851,-0.7443238735044403,-1.9818596780644469,0.9891153445752325,1.6438446697939098,-0.49822848953824833,-0.5969395666273856,-1.570709366538152,1.351701111480587,0.4636874451163498,-0.5314526475228368,-2.3129129225235134,0.10799633296704439,1.210979321551756,-0.08740276441946095,0.5793242521487495
-2.0323587325495485,-0.5635178434231237,1.7854721252126722,0.051617615355478416,-0.130538026689763,-0.0010001900962076837,-0.6930921452735972,-0.02218944642243442,-0.8462276784415796,0.010702676357364398,0.14395897850164477,-2.2160850514280996,-0.6092595553509245,-1.9818596780644469,1.1654797457297643,1.6438446697939098,0.5508166323041834,0.5759458567413699,-1.570709366538152,1.2669934843953516,0.29256356657993277,-0.5314526475228368,-2.5535988646768413,-0.7645135757015903,2.231586348012406,-1.5573667917333704,0.47502081252106
-2.0323587325495485,4.6479555814119236,1.4758469170691113,0.22467033996334204,-0.5078625932874704,0.7146865269321533,-0.7435862207305628,-0.8729920565520267,0.4898202813738917,-0.08151749057239557,1.1276656956522024,-0.2988956464945448,-0.7267067885278947,-2.1439148904808505,-0.8774079009768972,1.2882583445844429,0.375975778663778,-0.20090033276261057,-1.570709366538152,1.351701111480587,0.07254715131882573,-0.8422719231952839,-2.6739418357535047,-0.6998832120965062,1.210979321551756,0.5579472963524994,0.5670929049654543
-2.0323587325495485,1.0349754834848912,0.9653837360756731,0.08862260049175114,-0.45434888187950156,0.3819668956760841,-0.7040691181990245,-0.5893911865088293,0.2913973170448615,-0.08400992751644314,1.6307828715994344,1.1618200905976876,-0.6934300724610865,-2.0790928055142888,-0.4071028312314788,1.248748752894502,-0.55068074563037,-0.06380982873249642,-1.570709366538152,1.3093472979379694,-0.2208080690293177,-0.8422719231952839,-2.5535988646768413,0.2291782647265769,1.210979321551756,0.7013584209684905,0.569546223939229
-0.9511976647930356,-0.5635178434231237,0.2708190799698474,3.5888588416168417,0.21792910552168404,2.5942129337011313,-0.8775052904207761,1.6794157738367501,1.0718609767390475,0.0007329285811741306,0.25659715222117424,0.020635920994381027,-0.7815154973438142,0.7730789330144205,0.9891153445752325,-0.7662404232924789,-0.3233876358978431,-0.3532231150182932,1.8608377313521638,-0.8930510062781474,1.3437531061607795,1.3334630065118454,0.856118649161966,-0.17476150780519836,2.231586348012406,-0.5355625288444334,0.4850044983805899
-0.9511976647930356,-0.5635178434231237,0.2708190799698474,3.5888588416168417,0.21792910552168404,2.5942129337011313,-0.8775052904207761,1.6794157738367501,1.0718609767390475,0.0007329285811741306,0.25659715222117424,0.020635920994381027,-0.7815154973438142,0.7730789330144205,0.9891153445752325,-0.7662404232924789,-0.3233876358978431,-0.3532231150182932,1.8608377313521638,-0.8930510062781474,1.3437531061607795,1.3334630065118454,0.856118649161966,-0.17476150780519836,2.231586348012406,-0.5355625288444334,0.4850044983805899
-0.9511976647930356,-0.5635178434231237,0.2708190799698474,3.5888588416168417,0.21792910552168404,2.5942129337011313,-0.8775052904207761,1.6794157738367501,1.0718609767390475,0.0007329285811741306,0.25659715222117424,0.020635920994381027,-0.7815154973438142,0.7730789330144205,0.9891153445752325,-0.7662404232924789,-0.3233876358978431,-0.3532231150182932,1.8608377313521638,-0.8930510062781474,1.3437531061607795,1.3334630065118454,0.856118649161966,-0.17476150780519836,2.231586348012406,-0.5355625288444334,0.4850044983805899
-0.9511976647930356,-0.5635178434231237,0.2708190799698474,3.5888588416168417,0.21792910552168404,2.5942129337011313,-0.8775052904207761,1.6794157738367501,1.0718609767390475,0.0007329285811741306,0.25659715222117424,0.020635920994381027,-0.7815154973438142,0.7730789330144205,0.9891153445752325,-0.7662404232924789,-0.3233876358978431,-0.3532231150182932,1.8608377313521638,-0.8930510062781474,1.3437531061607795,1.3334630065118454,0.856118649161966,-0.17476150780519836,2.231586348012406,-0.5355625288444334,0.4850044983805899
-0.9511976647930356,-0.5635178434231237,0.2708190799698474,3.5888588416168417,0.21792910552168404,2.5942129337011313,-0.8775052904207761,1.6794157738367501,1.0718609767390475,0.0007329285811741306,0.25659715222117424,0.020635920994381027,-0.7815154973438142,0.7730789330144205,0.9891153445752325,-0.7662404232924789,-0.3233876358978431,-0.3532231150182932,1.8608377313521638,-0.8930510062781474,1.3437531061607795,1.3334630065118454,0.856118649161966,-0.17476150780519836,2.231586348012406,-0.5355625288444334,0.4850044983805899
-0.9511976647930356,-0.5635178434231237,0.2708190799698474,3.5888588416168417,0.21792910552168404,2.5942129337011313,-0.8775052904207761,1.6794157738367501,1.0718609767390475,0.0007329285811741306,0.25659715222117424,0.020635920994381027,-0.7815154973438142,0.7730789330144205,0.9891153445752325,-0.7662404232924789,-0.3233876358978431,-0.3532231150182932,1.8608377313521638,-0.8930510062781474,1.3437531061607795,1.3334630065118454,0.856118649161966,-0.17476150780519836,2.231586348012406,-0.5355625288444334,0.4850044983805899
-0.9511976647930356,-0.5635178434231237,0.01140336503875582,0.2790894357519784,-0.7863640591095876,1.710129342077862,-0.6996783290288535,1.3958149037935526,0.80729702430034,-0.18370740527834584,-0.7346187765106854,-1.1319600903049585,-0.7678133201398343,0.7730789330144205,-0.8774079009768972,-0.8057500149824197,-0.49822848953824833,-0.20090033276261057,1.537868592727193,-0.8930510062781474,1.2704143010737436,2.2659208335291865,0.8160043254697448,0.14839031022022178,0.19037229509110573,-0.7686056063454191,0.6637386974043528
-0.9511976647930356,-0.5635178434231237,0.01140336503875582,0.2790894357519784,-0.7863640591095876,1.710129342077862,-0.6996783290288535,1.3958149037935526,0.80729702430034,-0.18370740527834584,-0.7346187765106854,-1.1319600903049585,-0.7678133201398343,0.7730789330144205,-0.8774079009768972,-0.8057500149824197,-0.49822848953824833,-0.20090033276261057,1.537868592727193,-0.8930510062781474,1.2704143010737436,2.2659208335291865,0.8160043254697448,0.14839031022022178,0.19037229509110573,-0.7686056063454191,0.6637386974043528
-0.9511976647930356,-0.5635178434231237,0.01140336503875582,0.2790894357519784,-0.7863640591095876,1.710129342077862,-0.6996783290288535,1.3958149037935526,0.80729702430034,-0.18370740527834584,-0.7346187765106854,-1.1319600903049585,-0.7678133201398343,0.7730789330144205,-0.8774079009768972,-0.8057500149824197,-0.49822848953824833,-0.20090033276261057,1.537868592727193,-0.8930510062781474,1.2704143010737436,2.2659208335291865,0.8160043254697448,0.14839031022022178,0.19037229509110573,-0.7686056063454191,0.6637386974043528
-0.9511976647930356,-0.5635178434231237,0.01140336503875582,0.2790894357519784,-0.7863640591095876,1.710129342077862,-0.6996783290288535,1.3958149037935526,0.80729702430034,-0.18370740527834584,-0.7346187765106854,-1.1319600903049585,-0.7678133201398343,0.7730789330144205,-0.8774079009768972,-0.8057500149824197,-0.49822848953824833,-0.20090033276261057,1.537868592727193,-0.8930510062781474,1.2704143010737436,2.2659208335291865,0.8160043254697448,0.14839031022022178,0.19037229509110573,-0.7686056063454191,0.6637386974043528
-0.9511976647930356,-0.5635178434231237,0.01140336503875582,0.2790894357519784,-0.7863640591095876,1.710129342077862,-0.6996783290288535,1.3958149037935526,0.80729702430034,-0.18370740527834584,-0.7346187765106854,-1.1319600903049585,-0.7678133201398343,0.7730789330144205,-0.8774079009768972,-0.8057500149824197,-0.49822848953824833,-0.20090033276261057,1.537868592727193,-0.8930510062781474,1.2704143010737436,2.2659208335291865,0.8160043254697448,0.14839031022022178,0.19037229509110573,-0.7686056063454191,0.6637386974043528
-0.9511976647930356,-0.5635178434231237,0.01140336503875582,0.2790894357519784,-0.7863640591095876,1.710129342077862,-0.6996783290288535,1.3958149037935526,0.80729702430034,-0.18370740527834584,-0.7346187765106854,-1.1319600903049585,-0.7678133201398343,0.7730789330144205,-0.8774079009768972,-0.8057500149824197,-0.49822848953824833,-0.20090033276261057,1.537868592727193,-0.8930510062781474,1.2704143010737436,2.2659208335291865,0.8160043254697448,0.14839031022022178,0.19037229509110573,-0.7686056063454191,0.6637386974043528
-0.9511976647930356,-0.5635178434231237,0.2708190799698474,3.5888588416168417,0.21792910552168404,2.5942129337011313,-0.8775052904207761,1.6794157738367501,1.0718609767390475,0.0007329285811741306,0.25659715222117424,0.020635920994381027,-0.7815154973438142,0.7730789330144205,0.9891153445752325,-0.7662404232924789,-0.3233876358978431,-0.3532231150182932,1.8608377313521638,-0.8930510062781474,1.3437531061607795,1.3334630065118454,0.856118649161966,-0.17476150780519836,2.231586348012406,-0.5355625288444334,0.4850044983805899
-0.9511976647930356,-0.5635178434231237,0.2708190799698474,3.5888588416168417,0.21792910552168404,2.5942129337011313,-0.8775052904207761,1.6794157738367501,1.0718609767390475,0.0007329285811741306,0.25659715222117424,0.020635920994381027,-0.7815154973438142,0.7730789330144205,0.9891153445752325,-0.7662404232924789,-0.3233876358978431,-0.3532231150182932,1.8608377313521638,-0.8930510062781474,1.3437531061607795,1.3334630065118454,0.856118649161966,-0.17476150780519836,2.231586348012406,-0.5355625288444334,0.4850044983805899
-0.9511976647930356,-0.5635178434231237,0.2708190799698474,3.5888588416168417,0.21792910552168404,2.5942129337011313,-0.8775052904207761,1.6794157738367501,1.0718609767390475,0.0007329285811741306,0.25659715222117424,0.020635920994381027,-0.7815154973438142,0.7730789330144205,0.9891153445752325,-0.7662404232924789,-0.3233876358978431,-0.3532231150182932,1.8608377313521638,-0.8930510062781474,1.3437531061607795,1.3334630065118454,0.856118649161966,-0.17476150780519836,2.231586348012406,-0.5355625288444334,0.4850044983805899
-0.9511976647930356,-0.5635178434231237,0.2708190799698474,3.5888588416168417,0.21792910552168404,2.5942129337011313,-0.8775052904207761,1.6794157738367501,1.0718609767390475,0.0007329285811741306,0.25659715222117424,0.020635920994381027,-0.7815154973438142,0.7730789330144205,0.9891153445752325,-0.7662404232924789,-0.3233876358978431,-0.3532231150182932,1.8608377313521638,-0.8930510062781474,1.3437531061607795,1.3334630065118454,0.856118649161966,-0.17476150780519836,2.231586348012406,-0.5355625288444334,0.4850044983805899
-0.9511976647930356,-0.5635178434231237,0.2708190799698474,3.5888588416168417,0.21792910552168404,2.5942129337011313,-0.8775052904207761,1.6794157738367501,1.0718609767390475,0.0007329285811741306,0.25659715222117424,0.020635920994381027,-0.7815154973438142,0.7730789330144205,0.9891153445752325,-0.7662404232924789,-0.3233876358978431,-0.3532231150182932,1.8608377313521638,-0.8930510062781474,1.3437531061607795,1.3334630065118454,0.856118649161966,-0.17476150780519836,2.231586348012406,-0.5355625288444334,0.4850044983805899
-0.9511976647930356,-0.5635178434231237,0.2708190799698474,3.5888588416168417,0.21792910552168404,2.5942129337011313,-0.8775052904207761,1.6794157738367501,1.0718609767390475,0.0007329285811741306,0.25659715222117424,0.020635920994381027,-0.7815154973438142,0.7730789330144205,0.9891153445752325,-0.7662404232924789,-0.3233876358978431,-0.3532231150182932,1.8608377313521638,-0.8930510062781474,1.3437531061607795,1.3334630065118454,0.856118649161966,-0.17476150780519836,2.231586348012406,-0.5355625288444334,0.4850044983805899
-0.9511976647930356,-0.5635178434231237,0.01140336503875582,0.2790894357519784,-0.7863640591095876,1.710129342077862,-0.6996783290288535,1.3958149037935526,0.80729702430034,-0.18370740527834584,-0.7346187765106854,-1.1319600903049585,-0.7678133201398343,0.7730789330144205,-0.8774079009768972,-0.8057500149824197,-0.49822848953824833,-0.20090033276261057,1.537868592727193,-0.8930510062781474,1.2704143010737436,2.2659208335291865,0.8160043254697448,0.14839031022022178,0.19037229509110573,-0.7686056063454191,0.6637386974043528
-0.9511976647930356,-0.5635178434231237,0.01140336503875582,0.2790894357519784,-0.7863640591095876,1.710129342077862,-0.6996783290288535,1.3958149037935526,0.80729702430034,-0.18370740527834584,-0.7346187765106854,-1.1319600903049585,-0.7678133201398343,0.7730789330144205,-0.8774079009768972,-0.8057500149824197,-0.49822848953824833,-0.20090033276261057,1.537868592727193,-0.8930510062781474,1.2704143010737436,2.2659208335291865,0.8160043254697448,0.14839031022022178,0.19037229509110573,-0.7686056063454191,0.6637386974043528
-0.9511976647930356,-0.5635178434231237,0.01140336503875582,0.2790894357519784,-0.7863640591095876,1.710129342077862,-0.6996783290288535,1.3958149037935526,0.80729702430034,-0.18370740527834584,-0.7346187765106854,-1.1319600903049585,-0.7678133201398343,0.7730789330144205,-0.8774079009768972,-0.8057500149824197,-0.49822848953824833,-0.20090033276261057,1.537868592727193,-0.8930510062781474,1.2704143010737436,2.2659208335291865,0.8160043254697448,0.14839031022022178,0.19037229509110573,-0.7686056063454191,0.6637386974043528
-0.9511976647930356,-0.5635178434231237,0.01140336503875582,0.2790894357519784,-0.7863640591095876,1.710129342077862,-0.6996783290288535,1.3958149037935526,0.80729702430034,-0.18370740527834584,-0.7346187765106854,-1.1319600903049585,-0.7678133201398343,0.7730789330144205,-0.8774079009768972,-0.8057500149824197,-0.49822848953824833,-0.20090033276261057,1.537868592727193,-0.8930510062781474,1.2704143010737436,2.2659208335291865,0.8160043254697448,0.14839031022022178,0.19037229509110573,-0.7686056063454191,0.6637386974043528
-0.9511976647930356,-0.5635178434231237,0.01140336503875582,0.2790894357519784,-0.7863640591095876,1.710129342077862,-0.6996783290288535,1.3958149037935526,0.80729702430034,-0.18370740527834584,-0.7346187765106854,-1.1319600903049585,-0.7678133201398343,0.7730789330144205,-0.8774079009768972,-0.8057500149824197,-0.49822848953824833,-0.20090033276261057,1.537868592727193,-0.8930510062781474,1.2704143010737436,2.2659208335291865,0.8160043254697448,0.14839031022022178,0.19037229509110573,-0.7686056063454191,0.6637386974043528
-0.9511976647930356,-0.5635178434231237,0.01140336503875582,0.2790894357519784,-0.7863640591095876,1.710129342077862,-0.6996783290288535,1.3958149037935526,0.80729702430034,-0.18370740527834584,-0.7346187765106854,-1.1319600903049585,-0.7678133201398343,0.7730789330144205,-0.8774079009768972,-0.8057500149824197,-0.49822848953824833,-0.20090033276261057,1.537868592727193,-0.8930510062781474,1.2704143010737436,2.2659208335291865,0.8160043254697448,0.14839031022022178,0.19037229509110573,-0.7686056063454191,0.6637386974043528
-0.9511976647930356,3.4967168355816214,3.007236460049426,3.5888588416168417,0.21792910552168404,2.5942129337011313,-0.8775052904207761,1.6794157738367501,1.825868241189363,0.0007329285811741306,2.8698027825142587,0.2602845966110754,-0.7815154973438142,0.18968016831536583,0.9891153445752325,-0.7662404232924789,-0.3233876358978431,0.19513890110216336,1.3763840234147073,-0.8930510062781474,0.720373262920975,1.3334630065118454,0.13406082270198272,-0.17476150780519836,2.231586348012406,1.4184140440484465,0.4850044983805899
-0.9511976647930356,3.4967168355816214,3.007236460049426,3.5888588416168417,0.21792910552168404,2.5942129337011313,-0.8775052904207761,1.6794157738367501,1.825868241189363,0.0007329285811741306,2.8698027825142587,0.2602845966110754,-0.7815154973438142,0.18968016831536583,0.9891153445752325,-0.7662404232924789,-0.3233876358978431,0.19513890110216336,1.3763840234147073,-0.8930510062781474,0.720373262920975,1.3334630065118454,0.13406082270198272,-0.17476150780519836,2.231586348012406,1.4184140440484465,0.4850044983805899
-0.9511976647930356,3.4967168355816214,3.007236460049426,3.5888588416168417,0.21792910552168404,2.5942129337011313,-0.8775052904207761,1.6794157738367501,1.825868241189363,0.0007329285811741306,2.8698027825142587,0.2602845966110754,-0.7815154973438142,0.18968016831536583,0.9891153445752325,-0.7662404232924789,-0.3233876358978431,0.19513890110216336,1.3763840234147073,-0.8930510062781474,0.720373262920975,1.3334630065118454,0.13406082270198272,-0.17476150780519836,2.231586348012406,1.4184140440484465,0.4850044983805899
-0.9511976647930356,3.4967168355816214,3.007236460049426,3.5888588416168417,0.21792910552168404,2.5942129337011313,-0.8775052904207761,1.6794157738367501,1.825868241189363,0.0007329285811741306,2.8698027825142587,0.2602845966110754,-0.7815154973438142,0.18968016831536583,0.9891153445752325,-0.7662404232924789,-0.3233876358978431,0.19513890110216336,1.3763840234147073,-0.8930510062781474,0.720373262920975,1.3334630065118454,0.13406082270198272,-0.17476150780519836,2.231586348012406,1.4184140440484465,0.4850044983805899
-0.9511976647930356,3.4967168355816214,3.007236460049426,3.5888588416168417,0.21792910552168404,2.5942129337011313,-0.8775052904207761,1.6794157738367501,1.825868241189363,0.0007329285811741306,2.8698027825142587,0.2602845966110754,-0.7815154973438142,0.18968016831536583,0.9891153445752325,-0.7662404232924789,-0.3233876358978431,0.19513890110216336,1.3763840234147073,-0.8930510062781474,0.720373262920975,1.3334630065118454,0.13406082270198272,-0.17476150780519836,2.231586348012406,1.4184140440484465,0.4850044983805899
-0.9511976647930356,3.4967168355816214,3.007236460049426,3.5888588416168417,0.21792910552168404,2.5942129337011313,-0.8775052904207761,1.6794157738367501,1.825868241189363,0.0007329285811741306,2.8698027825142587,0.2602845966110754,-0.7815154973438142,0.18968016831536583,0.9891153445752325,-0.7662404232924789,-0.3233876358978431,0.19513890110216336,1.3763840234147073,-0.8930510062781474,0.720373262920975,1.3334630065118454,0.13406082270198272,-0.17476150780519836,2.231586348012406,1.4184140440484465,0.4850044983805899
-0.9511976647930356,-0.5635178434231237,1.5176881614128357,0.2790894357519784,-0.7863640591095876,1.710129342077862,-0.6996783290288535,1.3958149037935526,0.8602098147880815,-0.18370740527834584,1.9011144885263052,0.8194648397166956,-0.7678133201398343,0.6758458055645781,-0.8774079009768972,-0.8057500149824197,-0.49822848953824833,-0.2313648892137475,1.0130437424616152,-0.8930510062781474,1.294860569436089,2.2659208335291865,0.6956613543930809,0.14839031022022178,0.19037229509110573,-0.7327528251914213,0.6637386974043528
-0.9511976647930356,-0.5635178434231237,1.5176881614128357,0.2790894357519784,-0.7863640591095876,1.710129342077862,-0.6996783290288535,1.3958149037935526,0.8602098147880815,-0.18370740527834584,1.9011144885263052,0.8194648397166956,-0.7678133201398343,0.6758458055645781,-0.8774079009768972,-0.8057500149824197,-0.49822848953824833,-0.2313648892137475,1.0130437424616152,-0.8930510062781474,1.294860569436089,2.2659208335291865,0.6956613543930809,0.14839031022022178,0.19037229509110573,-0.7327528251914213,0.6637386974043528
-0.9511976647930356,-0.5635178434231237,1.5176881614128357,0.2790894357519784,-0.7863640591095876,1.710129342077862,-0.6996783290288535,1.3958149037935526,0.8602098147880815,-0.18370740527834584,1.9011144885263052,0.8194648397166956,-0.7678133201398343,0.6758458055645781,-0.8774079009768972,-0.8057500149824197,-0.49822848953824833,-0.2313648892137475,1.0130437424616152,-0.8930510062781474,1.294860569436089,2.2659208335291865,0.6956613543930809,0.14839031022022178,0.19037229509110573,-0.7327528251914213,0.6637386974043528
-0.9511976647930356,-0.5635178434231237,1.5176881614128357,0.2790894357519784,-0.7863640591095876,1.710129342077862,-0.6996783290288535,1.3958149037935526,0.8602098147880815,-0.18370740527834584,1.9011144885263052,0.8194648397166956,-0.7678133201398343,0.6758458055645781,-0.8774079009768972,-0.8057500149824197,-0.49822848953824833,-0.2313648892137475,1.0130437424616152,-0.8930510062781474,1.294860569436089,2.2659208335291865,0.6956613543930809,0.14839031022022178,0.19037229509110573,-0.7327528251914213,0.6637386974043528
-0.9511976647930356,-0.5635178434231237,1.5176881614128357,0.2790894357519784,-0.7863640591095876,1.710129342077862,-0.6996783290288535,1.3958149037935526,0.8602098147880815,-0.18370740527834584,1.9011144885263052,0.8194648397166956,-0.7678133201398343,0.6758458055645781,-0.8774079009768972,-0.8057500149824197,-0.49822848953824833,-0.2313648892137475,1.0130437424616152,-0.8930510062781474,1.294860569436089,2.2659208335291865,0.6956613543930809,0.14839031022022178,0.19037229509110573,-0.7327528251914213,0.6637386974043528
-0.9511976647930356,-0.5635178434231237,1.5176881614128357,0.2790894357519784,-0.7863640591095876,1.710129342077862,-0.6996783290288535,1.3958149037935526,0.8602098147880815,-0.18370740527834584,1.9011144885263052,0.8194648397166956,-0.7678133201398343,0.6758458055645781,-0.8774079009768972,-0.8057500149824197,-0.49822848953824833,-0.2313648892137475,1.0130437424616152,-0.8930510062781474,1.294860569436089,2.2659208335291865,0.6956613543930809,0.14839031022022178,0.19037229509110573,-0.7327528251914213,0.6637386974043528
-0.9511976647930356,3.4967168355816214,3.007236460049426,3.5888588416168417,0.21792910552168404,2.5942129337011313,-0.8775052904207761,1.6794157738367501,1.825868241189363,0.0007329285811741306,2.8698027825142587,0.2602845966110754,-0.7815154973438142,0.18968016831536583,0.9891153445752325,-0.7662404232924789,-0.3233876358978431,0.19513890110216336,1.3763840234147073,-0.8930510062781474,0.720373262920975,1.3334630065118454,0.13406082270198272,-0.17476150780519836,2.231586348012406,1.4184140440484465,0.4850044983805899
-0.9511976647930356,3.4967168355816214,3.007236460049426,3.5888588416168417,0.21792910552168404,2.5942129337011313,-0.8775052904207761,1.6794157738367501,1.825868241189363,0.0007329285811741306,2.8698027825142587,0.2602845966110754,-0.7815154973438142,0.18968016831536583,0.9891153445752325,-0.7662404232924789,-0.3233876358978431,0.19513890110216336,1.3763840234147073,-0.8930510062781474,0.720373262920975,1.3334630065118454,0.13406082270198272,-0.17476150780519836,2.231586348012406,1.4184140440484465,0.4850044983805899
-0.9511976647930356,3.4967168355816214,3.007236460049426,3.5888588416168417,0.21792910552168404,2.5942129337011313,-0.8775052904207761,1.6794157738367501,1.825868241189363,0.0007329285811741306,2.8698027825142587,0.2602845966110754,-0.7815154973438142,0.18968016831536583,0.9891153445752325,-0.7662404232924789,-0.3233876358978431,0.19513890110216336,1.3763840234147073,-0.8930510062781474,0.720373262920975,1.3334630065118454,0.13406082270198272,-0.17476150780519836,2.231586348012406,1.4184140440484465,0.4850044983805899
-0.9511976647930356,3.4967168355816214,3.007236460049426,3.5888588416168417,0.21792910552168404,2.5942129337011313,-0.8775052904207761,1.6794157738367501,1.825868241189363,0.0007329285811741306,2.8698027825142587,0.2602845966110754,-0.7815154973438142,0.18968016831536583,0.9891153445752325,-0.7662404232924789,-0.3233876358978431,0.19513890110216336,1.3763840234147073,-0.8930510062781474,0.720373262920975,1.3334630065118454,0.13406082270198272,-0.17476150780519836,2.231586348012406,1.4184140440484465,0.4850044983805899
-0.9511976647930356,3.4967168355816214,3.007236460049426,3.5888588416168417,0.21792910552168404,2.5942129337011313,-0.8775052904207761,1.6794157738367501,1.825868241189363,0.0007329285811741306,2.8698027825142587,0.2602845966110754,-0.7815154973438142,0.18968016831536583,0.9891153445752325,-0.7662404232924789,-0.3233876358978431,0.19513890110216336,1.3763840234147073,-0.8930510062781474,0.720373262920975,1.3334630065118454,0.13406082270198272,-0.17476150780519836,2.231586348012406,1.4184140440484465,0.4850044983805899
-0.9511976647930356,3.4967168355816214,3.007236460049426,3.5888588416168417,0.21792910552168404,2.5942129337011313,-0.8775052904207761,1.6794157738367501,1.825868241189363,0.0007329285811741306,2.8698027825142587,0.2602845966110754,-0.7815154973438142,0.18968016831536583,0.9891153445752325,-0.7662404232924789,-0.3233876358978431,0.19513890110216336,1.3763840234147073,-0.8930510062781474,0.720373262920975,1.3334630065118454,0.13406082270198272,-0.17476150780519836,2.231586348012406,1.4184140440484465,0.4850044983805899
-0.9511976647930356,-0.5635178434231237,1.5176881614128357,0.2790894357519784,-0.7863640591095876,1.710129342077862,-0.6996783290288535,1.3958149037935526,0.8602098147880815,-0.18370740527834584,1.9011144885263052,0.8194648397166956,-0.7678133201398343,0.6758458055645781,-0.8774079009768972,-0.8057500149824197,-0.49822848953824833,-0.2313648892137475,1.0130437424616152,-0.8930510062781474,1.294860569436089,2.2659208335291865,0.6956613543930809,0.14839031022022178,0.19037229509110573,-0.7327528251914213,0.6637386974043528
-0.9511976647930356,-0.5635178434231237,1.5176881614128357,0.2790894357519784,-0.7863640591095876,1.710129342077862,-0.6996783290288535,1.3958149037935526,0.8602098147880815,-0.18370740527834584,1.9011144885263052,0.8194648397166956,-0.7678133201398343,0.6758458055645781,-0.8774079009768972,-0.8057500149824197,-0.49822848953824833,-0.2313648892137475,1.0130437424616152,-0.8930510062781474,1.294860569436089,2.2659208335291865,0.6956613543930809,0.14839031022022178,0.19037229509110573,-0.7327528251914213,0.6637386974043528
-0.9511976647930356,-0.5635178434231237,1.5176881614128357,0.2790894357519784,-0.7863640591095876,1.710129342077862,-0.6996783290288535,1.3958149037935526,0.8602098147880815,-0.18370740527834584,1.9011144885263052,0.8194648397166956,-0.7678133201398343,0.6758458055645781,-0.8774079009768972,-0.8057500149824197,-0.49822848953824833,-0.2313648892137475,1.0130437424616152,-0.8930510062781474,1.294860569436089,2.2659208335291865,0.6956613543930809,0.14839031022022178,0.19037229509110573,-0.7327528251914213,0.6637386974043528
-0.9511976647930356,-0.5635178434231237,1.5176881614128357,0.2790894357519784,-0.7863640591095876,1.710129342077862,-0.6996783290288535,1.3958149037935526,0.8602098147880815,-0.18370740527834584,1.9011144885263052,0.8194648397166956,-0.7678133201398343,0.6758458055645781,-0.8774079009768972,-0.8057500149824197,-0.49822848953824833,-0.2313648892137475,1.0130437424616152,-0.8930510062781474,1.294860569436089,2.2659208335291865,0.6956613543930809,0.14839031022022178,0.19037229509110573,-0.7327528251914213,0.6637386974043528
-0.9511976647930356,-0.5635178434231237,1.5176881614128357,0.2790894357519784,-0.7863640591095876,1.710129342077862,-0.6996783290288535,1.3958149037935526,0.8602098147880815,-0.18370740527834584,1.9011144885263052,0.8194648397166956,-0.7678133201398343,0.6758458055645781,-0.8774079009768972,-0.8057500149824197,-0.49822848953824833,-0.2313648892137475,1.0130437424616152,-0.8930510062781474,1.294860569436089,2.2659208335291865,0.6956613543930809,0.14839031022022178,0.19037229509110573,-0.7327528251914213,0.6637386974043528
-0.9511976647930356,-0.5635178434231237,1.5176881614128357,0.2790894357519784,-0.7863640591095876,1.710129342077862,-0.6996783290288535,1.3958149037935526,0.8602098147880815,-0.18370740527834584,1.9011144885263052,0.8194648397166956,-0.7678133201398343,0.6758458055645781,-0.8774079009768972,-0.8057500149824197,-0.49822848953824833,-0.2313648892137475,1.0130437424616152,-0.8930510062781474,1.294860569436089,2.2659208335291865,0.6956613543930809,0.14839031022022178,0.19037229509110573,-0.7327528251914213,0.6637386974043528
0.4543117232904312,-0.5635178434231237,0.5888125369821531,0.17786991758511478,1.209296041781465,-0.46273355592095666,-0.7238276694647937,-0.5893911865088293,0.7808406290564699,0.3546589746359286,0.26410636380247626,-0.40160222175884236,-0.3665352734518526,0.7082568480478589,1.8121492166297146,1.248748752894502,1.1627596200456016,-0.45984906259727143,-1.570709366538152,1.097578230224881,0.7692657996456655,0.09018590382205717,1.0968045913152937,-0.8695379165598517,-0.8302347313695445,-0.06947637384246204,0.18542741929298223
0.4543117232904312,-0.5635178434231237,0.5888125369821531,0.17786991758511478,1.209296041781465,-0.46273355592095666,-0.7238276694647937,-0.5893911865088293,0.7808406290564699,0.3546589746359286,0.26410636380247626,-0.40160222175884236,-0.3665352734518526,0.7082568480478589,1.8121492166297146,1.248748752894502,1.1627596200456016,-0.45984906259727143,-1.570709366538152,1.097578230224881,0.7692657996456655,0.09018590382205717,1.0968045913152937,-0.8695379165598517,-0.8302347313695445,-0.06947637384246204,0.18542741929298223
0.8867761503930365,-0.15751594555308465,-0.10575211912367262,-0.2923110700287034,-0.5366023022912269,-0.0010001900962076837,-0.49111584344573456,-0.02218944642243442,0.7014714433248577,-0.21361664860691662,-0.013734464705696548,0.12334249625867862,-0.6053446475783588,0.870312060464263,2.390232531525125,1.1302199778246795,-0.27967742248774174,-0.018112994055792076,-1.570709366538152,1.2669934843953516,1.3804225087042972,0.7118244551669513,0.5352040596241957,-0.33633741681790846,0.19037229509110573,-1.091280636731399,0.6899744811276125
0.8867761503930365,-0.15751594555308465,-0.10575211912367262,-0.2923110700287034,-0.5366023022912269,-0.0010001900962076837,-0.49111584344573456,-0.02218944642243442,0.7014714433248577,-0.21361664860691662,-0.013734464705696548,0.12334249625867862,-0.6053446475783588,0.870312060464263,2.390232531525125,1.1302199778246795,-0.27967742248774174,-0.018112994055792076,-1.570709366538152,1.2669934843953516,1.3804225087042972,0.7118244551669513,0.5352040596241957,-0.33633741681790846,0.19037229509110573,-1.091280636731399,0.6899744811276125
0.8867761503930365,-0.5635178434231237,0.1704000935449087,-0.4860430510362488,-0.736358633491061,-0.024086858387445134,-0.10472639647069308,0.8286131637071579,0.794068826678405,-0.6423158029830981,0.1364497669203428,-0.025011445789751233,-0.5975148320332274,1.291655612746913,0.4306280742525479,1.011691202754857,-0.7604897699988563,-0.09427438518363339,-1.570709366538152,1.2669934843953516,1.3804225087042972,0.7118244551669513,0.8962329728541873,1.3198156505623702,-0.8302347313695445,-0.9478695121154079,0.9255320548339719
0.8867761503930365,-0.5635178434231237,0.1704000935449087,-0.4860430510362488,-0.736358633491061,-0.024086858387445134,-0.10472639647069308,0.8286131637071579,0.794068826678405,-0.6423158029830981,0.1364497669203428,-0.025011445789751233,-0.5975148320332274,1.291655612746913,0.4306280742525479,1.011691202754857,-0.7604897699988563,-0.09427438518363339,-1.570709366538152,1.2669934843953516,1.3804225087042972,0.7118244551669513,0.8962329728541873,1.3198156505623702,-0.8302347313695445,-0.9478695121154079,0.9255320548339719
0.8867761503930365,-0.5635178434231237,0.28755557770733714,-0.2563944668082034,-0.3001303936983554,-0.2563115806110689,-0.5328283405623584,0.5450122936639604,0.2517127241790551,-0.0640704319640626,-1.05751487450667,-1.9992600592034715,-0.5250890382407625,0.9675451879141054,0.7588618208457046,1.1697295695146204,-0.017416142027133992,-0.06380982873249642,-1.570709366538152,1.1822858573101165,0.8548277389138739,0.09018590382205717,0.05383217531754103,-0.538307303083796,1.210979321551756,-0.9120167309614101,0.549833997312478
0.8867761503930365,-0.5635178434231237,0.28755557770733714,-0.2563944668082034,-0.3001303936983554,-0.2563115806110689,-0.5328283405623584,0.5450122936639604,0.2517127241790551,-0.0640704319640626,-1.05751487450667,-1.9992600592034715,-0.5250890382407625,0.9675451879141054,0.7588618208457046,1.1697295695146204,-0.017416142027133992,-0.06380982873249642,-1.570709366538152,1.1822858573101165,0.8548277389138739,0.09018590382205717,0.05383217531754103,-0.538307303083796,1.210979321551756,-0.9120167309614101,0.549833997312478
0.8867761503930365,-0.5635178434231237,0.6557585279321122,0.0069939568087966,-0.07506271672685573,-0.12593980673113978,-0.6645520156674861,-0.02218944642243442,0.5427330718616332,0.033134608853792505,-0.35164898586428506,-1.4286679744018183,-0.566195569852702,0.8054899754977013,0.7588618208457046,1.248748752894502,0.11371449820317028,-0.3532231150182932,-1.570709366538152,1.224639670852734,0.8303814705515286,0.09018590382205717,0.3747467648553105,-0.619095257590151,1.210979321551756,-0.48178335711343667,0.45264238185691075
0.8867761503930365,-0.5635178434231237,0.6557585279321122,0.0069939568087966,-0.07506271672685573,-0.12593980673113978,-0.6645520156674861,-0.02218944642243442,0.5427330718616332,0.033134608853792505,-0.35164898586428506,-1.4286679744018183,-0.566195569852702,0.8054899754977013,0.7588618208457046,1.248748752894502,0.11371449820317028,-0.3532231150182932,-1.570709366538152,1.224639670852734,0.8303814705515286,0.09018590382205717,0.3747467648553105,-0.619095257590151,1.210979321551756,-0.48178335711343667,0.45264238185691075
0.8867761503930365,-0.041939100330911395,-0.3567995851860193,0.04617570577661478,0.38081026583583144,-0.36359668619976054,-0.6777243831779989,-1.7237946666816188,0.688243245702922,0.18018838855259892,0.04633922794471919,0.5569924807079352,-0.46245051387971164,0.1248580833488049,0.6412855534093498,1.248748752894502,-0.6468432151325928,-0.444616784371703,-1.570709366538152,1.1399320437674987,0.48813371347869505,0.09018590382205717,0.6154327070086383,0.5119361054988196,0.19037229509110573,0.2173458753895203,0.31431988606174616
0.8867761503930365,-0.041939100330911395,-0.3567995851860193,0.04617570577661478,0.38081026583583144,-0.36359668619976054,-0.6777243831779989,-1.7237946666816188,0.688243245702922,0.18018838855259892,0.04633922794471919,0.5569924807079352,-0.46245051387971164,0.1248580833488049,0.6412855534093498,1.248748752894502,-0.6468432151325928,-0.444616784371703,-1.570709366538152,1.1399320437674987,0.48813371347869505,0.09018590382205717,0.6154327070086383,0.5119361054988196,0.19037229509110573,0.2173458753895203,0.31431988606174616
0.7786600436173851,-0.5635178434231237,0.5386030437696838,-0.18673802419874883,-0.14030439681784815,-0.2875464847698019,-0.583322416019324,0.261411423620763,0.6750150480809869,0.0181799871895071,-0.051280522612206385,-0.8124285228160326,-0.5055144993779341,0.8054899754977013,2.390232531525125,1.1697295695146204,-0.20974108103157957,-0.4750813408228399,-1.570709366538152,1.1822858573101165,0.8181583363703562,0.09018590382205717,0.6956613543930809,-0.4332829622255344,1.210979321551756,-0.2845930607664488,0.4675456936126812
0.7786600436173851,-0.5635178434231237,0.5386030437696838,-0.18673802419874883,-0.14030439681784815,-0.2875464847698019,-0.583322416019324,0.261411423620763,0.6750150480809869,0.0181799871895071,-0.051280522612206385,-0.8124285228160326,-0.5055144993779341,0.8054899754977013,2.390232531525125,1.1697295695146204,-0.20974108103157957,-0.4750813408228399,-1.570709366538152,1.1822858573101165,0.8181583363703562,0.09018590382205717,0.6956613543930809,-0.4332829622255344,1.210979321551756,-0.2845930607664488,0.4675456936126812
-0.08626881058782543,-0.0592798640845015,-0.03043787930496862,-0.21503595400883974,0.16838143516036885,-0.47088179178845224,-0.5569776809982985,0.261411423620763,0.688243245702922,0.17769595160855137,-0.013734464705696548,0.020635920994381027,-0.35674800402043844,1.0323672728806663,1.1654797457297643,1.1697295695146204,0.5945268457142846,-0.4750813408228399,-1.570709366538152,1.097578230224881,0.8181583363703562,0.09018590382205717,1.0968045913152937,-0.7806711666028613,0.19037229509110573,-0.2666666701894499,0.31647910626368436
-0.08626881058782543,-0.0592798640845015,-0.03043787930496862,-0.21503595400883974,0.16838143516036885,-0.47088179178845224,-0.5569776809982985,0.261411423620763,0.688243245702922,0.17769595160855137,-0.013734464705696548,0.020635920994381027,-0.35674800402043844,1.0323672728806663,1.1654797457297643,1.1697295695146204,0.5945268457142846,-0.4750813408228399,-1.570709366538152,1.097578230224881,0.8181583363703562,0.09018590382205717,1.0968045913152937,-0.7806711666028613,0.19037229509110573,-0.2666666701894499,0.31647910626368436
0.8867761503930365,-0.17554232813122805,0.6473902790633673,-0.022392354917067033,0.6230221467174912,-0.48038806696719705,-0.6008855727000078,-0.02218944642243442,1.0586327791171122,0.3546589746359286,0.12894055533904084,-0.6868982641596689,-0.25691785582001375,0.7406678905311397,1.1115906231547685,1.2092391612045612,0.15742471161327143,-0.4293845061461345,-0.6018019506632394,1.097578230224881,0.7937120680080109,0.09018590382205717,0.8160043254697448,-0.619095257590151,-0.8302347313695445,0.271125047120517,0.18542741929298223
0.8867761503930365,-0.17554232813122805,0.6473902790633673,-0.022392354917067033,0.6230221467174912,-0.48038806696719705,-0.6008855727000078,-0.02218944642243442,1.0586327791171122,0.3546589746359286,0.12894055533904084,-0.6868982641596689,-0.25691785582001375,0.7406678905311397,1.1115906231547685,1.2092391612045612,0.15742471161327143,-0.4293845061461345,-0.6018019506632394,1.097578230224881,0.7937120680080109,0.09018590382205717,0.8160043254697448,-0.619095257590151,-0.8302347313695445,0.271125047120517,0.18542741929298223
0.8867761503930365,-0.1773911878828325,0.5218665460321941,-0.2368035923242943,-0.5534355604219986,0.1728288417436978,-0.45818492466945265,0.5450122936639604,1.3364249291777548,-0.24103345499143985,-0.08882658051871622,-0.8466640479041319,-0.5975148320332274,1.8102322924794052,-1.284025825860957,1.1697295695146204,-0.55068074563037,-0.4903136190484084,0.8111880308210082,1.2669934843953516,1.123736690899672,2.88755938487408,0.21428947008642532,0.2291782647265769,0.19037229509110573,0.1635667036585236,0.7130001627522816
0.8867761503930365,-0.1773911878828325,0.5218665460321941,-0.2368035923242943,-0.5534355604219986,0.1728288417436978,-0.45818492466945265,0.5450122936639604,1.3364249291777548,-0.24103345499143985,-0.08882658051871622,-0.8466640479041319,-0.5975148320332274,1.8102322924794052,-1.284025825860957,1.1697295695146204,-0.55068074563037,-0.4903136190484084,0.8111880308210082,1.2669934843953516,1.123736690899672,2.88755938487408,0.21428947008642532,0.2291782647265769,0.19037229509110573,0.1635667036585236,0.7130001627522816
0.8867761503930365,0.3217007984804907,0.6139172835883878,0.7808334989232056,1.5349256703742804,0.049247264420015,-0.8138388474532976,-0.3057903164656318,1.415794114909367,0.2051127579930746,0.1589774016642487,-0.5956035305914045,-0.5642381159664193,0.5786126781147356,0.7588618208457046,1.3277679362743837,-0.27967742248774174,-0.13997121986033773,-0.15771938505390443,1.2669934843953516,0.7814889338268379,0.09018590382205717,1.2572618860841782,-0.29594343956473085,0.19037229509110573,0.7730639832764862,0.29317777890643243
0.8867761503930365,0.3217007984804907,0.6139172835883878,0.7808334989232056,1.5349256703742804,0.049247264420015,-0.8138388474532976,-0.3057903164656318,1.415794114909367,0.2051127579930746,0.1589774016642487,-0.5956035305914045,-0.5642381159664193,0.5786126781147356,0.7588618208457046,1.3277679362743837,-0.27967742248774174,-0.13997121986033773,-0.15771938505390443,1.2669934843953516,0.7814889338268379,0.09018590382205717,1.2572618860841782,-0.29594343956473085,0.19037229509110573,0.7730639832764862,0.29317777890643243
0.8867761503930365,-0.5635178434231237,1.124380464581826,-0.3630558945539306,-0.6126091242464945,0.01937039957253124,-0.289139541617872,1.9630166438799475,0.794068826678405,-0.38310236080215115,0.30916163329028806,-1.06348904012876,-0.5583657543075707,1.8102322924794052,1.1830466460085443,1.0907103861347387,-0.43703419076410643,-0.5360104537251128,-1.570709366538152,1.2669934843953516,0.8426046047327015,2.88755938487408,0.856118649161966,-0.053579576045665864,-0.8302347313695445,-0.17703471730445544,0.8145725807070178
0.8867761503930365,-0.5635178434231237,1.124380464581826,-0.3630558945539306,-0.6126091242464945,0.01937039957253124,-0.289139541617872,1.9630166438799475,0.794068826678405,-0.38310236080215115,0.30916163329028806,-1.06348904012876,-0.5583657543075707,1.8102322924794052,1.1830466460085443,1.0907103861347387,-0.43703419076410643,-0.5360104537251128,-1.570709366538152,1.2669934843953516,0.8426046047327015,2.88755938487408,0.856118649161966,-0.053579576045665864,-0.8302347313695445,-0.17703471730445544,0.8145725807070178
0.8867761503930365,-0.5635178434231237,0.6055490347196429,0.008082338724569328,-0.7606592048734034,1.0093810574732431,-0.6096671510403496,0.5450122936639604,0.9395790005196937,-0.2510032027676301,1.1201564840709004,0.8765240481968609,-0.7404089657318746,0.870312060464263,0.4306280742525479,1.248748752894502,-0.6730693431786536,-0.5512427319506812,-1.570709366538152,1.351701111480587,0.8303814705515286,0.09018590382205717,0.9764616202386299,0.8350879235242398,0.19037229509110573,0.05600836019653023,0.7211151780228631
0.8867761503930365,-0.5635178434231237,0.6055490347196429,0.008082338724569328,-0.7606592048734034,1.0093810574732431,-0.6096671510403496,0.5450122936639604,0.9395790005196937,-0.2510032027676301,1.1201564840709004,0.8765240481968609,-0.7404089657318746,0.870312060464263,0.4306280742525479,1.248748752894502,-0.6730693431786536,-0.5512427319506812,-1.570709366538152,1.351701111480587,0.8303814705515286,0.09018590382205717,0.9764616202386299,0.8350879235242398,0.19037229509110573,0.05600836019653023,0.7211151780228631
0.8867761503930365,-0.174556269597039,0.5971807858508981,-0.03545293790633976,0.23077172911031912,-0.35680648964351425,-0.5942993889447513,0.8286131637071579,1.3893377196654961,0.18517326244069407,0.10641292059513492,-0.6526627390715698,-0.3841523584283982,1.129600400330509,1.3026520577388445,1.2092391612045612,-0.55068074563037,-0.27706172389045186,0.08450746891482375,1.1822858573101165,0.9159434098197373,0.09018590382205717,1.1770332386997355,0.2291782647265769,0.19037229509110573,0.5579472963524994,0.31002551887238755
0.8867761503930365,-0.174556269597039,0.5971807858508981,-0.03545293790633976,0.23077172911031912,-0.35680648964351425,-0.5942993889447513,0.8286131637071579,1.3893377196654961,0.18517326244069407,0.10641292059513492,-0.6526627390715698,-0.3841523584283982,1.129600400330509,1.3026520577388445,1.2092391612045612,-0.55068074563037,-0.27706172389045186,0.08450746891482375,1.1822858573101165,0.9159434098197373,0.09018590382205717,1.1770332386997355,0.2291782647265769,0.19037229509110573,0.5579472963524994,0.31002551887238755
0.8867761503930365,-0.5635178434231237,0.7980187587007753,-0.06483924963220339,-0.06970073240220964,-0.22915079438608366,-0.5745408376789821,1.1122140337503552,1.6935862649700089,0.05307410440617304,0.6320577312862726,-0.1277180210540488,-0.470280329424843,1.453710825163317,1.5720976706138239,1.011691202754857,-0.3233876358978431,-0.12473894163476926,0.4074766075397947,1.1822858573101165,0.9770590807256002,0.09018590382205717,1.5781764756219485,-0.21515548505837576,1.210979321551756,0.8626959361614807,0.4329070950345457
0.8867761503930365,-0.5635178434231237,0.7980187587007753,-0.06483924963220339,-0.06970073240220964,-0.22915079438608366,-0.5745408376789821,1.1122140337503552,1.6935862649700089,0.05307410440617304,0.6320577312862726,-0.1277180210540488,-0.470280329424843,1.453710825163317,1.5720976706138239,1.011691202754857,-0.3233876358978431,-0.12473894163476926,0.4074766075397947,1.1822858573101165,0.9770590807256002,0.09018590382205717,1.5781764756219485,-0.21515548505837576,1.210979321551756,0.8626959361614807,0.4329070950345457
0.8867761503930365,-0.020184183920365688,0.7645457632257958,-0.09422556135806703,-0.7036122507780617,0.6983900551971621,-0.5701500485088112,0.261411423620763,0.5956458623493747,-0.25598807665572526,-0.3441397742829831,-1.5656100747542152,-0.7090897035513491,1.0323672728806663,-0.4071028312314788,1.2092391612045612,-0.06112635543723516,0.11897750997432206,-1.570709366538152,1.351701111480587,1.4415381796101603,0.7118244551669513,0.3346324411630892,-0.4979133258306185,0.19037229509110573,-1.3063973236553859,0.7251194977898231
0.8867761503930365,-0.020184183920365688,0.7645457632257958,-0.09422556135806703,-0.7036122507780617,0.6983900551971621,-0.5701500485088112,0.261411423620763,0.5956458623493747,-0.25598807665572526,-0.3441397742829831,-1.5656100747542152,-0.7090897035513491,1.0323672728806663,-0.4071028312314788,1.2092391612045612,-0.06112635543723516,0.11897750997432206,-1.570709366538152,1.351701111480587,1.4415381796101603,0.7118244551669513,0.3346324411630892,-0.4979133258306185,0.19037229509110573,-1.3063973236553859,0.7251194977898231
0.8867761503930365,0.8264626214154008,-0.44885032274221304,-0.2563944668082034,-0.7260080757797622,0.5204869054235088,-0.4340355842335125,-0.5893911865088293,0.8602098147880815,-0.3731326130259609,0.6771130007740844,1.641117441831076,-0.6797278952571066,0.4165574656983315,1.1654797457297643,1.1697295695146204,-0.6468432151325928,-0.4141522279205671,-1.570709366538152,1.3093472979379694,1.062621019993809,0.09018590382205717,0.6154327070086383,0.5927240600051747,-0.8302347313695445,-0.3742250136514433,0.8084546514385326
0.8867761503930365,0.8264626214154008,-0.44885032274221304,-0.2563944668082034,-0.7260080757797622,0.5204869054235088,-0.4340355842335125,-0.5893911865088293,0.8602098147880815,-0.3731326130259609,0.6771130007740844,1.641117441831076,-0.6797278952571066,0.4165574656983315,1.1654797457297643,1.1697295695146204,-0.6468432151325928,-0.4141522279205671,-1.570709366538152,1.3093472979379694,1.062621019993809,0.09018590382205717,0.6154327070086383,0.5927240600051747,-0.8302347313695445,-0.3742250136514433,0.8084546514385326
-2.0323587325495485,0.43940383241700914,0.295923826576082,-0.5752903681296124,-0.2894921257678556,-0.7166869071245686,0.5077886927681511,1.3958149037935526,1.0454045814951767,-0.19118471611048854,0.5044011344041391,0.362991171875373,0.3029139556568778,0.3193243382484891,0.4306280742525479,0.8141432443051534,-0.14854678225743786,-0.5817072884018171,0.20562089589918794,0.8434553489691755,1.0381747516314637,0.7118244551669513,0.5753183833164169,-0.4575193485774409,0.19037229509110573,-0.12325554557345873,0.6704011598088686
-2.0323587325495485,0.43940383241700914,0.295923826576082,-0.5752903681296124,-0.2894921257678556,-0.7166869071245686,0.5077886927681511,1.3958149037935526,1.0454045814951767,-0.19118471611048854,0.5044011344041391,0.362991171875373,0.3029139556568778,0.3193243382484891,0.4306280742525479,0.8141432443051534,-0.14854678225743786,-0.5817072884018171,0.20562089589918794,0.8434553489691755,1.0381747516314637,0.7118244551669513,0.5753183833164169,-0.4575193485774409,0.19037229509110573,-0.12325554557345873,0.6704011598088686
0.021847296187825962,-0.5635178434231237,-0.06391087477994818,-0.5186945085094307,0.21483915097404238,-0.7438476933495538,0.062123591995802106,-0.02218944642243442,0.6485586528371161,0.5889480473763999,-0.6745450838602697,-0.9379587814723964,0.5182338831479899,0.09244704086552409,-0.33361766408375715,1.3277679362743837,1.1627596200456016,-0.2313648892137475,-0.11734824272578302,0.7587477218839402,1.0748441541749814,0.09018590382205717,0.17417514639420403,-0.8695379165598517,-0.8302347313695445,-0.6969000440374234,0.08166025546159467
0.021847296187825962,-0.5635178434231237,-0.06391087477994818,-0.5186945085094307,0.21483915097404238,-0.7438476933495538,0.062123591995802106,-0.02218944642243442,0.6485586528371161,0.5889480473763999,-0.6745450838602697,-0.9379587814723964,0.5182338831479899,0.09244704086552409,-0.33361766408375715,1.3277679362743837,1.1627596200456016,-0.2313648892137475,-0.11734824272578302,0.7587477218839402,1.0748441541749814,0.09018590382205717,0.17417514639420403,-0.8695379165598517,-0.8302347313695445,-0.6969000440374234,0.08166025546159467
0.4543117232904312,-0.5635178434231237,0.4047110618697656,-0.4903965786993397,-0.38263957548538813,-0.5550802290859065,-0.08496784520492391,0.8286131637071579,0.7146996409467927,-0.22857127027120203,-0.6595266606976657,-1.554198233058182,-0.2549604019337309,0.7406678905311397,-0.4071028312314788,1.3672775279643246,0.15742471161327143,-0.18566805453704316,0.08450746891482375,1.0552244166822633,1.1848523618055349,1.6442822821842924,-0.3071967379124506,-0.6433316439420576,0.19037229509110573,-0.7865319969224179,0.7026606543447315
0.4543117232904312,-0.5635178434231237,0.4047110618697656,-0.4903965786993397,-0.38263957548538813,-0.5550802290859065,-0.08496784520492391,0.8286131637071579,0.7146996409467927,-0.22857127027120203,-0.6595266606976657,-1.554198233058182,-0.2549604019337309,0.7406678905311397,-0.4071028312314788,1.3672775279643246,0.15742471161327143,-0.18566805453704316,0.08450746891482375,1.0552244166822633,1.1848523618055349,1.6442822821842924,-0.3071967379124506,-0.6433316439420576,0.19037229509110573,-0.7865319969224179,0.7026606543447315
-1.059313771568687,-0.5623237881668792,0.33776507091980645,-0.45121482973152155,0.20779081918223247,-0.6800198457208385,-0.22108230948022262,0.8286131637071579,0.8602098147880815,0.4045077135168799,0.02381159320081329,-0.42442590515090844,0.12087074423257392,0.25450225328192744,0.2885567511002861,1.4067871196542654,0.8130779127647912,-0.3532231150182932,0.04413632658670257,1.351701111480587,1.1481829592620172,0.09018590382205717,0.17417514639420403,-0.8372227347573097,-0.8302347313695445,-0.5176361382674345,0.15709546888545273
-1.059313771568687,-0.5623237881668792,0.33776507091980645,-0.45121482973152155,0.20779081918223247,-0.6800198457208385,-0.22108230948022262,0.8286131637071579,0.8602098147880815,0.4045077135168799,0.02381159320081329,-0.42442590515090844,0.12087074423257392,0.25450225328192744,0.2885567511002861,1.4067871196542654,0.8130779127647912,-0.3532231150182932,0.04413632658670257,1.351701111480587,1.1481829592620172,0.09018590382205717,0.17417514639420403,-0.8372227347573097,-0.8302347313695445,-0.5176361382674345,0.15709546888545273
0.8867761503930365,0.337708842496466,-0.11412036799241751,-0.30754841684952156,-0.5582368574776225,0.004431967148789363,-0.47355268676505086,-0.3057903164656318,1.2041429529584011,-0.23604858110334473,0.02381159320081329,0.191813546434877,-0.6073021014646417,-0.2964854689338457,-0.059273040065596326,-0.25261573132324844,-0.47200236149218755,-0.3836876714694301,0.3671054652116733,-0.25774380313888284,0.8792740072762191,0.09018590382205717,-0.02639647206690156,0.011050787559418239,0.19037229509110573,0.34283060942851257,0.7088901725661199
0.8867761503930365,0.337708842496466,-0.11412036799241751,-0.30754841684952156,-0.5582368574776225,0.004431967148789363,-0.47355268676505086,-0.3057903164656318,1.2041429529584011,-0.23604858110334473,0.02381159320081329,0.191813546434877,-0.6073021014646417,-0.2964854689338457,-0.059273040065596326,-0.25261573132324844,-0.47200236149218755,-0.3836876714694301,0.3671054652116733,-0.25774380313888284,0.8792740072762191,0.09018590382205717,-0.02639647206690156,0.011050787559418239,0.19037229509110573,0.34283060942851257,0.7088901725661199
0.6705439368417336,-0.17568099261259834,-0.4823233182171926,-0.309725180681067,0.11308865993728813,-0.5496480718409095,-0.4713572921799654,-0.02218944642243442,1.1512301624706596,0.1901581363287892,0.2265603058959664,1.0020543068532246,-0.27062003302399357,0.027624955898962453,1.6896739380501786,-0.25261573132324844,-0.515712574902289,-0.20090033276261057,0.5689611768522803,-0.1306823625110303,0.6225881894715939,0.09018590382205717,-0.06651079575912286,0.10799633296704439,0.19037229509110573,0.6475792492374939,0.3057636598919695
0.6705439368417336,-0.17568099261259834,-0.4823233182171926,-0.309725180681067,0.11308865993728813,-0.5496480718409095,-0.4713572921799654,-0.02218944642243442,1.1512301624706596,0.1901581363287892,0.2265603058959664,1.0020543068532246,-0.27062003302399357,0.027624955898962453,1.6896739380501786,-0.25261573132324844,-0.515712574902289,-0.20090033276261057,0.5689611768522803,-0.1306823625110303,0.6225881894715939,0.09018590382205717,-0.06651079575912286,0.10799633296704439,0.19037229509110573,0.6475792492374939,0.3057636598919695
0.8867761503930365,-0.5635178434231237,-0.2061711055486113,-0.33149281899652155,-0.6754872999891837,0.21628609970367418,-0.4515987409141962,-0.02218944642243442,0.9263508028977586,-0.32577631108905714,0.24157872905857034,0.6482872142761996,-0.6581959025079954,0.027624955898962453,0.8421450102797893,-0.015558181183603827,-0.812942026090978,-0.4141522279205671,0.7304457461647654,-0.25774380313888284,0.6714807261962844,0.09018590382205717,0.013717851625319735,2.127695195625921,-0.8302347313695445,0.2890514376975159,0.7772998611746911
0.8867761503930365,-0.5635178434231237,-0.2061711055486113,-0.33149281899652155,-0.6754872999891837,0.21628609970367418,-0.4515987409141962,-0.02218944642243442,0.9263508028977586,-0.32577631108905714,0.24157872905857034,0.6482872142761996,-0.6581959025079954,0.027624955898962453,0.8421450102797893,-0.015558181183603827,-0.812942026090978,-0.4141522279205671,0.7304457461647654,-0.25774380313888284,0.6714807261962844,0.09018590382205717,0.013717851625319735,2.127695195625921,-0.8302347313695445,0.2890514376975159,0.7772998611746911
0.23807950973912845,-0.5635178434231237,-0.013701381567478845,-0.5023687797728397,0.09059349905847651,-0.7112547498795716,-0.025692191407616416,0.261411423620763,0.5427330718616332,0.37210603324426156,-0.051280522612206385,-0.05924697087785043,0.2696372395900696,0.3841464232150507,1.3026520577388445,-0.3316349147031301,-0.515712574902289,-0.3227585585671573,0.24599203822730933,-0.5118666843945888,0.8426046047327015,0.7118244551669513,-0.10662511945134415,0.10799633296704439,-0.8302347313695445,-0.5176361382674345,0.1750862681640398
0.23807950973912845,-0.5635178434231237,-0.013701381567478845,-0.5023687797728397,0.09059349905847651,-0.7112547498795716,-0.025692191407616416,0.261411423620763,0.5427330718616332,0.37210603324426156,-0.051280522612206385,-0.05924697087785043,0.2696372395900696,0.3841464232150507,1.3026520577388445,-0.3316349147031301,-0.515712574902289,-0.3227585585671573,0.24599203822730933,-0.5118666843945888,0.8426046047327015,0.7118244551669513,-0.10662511945134415,0.10799633296704439,-0.8302347313695445,-0.5176361382674345,0.1750862681640398
0.12996340296347736,-0.5635178434231237,0.4549205550822349,-0.5088990712674761,0.25427413202799876,-0.739773575415806,0.005043332783580066,1.1122140337503552,0.23848452655712002,0.6063951059847329,-0.8322385270676109,-1.8851416422431408,0.48104225930861605,0.513790593148174,-0.5491741543837405,-0.37114450639307095,0.3322655652536769,0.3322294051322786,0.003765184258581173,-0.5542204979372065,1.3193068377984343,0.7118244551669513,-0.22696809052800804,-0.6998832120965062,-0.8302347313695445,-1.611145963464367,0.07656219735181215
0.12996340296347736,-0.5635178434231237,0.4549205550822349,-0.5088990712674761,0.25427413202799876,-0.739773575415806,0.005043332783580066,1.1122140337503552,0.23848452655712002,0.6063951059847329,-0.8322385270676109,-1.8851416422431408,0.48104225930861605,0.513790593148174,-0.5491741543837405,-0.37114450639307095,0.3322655652536769,0.3322294051322786,0.003765184258581173,-0.5542204979372065,1.3193068377984343,0.7118244551669513,-0.22696809052800804,-0.6998832120965062,-0.8302347313695445,-1.611145963464367,0.07656219735181215
0.8867761503930365,0.7103311182677462,-0.08064737251743795,-0.16061685822020338,-0.17149069300880904,-0.2590276592335674,-0.5899085997745804,-0.5893911865088293,1.2570557434461425,0.0032253655252216973,0.09139449743253099,0.24887275491504232,-0.5231315843544796,-0.2640744264505649,0.4306280742525479,-0.21310613963330757,-0.20974108103157957,-0.10950666340920186,0.4478477498679161,-0.3000976166815005,0.6225881894715939,0.09018590382205717,-0.14673944314356543,-0.4332829622255344,2.231586348012406,0.8089167644304839,0.48250714233361025
0.8867761503930365,0.7103311182677462,-0.08064737251743795,-0.16061685822020338,-0.17149069300880904,-0.2590276592335674,-0.5899085997745804,-0.5893911865088293,1.2570557434461425,0.0032253655252216973,0.09139449743253099,0.24887275491504232,-0.5231315843544796,-0.2640744264505649,0.4306280742525479,-0.21310613963330757,-0.20974108103157957,-0.10950666340920186,0.4478477498679161,-0.3000976166815005,0.6225881894715939,0.09018590382205717,-0.14673944314356543,-0.4332829622255344,2.231586348012406,0.8089167644304839,0.48250714233361025
0.8867761503930365,0.7873900519981603,-0.3400630874485295,-0.31081356259683973,-0.5156528440796974,-0.06754411634742151,-0.46916189759488,-0.3057903164656318,1.4422505101532377,-0.21112421166286907,0.6320577312862726,1.424292449606448,-0.5838126548292476,-0.2640744264505649,-2.5087786116563175,-0.25261573132324844,-0.47200236149218755,0.042816118846480754,0.6497034615085231,-0.25774380313888284,0.5981419211092486,0.09018590382205717,-0.06651079575912286,0.011050787559418239,0.19037229509110573,1.0778126230854674,0.6878313305828404
0.8867761503930365,0.7873900519981603,-0.3400630874485295,-0.31081356259683973,-0.5156528440796974,-0.06754411634742151,-0.46916189759488,-0.3057903164656318,1.4422505101532377,-0.21112421166286907,0.6320577312862726,1.424292449606448,-0.5838126548292476,-0.2640744264505649,-2.5087786116563175,-0.25261573132324844,-0.47200236149218755,0.042816118846480754,0.6497034615085231,-0.25774380313888284,0.5981419211092486,0.09018590382205717,-0.06651079575912286,0.011050787559418239,0.19037229509110573,1.0778126230854674,0.6878313305828404
0.8867761503930365,-0.5635178434231237,-0.31495834084229485,-0.3162554721757034,-0.34742714776285544,-0.3079170744385408,-0.4669665030097945,-0.3057903164656318,0.7411560361906634,-0.10394942306882367,-0.23901081214475556,0.06628328777851329,-0.49768468383280273,-0.037197129067599186,0.12688938337529834,-0.015558181183603827,-0.5856489163584511,-0.5207781754995443,0.24599203822730933,-0.045974735425794964,0.6103650552904215,0.09018590382205717,-0.06651079575912286,0.309966219232932,1.210979321551756,0.09186114135052803,0.5890404340586651
0.8867761503930365,-0.5635178434231237,-0.31495834084229485,-0.3162554721757034,-0.34742714776285544,-0.3079170744385408,-0.4669665030097945,-0.3057903164656318,0.7411560361906634,-0.10394942306882367,-0.23901081214475556,0.06628328777851329,-0.49768468383280273,-0.037197129067599186,0.12688938337529834,-0.015558181183603827,-0.5856489163584511,-0.5207781754995443,0.24599203822730933,-0.045974735425794964,0.6103650552904215,0.09018590382205717,-0.06651079575912286,0.309966219232932,1.210979321551756,0.09186114135052803,0.5890404340586651
0.8867761503930365,1.6740800781207597,0.9653837360756731,0.296503546404342,1.7731970315413006,-0.46816571316595373,-0.7589539828261611,-0.3057903164656318,1.2702839410680775,0.3970304026847372,-0.32912135112037916,-1.8166705920669426,-0.3645778195655698,-0.10201921403416082,-2.5087786116563175,-0.1340869562534259,1.3376004736860072,-0.5207781754995443,0.28636318055543075,-0.34245143022411817,1.3070837036172613,0.09018590382205717,-0.14673944314356543,-0.9018530983623938,-0.8302347313695445,-0.21288749845845323,0.16110894957658525
0.8867761503930365,1.6740800781207597,0.9653837360756731,0.296503546404342,1.7731970315413006,-0.46816571316595373,-0.7589539828261611,-0.3057903164656318,1.2702839410680775,0.3970304026847372,-0.32912135112037916,-1.8166705920669426,-0.3645778195655698,-0.10201921403416082,-2.5087786116563175,-0.1340869562534259,1.3376004736860072,-0.5207781754995443,0.28636318055543075,-0.34245143022411817,1.3070837036172613,0.09018590382205717,-0.14673944314356543,-0.9018530983623938,-0.8302347313695445,-0.21288749845845323,0.16110894957658525
0.8867761503930365,-0.17495685587655332,-0.28985359423606016,-0.525224800004067,-0.7857546467117275,-0.024086858387445134,0.10603148369751136,0.261411423620763,1.4554787077751727,-0.884082186555712,0.9699722524448612,1.8693542757517374,-0.5994722859195103,0.25450225328192744,1.9836146066410651,-0.37114450639307095,-0.8391681541370386,0.11897750997432206,1.1341571694459793,-0.25774380313888284,0.5248031160222127,0.7118244551669513,0.05383217531754103,2.935574740689471,-0.8302347313695445,1.2032973571244596,0.9704018958208609
0.8867761503930365,-0.17495685587655332,-0.28985359423606016,-0.525224800004067,-0.7857546467117275,-0.024086858387445134,0.10603148369751136,0.261411423620763,1.4554787077751727,-0.884082186555712,0.9699722524448612,1.8693542757517374,-0.5994722859195103,0.25450225328192744,1.9836146066410651,-0.37114450639307095,-0.8391681541370386,0.11897750997432206,1.1341571694459793,-0.25774380313888284,0.5248031160222127,0.7118244551669513,0.05383217531754103,2.935574740689471,-0.8302347313695445,1.2032973571244596,0.9704018958208609
0.6705439368417336,0.8875135111298396,-0.1224886168611624,0.02223130362961478,1.351927424726775,-0.5863151332446395,-0.6711381994227426,-0.8729920565520267,1.3761095220435606,0.5141749390549729,-0.1864463310756418,-0.11630617935801575,-0.19427933145896292,-0.426129638866969,-0.8774079009768972,-0.17359654794336674,0.46339620548398075,-0.0028807158302235998,0.3671054652116733,-0.17303617605364796,0.5981419211092486,0.09018590382205717,0.09394649900976233,-0.7483559848003192,-0.8302347313695445,0.988180670200473,0.10716807048652817
0.6705439368417336,0.8875135111298396,-0.1224886168611624,0.02223130362961478,1.351927424726775,-0.5863151332446395,-0.6711381994227426,-0.8729920565520267,1.3761095220435606,0.5141749390549729,-0.1864463310756418,-0.11630617935801575,-0.19427933145896292,-0.426129638866969,-0.8774079009768972,-0.17359654794336674,0.46339620548398075,-0.0028807158302235998,0.3671054652116733,-0.17303617605364796,0.5981419211092486,0.09018590382205717,0.09394649900976233,-0.7483559848003192,-0.8302347313695445,0.988180670200473,0.10716807048652817
0.12996340296347736,-0.15751594555308465,-0.674793042198325,-0.49583848827820337,-0.43451296280709495,-0.5401417966621646,-0.06520929393915476,-0.5893911865088293,1.0057199886293708,-0.29835950470453393,-0.04377131103090442,0.8537003648047948,-0.2921520257731048,-0.19925234148400328,0.6069924754070799,-0.3316349147031301,-0.6818113858606739,-0.13997121986033773,0.4074766075397947,-0.1306823625110303,0.4392411767540045,0.09018590382205717,-0.06651079575912286,0.8350879235242398,-0.8302347313695445,0.7013584209684905,0.7576796390037048
0.12996340296347736,-0.15751594555308465,-0.674793042198325,-0.49583848827820337,-0.43451296280709495,-0.5401417966621646,-0.06520929393915476,-0.5893911865088293,1.0057199886293708,-0.29835950470453393,-0.04377131103090442,0.8537003648047948,-0.2921520257731048,-0.19925234148400328,0.6069924754070799,-0.3316349147031301,-0.6818113858606739,-0.13997121986033773,0.4074766075397947,-0.1306823625110303,0.4392411767540045,0.09018590382205717,-0.06651079575912286,0.8350879235242398,-0.8302347313695445,0.7013584209684905,0.7576796390037048
0.7786600436173851,-0.5635178434231237,0.22897783562612292,-0.4620986488892488,-0.42606495996908617,-0.46952375247720296,-0.18376060153376975,0.5450122936639604,0.9263508028977586,-0.24851076582358256,0.08388528585122902,-0.18477722953421413,-0.35870545790672126,0.3517353807317699,0.7588618208457046,1.4067871196542654,-0.43703419076410643,-0.3684553932438617,-0.15771938505390443,1.097578230224881,1.1726292276243626,0.09018590382205717,0.09394649900976233,-0.09397355329884324,0.19037229509110573,-0.46385696653643776,0.7190996574163839
0.7786600436173851,-0.5635178434231237,0.22897783562612292,-0.4620986488892488,-0.42606495996908617,-0.46952375247720296,-0.18376060153376975,0.5450122936639604,0.9263508028977586,-0.24851076582358256,0.08388528585122902,-0.18477722953421413,-0.35870545790672126,0.3517353807317699,0.7588618208457046,1.4067871196542654,-0.43703419076410643,-0.3684553932438617,-0.15771938505390443,1.097578230224881,1.1726292276243626,0.09018590382205717,0.09394649900976233,-0.09397355329884324,0.19037229509110573,-0.46385696653643776,0.7190996574163839
0.8867761503930365,-0.5635178434231237,0.6557585279321122,-0.16605876779906703,-0.06793857528364221,-0.3255715854847812,-0.5174605784667601,0.8286131637071579,0.6617868504590513,0.06553628912641087,-0.46428715958381456,-1.5998455998423142,-0.40959925895007504,0.15726912583208572,0.12688938337529834,-0.21310613963330757,0.7256574859445886,-0.5512427319506812,0.7304457461647654,-0.3000976166815005,0.5859187869280762,0.09018590382205717,-0.42753970898911453,-0.7968287575041323,1.210979321551756,0.03808196961953134,0.42067574785125056
0.8867761503930365,-0.5635178434231237,0.6557585279321122,-0.16605876779906703,-0.06793857528364221,-0.3255715854847812,-0.5174605784667601,0.8286131637071579,0.6617868504590513,0.06553628912641087,-0.46428715958381456,-1.5998455998423142,-0.40959925895007504,0.15726912583208572,0.12688938337529834,-0.21310613963330757,0.7256574859445886,-0.5512427319506812,0.7304457461647654,-0.3000976166815005,0.5859187869280762,0.09018590382205717,-0.42753970898911453,-0.7968287575041323,1.210979321551756,0.03808196961953134,0.42067574785125056
0.7786600436173851,-0.5635178434231237,-0.3484313363172744,-0.5829090415400215,-0.7802527416777544,-0.2576696199223181,0.7580636754678939,0.261411423620763,0.7146996409467927,-1.437403188134272,-0.21648317740084966,0.14616617965074474,-0.4526632444482975,0.22209121079864663,0.12688938337529834,-0.48967328146289346,-0.8391681541370386,-0.5360104537251128,0.28636318055543075,-0.3000976166815005,0.6103650552904215,0.4010051794945042,0.05383217531754103,2.935574740689471,-0.8302347313695445,0.07393475077352914,0.9966982650219125
0.7786600436173851,-0.5635178434231237,-0.3484313363172744,-0.5829090415400215,-0.7802527416777544,-0.2576696199223181,0.7580636754678939,0.261411423620763,0.7146996409467927,-1.437403188134272,-0.21648317740084966,0.14616617965074474,-0.4526632444482975,0.22209121079864663,0.12688938337529834,-0.48967328146289346,-0.8391681541370386,-0.5360104537251128,0.28636318055543075,-0.3000976166815005,0.6103650552904215,0.4010051794945042,0.05383217531754103,2.935574740689471,-0.8302347313695445,0.07393475077352914,0.9966982650219125
0.8867761503930365,2.136572344984613,0.13692709806992914,-0.3870002967009306,4.432267434684719,-0.8090335802895184,-0.24303625533107726,0.5450122936639604,1.1115455696048537,4.52201354508346,0.27161557538377823,0.2260490715229762,3.335010025508993,-0.0047860865843183656,0.4306280742525479,-0.2921253230131893,-0.8216840687729982,-0.5207781754995443,0.7304457461647654,-1.6130658365026471,1.1604060934431897,0.09018590382205717,-0.10662511945134415,2.531634968157696,-0.8302347313695445,-0.21288749845845323,1.2469252630268726e-08
0.8867761503930365,2.136572344984613,0.13692709806992914,-0.3870002967009306,4.432267434684719,-0.8090335802895184,-0.24303625533107726,0.5450122936639604,1.1115455696048537,4.52201354508346,0.27161557538377823,0.2260490715229762,3.335010025508993,-0.0047860865843183656,0.4306280742525479,-0.2921253230131893,-0.8216840687729982,-0.5207781754995443,0.7304457461647654,-1.6130658365026471,1.1604060934431897,0.09018590382205717,-0.10662511945134415,2.531634968157696,-0.8302347313695445,-0.21288749845845323,1.2469252630268726e-08
0.6705439368417336,-0.17757607385799293,-0.4237455761359784,-0.11490481775774884,1.4553550355014453,-0.6637233739858474,-0.5525868918281276,-0.5893911865088293,1.018948186251306,0.8431766156692517,-0.2915752932138693,0.13475433795471167,0.16980709138964487,-0.037197129067599186,-1.271876133524976,-0.21310613963330757,6.932507790178976,-0.2313648892137475,0.6900746038366445,-0.5965743114798242,0.5492493843845581,0.09018590382205717,-0.02639647206690156,-1.0715078028257394,-0.8302347313695445,0.5758736869294983,0.03106848415966741
0.6705439368417336,-0.17757607385799293,-0.4237455761359784,-0.11490481775774884,1.4553550355014453,-0.6637233739858474,-0.5525868918281276,-0.5893911865088293,1.018948186251306,0.8431766156692517,-0.2915752932138693,0.13475433795471167,0.16980709138964487,-0.037197129067599186,-1.271876133524976,-0.21310613963330757,6.932507790178976,-0.2313648892137475,0.6900746038366445,-0.5965743114798242,0.5492493843845581,0.09018590382205717,-0.02639647206690156,-1.0715078028257394,-0.8302347313695445,0.5758736869294983,0.03106848415966741
0.8867761503930365,-0.5635178434231237,0.01977161390750071,0.5424778593689784,0.9974263211560402,-0.08655666670491118,-0.7765171395068448,-1.1565929265952242,0.8734380124100172,0.2051127579930746,0.008793170038209354,-0.013599604093718168,-0.530961399899611,-0.5881848512833731,0.12688938337529834,-0.1340869562534259,-0.017416142027133992,-0.04857755050692795,0.48821889219603753,-0.3000976166815005,0.2436710298552422,-3.3288261285748604,0.17417514639420403,-0.5140709167318895,0.19037229509110573,0.8268431550074828,0.29317777890643243
0.8867761503930365,-0.5635178434231237,0.01977161390750071,0.5424778593689784,0.9974263211560402,-0.08655666670491118,-0.7765171395068448,-1.1565929265952242,0.8734380124100172,0.2051127579930746,0.008793170038209354,-0.013599604093718168,-0.530961399899611,-0.5881848512833731,0.12688938337529834,-0.1340869562534259,-0.017416142027133992,-0.04857755050692795,0.48821889219603753,-0.3000976166815005,0.2436710298552422,-3.3288261285748604,0.17417514639420403,-0.5140709167318895,0.19037229509110573,0.8268431550074828,0.29317777890643243
0.8867761503930365,-0.17403242600075106,0.30429207544482695,0.19419564632170566,-0.48024261320593803,0.7038222124421591,-0.7282184586349646,0.261411423620763,1.243827545824207,-0.08151749057239557,0.44432744175372346,0.2602845966110754,-0.7130046113239149,-0.037197129067599186,1.606390748616094,-0.17359654794336674,-0.7430056846348158,-0.3227585585671573,0.6497034615085231,-0.21538998959626515,0.8303814705515286,0.09018590382205717,-0.22696809052800804,1.3198156505623702,1.210979321551756,0.4683153434675048,0.5670929049654543
0.8867761503930365,-0.17403242600075106,0.30429207544482695,0.19419564632170566,-0.48024261320593803,0.7038222124421591,-0.7282184586349646,0.261411423620763,1.243827545824207,-0.08151749057239557,0.44432744175372346,0.2602845966110754,-0.7130046113239149,-0.037197129067599186,1.606390748616094,-0.17359654794336674,-0.7430056846348158,-0.3227585585671573,0.6497034615085231,-0.21538998959626515,0.8303814705515286,0.09018590382205717,-0.22696809052800804,1.3198156505623702,1.210979321551756,0.4683153434675048,0.5670929049654543
0.8867761503930365,0.20925160767144835,-0.46558682047970285,-0.34455340198579426,-0.486327474718153,-0.18433549711485803,-0.3242658549792394,-0.02218944642243442,0.9660353957635645,-0.2534956397116777,-0.2315016005634536,0.28310828000314153,-0.48789741440138856,-0.2640744264505649,-0.059273040065596326,-0.25261573132324844,-0.5681648309944105,-0.18566805453704316,0.5689611768522803,-0.4271590573093535,0.4636874451163498,-0.8422719231952839,-0.4676540326813358,0.26957224197975466,0.19037229509110573,0.6296528586604949,0.7231218051243898
0.8867761503930365,0.20925160767144835,-0.46558682047970285,-0.34455340198579426,-0.486327474718153,-0.18433549711485803,-0.3242658549792394,-0.02218944642243442,0.9660353957635645,-0.2534956397116777,-0.2315016005634536,0.28310828000314153,-0.48789741440138856,-0.2640744264505649,-0.059273040065596326,-0.25261573132324844,-0.5681648309944105,-0.18566805453704316,0.5689611768522803,-0.4271590573093535,0.4636874451163498,-0.8422719231952839,-0.4676540326813358,0.26957224197975466,0.19037229509110573,0.6296528586604949,0.7231218051243898
0.8867761503930365,0.20996804082519505,-0.4739550693484477,-0.38047000520629426,-0.41661296626042843,-0.34186805721977237,-0.2540132282565046,-0.5893911865088293,0.8469816171661464,-0.2161090855509642,-0.2915752932138693,0.20322538813091007,-0.39589708174609517,-0.13443025651744164,0.7588618208457046,-0.2921253230131893,-0.49822848953824833,-0.45984906259727143,-0.07697710039766162,-0.34245143022411817,0.8303814705515286,0.09018590382205717,-0.4676540326813358,0.10799633296704439,0.19037229509110573,-0.06947637384246204,0.6921095043017882
0.8867761503930365,0.20996804082519505,-0.4739550693484477,-0.38047000520629426,-0.41661296626042843,-0.34186805721977237,-0.2540132282565046,-0.5893911865088293,0.8469816171661464,-0.2161090855509642,-0.2915752932138693,0.20322538813091007,-0.39589708174609517,-0.13443025651744164,0.7588618208457046,-0.2921253230131893,-0.49822848953824833,-0.45984906259727143,-0.07697710039766162,-0.34245143022411817,0.8303814705515286,0.09018590382205717,-0.4676540326813358,0.10799633296704439,0.19037229509110573,-0.06947637384246204,0.6921095043017882
0.6705439368417336,-0.5635178434231237,0.1034541025949496,0.12018567604916022,2.02176732157113,-0.6379206270721114,-0.644793464401717,-0.3057903164656318,0.6088740599713097,0.8282219940049663,-0.44175952483990866,-0.8124285228160326,0.07584930484806866,-0.19925234148400328,0.9499232554297805,-0.17359654794336674,0.9879187664051967,-0.444616784371703,0.4478477498679161,-0.4271590573093535,0.7814889338268379,-0.5314526475228368,-0.14673944314356543,-0.8372227347573097,-0.8302347313695445,-0.3204458419204466,0.032926394798136256
0.6705439368417336,-0.5635178434231237,0.1034541025949496,0.12018567604916022,2.02176732157113,-0.6379206270721114,-0.644793464401717,-0.3057903164656318,0.6088740599713097,0.8282219940049663,-0.44175952483990866,-0.8124285228160326,0.07584930484806866,-0.19925234148400328,0.9499232554297805,-0.17359654794336674,0.9879187664051967,-0.444616784371703,0.4478477498679161,-0.4271590573093535,0.7814889338268379,-0.5314526475228368,-0.14673944314356543,-0.8372227347573097,-0.8302347313695445,-0.3204458419204466,0.032926394798136256
0.8867761503930365,-0.5635178434231237,-0.8086850240982433,-0.48386628720470337,-0.0931994712739394,-0.6542170988071025,0.020411094879178308,-0.8729920565520267,0.5295048742396975,0.14030939744783788,-0.1639186963317359,0.8537003648047948,0.12870055977770528,-0.16684129900072245,0.7588618208457046,-0.3316349147031301,-0.515712574902289,-0.4293845061461345,0.16524975357106655,-0.46951287085197113,0.32923296912345096,0.09018590382205717,-0.2670824142202293,0.14839031022022178,0.19037229509110573,0.2352722659665192,0.34978145142617295
0.8867761503930365,-0.5635178434231237,-0.8086850240982433,-0.48386628720470337,-0.0931994712739394,-0.6542170988071025,0.020411094879178308,-0.8729920565520267,0.5295048742396975,0.14030939744783788,-0.1639186963317359,0.8537003648047948,0.12870055977770528,-0.16684129900072245,0.7588618208457046,-0.3316349147031301,-0.515712574902289,-0.4293845061461345,0.16524975357106655,-0.46951287085197113,0.32923296912345096,0.09018590382205717,-0.2670824142202293,0.14839031022022178,0.19037229509110573,0.2352722659665192,0.34978145142617295
0.8867761503930365,-0.5635178434231237,0.44655230621349,-0.30754841684952156,-0.6029658440303937,0.13616178033996776,-0.37475993043620504,0.5450122936639604,0.9792635933855001,-0.3232838741450096,0.7146590586805943,0.47710958883570365,-0.5877275626018132,0.25450225328192744,1.3418441468842959,-0.25261573132324844,-0.43703419076410643,-0.5969395666273856,0.6093323191804018,-0.25774380313888284,0.964835946544428,0.09018590382205717,0.09394649900976233,-0.053579576045665864,-0.8302347313695445,-0.08740276441946095,0.7755640142690734
0.8867761503930365,-0.5635178434231237,0.44655230621349,-0.30754841684952156,-0.6029658440303937,0.13616178033996776,-0.37475993043620504,0.5450122936639604,0.9792635933855001,-0.3232838741450096,0.7146590586805943,0.47710958883570365,-0.5877275626018132,0.25450225328192744,1.3418441468842959,-0.25261573132324844,-0.43703419076410643,-0.5969395666273856,0.6093323191804018,-0.25774380313888284,0.964835946544428,0.09018590382205717,0.09394649900976233,-0.053579576045665864,-0.8302347313695445,-0.08740276441946095,0.7755640142690734
0.8867761503930365,-0.5435193437766023,-0.07227912364869307,0.12562758562802387,1.1997673359497654,-0.5360676787284168,-0.6513796481569734,-0.3057903164656318,0.6088740599713097,0.5042051912787826,-0.2915752932138693,-0.34454301327867703,-0.18449206202754873,-0.13443025651744164,-0.5491741543837405,-0.17359654794336674,-0.10483656884733651,-0.3532231150182932,0.16524975357106655,-0.3848052437667358,0.891497141457392,0.09018590382205717,-0.18685376683578675,-0.4575193485774409,-0.8302347313695445,-0.48178335711343667,0.11105596671140756
0.8867761503930365,-0.5435193437766023,-0.07227912364869307,0.12562758562802387,1.1997673359497654,-0.5360676787284168,-0.6513796481569734,-0.3057903164656318,0.6088740599713097,0.5042051912787826,-0.2915752932138693,-0.34454301327867703,-0.18449206202754873,-0.13443025651744164,-0.5491741543837405,-0.17359654794336674,-0.10483656884733651,-0.3532231150182932,0.16524975357106655,-0.3848052437667358,0.891497141457392,0.09018590382205717,-0.18685376683578675,-0.4575193485774409,-0.8302347313695445,-0.48178335711343667,0.11105596671140756
0.8867761503930365,0.5958866996434309,0.6975997722758367,-0.040894847485203396,-0.4753104739056644,0.3249292446036151,-0.5899085997745804,0.5450122936639604,1.3628813244216256,-0.13635110334144204,0.37674453752200576,-0.3787785383667762,-0.6327490019863186,0.060035998382243265,0.2150715839525645,-0.3316349147031301,-0.454518276128147,-0.5512427319506812,0.6093323191804018,-0.21538998959626515,1.355976240341952,0.09018590382205717,-0.42753970898911453,-0.01318559879248812,1.210979321551756,-0.15910832672745653,0.6201064323430902
0.8867761503930365,0.5958866996434309,0.6975997722758367,-0.040894847485203396,-0.4753104739056644,0.3249292446036151,-0.5899085997745804,0.5450122936639604,1.3628813244216256,-0.13635110334144204,0.37674453752200576,-0.3787785383667762,-0.6327490019863186,0.060035998382243265,0.2150715839525645,-0.3316349147031301,-0.454518276128147,-0.5512427319506812,0.6093323191804018,-0.21538998959626515,1.355976240341952,0.09018590382205717,-0.42753970898911453,-0.01318559879248812,1.210979321551756,-0.15910832672745653,0.6201064323430902
0.8867761503930365,-0.5635178434231237,0.9319107406006936,-0.09966747093693067,0.269442560435653,-0.4287825731397251,-0.5591730755833839,0.8286131637071579,0.8469816171661464,0.2275446904895027,0.053848439526021155,-1.1890192987851238,-0.3195563801810645,0.15726912583208572,0.5531033528320839,-0.21310613963330757,0.15742471161327143,-0.15520349808590622,0.6900746038366445,-0.34245143022411817,1.3804225087042972,0.09018590382205717,-0.02639647206690156,-0.619095257590151,0.19037229509110573,-0.8761639498074124,0.2748805022101769
0.8867761503930365,-0.5635178434231237,0.9319107406006936,-0.09966747093693067,0.269442560435653,-0.4287825731397251,-0.5591730755833839,0.8286131637071579,0.8469816171661464,0.2275446904895027,0.053848439526021155,-1.1890192987851238,-0.3195563801810645,0.15726912583208572,0.5531033528320839,-0.21310613963330757,0.15742471161327143,-0.15520349808590622,0.6900746038366445,-0.34245143022411817,1.3804225087042972,0.09018590382205717,-0.02639647206690156,-0.619095257590151,0.19037229509110573,-0.8761639498074124,0.2748805022101769
-2.0323587325495485,-0.5635178434231237,-2.1894460874411497,-0.6275327000867034,-0.6964724266882704,-0.6745876884758415,1.9743122756052405,-2.0073955367248164,0.5559612694835683,-2.1253157846914004,-0.17142790791303786,2.7252424029542173,0.09150893593833136,-0.9771173610827422,1.131186667727494,0.14248018557615952,-0.7867158980449172,0.8348945865760308,0.12487861124294515,0.9281629760544104,-0.7464028388197411,-2.0855490258850717,-0.02639647206690156,1.4813915595750804,-0.8302347313695445,1.8486474178964198,0.9997903790467937
-2.0323587325495485,-0.5635178434231237,-2.1894460874411497,-0.6275327000867034,-0.6964724266882704,-0.6745876884758415,1.9743122756052405,-2.0073955367248164,0.5559612694835683,-2.1253157846914004,-0.17142790791303786,2.7252424029542173,0.09150893593833136,-0.9771173610827422,1.131186667727494,0.14248018557615952,-0.7867158980449172,0.8348945865760308,0.12487861124294515,0.9281629760544104,-0.7464028388197411,-2.0855490258850717,-0.02639647206690156,1.4813915595750804,-0.8302347313695445,1.8486474178964198,0.9997903790467937
-2.0323587325495485,-0.5635178434231237,-1.9132938747725685,-0.629932044323264,0.058997827340359105,-0.8076755409782691,2.537492596408049,-2.4327968417896124,-1.4811811642944763,0.794728740357549,-2.2664979390962867,-0.8352522062080988,2.8241145611891727,-1.203994658465708,-1.6318556170268392,-2.820739191169401,-0.47200236149218755,3.256826824441385,-1.1266268009288172,-0.4271590573093535,-2.799889381256743,-2.396368301557519,-1.2298261828335395,-0.053579576045665864,-0.8302347313695445,2.099616885974404,0.05094503698423272
-2.0323587325495485,-0.5635178434231237,-1.9132938747725685,-0.629932044323264,0.058997827340359105,-0.8076755409782691,2.537492596408049,-2.4327968417896124,-1.4811811642944763,0.794728740357549,-2.2664979390962867,-0.8352522062080988,2.8241145611891727,-1.203994658465708,-1.6318556170268392,-2.820739191169401,-0.47200236149218755,3.256826824441385,-1.1266268009288172,-0.4271590573093535,-2.799889381256743,-2.396368301557519,-1.2298261828335395,-0.053579576045665864,-0.8302347313695445,2.099616885974404,0.05094503698423272
0.6705439368417336,-0.5635178434231237,-1.3693576983041509,-0.6199140266762942,-0.14783193710905077,-0.7954531871770258,1.4759577047908403,-1.1565929265952242,0.04006156222808979,0.18766569938474162,-1.2752820103644271,-0.0706588125738835,1.4636841102226006,-0.2316633839672841,-0.5491741543837405,0.4585569190956858,0.7256574859445886,-0.3227585585671573,-0.15771938505390443,0.33520958645776405,-0.1841386664857995,0.09018590382205717,-0.5077683563735571,-0.8291439393066742,0.19037229509110573,0.32490421885151366,0.3078904956982118
0.6705439368417336,-0.5635178434231237,-1.3693576983041509,-0.6199140266762942,-0.14783193710905077,-0.7954531871770258,1.4759577047908403,-1.1565929265952242,0.04006156222808979,0.18766569938474162,-1.2752820103644271,-0.0706588125738835,1.4636841102226006,-0.2316633839672841,-0.5491741543837405,0.4585569190956858,0.7256574859445886,-0.3227585585671573,-0.15771938505390443,0.33520958645776405,-0.1841386664857995,0.09018590382205717,-0.5077683563735571,-0.8291439393066742,0.19037229509110573,0.32490421885151366,0.3078904956982118
-2.0323587325495485,-0.5635178434231237,-1.5534591734165384,-0.621002408592067,0.1760756012654053,-0.8063175016670199,1.5286471748328916,-0.8729920565520267,-2.010309069171891,1.3665883739192408,-1.710816282079941,-0.48148511363107377,2.436538691705171,-0.2316633839672841,-1.528976383020029,0.41904732740574496,0.8130779127647912,1.5508116631777396,-0.6421730929913606,-0.25774380313888284,-0.48971702101511533,-0.8422719231952839,-1.0693688880646544,-0.8372227347573097,-0.8302347313695445,-2.005526556158343,0.003911169526191869
-2.0323587325495485,-0.5635178434231237,-1.5534591734165384,-0.621002408592067,0.1760756012654053,-0.8063175016670199,1.5286471748328916,-0.8729920565520267,-2.010309069171891,1.3665883739192408,-1.710816282079941,-0.48148511363107377,2.436538691705171,-0.2316633839672841,-1.528976383020029,0.41904732740574496,0.8130779127647912,1.5508116631777396,-0.6421730929913606,-0.25774380313888284,-0.48971702101511533,-0.8422719231952839,-1.0693688880646544,-0.8372227347573097,-0.8302347313695445,-2.005526556158343,0.003911169526191869
0.12996340296347736,-0.5635178434231237,-0.524164562560917,-0.5513459659826124,2.0141229027683702,-0.8090335802895184,0.2882492342596048,-0.02218944642243442,-1.203389014233834,3.918843804623949,-1.8309636673807725,-2.06773110937967,3.335010025508993,0.15726912583208572,-0.8774079009768972,0.8931624276850346,1.5124413273264121,1.3832566026964883,-0.9651422316163316,-0.808343379192912,0.6592575920151121,0.09018590382205717,-0.9891402406802118,-0.9341682801649358,-0.8302347313695445,-2.5970974451993065,1.4022744292651565e-07
0.12996340296347736,-0.5635178434231237,-0.524164562560917,-0.5513459659826124,2.0141229027683702,-0.8090335802895184,0.2882492342596048,-0.02218944642243442,-1.203389014233834,3.918843804623949,-1.8309636673807725,-2.06773110937967,3.335010025508993,0.15726912583208572,-0.8774079009768972,0.8931624276850346,1.5124413273264121,1.3832566026964883,-0.9651422316163316,-0.808343379192912,0.6592575920151121,0.09018590382205717,-0.9891402406802118,-0.9341682801649358,-0.8302347313695445,-2.5970974451993065,1.4022744292651565e-07
0.23807950973912845,0.3253831108191029,-0.6413200467233455,-0.6122953532658851,-0.2639441887504051,-0.7737245581970376,1.1905564087297302,-0.02218944642243442,0.2517127241790551,-0.19866202694263124,-0.39670425535209686,0.27169643830710843,0.9058097526319918,-0.0047860865843183656,-0.5736858539317752,-0.7662404232924789,-0.47200236149218755,-0.4750813408228399,-1.570709366538152,-0.8930510062781474,0.40257177421048684,0.09018590382205717,0.05383217531754103,-0.053579576045665864,0.19037229509110573,-0.248740279612451,0.676995856238523
0.23807950973912845,0.3253831108191029,-0.6413200467233455,-0.6122953532658851,-0.2639441887504051,-0.7737245581970376,1.1905564087297302,-0.02218944642243442,0.2517127241790551,-0.19866202694263124,-0.39670425535209686,0.27169643830710843,0.9058097526319918,-0.0047860865843183656,-0.5736858539317752,-0.7662404232924789,-0.47200236149218755,-0.4750813408228399,-1.570709366538152,-0.8930510062781474,0.40257177421048684,0.09018590382205717,0.05383217531754103,-0.053579576045665864,0.19037229509110573,-0.248740279612451,0.676995856238523
-1.059313771568687,-0.5635178434231237,-0.5911105535108762,-0.5883509511188851,0.47817454778223994,-0.8022433837332721,0.6768340758197318,-0.02218944642243442,-1.137248026124157,1.5934001358275693,-1.4780307230595802,-1.4400798160978512,1.855174887479168,0.25450225328192744,-1.284025825860957,-0.6872212399125972,0.8130779127647912,0.6368749696436438,-0.5210596660069966,-1.2318815146190885,-0.03746105631172832,0.09018590382205717,-0.38742538529689324,-0.8372227347573097,-0.8302347313695445,-1.4856612294253748,0.001578028060403861
-1.059313771568687,-0.5635178434231237,-0.5911105535108762,-0.5883509511188851,0.47817454778223994,-0.8022433837332721,0.6768340758197318,-0.02218944642243442,-1.137248026124157,1.5934001358275693,-1.4780307230595802,-1.4400798160978512,1.855174887479168,0.25450225328192744,-1.284025825860957,-0.6872212399125972,0.8130779127647912,0.6368749696436438,-0.5210596660069966,-1.2318815146190885,-0.03746105631172832,0.09018590382205717,-0.38742538529689324,-0.8372227347573097,-0.8302347313695445,-1.4856612294253748,0.001578028060403861
-0.7349654512417332,-0.5635178434231237,-1.2689387118792121,-0.609030207518567,0.09761632455019044,-0.7995273051107735,1.109326809081568,-0.02218944642243442,-1.1901608166118987,0.8930253545502032,-1.6056873199417137,-0.7097219475517351,1.6907487610314098,-0.16684129900072245,-1.284025825860957,-0.7662404232924789,-0.06112635543723516,0.6216426914180754,-0.5614308083351179,-1.147173887533853,-0.11079986139876419,0.09018590382205717,-0.6682256511424423,-0.538307303083796,-0.8302347313695445,-1.4498084482713771,0.025580788312007684
-0.7349654512417332,-0.5635178434231237,-1.2689387118792121,-0.609030207518567,0.09761632455019044,-0.7995273051107735,1.109326809081568,-0.02218944642243442,-1.1901608166118987,0.8930253545502032,-1.6056873199417137,-0.7097219475517351,1.6907487610314098,-0.16684129900072245,-1.284025825860957,-0.7662404232924789,-0.06112635543723516,0.6216426914180754,-0.5614308083351179,-1.147173887533853,-0.11079986139876419,0.09018590382205717,-0.6682256511424423,-0.538307303083796,-0.8302347313695445,-1.4498084482713771,0.025580788312007684
-2.0323587325495485,-0.5635178434231237,-1.2522022141417224,-0.6318862277497943,-0.4389698725717698,-0.7927371085545273,2.573654997333572,-0.9580723175649859,-0.4758381450273893,-1.2305309217783238,-1.065024086087972,0.08910697117057942,1.3286197920690848,-0.10201921403416082,-0.059273040065596326,-1.2403555235717685,-0.620617087086532,-0.3227585585671573,-0.3192039543663898,-1.0201124469060003,-0.1596923981234542,0.09018590382205717,-0.18685376683578675,0.39075417373928717,-0.8302347313695445,-0.4100777948054411,0.9924602654416266
-2.0323587325495485,-0.5635178434231237,-1.2522022141417224,-0.6318862277497943,-0.4389698725717698,-0.7927371085545273,2.573654997333572,-0.9580723175649859,-0.4758381450273893,-1.2305309217783238,-1.065024086087972,0.08910697117057942,1.3286197920690848,-0.10201921403416082,-0.059273040065596326,-1.2403555235717685,-0.620617087086532,-0.3227585585671573,-0.3192039543663898,-1.0201124469060003,-0.1596923981234542,0.09018590382205717,-0.18685376683578675,0.39075417373928717,-0.8302347313695445,-0.4100777948054411,0.9924602654416266
-1.059313771568687,-0.5635178434231237,-1.1183102322418041,-0.6318862277497943,-0.32362747399823333,-0.8022433837332721,2.672447753662418,-1.1565929265952242,-1.124019828502222,-0.6497931138152407,-1.5230859925473919,-0.7896048394239665,1.8727919724557136,-0.19925234148400328,-0.8774079009768972,-1.2403555235717685,-0.0786104408012757,0.5302490220646655,-0.3999462390226326,-1.2318815146190885,-0.12302299557993655,0.09018590382205717,-0.5077683563735571,-0.522149712182525,-0.8302347313695445,-1.3422501048093836,0.9275735146384823
-1.059313771568687,-0.5635178434231237,-1.1183102322418041,-0.6318862277497943,-0.32362747399823333,-0.8022433837332721,2.672447753662418,-1.1565929265952242,-1.124019828502222,-0.6497931138152407,-1.5230859925473919,-0.7896048394239665,1.8727919724557136,-0.19925234148400328,-0.8774079009768972,-1.2403555235717685,-0.0786104408012757,0.5302490220646655,-0.3999462390226326,-1.2318815146190885,-0.12302299557993655,0.09018590382205717,-0.5077683563735571,-0.522149712182525,-0.8302347313695445,-1.3422501048093836,0.9275735146384823
0.12996340296347736,-0.5635178434231237,-0.4739550693484477,-0.585085805371567,0.10697959262232941,-0.7845888726870317,0.630730789532937,-0.3057903164656318,0.19879993369131363,0.6986152729144929,-0.3441397742829831,0.12334249625867862,1.1113424106916898,0.060035998382243265,-0.955084778779677,-0.6477116482226564,-0.017416142027133992,-0.12473894163476926,0.003765184258581173,-0.935404819820765,-0.2330312032104901,0.09018590382205717,0.09394649900976233,-0.5787012803369737,-0.8302347313695445,0.6117264680834961,0.05416670048123607
0.12996340296347736,-0.5635178434231237,-0.4739550693484477,-0.585085805371567,0.10697959262232941,-0.7845888726870317,0.630730789532937,-0.3057903164656318,0.19879993369131363,0.6986152729144929,-0.3441397742829831,0.12334249625867862,1.1113424106916898,0.060035998382243265,-0.955084778779677,-0.6477116482226564,-0.017416142027133992,-0.12473894163476926,0.003765184258581173,-0.935404819820765,-0.2330312032104901,0.09018590382205717,0.09394649900976233,-0.5787012803369737,-0.8302347313695445,0.6117264680834961,0.05416670048123607
-2.0323587325495485,-0.040013204756323396,-1.5367226756790486,-0.6035882979397034,0.8996362294536971,-0.8090335802895184,0.9973616852422094,-1.7237946666816188,-1.0049660499048034,3.113786671696585,-1.7708899747303568,-0.5956035305914045,3.335010025508993,-0.6854179787332149,-2.5087786116563175,-0.726730831602538,-0.1398047395754176,-0.1704357763114747,-0.682544235319482,-1.7401272771304999,-0.5752789602833241,0.09018590382205717,-0.9490259169879904,-0.4979133258306185,-0.8302347313695445,-0.5355625288444334,3.5448895859034296e-06
-2.0323587325495485,-0.040013204756323396,-1.5367226756790486,-0.6035882979397034,0.8996362294536971,-0.8090335802895184,0.9973616852422094,-1.7237946666816188,-1.0049660499048034,3.113786671696585,-1.7708899747303568,-0.5956035305914045,3.335010025508993,-0.6854179787332149,-2.5087786116563175,-0.726730831602538,-0.1398047395754176,-0.1704357763114747,-0.682544235319482,-1.7401272771304999,-0.5752789602833241,0.09018590382205717,-0.9490259169879904,-0.4979133258306185,-0.8302347313695445,-0.5355625288444334,3.5448895859034296e-06
0.23807950973912845,-0.5635178434231237,-1.43630368925411,-0.6006498091755321,-0.6650157679480438,-0.5754508187546454,1.213544157262071,-1.1337148351141741,0.23848452655712002,-1.5586342582684587,-0.44175952483990866,1.2873503492540512,-0.21581132420807414,-4.283043694377382,-2.5087786116563175,-2.820739191169401,-0.8828783675471399,6.242353356652764,-0.1980905273820256,-0.5965743114798242,-3.508831163764756,-0.22063337185038984,0.05383217531754103,3.7434542857530215,-0.8302347313695445,5.469778314450197,0.9986067319833485
0.23807950973912845,-0.5635178434231237,-1.43630368925411,-0.6006498091755321,-0.6650157679480438,-0.5754508187546454,1.213544157262071,-1.1337148351141741,0.23848452655712002,-1.5586342582684587,-0.44175952483990866,1.2873503492540512,-0.21581132420807414,-4.283043694377382,-2.5087786116563175,-2.820739191169401,-0.8828783675471399,6.242353356652764,-0.1980905273820256,-0.5965743114798242,-3.508831163764756,-0.22063337185038984,0.05383217531754103,3.7434542857530215,-0.8302347313695445,5.469778314450197,0.9986067319833485
-2.0323587325495485,-0.5635178434231237,-0.750107282017029,-0.6003231521923852,1.032963807547002,-0.8090335802895184,0.92930445310456,-0.3057903164656318,-2.870141914597689,3.365522803045389,-1.8985465716124903,-1.8623179588510748,3.4720317975487918,0.060035998382243265,-1.9091476735146646,-0.726730831602538,5.40265032082543,4.033673013945366,-0.9651422316163316,-1.7401272771304999,0.17033222476820634,-0.8422719231952839,-1.430397801294646,-1.0795865982763748,-0.8302347313695445,-4.138767034821211,1.2911189775612279e-06
-2.0323587325495485,-0.5635178434231237,-0.750107282017029,-0.6003231521923852,1.032963807547002,-0.8090335802895184,0.92930445310456,-0.3057903164656318,-2.870141914597689,3.365522803045389,-1.8985465716124903,-1.8623179588510748,3.4720317975487918,0.060035998382243265,-1.9091476735146646,-0.726730831602538,5.40265032082543,4.033673013945366,-0.9651422316163316,-1.7401272771304999,0.17033222476820634,-0.8422719231952839,-1.430397801294646,-1.0795865982763748,-0.8302347313695445,-4.138767034821211,1.2911189775612279e-06
-2.0323587325495485,-0.5635178434231237,-0.6078470512483659,-0.6101185894343397,-0.22130529994157278,-0.7764406368195361,1.1312807549324226,-0.3057903164656318,-0.23773058783255266,-0.0640704319640626,-0.8322385270676109,-0.43583774684694154,0.9586610075616284,-0.0047860865843183656,-0.4071028312314788,-0.7662404232924789,0.2011349250233726,-0.5664750101762497,-0.2788328120382684,-0.8930510062781474,-0.14746926394228185,-0.5314526475228368,0.09394649900976233,-0.6756468257445996,1.210979321551756,-0.10532915499645984,0.549833997312478
-2.0323587325495485,-0.5635178434231237,-0.6078470512483659,-0.6101185894343397,-0.22130529994157278,-0.7764406368195361,1.1312807549324226,-0.3057903164656318,-0.23773058783255266,-0.0640704319640626,-0.8322385270676109,-0.43583774684694154,0.9586610075616284,-0.0047860865843183656,-0.4071028312314788,-0.7662404232924789,0.2011349250233726,-0.5664750101762497,-0.2788328120382684,-0.8930510062781474,-0.14746926394228185,-0.5314526475228368,0.09394649900976233,-0.6756468257445996,1.210979321551756,-0.10532915499645984,0.549833997312478
-1.059313771568687,-0.5635178434231237,-1.7542971462664156,-0.6265444836912558,-0.09069146291228253,-0.8036014230445213,2.214601831091099,-3.141799016897606,-2.5923497645370466,0.16005665963448962,-1.703307070498639,-0.1961890712302472,2.001983928950381,-4.283043694377382,-0.4071028312314788,-2.820739191169401,-0.6905534285426941,6.242353356652764,-0.5614308083351179,-1.274235328161706,-3.508831163764756,-1.1530911988677308,-0.9891402406802118,0.7139059917647073,-0.8302347313695445,1.6335307309724332,0.45128415626029006
-1.059313771568687,-0.5635178434231237,-1.7542971462664156,-0.6265444836912558,-0.09069146291228253,-0.8036014230445213,2.214601831091099,-3.141799016897606,-2.5923497645370466,0.16005665963448962,-1.703307070498639,-0.1961890712302472,2.001983928950381,-4.283043694377382,-0.4071028312314788,-2.820739191169401,-0.6905534285426941,6.242353356652764,-0.5614308083351179,-1.274235328161706,-3.508831163764756,-1.1530911988677308,-0.9891402406802118,0.7139059917647073,-0.8302347313695445,1.6335307309724332,0.45128415626029006
-0.7349654512417332,-0.5635178434231237,-1.427935440385365,-0.6112069713501125,-0.2767656322861389,-0.7696504402632898,1.1664070682937902,-1.4401937966384215,-1.04465064277061,-0.23604858110334473,-1.51557678096609,-0.35595485497471013,0.854915951588638,-0.5881848512833731,-0.8774079009768972,-0.7662404232924789,-0.3670978493079445,-0.5207781754995443,-0.6421730929913606,-0.8506971927355297,-0.9908655224431935,-1.774729750212625,-0.5077683563735571,-0.2555494623115535,0.19037229509110573,0.03808196961953134,0.7088901725661199
-0.7349654512417332,-0.5635178434231237,-1.427935440385365,-0.6112069713501125,-0.2767656322861389,-0.7696504402632898,1.1664070682937902,-1.4401937966384215,-1.04465064277061,-0.23604858110334473,-1.51557678096609,-0.35595485497471013,0.854915951588638,-0.5881848512833731,-0.8774079009768972,-0.7662404232924789,-0.3670978493079445,-0.5207781754995443,-0.6421730929913606,-0.8506971927355297,-0.9908655224431935,-1.774729750212625,-0.5077683563735571,-0.2555494623115535,0.19037229509110573,0.03808196961953134,0.7088901725661199
-2.0323587325495485,-0.5635178434231237,-1.7459288973976708,-0.632974609665567,-0.2282084011070407,-0.8076755409782691,3.104940486924254,-1.6273703708669318,-2.856913716975754,-0.15629059889382257,-1.6582518010108274,-0.13912986275008188,2.6459862575374347,-0.653006936249934,-1.2713909029558095,-1.3193747069516502,1.4250209005062098,2.5713743042908135,-1.570709366538152,-1.4860043958747942,-1.2964438769725093,-0.5314526475228368,-0.9490259169879904,-0.9260894847143003,0.19037229509110573,-1.9696737750043454,0.6387631751488418
-2.0323587325495485,-0.5635178434231237,-1.7459288973976708,-0.632974609665567,-0.2282084011070407,-0.8076755409782691,3.104940486924254,-1.6273703708669318,-2.856913716975754,-0.15629059889382257,-1.6582518010108274,-0.13912986275008188,2.6459862575374347,-0.653006936249934,-1.2713909029558095,-1.3193747069516502,1.4250209005062098,2.5713743042908135,-1.570709366538152,-1.4860043958747942,-1.2964438769725093,-0.5314526475228368,-0.9490259169879904,-0.9260894847143003,0.19037229509110573,-1.9696737750043454,0.6387631751488418
0.23807950973912845,-0.5635178434231237,0.01140336503875582,-0.5230480361725215,2.1393205200873724,-0.8076755409782691,0.08188214326157127,0.5450122936639604,-1.203389014233834,3.4178639788703884,-2.1463505537954553,-3.2773863291591745,2.7575611290555564,0.3517353807317699,-1.154565936535782,-0.5686924648427751,2.7800375162193505,1.2004692639896688,-0.03660595806954023,-1.4860043958747942,0.4392411767540045,-0.5314526475228368,-1.3501691539102034,-1.0149562346712908,-0.8302347313695445,-2.2744224148133263,1.0465609588294101e-06
0.23807950973912845,-0.5635178434231237,0.01140336503875582,-0.5230480361725215,2.1393205200873724,-0.8076755409782691,0.08188214326157127,0.5450122936639604,-1.203389014233834,3.4178639788703884,-2.1463505537954553,-3.2773863291591745,2.7575611290555564,0.3517353807317699,-1.154565936535782,-0.5686924648427751,2.7800375162193505,1.2004692639896688,-0.03660595806954023,-1.4860043958747942,0.4392411767540045,-0.5314526475228368,-1.3501691539102034,-1.0149562346712908,-0.8302347313695445,-2.2744224148133263,1.0465609588294101e-06
-0.4106171309147793,-0.5635178434231237,-2.273128576128599,-0.6318862277497943,-0.2971994543778111,-0.8036014230445213,2.7185510399492125,-2.0073955367248164,-1.04465064277061,-0.5152015188366722,-1.6131965315230155,0.6482872142761996,2.0196010139269265,-0.8798842336328997,-1.284025825860957,-1.2403555235717685,-0.0786104408012757,-0.018112994055792076,-0.7229153776476035,-1.274235328161706,-1.3086670111536818,-1.774729750212625,-0.9490259169879904,-0.522149712182525,-0.8302347313695445,0.5041681246215026,0.8818430221907304
-0.4106171309147793,-0.5635178434231237,-2.273128576128599,-0.6318862277497943,-0.2971994543778111,-0.8036014230445213,2.7185510399492125,-2.0073955367248164,-1.04465064277061,-0.5152015188366722,-1.6131965315230155,0.6482872142761996,2.0196010139269265,-0.8798842336328997,-1.284025825860957,-1.2403555235717685,-0.0786104408012757,-0.018112994055792076,-0.7229153776476035,-1.274235328161706,-1.3086670111536818,-1.774729750212625,-0.9490259169879904,-0.522149712182525,-0.8302347313695445,0.5041681246215026,0.8818430221907304
-0.3025010241391279,-0.5635178434231237,-1.0095229969481205,-0.6318862277497943,-0.3711797321900417,-0.8008853444220229,2.8041714287675457,-1.4401937966384215,-0.6478047141125488,-0.9364233623807109,-1.5230859925473919,-0.9379587814723964,1.7651320087101576,-0.32889651141712656,-1.284025825860957,-0.17359654794336674,1.5561515407365138,0.012351562395344878,-0.6018019506632394,0.08108670520205803,-0.02523792213055541,0.09018590382205717,-0.3473110616046719,-0.9341682801649358,-0.8302347313695445,-0.8403111686534146,0.9758729785823308
-0.3025010241391279,-0.5635178434231237,-1.0095229969481205,-0.6318862277497943,-0.3711797321900417,-0.8008853444220229,2.8041714287675457,-1.4401937966384215,-0.6478047141125488,-0.9364233623807109,-1.5230859925473919,-0.9379587814723964,1.7651320087101576,-0.32889651141712656,-1.284025825860957,-0.17359654794336674,1.5561515407365138,0.012351562395344878,-0.6018019506632394,0.08108670520205803,-0.02523792213055541,0.09018590382205717,-0.3473110616046719,-0.9341682801649358,-0.8302347313695445,-0.8403111686534146,0.9758729785823308
-1.059313771568687,-0.5635178434231237,-1.360989449435406,-0.6318862277497943,-0.39606374132823424,-0.7968112264882751,2.619758283620367,-1.2530172224099114,-0.18481779734481177,-1.0211662184783281,-1.260263587201823,-0.05924697087785043,1.5341524501287827,-0.36130755390040736,-0.6606780317602315,-0.17359654794336674,0.4196859920738792,-0.5512427319506812,-0.5614308083351179,0.29285577291514636,-0.1841386664857995,0.09018590382205717,-0.18685376683578675,-0.7483559848003192,-0.8302347313695445,0.03808196961953134,0.9827068434300946
-1.059313771568687,-0.5635178434231237,-1.360989449435406,-0.6318862277497943,-0.39606374132823424,-0.7968112264882751,2.619758283620367,-1.2530172224099114,-0.18481779734481177,-1.0211662184783281,-1.260263587201823,-0.05924697087785043,1.5341524501287827,-0.36130755390040736,-0.6606780317602315,-0.17359654794336674,0.4196859920738792,-0.5512427319506812,-0.5614308083351179,0.29285577291514636,-0.1841386664857995,0.09018590382205717,-0.18685376683578675,-0.7483559848003192,-0.8302347313695445,0.03808196961953134,0.9827068434300946
-1.059313771568687,-0.5635178434231237,0.3293968220510616,-0.5763787500453852,0.07430139681613124,-0.7737245581970376,0.516570271108493,0.8286131637071579,0.18557173606937855,0.5764858626561621,-0.8772937965554227,-1.7824350669788434,0.9136395681771231,0.4489685081816124,-0.8774079009768972,0.8141432443051534,0.8130779127647912,-0.04857755050692795,-0.15771938505390443,0.5893324677134696,0.7937120680080109,0.09018590382205717,-0.4676540326813358,-0.8372227347573097,-0.8302347313695445,-0.9120167309614101,0.08548913943480654
-1.059313771568687,-0.5635178434231237,0.3293968220510616,-0.5763787500453852,0.07430139681613124,-0.7737245581970376,0.516570271108493,0.8286131637071579,0.18557173606937855,0.5764858626561621,-0.8772937965554227,-1.7824350669788434,0.9136395681771231,0.4489685081816124,-0.8774079009768972,0.8141432443051534,0.8130779127647912,-0.04857755050692795,-0.15771938505390443,0.5893324677134696,0.7937120680080109,0.09018590382205717,-0.4676540326813358,-0.8372227347573097,-0.8302347313695445,-0.9120167309614101,0.08548913943480654
0.23807950973912845,0.4402281157229328,-0.3567995851860193,-0.5796438957927034,-0.23360611442399168,-0.7370574967933076,0.569259741150544,-0.02218944642243442,1.3496531267996899,-0.07653261668430043,0.38425374910330773,1.070525357029423,0.4477655432418078,-0.13443025651744164,0.8225489657070633,0.8141432443051534,0.1311985835672108,-0.18566805453704316,0.12487861124294515,0.8011015354265579,0.7814889338268379,0.09018590382205717,0.7357756780853022,-0.6433316439420576,1.210979321551756,0.6834320303914916,0.5621765008857981
0.23807950973912845,0.4402281157229328,-0.3567995851860193,-0.5796438957927034,-0.23360611442399168,-0.7370574967933076,0.569259741150544,-0.02218944642243442,1.3496531267996899,-0.07653261668430043,0.38425374910330773,1.070525357029423,0.4477655432418078,-0.13443025651744164,0.8225489657070633,0.8141432443051534,0.1311985835672108,-0.18566805453704316,0.12487861124294515,0.8011015354265579,0.7814889338268379,0.09018590382205717,0.7357756780853022,-0.6433316439420576,1.210979321551756,0.6834320303914916,0.5621765008857981
-1.059313771568687,-0.5635178434231237,-0.9342087571294165,-0.5665833128034307,0.4640558696819013,-0.7940951478657765,0.41558212019456164,-0.5893911865088293,0.00037696936228339176,1.2992925764299565,-1.1626438366448975,-0.49289695532710687,1.3912583164301355,0.027624955898962453,-1.284025825860957,0.8536528359950942,1.1627596200456016,-0.12473894163476926,-0.48068852367887516,0.37756340000038124,0.5248031160222127,0.09018590382205717,-0.06651079575912286,-0.8937743029117583,-0.8302347313695445,-0.7686056063454191,0.005117289230041487
-1.059313771568687,-0.5635178434231237,-0.9342087571294165,-0.5665833128034307,0.4640558696819013,-0.7940951478657765,0.41558212019456164,-0.5893911865088293,0.00037696936228339176,1.2992925764299565,-1.1626438366448975,-0.49289695532710687,1.3912583164301355,0.027624955898962453,-1.284025825860957,0.8536528359950942,1.1627596200456016,-0.12473894163476926,-0.48068852367887516,0.37756340000038124,0.5248031160222127,0.09018590382205717,-0.06651079575912286,-0.8937743029117583,-0.8302347313695445,-0.7686056063454191,0.005117289230041487
-0.7349654512417332,-0.5635178434231237,-1.586932168891518,-0.6231791724236124,-0.5857921038121403,-0.7180449464358178,1.6362215095020791,-1.7237946666816188,0.7411560361906634,-1.4573426836866523,-0.2690476584699634,1.7552358587914068,0.31465867897457483,-0.5233627663168114,-0.8774079009768972,0.37953773571580457,-0.8304261114550183,0.7587331954481895,-0.03660595806954023,0.8434553489691755,-0.5630558261021512,0.09018590382205717,0.3346324411630892,2.2488771273854535,-0.8302347313695445,1.8486474178964198,0.9969513405697762
-0.7349654512417332,-0.5635178434231237,-1.586932168891518,-0.6231791724236124,-0.5857921038121403,-0.7180449464358178,1.6362215095020791,-1.7237946666816188,0.7411560361906634,-1.4573426836866523,-0.2690476584699634,1.7552358587914068,0.31465867897457483,-0.5233627663168114,-0.8774079009768972,0.37953773571580457,-0.8304261114550183,0.7587331954481895,-0.03660595806954023,0.8434553489691755,-0.5630558261021512,0.09018590382205717,0.3346324411630892,2.2488771273854535,-0.8302347313695445,1.8486474178964198,0.9969513405697762
-2.0323587325495485,-0.5635178434231237,-1.9886081145912726,-0.632974609665567,-0.5084504148646616,-0.7927371085545273,3.0742049627330577,-1.9450033453153128,-0.2112741925886819,-1.8187460405735496,-0.817220103905007,1.4699398163905801,1.3129601609788222,-0.5881848512833731,-0.2797285415087612,-1.3193747069516502,-0.41080806271804565,1.1243078728618274,-0.15771938505390443,-1.0201124469060003,-1.406452084603063,0.09018590382205717,0.13406082270198272,-0.17476150780519836,-0.8302347313695445,1.7769418555884244,0.9992832024072336
-2.0323587325495485,-0.5635178434231237,-1.9886081145912726,-0.632974609665567,-0.5084504148646616,-0.7927371085545273,3.0742049627330577,-1.9450033453153128,-0.2112741925886819,-1.8187460405735496,-0.817220103905007,1.4699398163905801,1.3129601609788222,-0.5881848512833731,-0.2797285415087612,-1.3193747069516502,-0.41080806271804565,1.1243078728618274,-0.15771938505390443,-1.0201124469060003,-1.406452084603063,0.09018590382205717,0.13406082270198272,-0.17476150780519836,-0.8302347313695445,1.7769418555884244,0.9992832024072336
-2.0323587325495485,-0.5635178434231237,-1.43630368925411,0.2790894357519784,-0.7863640591095876,1.710129342077862,-0.6996783290288535,1.3958149037935526,-3.359585226609297,-0.18370740527834584,-1.3653925493400507,-0.11630617935801575,-0.7678133201398343,-4.283043694377382,-0.8774079009768972,-0.8057500149824197,-0.49822848953824833,-0.45984906259727143,-1.570709366538152,-0.8930510062781474,-3.0687983332425413,-0.22063337185038984,-5.40171584682455,0.14839031022022178,0.19037229509110573,-0.051549983265463145,0.6637386974043528
-2.0323587325495485,-0.5635178434231237,-1.43630368925411,0.2790894357519784,-0.7863640591095876,1.710129342077862,-0.6996783290288535,1.3958149037935526,-3.359585226609297,-0.18370740527834584,-1.3653925493400507,-0.11630617935801575,-0.7678133201398343,-4.283043694377382,-0.8774079009768972,-0.8057500149824197,-0.49822848953824833,-0.45984906259727143,-1.570709366538152,-0.8930510062781474,-3.0687983332425413,-0.22063337185038984,-5.40171584682455,0.14839031022022178,0.19037229509110573,-0.051549983265463145,0.6637386974043528
-2.0323587325495485,-0.5635178434231237,-1.43630368925411,0.2790894357519784,-0.7863640591095876,1.710129342077862,-0.6996783290288535,1.3958149037935526,-3.359585226609297,-0.18370740527834584,-1.3653925493400507,-0.11630617935801575,-0.7678133201398343,-4.283043694377382,-0.8774079009768972,-0.8057500149824197,-0.49822848953824833,-0.45984906259727143,-1.570709366538152,-0.8930510062781474,-3.0687983332425413,-0.22063337185038984,-5.40171584682455,0.14839031022022178,0.19037229509110573,-0.051549983265463145,0.6637386974043528
-2.0323587325495485,-0.5635178434231237,-1.43630368925411,0.2790894357519784,-0.7863640591095876,1.710129342077862,-0.6996783290288535,1.3958149037935526,-3.359585226609297,-0.18370740527834584,-1.3653925493400507,-0.11630617935801575,-0.7678133201398343,-4.283043694377382,-0.8774079009768972,-0.8057500149824197,-0.49822848953824833,-0.45984906259727143,-1.570709366538152,-0.8930510062781474,-3.0687983332425413,-0.22063337185038984,-5.40171584682455,0.14839031022022178,0.19037229509110573,-0.051549983265463145,0.6637386974043528
-2.0323587325495485,-0.5635178434231237,-1.43630368925411,0.2790894357519784,-0.7863640591095876,1.710129342077862,-0.6996783290288535,1.3958149037935526,-3.359585226609297,-0.18370740527834584,-1.3653925493400507,-0.11630617935801575,-0.7678133201398343,-4.283043694377382,-0.8774079009768972,-0.8057500149824197,-0.49822848953824833,-0.45984906259727143,-1.570709366538152,-0.8930510062781474,-3.0687983332425413,-0.22063337185038984,-5.40171584682455,0.14839031022022178,0.19037229509110573,-0.051549983265463145,0.6637386974043528
-2.0323587325495485,-0.5635178434231237,-1.43630368925411,0.2790894357519784,-0.7863640591095876,1.710129342077862,-0.6996783290288535,1.3958149037935526,-3.359585226609297,-0.18370740527834584,-1.3653925493400507,-0.11630617935801575,-0.7678133201398343,-4.283043694377382,-0.8774079009768972,-0.8057500149824197,-0.49822848953824833,-0.45984906259727143,-1.570709366538152,-0.8930510062781474,-3.0687983332425413,-0.22063337185038984,-5.40171584682455,0.14839031022022178,0.19037229509110573,-0.051549983265463145,0.6637386974043528
0.021847296187825962,-0.5635178434231237,0.3293968220510616,-0.525224800004067,-0.4561130701676763,-0.5768088580658947,0.10164069452734044,0.5450122936639604,-0.621348318868678,-0.3880872346902463,-0.06629894577481033,-0.5499561638072722,-0.2138538703217913,0.1248580833488049,-0.024783613849158177,-0.37114450639307095,0.026294071382967563,-0.4903136190484084,0.5689611768522803,-0.3848052437667358,-0.4408244842904253,0.09018590382205717,0.21428947008642532,-0.6029376666888799,-0.8302347313695445,-0.17703471730445544,0.8175744761936437
-0.7349654512417332,-0.05953408230034706,0.48839355055721445,-0.5186945085094307,-0.4971109800365542,-0.5482900325296601,0.06431898658088757,0.8286131637071579,-0.18481779734481177,-0.4329510996831025,1.1652117535587123,1.1047608821175223,-0.2823647563416906,0.15726912583208572,0.4294714724321441,-0.37114450639307095,-0.7692318126808766,-0.2618294456648845,0.8111880308210082,-0.3848052437667358,-0.4286013501092524,0.09018590382205717,0.7758900017775234,1.2794216733091928,-0.8302347313695445,0.3786833905825104,0.8429045311145473
0.5624278300660823,0.5753181349068314,-0.5576375580358967,-0.501280397857067,-0.4227009880360791,-0.5550802290859065,-0.02788758599270188,-0.5893911865088293,-0.1319050068570703,-0.2958670677604863,-0.08131736893741426,0.6368753725801666,-0.25691785582001375,-0.13443025651744164,-0.07534720210844154,-0.0945773645634855,-0.5856489163584511,0.08851295352318618,0.8515591731491297,-0.1306823625110303,-0.6608408995515324,0.09018590382205717,-0.10662511945134415,0.21302067382530587,-0.8302347313695445,0.7909903738534849,0.7558388990947971
0.3461956165147798,-0.5635178434231237,0.48839355055721445,-0.5295783276671578,-0.27148694979900795,-0.6623653346745981,0.14115779705887876,1.1122140337503552,-0.4626099474054542,-0.11641160778906151,-0.1639186963317359,-0.9151350980803302,0.03474277323612907,0.28691329576520824,0.3793947447764399,-0.37114450639307095,-0.043642270073194614,-0.5512427319506812,0.3671054652116733,-0.21538998959626515,-0.34303941084104417,0.09018590382205717,0.013717851625319735,-0.5625436894357027,1.210979321551756,-0.12325554557345873,0.6010878788483698
-0.5187332376904303,-0.17577343560017863,-0.7250025354107944,-0.4827779052889306,-0.4146741730964181,-0.526561403549672,-0.11350797481103493,-0.3057903164656318,-0.3435561688080356,-0.2584805135997728,0.534437980729347,1.800883225575539,-0.30389674909080183,-0.2640744264505649,-0.37930775633960434,-0.3316349147031301,-0.043642270073194614,-0.5055458972739758,0.7708168884928869,-0.3848052437667358,-0.3797088133845618,0.09018590382205717,0.25440379377864664,-0.5625436894357027,0.19037229509110573,0.09186114135052803,0.7271082163411295
0.6705439368417336,-0.17577343560017863,0.06161285825122515,-0.6340629915813397,-0.8906725560110667,-0.4192762979609803,3.607685846908825,0.5450122936639604,-0.052535821125458085,-4.6351997873473,0.6846222123553865,0.9564069400690924,-0.4233014361540549,0.15726912583208572,-1.3524522067795828,-1.4379034820214727,-0.6905534285426941,0.2865325704555732,0.7304457461647654,-0.08832854896841263,-0.7464028388197411,0.09018590382205717,0.8962329728541873,0.7542999690178847,-0.8302347313695445,1.0419598419314697,0.999999991124756
-0.08626881058782543,-0.5635178434231237,-0.7417390331482842,-0.3171757094808647,0.0698704111643601,-0.5713767008208976,-0.3643440824913293,-0.8729920565520267,-0.7404020974660966,0.12740805047431752,-0.46428715958381456,0.3059319633952077,-0.2197262319806398,-0.19925234148400328,-0.24016467502000613,-2.820739191169401,0.15742471161327143,0.05804839707204923,0.6900746038366445,-0.3848052437667358,-1.1008737300737472,0.09018590382205717,-0.14673944314356543,-0.6756468257445996,-0.8302347313695445,0.6296528586604949,0.3560486230314374
0.12996340296347736,-0.17559625320731653,-0.2061711055486113,-0.5306667095829306,-0.5414426743339649,-0.5401417966621646,0.1455485862290497,-0.02218944642243442,-0.3303279711861005,-0.5376334513331004,0.2490879406398723,0.6596990559722327,-0.2921520257731048,-0.06960817155088,-0.468484765945221,-0.37114450639307095,-0.6031330017224916,-0.15520349808590622,0.6497034615085231,-0.1306823625110303,-0.636394631189187,0.09018590382205717,0.13406082270198272,0.2291782647265769,-0.8302347313695445,0.48624173404450377,0.8909031788043871
-1.059313771568687,0.0019173936936058684,0.04487636051373538,-0.5284899457513852,-0.31070294823738337,-0.6487849415621055,0.13457161330362238,-0.02218944642243442,-0.4493817497835185,-0.17623009444620313,0.47436428807893133,0.6596990559722327,-0.018108481693507542,-0.0047860865843183656,0.6104494758856683,-0.37114450639307095,-0.043642270073194614,-0.5664750101762497,0.6093323191804018,-0.46951287085197113,-0.41637821592808,0.09018590382205717,-0.02639647206690156,-0.5625436894357027,0.19037229509110573,0.002229188465533542,0.6570104626734988
-0.5187332376904303,-0.486482020439605,0.06998110711997003,-0.5404621468248851,-0.428420694490089,-0.6189080767146218,0.20262884544127174,0.261411423620763,-0.5155227378931957,-0.3806099238581036,-0.2690476584699634,-0.5043087970231399,-0.11793862989393226,0.027624955898962453,-0.3872116265356077,-0.4106540980830118,-0.5419387029483497,-0.5207781754995443,0.48821889219603753,-0.4271590573093535,-0.5263864235586335,0.09018590382205717,-0.06651079575912286,0.09183874206577336,-0.8302347313695445,0.05600836019653023,0.8130573860319537
0.021847296187825962,-0.1747950806482879,0.6892315234070918,-0.5219596542567488,-0.26378265694898545,-0.6528590594958533,0.07968674867648581,0.5450122936639604,-0.18481779734481177,-0.09896454918072854,0.48938271124153526,-0.1961890712302472,-0.006363758375810519,0.3193243382484891,0.662724845270227,-0.37114450639307095,-0.42829214808208615,-0.3836876714694301,0.6497034615085231,-0.46951287085197113,-0.33081627665987123,0.09018590382205717,0.21428947008642532,-0.15052512145329164,1.210979321551756,0.2352722659665192,0.5841905229354074
-0.7349654512417332,-0.5635178434231237,0.4967617994259594,0.33895044111947836,1.3536772506822448,-0.3785351186235024,-0.7677355611665029,-0.8729920565520267,-0.4493817497835185,0.2898556140906919,1.1276656956522024,1.0362898319413238,-0.4565781522208632,0.3193243382484891,-0.3237220508679588,1.2882583445844429,0.18365083965933207,-0.4141522279205671,-1.570709366538152,1.1399320437674987,-0.2085849348481448,-1.1530911988677308,1.93920538885194,-0.635252848491422,-0.8302347313695445,-0.30251945134344777,0.22793645057321624
0.8867761503930365,2.6171218087558032,0.3796063152635309,0.39663468265543295,-0.2770764135677436,0.5069065123110162,-0.7831033232621012,-0.5893911865088293,-0.5419791331370658,-0.024191440859301534,0.40678138384721363,0.10051881286661248,-0.7169195190964806,-0.10201921403416082,0.30863670765848983,1.2882583445844429,-0.41080806271804565,-0.4750813408228399,-1.570709366538152,1.8175930604493804,-0.5752789602833241,-1.4639104745401779,-0.18685376683578675,-0.06973716694693688,2.231586348012406,0.09186114135052803,0.5099986668799655
0.8867761503930365,-0.17471804482530442,0.7896505098320304,-0.525224800004067,-0.8013096724136181,0.04381510717501795,0.09944529994225497,1.1122140337503552,-0.5419791331370658,-0.901529245164045,0.49689192282283723,-0.3217193298866109,-0.6190468247823386,1.7778212499961252,1.1525712293283783,0.9326720193749755,-0.6992954712247144,0.2865325704555732,-1.570709366538152,1.2669934843953516,0.36590237166696865,1.3334630065118454,1.0566902676230725,0.9562698552837723,-0.8302347313695445,-1.2526181519243893,0.9723475776771769
0.8867761503930365,2.196329032872929,0.3293968220510616,0.5947201913260692,-0.14978928008760517,0.5394994557809984,-0.8050572691129558,-0.8729920565520267,-0.052535821125458085,-0.004251945306921003,0.6771130007740844,0.5798161641000013,-0.7208344268690462,-0.06960817155088,0.7594335838285551,1.3277679362743837,-0.4020660200360254,-0.3836876714694301,0.7304457461647654,1.3093472979379694,-0.2208080690293177,-1.4639104745401779,0.2945181174708679,-0.09397355329884324,2.231586348012406,0.25319865654351814,0.4900013331200346
0.8867761503930365,0.7107471117118573,-0.03043787930496862,-0.2923110700287034,-0.8322107377584375,1.0501222368107208,-0.49111584344573456,-0.02218944642243442,-0.6742611093564195,-0.39307210857834146,0.8723525018879356,1.3672332411262826,-0.7462813273907231,0.9351341454308246,0.2490993637541227,1.1302199778246795,-0.7779738553628969,-0.04857755050692795,-1.570709366538152,1.351701111480587,-0.11079986139876419,0.4010051794945042,0.13406082270198272,1.8045433776005002,-0.8302347313695445,-0.7327528251914213,0.8205384805926733
0.8867761503930365,1.0807424659193998,0.5637077903759184,0.4662911252648875,-0.7706908164442737,2.515446653648674,-0.7589539828261611,-0.02218944642243442,-0.7668584927099674,-0.12887379250929934,0.3016524217089861,-0.31030748819057785,-0.7776005895712486,0.6758458055645781,-0.5104379411547079,1.2882583445844429,-0.7867158980449172,-0.3836876714694301,-1.570709366538152,1.4364087385658224,-0.5019401551962882,-0.8422719231952839,-0.22696809052800804,1.925725309360033,1.210979321551756,-0.30251945134344777,0.6130141761393355
0.8867761503930365,1.1540497550705162,0.8984377451257141,0.380308953918842,-0.3839361037111214,0.6169076965222065,-0.73041385322005,-0.3057903164656318,0.02683336460615413,-0.0565931211319199,0.8573340787253316,0.07769512947454635,-0.6953875263473693,0.28691329576520824,0.19966266932737348,1.2882583445844429,-0.3059035505338026,0.08851295352318618,0.6497034615085231,1.7752392469067628,-0.5386095577398059,-0.5314526475228368,0.4148610885475318,-0.2474706668609178,1.210979321551756,0.8268431550074828,0.542397940774351
0.8867761503930365,0.6262079995697438,1.6934213876564783,1.4523651409549783,4.922915990243818,-0.15989078951237132,-0.853355949984836,-0.02218944642243442,-0.2774151806983591,0.3247497313073578,0.4818734996602333,-1.5770219164502481,-0.5055144993779341,0.4489685081816124,-1.1829202074127807,1.3672775279643246,1.3376004736860072,-0.2313648892137475,0.08450746891482375,1.224639670852734,0.13366282222468867,-0.5314526475228368,0.3346324411630892,-0.8856955074611227,-0.8302347313695445,-0.5534889194214323,0.20424030228409176
0.8867761503930365,0.7721523662120202,-0.03043787930496862,-0.5099874531832488,-0.8639013990259726,0.5598700454497374,0.15652555915447702,-0.02218944642243442,-0.012851228259651683,-1.051075461806899,0.7597143281684061,1.1960556156857867,-0.6856002569159552,0.8379010179809822,0.24587571015930137,0.9721816110649163,-0.5594227883123902,-0.4903136190484084,0.20562089589918794,1.7752392469067628,-0.0863535930364189,0.4010051794945042,0.856118649161966,0.309966219232932,-0.8302347313695445,0.10978753192752691,0.9846322944347244
0.8867761503930365,-0.17589669291695223,0.7059680211445816,-0.041983229400976124,-0.5110947186161603,0.39554728878857676,-0.587713205189495,-0.8729920565520267,-0.4229253545396478,-0.153798161949775,1.022536733513975,0.5912280057960343,-0.6444937253040156,0.18968016831536583,-0.1451023876865349,1.2092391612045612,-0.19225699566753904,-0.3532231150182932,-1.570709366538152,1.3093472979379694,-0.13524612976110947,-1.4639104745401779,1.2572618860841782,-0.36865259862045047,0.19037229509110573,-0.3921514042284422,0.6364525402815664
0.8867761503930365,-0.5635178434231237,0.35450156865729626,1.3239360748937963,7.676282754621569,-0.46680767385470445,-0.8445743716444941,-0.8729920565520267,-0.03930762350352242,0.6088875429287804,0.9324261945383513,0.9335832566770262,-0.27453494079655927,0.25450225328192744,-1.3283041747705835,1.3672775279643246,0.7256574859445886,-0.5360104537251128,0.3671054652116733,1.097578230224881,-0.06190732467407361,-1.774729750212625,1.3374905334686207,-0.7968287575041323,-0.8302347313695445,0.05600836019653023,0.07585818002124355
0.8867761503930365,-0.5635178434231237,0.1704000935449087,-0.42618204566874884,-0.36700069487165565,-0.4505112021197133,-0.2935303307880429,0.261411423620763,-0.052535821125458085,-0.15878303583787015,-0.37417662060819096,-0.8010166811199996,-0.386109812314681,1.0323672728806663,0.584975349574576,1.0512007944447979,0.15742471161327143,-0.5817072884018171,0.5689611768522803,1.1399320437674987,-0.049684190492900696,0.09018590382205717,0.6555470307008596,-0.635252848491422,0.19037229509110573,0.002229188465533542,0.6410674063348171
0.8867761503930365,-0.060627990986713086,0.2457143333636127,-0.46427541272079426,-0.605883959907098,-0.28618844545855265,-0.17936981236359884,0.261411423620763,-0.18481779734481177,-0.4429208474592928,-0.051280522612206385,-0.4130140634548754,-0.5074719532642169,0.9675451879141054,0.6155078804580064,1.011691202754857,-0.6031330017224916,-0.3379908367927258,0.24599203822730933,1.1822858573101165,-0.3674856792033894,0.09018590382205717,1.0165759439308513,0.3503601964861094,-0.8302347313695445,0.2890514376975159,0.8481288363433407
0.6705439368417336,-0.059272160502203096,0.14529534693867405,-0.38373515095361244,-0.26968288851030603,-0.4586594379872089,-0.3637829575107777,-0.3057903164656318,-0.6345765164906138,-0.0640704319640626,-0.07380815735611229,-0.31030748819057785,-0.37436508899698395,0.6434347630812972,0.8994547348500366,1.0907103861347387,-0.2359672090776404,-0.5055458972739758,-1.570709366538152,1.1399320437674987,-0.636394631189187,0.09018590382205717,0.8962329728541873,-0.36865259862045047,1.210979321551756,0.07393475077352914,0.549833997312478
0.8867761503930365,-0.37092828596432675,-0.5492693091671517,-0.48713143295202155,-0.5820261482941319,-0.34322609653102165,0.033583462389691086,-0.3057903164656318,-0.5419791331370658,-0.5376334513331004,0.2490879406398723,1.1275845655095884,-0.3919821739735295,0.8054899754977013,0.6968300407168031,1.011691202754857,-0.6818113858606739,-0.15520349808590622,-1.570709366538152,1.1822858573101165,-0.06190732467407361,0.09018590382205717,1.1770332386997355,0.6735120145115299,-0.8302347313695445,-0.6251944817294279,0.8909031788043871
0.5624278300660823,0.32508267110946726,-1.1434149788480388,-0.5034571616886124,-0.0741631441500762,-0.6773037670983401,0.11700845662293868,-1.1565929265952242,-0.11867680923513463,0.18517326244069407,-0.22399238898215162,1.218879299077853,0.2500627007272412,0.3517353807317699,0.5972770330115102,0.9721816110649163,-0.5069705322202687,-0.2618294456648845,0.24599203822730933,0.9281629760544104,-0.3797088133845618,0.09018590382205717,0.8160043254697448,0.05144476481259598,0.19037229509110573,0.3966097811595093,0.31002551887238755
0.8867761503930365,0.20995263366059838,0.35450156865729626,-0.4207401360898852,-0.45644693805877173,-0.35680648964351425,-0.18376060153376975,0.8286131637071579,-0.18481779734481177,-0.2809124460962009,0.2791247869650802,-0.05924697087785043,-0.3841523584283982,1.0323672728806663,0.6626149002214899,1.0512007944447979,-0.812942026090978,-0.12473894163476926,0.28636318055543075,1.1822858573101165,-0.5386095577398059,0.09018590382205717,0.8160043254697448,1.9661192866132104,-0.8302347313695445,0.5400209057755004,0.7445969158274759
0.8867761503930365,-0.1773526699713407,0.27918732883859226,-0.345641783901567,-0.40117778472826926,-0.30384295650479304,-0.32207046039415393,0.5450122936639604,-0.5816637260028722,-0.18121496833429826,0.26410636380247626,0.020635920994381027,-0.42917379781290343,1.0323672728806663,0.38856922182712855,1.1302199778246795,0.7256574859445886,-0.10950666340920186,-1.570709366538152,1.1822858573101165,-0.0863535930364189,0.09018590382205717,1.0165759439308513,-0.8210651438560387,0.19037229509110573,-0.6610472628834257,0.6615031592029524
0.8867761503930365,0.3249363030457985,-0.0471743770424584,-0.3978841158586579,-0.46951640734903227,-0.3147072709947871,-0.21888691489513717,-0.3057903164656318,-0.6742611093564195,-0.2809124460962009,-0.05878973419350835,-0.025011445789751233,-0.41547162060892356,0.7082568480478589,0.5514214191254286,0.8931624276850346,0.06126224211104865,-0.5664750101762497,-1.570709366538152,1.1822858573101165,-0.6241714970080147,0.09018590382205717,0.6154327070086383,-0.6029376666888799,-0.8302347313695445,0.002229188465533542,0.7445969158274759
0.8867761503930365,-0.059495564388855324,-0.6915295399358148,-0.4338007190791579,-0.36491960609467905,-0.46816571316595373,-0.2649902011819319,-0.5893911865088293,-0.35678436642997124,-0.1637679097259653,-0.2089739658195477,0.6254635308841335,-0.3645778195655698,-0.32889651141712656,0.6991477272622941,-0.2921253230131893,-0.6818113858606739,0.17990662287659598,0.5285900345241589,-0.34245143022411817,-0.9053035831749852,-1.4639104745401779,-0.02639647206690156,0.7139059917647073,0.19037229509110573,0.8447695455844817,0.6456563062257954
0.6705439368417336,-0.17512633468711708,-0.6915295399358148,-0.4708057042154306,-0.5553059224365289,-0.3731029613785054,-0.16619744485308605,-0.5893911865088293,-0.40969715691771275,-0.395564545522389,-0.03626209944960245,0.887935889892894,-0.458535606107146,-0.4585406813502498,0.7309616049361777,-0.3316349147031301,-0.6031330017224916,-0.3836876714694301,0.5285900345241589,-0.34245143022411817,-0.5386095577398059,-0.5314526475228368,-0.02639647206690156,0.39075417373928717,-0.8302347313695445,0.2173458753895203,0.8220063142137535
0.8867761503930365,-0.37092828596432675,-0.013701381567478845,-0.1453795113993852,1.9249133165216559,-0.703106514012076,-0.5964947835298368,-0.3057903164656318,-0.2774151806983591,0.945366530375202,0.8873709250505395,1.3672332411262826,0.21091362300158445,-0.19925234148400328,-1.4541763280589677,-0.21310613963330757,-0.11357861152935679,-0.18566805453704316,0.8515591731491297,-0.5118666843945888,-0.5630558261021512,-0.5314526475228368,0.13406082270198272,-0.473676939478712,-0.8302347313695445,0.450388952890506,0.020836344518680425
0.6705439368417336,-0.5635178434231237,-0.013701381567478845,0.017877775966523873,1.7970778598627108,-0.6365625877608622,-0.6689428048376571,-0.3057903164656318,-0.6478047141125488,0.6711984665299696,-0.7496371996732893,-1.1205482486089253,-0.06900228273686132,-0.19925234148400328,-0.10077210053440692,-0.17359654794336674,0.9879187664051967,-0.30752628034158885,0.5285900345241589,-0.4271590573093535,-0.3063700082975259,-0.5314526475228368,-0.4676540326813358,-0.8614591211092162,-0.8302347313695445,-0.42800418538244,0.060086650174007626
0.8867761503930365,-0.5635178434231237,-0.022069630436223734,-0.3391114924069306,-0.14978928008760517,-0.46273355592095666,-0.436230978818598,0.261411423620763,-0.4229253545396478,0.025657298021649802,0.31667084487159003,0.5113451139238029,-0.3684927273381355,0.027624955898962453,1.3629952102544773,-0.25261573132324844,1.0316289798152978,-0.5817072884018171,0.9323014578053724,-0.34245143022411817,-0.31859314247869885,-0.5314526475228368,0.21428947008642532,-0.8695379165598517,1.210979321551756,-0.08740276441946095,0.46008511544443426
0.3461956165147798,-0.07456377136443158,0.28755557770733714,-0.429447191416067,-0.40676953451929965,-0.4355727696959714,-0.28035796327753015,0.8286131637071579,-0.6478047141125488,-0.19866202694263124,-0.6219806027911559,-1.3373732408335537,-0.4056843511775094,0.1248580833488049,0.33809832761200825,-0.2921253230131893,-0.2359672090776404,-0.5207781754995443,0.5689611768522803,-0.34245143022411817,-0.5019401551962882,-0.5314526475228368,-0.7484542985268848,-0.36057380316981497,0.19037229509110573,-0.15910832672745653,0.676995856238523
0.7786600436173851,-0.5635178434231237,0.4047110618697656,0.05379437918702387,0.7849538702163357,-0.4586594379872089,-0.6865059615183408,-0.3057903164656318,-1.1107916308802863,0.29982536186688213,-0.6069621796285519,-1.4743153411859506,-0.37632254288326683,-0.2316633839672841,0.5307396794761539,-0.17359654794336674,-0.8653942821830993,0.545481300290234,-1.570709366538152,-0.34245143022411817,-0.0863535930364189,-0.5314526475228368,-0.628111327450221,3.541484399487134,-0.8302347313695445,-1.3781028859633815,0.22097389222018782
-0.08626881058782543,-0.061822046242957576,-0.24801234989233573,-0.39026544244824884,-0.09597683341307499,-0.5550802290859065,-0.35719677375552134,0.261411423620763,-0.3303279711861005,0.07550603690260113,-0.35164898586428506,-0.1961890712302472,-0.2588753097062966,-0.0047860865843183656,-0.08970996548800476,-0.015558181183603827,-0.22722516639562013,-0.4141522279205671,0.5689611768522803,-0.3848052437667358,-0.4408244842904253,-0.5314526475228368,-0.10662511945134415,-0.36865259862045047,1.210979321551756,0.19941948481252142,0.41095956594133487
0.23807950973912845,-0.5635178434231237,-0.7333707842795393,-0.4816895233731579,-0.5207000488183234,-0.43828884831847,-0.11789876398120587,-0.5893911865088293,-0.621348318868678,-0.3806099238581036,0.12143134375773885,1.1846437739897537,-0.4037268972912265,-0.2964854689338457,0.6888158740408332,-0.3316349147031301,-0.6381011724505725,-0.0790421069580649,0.20562089589918794,-0.08832854896841263,-0.9297498515373305,-0.8422719231952839,0.09394649900976233,0.552330082751997,-0.8302347313695445,0.5041681246215026,0.8130573860319537
0.23807950973912845,-0.486482020439605,0.26245083110110246,0.0015520472299329644,0.6619855350256547,-0.46952375247720296,-0.6623566210824007,0.261411423620763,-0.14513320447900538,0.29234805103473943,0.9774814640261631,1.1275845655095884,-0.36066291179300414,-0.06960817155088,0.9637226853244482,-0.17359654794336674,0.5508166323041834,-0.18566805453704316,0.6900746038366445,-0.34245143022411817,-0.46527075265277,-0.8422719231952839,0.5753183833164169,-0.7725923711522258,-0.8302347313695445,0.48624173404450377,0.2261814257305462
0.8867761503930365,-0.5635178434231237,0.3963428130010207,0.8940252181635693,2.6330977886314897,-0.17618726124736245,-0.8226204257936395,-1.4401937966384215,-0.383240761673842,0.3048102357549773,0.29414321012768413,-0.09348249596594962,-0.4937697760602371,0.027624955898962453,0.37967578335815383,1.3672775279643246,1.0316289798152978,-0.3684553932438617,-1.570709366538152,1.224639670852734,-0.09857672721759127,-1.1530911988677308,1.0566902676230725,-0.8372227347573097,-0.8302347313695445,-0.3742250136514433,0.2175502235768875
0.8867761503930365,3.004873920161047,1.2080629532692748,-0.4218285180056579,-0.6219361913193752,0.08591432582374507,-0.3067026982985557,-0.02218944642243442,0.05328975985002487,-0.3806099238581036,1.5031262747173009,0.6368753725801666,-0.5720679315115506,0.28691329576520824,0.7749969584405885,1.0512007944447979,-0.6118750444045117,0.08851295352318618,0.9323014578053724,1.2669934843953516,-0.5263864235586335,-0.8422719231952839,0.3747467648553105,0.5119361054988196,-0.8302347313695445,0.8447695455844817,0.8130573860319537
0.8867761503930365,-0.07716758218127455,0.5720760392446633,0.07923066355041052,-0.628834977821779,0.18233511692244264,-0.5479120416143967,0.8286131637071579,-0.15836140210094102,-0.3328516416777205,1.1727209651400143,1.0020543068532246,-0.6053446475783588,0.09244704086552409,0.6496389128425893,-2.820739191169401,-0.5069705322202687,0.17990662287659598,0.6900746038366445,-0.25774380313888284,-0.7586259730009135,0.09018590382205717,0.2945181174708679,0.10799633296704439,-0.8302347313695445,0.8806223267384795,0.6321133593600129
0.8867761503930365,-0.5635178434231237,0.8984377451257141,-0.345641783901567,0.29558477406524014,-0.6324884698271144,-0.31987506580906844,0.8286131637071579,-0.6478047141125488,0.4194623351811653,-0.6820542954415716,-2.2617324182122323,0.044530042667543256,0.5462016356314549,0.48412934705370997,-0.4106540980830118,0.07000428479306872,0.2408357357788688,0.6093323191804018,-0.4271590573093535,0.18255535894937927,1.3334630065118454,-0.6682256511424423,-0.5706224848863382,-0.8302347313695445,-1.1450598084623957,0.14931293453084377
0.8867761503930365,-0.1748027842305863,0.7227045188820713,-0.013685299590885215,-0.1465011872207561,-0.08655666670491118,-0.6074717564552641,0.8286131637071579,-0.383240761673842,0.013195113301411964,-0.0062252531243945815,-0.9950179899525617,-0.530961399899611,0.15726912583208572,0.9077827135537992,-0.17359654794336674,0.04377815674700811,-0.5207781754995443,0.6900746038366445,-0.3000976166815005,-0.2330312032104901,-0.5314526475228368,-0.10662511945134415,-0.5625436894357027,1.210979321551756,-0.17703471730445544,0.47252769565540637
-1.059313771568687,-0.17524188842159236,0.08671760485745982,0.03638026853466023,0.6741862417643574,-0.47088179178845224,-0.616253334795606,-0.5893911865088293,-0.35678436642997124,0.35715141157997615,1.210267023046524,1.7210003337033075,-0.26866257913771074,0.4489685081816124,0.5359094342665787,1.248748752894502,0.08748837015710927,-0.20090033276261057,-1.570709366538152,1.097578230224881,-0.6119483628268417,-0.8422719231952839,1.7386337703908337,-0.5867800757876092,-0.8302347313695445,0.4324625623135071,0.18392172741950427
0.8867761503930365,-0.5635178434231237,-1.494881431335324,-0.09426029473138063,-0.6881708787777783,0.4946841585097728,-0.27174695912471564,-0.8729920565520267,-0.50229454027126,-0.6304027821932231,0.5119103459854412,2.8165371365224816,-0.675812987484541,0.4165574656983315,0.19724589433676093,-2.820739191169401,-0.856652239501079,2.6323034171930852,-1.570709366538152,1.7752392469067628,-2.262071477285147,-0.5314526475228368,0.6956613543930809,3.3395145132212463,-0.8302347313695445,2.6374086032843715,0.8965274949727835
0.8867761503930365,-0.37092828596432675,0.6222855324571327,-0.16605876779906703,-0.33575659023607257,-0.08791470601616043,-0.5174605784667601,0.5450122936639604,-0.5552073307590015,-0.0865023644604907,0.8197880208188218,0.3972266969634722,-0.5290039460133281,0.7730789330144205,0.7644231411929964,1.2092391612045612,0.15742471161327143,-0.45984906259727143,-1.570709366538152,1.224639670852734,-0.48971702101511533,-0.5314526475228368,0.856118649161966,-0.619095257590151,1.210979321551756,-0.03362359268846425,0.5719961329315186
0.8867761503930365,0.21028388769942755,1.1411169623193158,0.25732179743652384,0.36766107639379014,-0.1816194184923595,-0.6930921452735972,0.5450122936639604,-0.4229253545396478,0.16274132994426596,-0.12637263842522606,-1.7481995418907441,-0.4898548682876714,0.513790593148174,-0.0896658413705392,1.2882583445844429,0.3584916932997375,-0.5360104537251128,0.003765184258581173,1.224639670852734,-0.41637821592808,-0.5314526475228368,-0.06651079575912286,-0.6998832120965062,0.19037229509110573,0.03808196961953134,0.3295988401911314
0.8867761503930365,-0.5635178434231237,0.8147552564382651,-0.18564964228297612,-0.2253784711614616,-0.22915079438608366,-0.5064836055413329,0.8286131637071579,-0.052535821125458085,-0.024191440859301534,0.8348064439814258,0.1575780213467778,-0.470280329424843,0.8379010179809822,1.2498046672939256,1.1697295695146204,-0.5769068736764308,-0.04857755050692795,0.3267343228835519,1.1822858573101165,-0.48971702101511533,-0.5314526475228368,1.2171475623919568,0.309966219232932,2.231586348012406,0.6475792492374939,0.5099986668799655
0.7786600436173851,-0.07473325017499534,0.11182235146369449,-0.06701601346374884,-0.0282793027808641,-0.2617437378560659,-0.6316210968912042,-0.3057903164656318,-0.6345765164906138,0.05805897829426817,-0.2315016005634536,-0.5043087970231399,-0.5172592226956311,0.513790593148174,1.2495563249928625,1.2092391612045612,0.1399406262492309,-0.5512427319506812,-1.570709366538152,1.1822858573101165,-0.5997252286456694,-0.8422719231952839,0.856118649161966,-0.619095257590151,1.210979321551756,0.020155579042532443,0.42800386706848137
0.8867761503930365,-0.5635178434231237,0.5971807858508981,-0.47189408613120337,-0.5804165708150776,-0.34322609653102165,-0.16180665568291513,-0.02218944642243442,-0.8859122713073854,-0.4254737888509598,-0.8547661618115169,-2.113378476163802,-0.4781101449699744,0.7406678905311397,0.535823155531076,1.011691202754857,0.18365083965933207,0.4236230744856873,-1.570709366538152,1.1822858573101165,0.08477028549999811,-0.8422719231952839,0.25440379377864664,-0.651410439392693,-0.8302347313695445,-1.3243237142323847,0.8388910504234147
0.021847296187825962,-0.5635178434231237,-0.38190433179225397,-0.1290537826627943,0.3656192767909887,-0.47088179178845224,-0.6074717564552641,-0.5893911865088293,-0.5155227378931957,0.23502200132164539,0.04633922794471919,0.5912280057960343,-0.35674800402043844,0.5462016356314549,0.37090630734968466,1.2092391612045612,0.5945268457142846,-0.13997121986033773,-1.570709366538152,1.097578230224881,-0.03746105631172832,-1.1530911988677308,0.9363472965464087,-0.7806711666028613,0.19037229509110573,-0.6431208723064268,0.2689414213699951
0.8867761503930365,-0.5635178434231237,1.1662217089255504,-0.19544507952493065,-0.23462869637351996,-0.2522374626773211,-0.5701500485088112,1.1122140337503552,-0.5287509355151307,-0.0266838778033491,0.44432744175372346,-0.9151350980803302,-0.5290039460133281,1.097189357847228,1.2880561182338681,1.1697295695146204,0.46339620548398075,-0.3684553932438617,-1.570709366538152,1.1822858573101165,-0.25747747157283535,-0.5314526475228368,1.1369189150075143,-0.7564347802509547,2.231586348012406,-0.3383722324974455,0.5124973964842103
-2.0323587325495485,-0.5635178434231237,-1.0178912458168654,-0.5937928606977488,1.1085291147443173,-0.8090335802895184,0.806362356339774,-0.5893911865088293,-1.203389014233834,3.3306286858287235,-0.9749135471123483,-0.09348249596594962,3.335010025508993,-0.16684129900072245,-2.0388311912714956,-0.5291828731528343,-0.3670978493079445,-0.20090033276261057,0.12487861124294515,-1.6130658365026471,-0.807518509725604,0.09018590382205717,-0.10662511945134415,-0.2474706668609178,-0.8302347313695445,-0.46385696653643776,1.485140042947132e-06
0.4543117232904312,-0.05923364259071136,0.003035116170010932,-0.4925733425308852,0.21860970538928445,-0.7194029857470672,-0.08057705603475299,-0.02218944642243442,-0.4758381450273893,0.5042051912787826,-0.28406608163256736,-0.43583774684694154,0.324445948405989,-0.16684129900072245,0.5730932132626965,-0.3316349147031301,2.7363273028092494,-0.3836876714694301,0.5285900345241589,-0.5542204979372065,-0.19636180066697242,-0.5314526475228368,-0.18685376683578675,-0.9987986437700199,-0.8302347313695445,-0.3383722324974455,0.11105596671140756
0.4543117232904312,2.886169420525743,-0.7919485263607535,-0.5720252223822943,-0.4902498523659135,-0.64063670569461,0.4660761956515273,-0.3057903164656318,-0.18481779734481177,-0.5949595010461943,0.09890370901383295,1.230291140773886,-0.05138519776031578,-0.6205958937666539,-1.1040412300312898,-0.4501636897729526,-0.7342636419527955,-0.09427438518363339,0.6900746038366445,-0.4271590573093535,-0.5630558261021512,-1.4639104745401779,-0.628111327450221,1.1986337188028378,-0.8302347313695445,0.5758736869294983,0.9113313367452667
-2.0323587325495485,-0.5635178434231237,-1.4111989426478753,-0.6340629915813397,-0.5577680085611415,-0.7968112264882751,3.967730558862841,-1.3948176574315099,-1.8780270929525371,-2.5839241823961525,-1.6357241662669215,-0.5613680055033052,1.5087055496071058,-0.39371859638368817,-0.5079016875858329,-1.556432257091295,0.5508166323041834,-0.18566805453704316,-0.7632865199757247,-1.062466260448618,-1.4920140238712716,-0.5314526475228368,-0.4676540326813358,-0.8049075529547676,-0.8302347313695445,-0.35629862307444443,0.9999667026684521
0.23807950973912845,0.0934128406511311,-2.1225000964911906,-0.6199140266762942,-0.07768523253517605,-0.7995273051107735,1.478153099375926,-2.0073955367248164,-1.2563018047215755,0.43690939378949833,-1.6131965315230155,0.44287406374760446,1.6613869527371672,-1.3012277859155499,-0.5998755216614644,-0.8452596066723606,-0.017416142027133992,-0.2313648892137475,-0.03660595806954023,-1.147173887533853,-1.3575595478783724,-1.1530911988677308,-1.149597535449097,-0.5787012803369737,-0.8302347313695445,0.2890514376975159,0.14063812573413417
0.5624278300660823,0.5753181349068314,-0.5576375580358967,-0.501280397857067,-0.4227009880360791,-0.5550802290859065,-0.02788758599270188,-0.5893911865088293,-0.1319050068570703,-0.2958670677604863,-0.08131736893741426,0.6368753725801666,-0.25691785582001375,-0.13443025651744164,-0.07534720210844154,-0.0945773645634855,-0.5856489163584511,0.08851295352318618,0.8515591731491297,-0.1306823625110303,-0.6608408995515324,0.09018590382205717,-0.10662511945134415,0.21302067382530587,-0.8302347313695445,0.7909903738534849,0.7558388990947971
0.3461956165147798,-0.5635178434231237,0.48839355055721445,-0.5295783276671578,-0.27148694979900795,-0.6623653346745981,0.14115779705887876,1.1122140337503552,-0.4626099474054542,-0.11641160778906151,-0.1639186963317359,-0.9151350980803302,0.03474277323612907,0.28691329576520824,0.3793938247957979,-0.37114450639307095,0.08748837015710927,-0.5512427319506812,0.3671054652116733,-0.21538998959626515,-0.34303941084104417,0.09018590382205717,0.013717851625319735,-0.6433316439420576,1.210979321551756,-0.12325554557345873,0.6010878788483698
-0.5187332376904303,-0.17577343560017863,-0.7250025354107944,-0.4827779052889306,-0.4146741730964181,-0.526561403549672,-0.11350797481103493,-0.3057903164656318,-0.3435561688080356,-0.2584805135997728,0.534437980729347,1.800883225575539,-0.30389674909080183,-0.2640744264505649,-0.37932317021497297,-0.3316349147031301,-0.3496137639439039,-0.5055458972739758,0.7708168884928869,-0.3848052437667358,-0.3797088133845618,0.09018590382205717,0.25440379377864664,-0.27978584866345985,0.19037229509110573,0.09186114135052803,0.7271082163411295
0.6705439368417336,-0.17577343560017863,0.06161285825122515,-0.6340629915813397,-0.8906725560110667,-0.4192762979609803,3.607685846908825,0.5450122936639604,-0.052535821125458085,-4.6351997873473,0.6846222123553865,0.9564069400690924,-0.4233014361540549,0.15726912583208572,-1.3524522067795828,-1.4379034820214727,-0.6905534285426941,0.2865325704555732,0.7304457461647654,-0.08832854896841263,-0.7464028388197411,0.09018590382205717,0.8962329728541873,0.7542999690178847,-0.8302347313695445,1.0419598419314697,0.999999991124756
-0.08626881058782543,-0.5635178434231237,-0.7417390331482842,-0.3171757094808647,0.0698704111643601,-0.5713767008208976,-0.3643440824913293,-0.8729920565520267,-0.7404020974660966,0.12740805047431752,-0.46428715958381456,0.3059319633952077,-0.2197262319806398,-0.19925234148400328,-0.24016467502000613,-2.820739191169401,0.15742471161327143,0.05804839707204923,0.6900746038366445,-0.3848052437667358,-1.1008737300737472,0.09018590382205717,-0.14673944314356543,-0.6756468257445996,-0.8302347313695445,0.6296528586604949,0.3560486230314374
0.12996340296347736,-0.17559625320731653,-0.2061711055486113,-0.5306667095829306,-0.5414426743339649,-0.5401417966621646,0.1455485862290497,-0.02218944642243442,-0.3303279711861005,-0.5376334513331004,0.2490879406398723,0.6596990559722327,-0.2921520257731048,-0.06960817155088,-0.468484765945221,-0.37114450639307095,-0.6031330017224916,-0.15520349808590622,0.6497034615085231,-0.1306823625110303,-0.636394631189187,0.09018590382205717,0.13406082270198272,0.2291782647265769,-0.8302347313695445,0.48624173404450377,0.8909031788043871
-1.059313771568687,0.0019173936936058684,0.04487636051373538,-0.5284899457513852,-0.31070294823738337,-0.6487849415621055,0.13457161330362238,-0.02218944642243442,-0.4493817497835185,-0.17623009444620313,0.47436428807893133,0.6596990559722327,-0.018108481693507542,-0.0047860865843183656,0.6104500170696636,-0.37114450639307095,-0.3496137639439039,-0.5664750101762497,0.6093323191804018,-0.46951287085197113,-0.41637821592808,0.09018590382205717,-0.02639647206690156,-0.27978584866345985,0.19037229509110573,0.002229188465533542,0.6570104626734988
-0.5187332376904303,-0.486482020439605,0.06998110711997003,-0.5404621468248851,-0.428420694490089,-0.6189080767146218,0.20262884544127174,0.261411423620763,-0.5155227378931957,-0.3806099238581036,-0.2690476584699634,-0.5043087970231399,-0.11793862989393226,0.027624955898962453,-0.3872116265356077,-0.4106540980830118,-0.5419387029483497,-0.5207781754995443,0.48821889219603753,-0.4271590573093535,-0.5263864235586335,0.09018590382205717,-0.06651079575912286,0.09183874206577336,-0.8302347313695445,0.05600836019653023,0.8130573860319537
0.021847296187825962,-0.1747950806482879,0.6892315234070918,-0.5219596542567488,-0.26378265694898545,-0.6528590594958533,0.07968674867648581,0.5450122936639604,-0.18481779734481177,-0.09896454918072854,0.48938271124153526,-0.1961890712302472,-0.006363758375810519,0.3193243382484891,0.662724845270227,-0.37114450639307095,-0.42829214808208615,-0.3836876714694301,0.6497034615085231,-0.46951287085197113,-0.33081627665987123,0.09018590382205717,0.21428947008642532,-0.15052512145329164,1.210979321551756,0.2352722659665192,0.5841905229354074
-0.7349654512417332,-0.5635178434231237,0.4967617994259594,0.33895044111947836,1.3536772506822448,-0.3785351186235024,-0.7677355611665029,-0.8729920565520267,-0.4493817497835185,0.2898556140906919,1.1276656956522024,1.0362898319413238,-0.4565781522208632,0.3193243382484891,-0.3237220508679588,1.2882583445844429,0.18365083965933207,-0.4141522279205671,-1.570709366538152,1.1399320437674987,-0.2085849348481448,-1.1530911988677308,1.93920538885194,-0.635252848491422,-0.8302347313695445,-0.30251945134344777,0.22793645057321624
0.8867761503930365,2.6171218087558032,0.3796063152635309,0.39663468265543295,-0.2770764135677436,0.5069065123110162,-0.7831033232621012,-0.5893911865088293,-0.5419791331370658,-0.024191440859301534,0.40678138384721363,0.10051881286661248,-0.7169195190964806,-0.10201921403416082,0.3086367195032445,1.2882583445844429,-0.3233876358978431,-0.4750813408228399,-1.570709366538152,1.8175930604493804,-0.5752789602833241,-1.4639104745401779,-0.18685376683578675,-0.21515548505837576,2.231586348012406,0.09186114135052803,0.5099986668799655
0.8867761503930365,-0.17471804482530442,0.7896505098320304,-0.525224800004067,-0.8013096724136181,0.04381510717501795,0.09944529994225497,1.1122140337503552,-0.5419791331370658,-0.901529245164045,0.49689192282283723,-0.3217193298866109,-0.6190468247823386,1.7778212499961252,1.1525712271750272,0.9326720193749755,-0.6905534285426941,0.2865325704555732,-1.570709366538152,1.2669934843953516,0.36590237166696865,1.3334630065118454,1.0566902676230725,0.9562698552837723,-0.8302347313695445,-1.2526181519243893,0.9723475776771769
0.8867761503930365,2.196329032872929,0.3293968220510616,0.5947201913260692,-0.14978928008760517,0.5394994557809984,-0.8050572691129558,-0.8729920565520267,-0.052535821125458085,-0.004251945306921003,0.6771130007740844,0.5798161641000013,-0.7208344268690462,-0.06960817155088,0.7594335838285551,1.3277679362743837,-0.4020660200360254,-0.3836876714694301,0.7304457461647654,1.3093472979379694,-0.2208080690293177,-1.4639104745401779,0.2945181174708679,-0.09397355329884324,2.231586348012406,0.25319865654351814,0.4900013331200346
0.8867761503930365,0.7107471117118573,-0.03043787930496862,-0.2923110700287034,-0.8322107377584375,1.0501222368107208,-0.49111584344573456,-0.02218944642243442,-0.6742611093564195,-0.39307210857834146,0.8723525018879356,1.3672332411262826,-0.7462813273907231,0.9351341454308246,0.2490993637541227,1.1302199778246795,-0.7779738553628969,-0.04857755050692795,-1.570709366538152,1.351701111480587,-0.11079986139876419,0.4010051794945042,0.13406082270198272,1.8045433776005002,-0.8302347313695445,-0.7327528251914213,0.8205384805926733
0.8867761503930365,1.0807424659193998,0.5637077903759184,0.4662911252648875,-0.7706908164442737,2.515446653648674,-0.7589539828261611,-0.02218944642243442,-0.7668584927099674,-0.12887379250929934,0.3016524217089861,-0.31030748819057785,-0.7776005895712486,0.6758458055645781,-0.5104379411547079,1.2882583445844429,-0.7867158980449172,-0.3836876714694301,-1.570709366538152,1.4364087385658224,-0.5019401551962882,-0.8422719231952839,-0.22696809052800804,1.925725309360033,1.210979321551756,-0.30251945134344777,0.6130141761393355
0.8867761503930365,1.1540497550705162,0.8984377451257141,0.380308953918842,-0.3839361037111214,0.6169076965222065,-0.73041385322005,-0.3057903164656318,0.02683336460615413,-0.0565931211319199,0.8573340787253316,0.07769512947454635,-0.6953875263473693,0.28691329576520824,0.19966266932737348,1.2882583445844429,-0.3059035505338026,0.08851295352318618,0.6497034615085231,1.7752392469067628,-0.5386095577398059,-0.5314526475228368,0.4148610885475318,-0.2474706668609178,1.210979321551756,0.8268431550074828,0.542397940774351
0.8867761503930365,0.6262079995697438,1.6934213876564783,1.4523651409549783,4.922915990243818,-0.15989078951237132,-0.853355949984836,-0.02218944642243442,-0.2774151806983591,0.3247497313073578,0.4818734996602333,-1.5770219164502481,-0.5055144993779341,0.4489685081816124,-1.1829202074127807,1.3672775279643246,1.3376004736860072,-0.2313648892137475,0.08450746891482375,1.224639670852734,0.13366282222468867,-0.5314526475228368,0.3346324411630892,-0.8856955074611227,-0.8302347313695445,-0.5534889194214323,0.20424030228409176
0.8867761503930365,0.7721523662120202,-0.03043787930496862,-0.5099874531832488,-0.8639013990259726,0.5598700454497374,0.15652555915447702,-0.02218944642243442,-0.012851228259651683,-1.051075461806899,0.7597143281684061,1.1960556156857867,-0.6856002569159552,0.8379010179809822,0.24587571015930137,0.9721816110649163,-0.5594227883123902,-0.4903136190484084,0.20562089589918794,1.7752392469067628,-0.0863535930364189,0.4010051794945042,0.856118649161966,0.309966219232932,-0.8302347313695445,0.10978753192752691,0.9846322944347244
0.8867761503930365,-0.17589669291695223,0.7059680211445816,-0.041983229400976124,-0.5110947186161603,0.39554728878857676,-0.587713205189495,-0.8729920565520267,-0.4229253545396478,-0.153798161949775,1.022536733513975,0.5912280057960343,-0.6444937253040156,0.18968016831536583,-0.1451023876865349,1.2092391612045612,-0.19225699566753904,-0.3532231150182932,-1.570709366538152,1.3093472979379694,-0.13524612976110947,-1.4639104745401779,1.2572618860841782,-0.36865259862045047,0.19037229509110573,-0.3921514042284422,0.6364525402815664
0.8867761503930365,-0.5635178434231237,0.35450156865729626,1.3239360748937963,7.676282754621569,-0.46680767385470445,-0.8445743716444941,-0.8729920565520267,-0.03930762350352242,0.6088875429287804,0.9324261945383513,0.9335832566770262,-0.27453494079655927,0.25450225328192744,-1.328305653473635,1.3672775279643246,0.6382370591243858,-0.5360104537251128,0.3671054652116733,1.097578230224881,-0.06190732467407361,-1.774729750212625,1.3374905334686207,-0.7645135757015903,-0.8302347313695445,0.05600836019653023,0.07585818002124355
0.021847296187825962,-0.5635178434231237,0.3293968220510616,-0.525224800004067,-0.4561130701676763,-0.5768088580658947,0.10164069452734044,0.5450122936639604,-0.621348318868678,-0.3880872346902463,-0.06629894577481033,-0.5499561638072722,-0.2138538703217913,0.1248580833488049,-0.024783613849158177,-0.37114450639307095,0.026294071382967563,-0.4903136190484084,0.5689611768522803,-0.3848052437667358,-0.4408244842904253,0.09018590382205717,0.21428947008642532,-0.6029376666888799,-0.8302347313695445,-0.17703471730445544,0.8175744761936437
-0.7349654512417332,-0.05953408230034706,0.48839355055721445,-0.5186945085094307,-0.4971109800365542,-0.5482900325296601,0.06431898658088757,0.8286131637071579,-0.18481779734481177,-0.4329510996831025,1.1652117535587123,1.1047608821175223,-0.2823647563416906,0.15726912583208572,0.4294714724321441,-0.37114450639307095,-0.7692318126808766,-0.2618294456648845,0.8111880308210082,-0.3848052437667358,-0.4286013501092524,0.09018590382205717,0.7758900017775234,1.2794216733091928,-0.8302347313695445,0.3786833905825104,0.8429045311145473
0.8867761503930365,-0.5635178434231237,0.1704000935449087,-0.42618204566874884,-0.36700069487165565,-0.4505112021197133,-0.2935303307880429,0.261411423620763,-0.052535821125458085,-0.15878303583787015,-0.37417662060819096,-0.8010166811199996,-0.386109812314681,1.0323672728806663,0.584975349574576,1.0512007944447979,0.15742471161327143,-0.5817072884018171,0.5689611768522803,1.1399320437674987,-0.049684190492900696,0.09018590382205717,0.6555470307008596,-0.635252848491422,0.19037229509110573,0.002229188465533542,0.6410674063348171
0.8867761503930365,-0.060627990986713086,0.2457143333636127,-0.46427541272079426,-0.605883959907098,-0.28618844545855265,-0.17936981236359884,0.261411423620763,-0.18481779734481177,-0.4429208474592928,-0.051280522612206385,-0.4130140634548754,-0.5074719532642169,0.9675451879141054,0.6155078804580064,1.011691202754857,-0.6031330017224916,-0.3379908367927258,0.24599203822730933,1.1822858573101165,-0.3674856792033894,0.09018590382205717,1.0165759439308513,0.3503601964861094,-0.8302347313695445,0.2890514376975159,0.8481288363433407
0.6705439368417336,-0.059272160502203096,0.14529534693867405,-0.38373515095361244,-0.26968288851030603,-0.4586594379872089,-0.3637829575107777,-0.3057903164656318,-0.6345765164906138,-0.0640704319640626,-0.07380815735611229,-0.31030748819057785,-0.37436508899698395,0.6434347630812972,0.8994547348500366,1.0907103861347387,-0.2359672090776404,-0.5055458972739758,-1.570709366538152,1.1399320437674987,-0.636394631189187,0.09018590382205717,0.8962329728541873,-0.36865259862045047,1.210979321551756,0.07393475077352914,0.549833997312478
0.8867761503930365,-0.37092828596432675,-0.5492693091671517,-0.48713143295202155,-0.5820261482941319,-0.34322609653102165,0.033583462389691086,-0.3057903164656318,-0.5419791331370658,-0.5376334513331004,0.2490879406398723,1.1275845655095884,-0.3919821739735295,0.8054899754977013,0.6968300407168031,1.011691202754857,-0.6818113858606739,-0.15520349808590622,-1.570709366538152,1.1822858573101165,-0.06190732467407361,0.09018590382205717,1.1770332386997355,0.6735120145115299,-0.8302347313695445,-0.6251944817294279,0.8909031788043871
0.5624278300660823,0.32508267110946726,-1.1434149788480388,-0.5034571616886124,-0.0741631441500762,-0.6773037670983401,0.11700845662293868,-1.1565929265952242,-0.11867680923513463,0.18517326244069407,-0.22399238898215162,1.218879299077853,0.2500627007272412,0.3517353807317699,0.5972770330115102,0.9721816110649163,-0.5069705322202687,-0.2618294456648845,0.24599203822730933,0.9281629760544104,-0.3797088133845618,0.09018590382205717,0.8160043254697448,0.05144476481259598,0.19037229509110573,0.3966097811595093,0.31002551887238755
0.8867761503930365,0.20995263366059838,0.35450156865729626,-0.4207401360898852,-0.45644693805877173,-0.35680648964351425,-0.18376060153376975,0.8286131637071579,-0.18481779734481177,-0.2809124460962009,0.2791247869650802,-0.05924697087785043,-0.3841523584283982,1.0323672728806663,0.6626149002214899,1.0512007944447979,-0.812942026090978,-0.12473894163476926,0.28636318055543075,1.1822858573101165,-0.5386095577398059,0.09018590382205717,0.8160043254697448,1.9661192866132104,-0.8302347313695445,0.5400209057755004,0.7445969158274759
0.8867761503930365,-0.1773526699713407,0.27918732883859226,-0.345641783901567,-0.40117778472826926,-0.30384295650479304,-0.32207046039415393,0.5450122936639604,-0.5816637260028722,-0.18121496833429826,0.26410636380247626,0.020635920994381027,-0.42917379781290343,1.0323672728806663,0.38856922182712855,1.1302199778246795,0.7256574859445886,-0.10950666340920186,-1.570709366538152,1.1822858573101165,-0.0863535930364189,0.09018590382205717,1.0165759439308513,-0.8210651438560387,0.19037229509110573,-0.6610472628834257,0.6615031592029524
0.8867761503930365,0.3249363030457985,-0.0471743770424584,-0.3978841158586579,-0.46951640734903227,-0.3147072709947871,-0.21888691489513717,-0.3057903164656318,-0.6742611093564195,-0.2809124460962009,-0.05878973419350835,-0.025011445789751233,-0.41547162060892356,0.7082568480478589,0.5514214191254286,0.8931624276850346,0.06126224211104865,-0.5664750101762497,-1.570709366538152,1.1822858573101165,-0.6241714970080147,0.09018590382205717,0.6154327070086383,-0.6029376666888799,-0.8302347313695445,0.002229188465533542,0.7445969158274759
0.8867761503930365,-0.059495564388855324,-0.6915295399358148,-0.4338007190791579,-0.36491960609467905,-0.46816571316595373,-0.2649902011819319,-0.5893911865088293,-0.35678436642997124,-0.1637679097259653,-0.2089739658195477,0.6254635308841335,-0.3645778195655698,-0.32889651141712656,0.6991477272622941,-0.2921253230131893,-0.6818113858606739,0.17990662287659598,0.5285900345241589,-0.34245143022411817,-0.9053035831749852,-1.4639104745401779,-0.02639647206690156,0.7139059917647073,0.19037229509110573,0.8447695455844817,0.6456563062257954
0.6705439368417336,-0.17512633468711708,-0.6915295399358148,-0.4708057042154306,-0.5553059224365289,-0.3731029613785054,-0.16619744485308605,-0.5893911865088293,-0.40969715691771275,-0.395564545522389,-0.03626209944960245,0.887935889892894,-0.458535606107146,-0.4585406813502498,0.7309616049361777,-0.3316349147031301,-0.6031330017224916,-0.3836876714694301,0.5285900345241589,-0.34245143022411817,-0.5386095577398059,-0.5314526475228368,-0.02639647206690156,0.39075417373928717,-0.8302347313695445,0.2173458753895203,0.8220063142137535
0.8867761503930365,-0.37092828596432675,-0.013701381567478845,-0.1453795113993852,1.9249133165216559,-0.703106514012076,-0.5964947835298368,-0.3057903164656318,-0.2774151806983591,0.945366530375202,0.8873709250505395,1.3672332411262826,0.21091362300158445,-0.19925234148400328,-1.4541763280589677,-0.21310613963330757,-0.11357861152935679,-0.18566805453704316,0.8515591731491297,-0.5118666843945888,-0.5630558261021512,-0.5314526475228368,0.13406082270198272,-0.473676939478712,-0.8302347313695445,0.450388952890506,0.020836344518680425
0.6705439368417336,-0.5635178434231237,-0.013701381567478845,0.017877775966523873,1.7970778598627108,-0.6365625877608622,-0.6689428048376571,-0.3057903164656318,-0.6478047141125488,0.6711984665299696,-0.7496371996732893,-1.1205482486089253,-0.06900228273686132,-0.19925234148400328,-0.10077210053440692,-0.17359654794336674,0.9879187664051967,-0.30752628034158885,0.5285900345241589,-0.4271590573093535,-0.3063700082975259,-0.5314526475228368,-0.4676540326813358,-0.8614591211092162,-0.8302347313695445,-0.42800418538244,0.060086650174007626
0.8867761503930365,-0.5635178434231237,-0.022069630436223734,-0.3391114924069306,-0.14978928008760517,-0.46273355592095666,-0.436230978818598,0.261411423620763,-0.4229253545396478,0.025657298021649802,0.31667084487159003,0.5113451139238029,-0.3684927273381355,0.027624955898962453,1.3630091057872118,-0.25261573132324844,-0.6818113858606739,-0.5817072884018171,0.9323014578053724,-0.34245143022411817,-0.31859314247869885,-0.5314526475228368,0.21428947008642532,0.7139059917647073,1.210979321551756,-0.08740276441946095,0.46008511544443426
0.3461956165147798,-0.07456377136443158,0.28755557770733714,-0.429447191416067,-0.40676953451929965,-0.4355727696959714,-0.28035796327753015,0.8286131637071579,-0.6478047141125488,-0.19866202694263124,-0.6219806027911559,-1.3373732408335537,-0.4056843511775094,0.1248580833488049,0.33809832761200825,-0.2921253230131893,-0.2359672090776404,-0.5207781754995443,0.5689611768522803,-0.34245143022411817,-0.5019401551962882,-0.5314526475228368,-0.7484542985268848,-0.36057380316981497,0.19037229509110573,-0.15910832672745653,0.676995856238523
0.7786600436173851,-0.5635178434231237,0.4047110618697656,0.05379437918702387,0.7849538702163357,-0.4586594379872089,-0.6865059615183408,-0.3057903164656318,-1.1107916308802863,0.29982536186688213,-0.6069621796285519,-1.4743153411859506,-0.37632254288326683,-0.2316633839672841,0.5307474079781831,-0.17359654794336674,3.654241784421377,0.545481300290234,-1.570709366538152,-0.34245143022411817,-0.0863535930364189,-0.5314526475228368,-0.628111327450221,-1.0311138255725618,-0.8302347313695445,-1.3781028859633815,0.22097389222018782
-0.08626881058782543,-0.061822046242957576,-0.24801234989233573,-0.39026544244824884,-0.09597683341307499,-0.5550802290859065,-0.35719677375552134,0.261411423620763,-0.3303279711861005,0.07550603690260113,-0.35164898586428506,-0.1961890712302472,-0.2588753097062966,-0.0047860865843183656,-0.08969847547394083,-0.015558181183603827,-0.1398047395754176,-0.4141522279205671,0.5689611768522803,-0.3848052437667358,-0.4408244842904253,-0.5314526475228368,-0.10662511945134415,-0.4494405531268054,1.210979321551756,0.19941948481252142,0.41095956594133487
0.23807950973912845,-0.5635178434231237,-0.7333707842795393,-0.4816895233731579,-0.5207000488183234,-0.43828884831847,-0.11789876398120587,-0.5893911865088293,-0.621348318868678,-0.3806099238581036,0.12143134375773885,1.1846437739897537,-0.4037268972912265,-0.2964854689338457,0.6888158740408332,-0.3316349147031301,-0.6381011724505725,-0.0790421069580649,0.20562089589918794,-0.08832854896841263,-0.9297498515373305,-0.8422719231952839,0.09394649900976233,0.552330082751997,-0.8302347313695445,0.5041681246215026,0.8130573860319537
0.23807950973912845,-0.486482020439605,0.26245083110110246,0.0015520472299329644,0.6619855350256547,-0.46952375247720296,-0.6623566210824007,0.261411423620763,-0.14513320447900538,0.29234805103473943,0.9774814640261631,1.1275845655095884,-0.36066291179300414,-0.06960817155088,0.9637226853244482,-0.17359654794336674,0.5508166323041834,-0.18566805453704316,0.6900746038366445,-0.34245143022411817,-0.46527075265277,-0.8422719231952839,0.5753183833164169,-0.7725923711522258,-0.8302347313695445,0.48624173404450377,0.2261814257305462
0.8867761503930365,-0.5635178434231237,0.3963428130010207,0.8940252181635693,2.6330977886314897,-0.17618726124736245,-0.8226204257936395,-1.4401937966384215,-0.383240761673842,0.3048102357549773,0.29414321012768413,-0.09348249596594962,-0.4937697760602371,0.027624955898962453,0.37967578335815383,1.3672775279643246,1.0316289798152978,-0.3684553932438617,-1.570709366538152,1.224639670852734,-0.09857672721759127,-1.1530911988677308,1.0566902676230725,-0.8372227347573097,-0.8302347313695445,-0.3742250136514433,0.2175502235768875
0.8867761503930365,3.004873920161047,1.2080629532692748,-0.4218285180056579,-0.6219361913193752,0.08591432582374507,-0.3067026982985557,-0.02218944642243442,0.05328975985002487,-0.3806099238581036,1.5031262747173009,0.6368753725801666,-0.5720679315115506,0.28691329576520824,0.7749969584405885,1.0512007944447979,-0.6118750444045117,0.08851295352318618,0.9323014578053724,1.2669934843953516,-0.5263864235586335,-0.8422719231952839,0.3747467648553105,0.5119361054988196,-0.8302347313695445,0.8447695455844817,0.8130573860319537
0.8867761503930365,-0.07716758218127455,0.5720760392446633,0.07922155313072195,-0.628835674610211,0.18233511692244264,-0.547908902583571,0.8286131637071579,-0.15836140210094102,-0.33285168201945686,1.1727209651400143,1.0020543068532246,-0.6053446475783588,0.09244704086552409,0.6496421144570004,-2.820739191169401,-0.6031330017224916,0.17990662287659598,0.6900746038366445,-0.25774380313888284,-0.7586259730009135,0.09018590382205717,0.2945181174708679,0.4149905600911935,-0.8302347313695445,0.8806223267384795,0.6321166843562466
0.8867761503930365,-0.5635178434231237,0.8984377451257141,-0.345641783901567,0.29558477406524014,-0.6324884698271144,-0.31987506580906844,0.8286131637071579,-0.6478047141125488,0.4194623351811653,-0.6820542954415716,-2.2617324182122323,0.044530042667543256,0.5462016356314549,0.48412934705370997,-0.4106540980830118,0.07000428479306872,0.2408357357788688,0.6093323191804018,-0.4271590573093535,0.18255535894937927,1.3334630065118454,-0.6682256511424423,-0.5706224848863382,-0.8302347313695445,-1.1450598084623957,0.14931293453084377
0.8867761503930365,-0.1748027842305863,0.7227045188820713,-0.013685299590885215,-0.1465011872207561,-0.08655666670491118,-0.6074717564552641,0.8286131637071579,-0.383240761673842,0.013195113301411964,-0.0062252531243945815,-0.9950179899525617,-0.530961399899611,0.15726912583208572,0.9077827135537992,-0.17359654794336674,0.04377815674700811,-0.5207781754995443,0.6900746038366445,-0.3000976166815005,-0.2330312032104901,-0.5314526475228368,-0.10662511945134415,-0.5625436894357027,1.210979321551756,-0.17703471730445544,0.47252769565540637
-1.059313771568687,-0.17524188842159236,0.08671760485745982,0.03638026853466023,0.6741862417643574,-0.47088179178845224,-0.616253334795606,-0.5893911865088293,-0.35678436642997124,0.35715141157997615,1.210267023046524,1.7210003337033075,-0.26866257913771074,0.4489685081816124,0.5359094342665787,1.248748752894502,0.08748837015710927,-0.20090033276261057,-1.570709366538152,1.097578230224881,-0.6119483628268417,-0.8422719231952839,1.7386337703908337,-0.5867800757876092,-0.8302347313695445,0.4324625623135071,0.18392172741950427
0.8867761503930365,-0.5635178434231237,-1.494881431335324,-0.09426029473138063,-0.6881708787777783,0.4946841585097728,-0.27174695912471564,-0.8729920565520267,-0.50229454027126,-0.6304027821932231,0.5119103459854412,2.8165371365224816,-0.675812987484541,0.4165574656983315,0.19724589433676093,-2.820739191169401,-0.856652239501079,2.6323034171930852,-1.570709366538152,1.7752392469067628,-2.262071477285147,-0.5314526475228368,0.6956613543930809,3.3395145132212463,-0.8302347313695445,2.6374086032843715,0.8965274949727835
0.8867761503930365,-0.37092828596432675,0.6222855324571327,-0.16605876779906703,-0.33575659023607257,-0.08791470601616043,-0.5174605784667601,0.5450122936639604,-0.5552073307590015,-0.0865023644604907,0.8197880208188218,0.3972266969634722,-0.5290039460133281,0.7730789330144205,0.7644231411929964,1.2092391612045612,0.15742471161327143,-0.45984906259727143,-1.570709366538152,1.224639670852734,-0.48971702101511533,-0.5314526475228368,0.856118649161966,-0.619095257590151,1.210979321551756,-0.03362359268846425,0.5719961329315186
0.8867761503930365,0.21028388769942755,1.1411169623193158,0.25732179743652384,0.36766107639379014,-0.1816194184923595,-0.6930921452735972,0.5450122936639604,-0.4229253545396478,0.16274132994426596,-0.12637263842522606,-1.7481995418907441,-0.4898548682876714,0.513790593148174,-0.0896658413705392,1.2882583445844429,0.3584916932997375,-0.5360104537251128,0.003765184258581173,1.224639670852734,-0.41637821592808,-0.5314526475228368,-0.06651079575912286,-0.6998832120965062,0.19037229509110573,0.03808196961953134,0.3295988401911314
0.8867761503930365,-0.5635178434231237,0.8147552564382651,-0.18564964228297612,-0.2253784711614616,-0.22915079438608366,-0.5064836055413329,0.8286131637071579,-0.052535821125458085,-0.024191440859301534,0.8348064439814258,0.1575780213467778,-0.470280329424843,0.8379010179809822,1.2498046672939256,1.1697295695146204,-0.5769068736764308,-0.04857755050692795,0.3267343228835519,1.1822858573101165,-0.48971702101511533,-0.5314526475228368,1.2171475623919568,0.309966219232932,2.231586348012406,0.6475792492374939,0.5099986668799655
0.7786600436173851,-0.07473325017499534,0.11182235146369449,-0.06701601346374884,-0.0282793027808641,-0.2617437378560659,-0.6316210968912042,-0.3057903164656318,-0.6345765164906138,0.05805897829426817,-0.2315016005634536,-0.5043087970231399,-0.5172592226956311,0.513790593148174,1.2495563249928625,1.2092391612045612,0.1399406262492309,-0.5512427319506812,-1.570709366538152,1.1822858573101165,-0.5997252286456694,-0.8422719231952839,0.856118649161966,-0.619095257590151,1.210979321551756,0.020155579042532443,0.42800386706848137
0.8867761503930365,-0.5635178434231237,0.5971807858508981,-0.47189408613120337,-0.5804165708150776,-0.34322609653102165,-0.16180665568291513,-0.02218944642243442,-0.8859122713073854,-0.4254737888509598,-0.8547661618115169,-2.113378476163802,-0.4781101449699744,0.7406678905311397,0.535823155531076,1.011691202754857,0.18365083965933207,0.4236230744856873,-1.570709366538152,1.1822858573101165,0.08477028549999811,-0.8422719231952839,0.25440379377864664,-0.651410439392693,-0.8302347313695445,-1.3243237142323847,0.8388910504234147
0.021847296187825962,-0.5635178434231237,-0.38190433179225397,-0.1290537826627943,0.3656192767909887,-0.47088179178845224,-0.6074717564552641,-0.5893911865088293,-0.5155227378931957,0.23502200132164539,0.04633922794471919,0.5912280057960343,-0.35674800402043844,0.5462016356314549,0.37090630734968466,1.2092391612045612,0.5945268457142846,-0.13997121986033773,-1.570709366538152,1.097578230224881,-0.03746105631172832,-1.1530911988677308,0.9363472965464087,-0.7806711666028613,0.19037229509110573,-0.6431208723064268,0.2689414213699951
0.8867761503930365,-0.5635178434231237,1.1662217089255504,-0.19544507952493065,-0.23462869637351996,-0.2522374626773211,-0.5701500485088112,1.1122140337503552,-0.5287509355151307,-0.0266838778033491,0.44432744175372346,-0.9151350980803302,-0.5290039460133281,1.097189357847228,1.2880561182338681,1.1697295695146204,0.46339620548398075,-0.3684553932438617,-1.570709366538152,1.1822858573101165,-0.25747747157283535,-0.5314526475228368,1.1369189150075143,-0.7564347802509547,2.231586348012406,-0.3383722324974455,0.5124973964842103
-2.0323587325495485,-0.5635178434231237,-1.0178912458168654,-0.5937928606977488,1.1085291147443173,-0.8090335802895184,0.806362356339774,-0.5893911865088293,-1.203389014233834,3.3306286858287235,-0.9749135471123483,-0.09348249596594962,3.335010025508993,-0.16684129900072245,-2.0388311912714956,-0.5291828731528343,-0.3670978493079445,-0.20090033276261057,0.12487861124294515,-1.6130658365026471,-0.807518509725604,0.09018590382205717,-0.10662511945134415,-0.2474706668609178,-0.8302347313695445,-0.46385696653643776,1.485140042947132e-06
0.4543117232904312,-0.05923364259071136,0.003035116170010932,-0.4925733425308852,0.21860970538928445,-0.7194029857470672,-0.08057705603475299,-0.02218944642243442,-0.4758381450273893,0.5042051912787826,-0.28406608163256736,-0.43583774684694154,0.324445948405989,-0.16684129900072245,0.5730932132626965,-0.3316349147031301,2.7363273028092494,-0.3836876714694301,0.5285900345241589,-0.5542204979372065,-0.19636180066697242,-0.5314526475228368,-0.18685376683578675,-0.9987986437700199,-0.8302347313695445,-0.3383722324974455,0.11105596671140756
0.4543117232904312,2.886169420525743,-0.7919485263607535,-0.5720252223822943,-0.4902498523659135,-0.64063670569461,0.4660761956515273,-0.3057903164656318,-0.18481779734481177,-0.5949595010461943,0.09890370901383295,1.230291140773886,-0.05138519776031578,-0.6205958937666539,-1.1040412300312898,-0.4501636897729526,-0.7342636419527955,-0.09427438518363339,0.6900746038366445,-0.4271590573093535,-0.5630558261021512,-1.4639104745401779,-0.628111327450221,1.1986337188028378,-0.8302347313695445,0.5758736869294983,0.9113313367452667
-2.0323587325495485,-0.5635178434231237,-1.4111989426478753,-0.6340629915813397,-0.5577680085611415,-0.7968112264882751,3.967730558862841,-1.3948176574315099,-1.8780270929525371,-2.5839241823961525,-1.6357241662669215,-0.5613680055033052,1.5087055496071058,-0.39371859638368817,-0.5079016875858329,-1.556432257091295,0.5508166323041834,-0.18566805453704316,-0.7632865199757247,-1.062466260448618,-1.4920140238712716,-0.5314526475228368,-0.4676540326813358,-0.8049075529547676,-0.8302347313695445,-0.35629862307444443,0.9999667026684521
0.23807950973912845,0.0934128406511311,-2.1225000964911906,-0.6199140266762942,-0.07768523253517605,-0.7995273051107735,1.478153099375926,-2.0073955367248164,-1.2563018047215755,0.43690939378949833,-1.6131965315230155,0.44287406374760446,1.6613869527371672,-1.3012277859155499,-0.5998755216614644,-0.8452596066723606,-0.017416142027133992,-0.2313648892137475,-0.03660595806954023,-1.147173887533853,-1.3575595478783724,-1.1530911988677308,-1.149597535449097,-0.5787012803369737,-0.8302347313695445,0.2890514376975159,0.14063812573413417
-2.0323587325495485,-0.5635178434231237,-1.0178912458168654,-0.5937928606977488,1.1085291147443173,-0.8090335802895184,0.806362356339774,-0.5893911865088293,-1.2298454094777047,3.3306286858287235,-0.9749135471123483,-0.09348249596594962,3.335010025508993,-0.10201921403416082,-2.0388215761275874,-0.5291828731528343,-0.3670978493079445,-0.15520349808590622,0.12487861124294515,-1.6130658365026471,-0.7830722413632588,0.09018590382205717,-0.18685376683578675,-0.2474706668609178,-0.8302347313695445,-0.4997097476904356,1.485140042947132e-06
-0.7349654512417332,-0.05933378916058991,0.3210285731823167,-0.43162395524761243,-0.24919085675465832,-0.5482900325296601,-0.26938099035210283,0.8286131637071579,-0.18481779734481177,-0.05410068418787234,1.2027578114652222,1.390056924518349,-0.2823647563416906,0.060035998382243265,0.8630424993560757,-0.05506777287354467,-0.3583558066259242,-0.29229400211602036,0.8111880308210082,-0.3848052437667358,-0.40415508174690706,-0.5314526475228368,0.7758900017775234,-0.19899789415710473,1.210979321551756,0.34283060942851257,0.5399148845555657
-0.5187332376904303,-0.5635178434231237,-0.9676817526043962,-0.6003231521923852,0.038793911523337735,-0.7927371085545273,0.92930445310456,-0.3057903164656318,-1.388583780940929,0.6512589709775891,-0.9523859123684424,-0.1277180210540488,1.3403645153867818,-0.2640744264505649,-1.0202482013042748,-0.726730831602538,0.11371449820317028,0.37792623980898293,-0.3192039543663898,-1.0201124469060003,-0.5752789602833241,-1.1530911988677308,-0.5478826800657784,-0.667568030293964,-0.8302347313695445,-1.0375014650004024,0.06476696860678553
-2.0323587325495485,-0.5635178434231237,-1.0178912458168654,-0.5937928606977488,1.1085291147443173,-0.8090335802895184,0.806362356339774,-0.5893911865088293,-1.203389014233834,3.3306286858287235,-0.9749135471123483,-0.09348249596594962,3.335010025508993,-0.16684129900072245,-2.0388311912714956,-0.5291828731528343,-0.3670978493079445,-0.20090033276261057,0.12487861124294515,-1.6130658365026471,-0.807518509725604,0.09018590382205717,-0.10662511945134415,-0.2474706668609178,-0.8302347313695445,-0.46385696653643776,1.485140042947132e-06
0.8867761503930365,2.6358800316522903,-0.1224886168611624,0.12345082179647841,-0.7237345428720781,0.9930845857382519,-0.6469888589868025,-0.5893911865088293,-0.07899221636932882,-0.20613933777477395,0.6545853660301785,1.1618200905976876,-0.7384515118455918,0.3841464232150507,0.6342200113637034,1.248748752894502,-0.12232065421137706,-0.5207781754995443,0.20562089589918794,1.7752392469067628,-0.12302299557993655,0.4010051794945042,0.17417514639420403,-0.4332829622255344,0.19037229509110573,0.07393475077352914,0.6835208937363156
0.8867761503930365,-0.05273952271320074,0.9235424917319487,0.09188774623906933,-0.8003832914236988,1.4045704970467783,-0.6316210968912042,1.1122140337503552,-0.4626099474054542,-0.24851076582358256,1.0525735798391829,0.34016748848330686,-0.7580260507084201,1.1944224852970704,-0.7839902113046072,1.248748752894502,-0.5419387029483497,-0.5969395666273856,-1.570709366538152,1.7752392469067628,-0.3797088133845618,0.4010051794945042,0.6555470307008596,0.2291782647265769,0.19037229509110573,-0.06947637384246204,0.7190996574163839
0.8867761503930365,-0.5635178434231237,-1.7124559019226913,-0.5721482643414354,-0.382969729903907,-0.6650814132970967,1.0355321695158923,-3.141799016897606,-0.9255968641731912,-0.8580145711887,-0.5243608522342303,1.5384108665667786,0.18155181470734189,-4.283043694377382,0.16036244213189438,-2.820739191169401,-0.8828783675471399,6.242353356652764,0.3671054652116733,-0.6812819385650595,-3.508831163764756,-0.8422719231952839,-0.38742538529689324,3.3395145132212463,-0.8302347313695445,3.8922559436742947,0.9766576338964289
0.7786600436173851,-0.37092828596432675,-0.4906915670859375,-0.621002408592067,-0.66044169030175,-0.6419947450058592,1.5945090123854555,-0.8729920565520267,-0.7668584927099674,-1.7115712519795043,-1.1175885671570858,-1.029253515040661,0.0778067587343515,-0.39371859638368817,-1.5061837113641185,-0.8847691983623014,1.599861754146615,-0.45984906259727143,0.4478477498679161,-0.6389281250224418,-0.5630558261021512,-1.774729750212625,-0.7484542985268848,-0.9422470756155713,-0.8302347313695445,-0.21288749845845323,0.9988985216923515
0.8867761503930365,0.3252675570846277,-0.5827423046421313,-0.44359615632111243,-0.5159107994039434,-0.3649547255110098,-0.2342546769907354,-0.3057903164656318,-0.18481779734481177,-0.320791437200962,0.21905109431466444,1.1275845655095884,-0.4604930599934288,-0.2640744264505649,0.7355543644492218,-0.2921253230131893,-0.8479101968190589,0.13420978819989055,0.7708168884928869,-0.34245143022411817,-0.7341797046385682,-0.5314526475228368,0.013717851625319735,2.935574740689471,-0.8302347313695445,0.8268431550074828,0.7738185742694538
0.4543117232904312,-0.05923364259071136,0.003035116170010932,-0.4925733425308852,0.21860970538928445,-0.7194029857470672,-0.08057705603475299,-0.02218944642243442,-0.4758381450273893,0.5042051912787826,-0.28406608163256736,-0.43583774684694154,0.324445948405989,-0.16684129900072245,0.5730108090302325,-0.3316349147031301,3.0860090100900597,-0.3836876714694301,0.5285900345241589,-0.5542204979372065,-0.19636180066697242,-0.5314526475228368,-0.18685376683578675,-1.0068774392206552,-0.8302347313695445,-0.3383722324974455,0.11105596671140756
0.021847296187825962,-0.5635178434231237,0.03650811164499049,-0.5088990712674761,0.1294179227400798,-0.723477103680815,0.0028479381984946026,-0.3057903164656318,-0.8462276784415796,0.43690939378949833,-0.4042134669333988,-0.6640745807676028,0.3459779411551002,-0.2640744264505649,0.46935229834162023,-0.37114450639307095,3.785372424651681,-0.033345272281360555,0.48821889219603753,-0.5542204979372065,-0.3063700082975259,-0.5314526475228368,-0.42753970898911453,-1.0311138255725618,-0.8302347313695445,-0.7148264346144223,0.14063812573413417
0.4543117232904312,2.886169420525743,-0.7919485263607535,-0.5720252223822943,-0.4902498523659135,-0.64063670569461,0.4660761956515273,-0.3057903164656318,-0.18481779734481177,-0.5949595010461943,0.09890370901383295,1.230291140773886,-0.05138519776031578,-0.6205958937666539,-1.1040412300312898,-0.4501636897729526,-0.7342636419527955,-0.09427438518363339,0.6900746038366445,-0.4271590573093535,-0.5630558261021512,-1.4639104745401779,-0.628111327450221,1.1986337188028378,-0.8302347313695445,0.5758736869294983,0.9113313367452667
-0.7349654512417332,-0.37092828596432675,0.22897783562612292,-0.44033101057379426,0.03105582758909445,-0.6392786663833607,-0.25181783367141913,0.5450122936639604,-0.4758381450273893,0.21508250576926485,-0.03626209944960245,-0.3673666966707431,-0.055300105532881456,-0.06960817155088,0.5799341443819993,-0.2921253230131893,-0.043642270073194614,-0.5969395666273856,0.6900746038366445,-0.4271590573093535,-0.41637821592808,-0.5314526475228368,-0.38742538529689324,-0.522149712182525,0.19037229509110573,-0.03362359268846425,0.28495789429901025
0.12996340296347736,0.32578369709861726,-1.6706146575789669,-0.6231791724236124,-0.7423322068056958,-0.6066857229133784,1.6274399311617374,-1.4401937966384215,-0.23773058783255266,-2.0430653655378306,-0.39670425535209686,1.6753529669191753,-0.15317279984702334,-0.6854179787332149,-1.5194401547270153,-0.726730831602538,-0.8216840687729982,1.2918629333430787,0.5689611768522803,-0.4271590573093535,-1.5164602922336168,-0.8422719231952839,-0.02639647206690156,2.3296650818918083,-0.8302347313695445,1.9024265896274166,0.9997084478292226
0.8867761503930365,-0.2928678865351272,0.06998110711997003,0.1582790431012057,0.023112163980865606,-0.06890215565867076,-0.6623566210824007,-1.1565929265952242,-0.22450239021061758,0.06802872607045844,0.7296774818431983,1.0134661485492578,-0.5368337615584595,-0.5881848512833731,0.7907300447548186,-0.17359654794336674,-0.43703419076410643,-0.21613261098817904,1.2148994541022218,-0.4271590573093535,-0.5019401551962882,-0.5314526475228368,-0.18685376683578675,-0.053579576045665864,1.210979321551756,0.4324625623135071,0.4182406231581638
0.8867761503930365,-0.17510322394022199,0.22897783562612292,0.10603671114411477,1.0374353820913047,-0.22173225750074024,-0.6360118860613752,-0.3057903164656318,-0.8859122713073854,0.451126744726699,0.2040326711520605,-0.002187762397685103,-0.22331281078194296,-0.2316633839672841,0.37026493807349664,-0.17359654794336674,1.77470260778702,0.2560680140044373,0.9323014578053724,-3.095449310494264,-0.0863535930364189,-0.5314526475228368,-0.18685376683578675,-0.9260894847143003,-0.8302347313695445,-1.0733542461544001,0.1404355277979482
0.8867761503930365,0.20996804082519505,-1.0262594946856103,-0.3412882562384761,-0.5956854987029676,0.07369197202250172,-0.3352428279046667,-1.7237946666816188,-0.727173899844161,-0.34073093275334254,-0.6369990259537598,0.4314622220515714,-0.566195569852702,-0.8474731911496189,1.071831701783015,-0.25261573132324844,-0.7255215992707752,-0.5512427319506812,-0.3999462390226326,-0.25774380313888284,-0.5875020944644964,-1.4639104745401779,-0.6682256511424423,1.1986337188028378,-0.8302347313695445,-0.12325554557345873,0.7875131558774608
0.7786600436173851,-0.059418528565871785,-0.36516783405476416,-0.17585420504102156,0.42172236133160124,-0.5374257180396661,-0.5108743947115038,-0.5893911865088293,-0.23773058783255266,0.34967410074783345,-0.30659371637647326,0.032047762690414094,-0.18057715425498305,-0.32889651141712656,-0.16476505597363378,-0.21310613963330757,-0.288419465169762,-0.3227585585671573,0.48821889219603753,-0.3848052437667358,-0.41637821592808,-0.5314526475228368,0.013717851625319735,-0.27978584866345985,-0.8302347313695445,0.2890514376975159,0.18846732521381943
-0.3025010241391279,-0.5635178434231237,-1.8881891281663339,-0.6340629915813397,-0.7085328144819658,-0.7533539685282987,3.8425930675129694,-1.8826111539058097,-0.5552073307590015,-3.5858838339032744,-0.5468884869781362,1.7438240170953736,0.6102342158032833,-0.7826511061830572,-1.448095096876635,-0.6872212399125972,-0.8391681541370386,1.3680243244709198,0.08450746891482375,0.7587477218839402,-1.7242535733135516,-0.5314526475228368,-0.18685376683578675,2.3296650818918083,-0.8302347313695445,1.7769418555884244,0.9999994021946262
0.23807950973912845,-0.5635178434231237,-1.285675209616702,-0.604676679855476,0.22973657661923005,-0.8022433837332721,1.0171202365079786,-0.8729920565520267,-1.388583780940929,1.2295043419966247,-1.6056873199417137,-0.6868982641596689,1.8727919724557136,-0.19925234148400328,-0.8434904464429218,0.6165952858554492,0.5508166323041834,0.027583840620913357,-0.11734824272578302,0.03873289165944037,-0.8319647780879493,-0.5314526475228368,-0.8286829459113275,-0.8049075529547676,-0.8302347313695445,-0.6610472628834257,0.00675966051071325
0.23807950973912845,-0.5635178434231237,-0.15596161233614195,-0.5818206596242488,-0.06624844273606785,-0.7628602437070435,0.5912136870013986,0.5450122936639604,-0.6874893069783552,0.294840487978787,-0.37417662060819096,-0.35595485497471013,0.7590007111607789,0.1248580833488049,-0.18401719480953468,0.7746336526152126,0.008809986018927017,-0.5055458972739758,0.08450746891482375,0.6740400947987049,-0.5141632893774606,-0.8422719231952839,-0.22696809052800804,-0.6029376666888799,-0.8302347313695445,-0.17703471730445544,0.22443598573092652
0.8867761503930365,2.596822869399646,0.5971807858508981,0.7612426244392966,1.6474828939483939,0.001961674223500141,-0.8182296366234686,-1.1565929265952242,-1.124019828502222,0.2087847421091948,0.6320577312862726,0.14616617965074474,-0.520620679607372,-0.06960817155088,-0.10412024951245775,1.3277679362743837,0.5945268457142846,-0.15520349808590622,0.6093323191804018,-3.095449310494264,-0.6730640337327053,-1.774729750212625,0.05383217531754103,-0.7564347802509547,-0.8302347313695445,-0.5355625288444334,0.24548720625608939
0.23807950973912845,-0.5635178434231237,-0.4070090783984886,-0.5981463883608397,-0.06543206154987956,-0.7818727940645331,0.8832011668177653,-0.02218944642243442,-0.9123686665512561,0.35715141157997615,-0.7496371996732893,-0.5841916888953713,1.0682784251934674,-0.037197129067599186,-0.6611647059565102,-0.726730831602538,1.3376004736860072,-0.5360104537251128,0.16524975357106655,-0.8930510062781474,-0.8564110464502946,-0.5314526475228368,-0.2670824142202293,-0.9180106892636648,-0.8302347313695445,0.03808196961953134,0.18392172741950427
0.6705439368417336,0.20949041872269725,-1.193624472060508,-0.6057650617712488,-0.6364681255421052,-0.6379206270721114,1.0346833931886623,-0.5893911865088293,-0.31709977356416486,-1.2604401651068946,0.01630238161951132,1.6525292835271093,-0.06704482885057848,-0.2640744264505649,-1.8496894627381735,-0.7662404232924789,-0.7080375139067346,0.3322294051322786,0.28636318055543075,-0.6389281250224418,-0.9786423882620211,-0.8422719231952839,-0.3071967379124506,0.7946939462710624,-0.8302347313695445,1.0061070607774718,0.9933071490757153
0.5624278300660823,-0.5632405144603831,-0.11412036799241751,-0.4816895233731579,-0.25339207058713814,-0.6039696442908798,-0.12009415856629133,0.261411423620763,-0.48906634264932497,-0.06905530585215774,-0.15640948475043392,-0.08207065426991655,-0.16100261539215469,0.15726912583208572,0.21263765507249927,-0.3316349147031301,-0.017416142027133992,-0.3684553932438617,0.7304457461647654,-0.4271590573093535,-0.2085849348481448,0.4010051794945042,-0.3071967379124506,-0.5302285076331605,1.210979321551756,-0.3383722324974455,0.5547792351072148
-0.3025010241391279,-0.5635178434231237,-0.21453935441735617,-0.5774671319611578,-0.3372561009376977,-0.7044645533233252,0.5297426386190057,-0.02218944642243442,-0.6742611093564195,-0.2958670677604863,-0.28406608163256736,-0.13912986275008188,0.240275431295827,0.09244704086552409,0.6134738064753542,0.8141432443051534,-0.3933239773540051,-0.4903136190484084,-0.03660595806954023,0.8858091625117928,-0.48971702101511533,-0.8422719231952839,-0.06651079575912286,-0.21515548505837576,-0.8302347313695445,-0.19496110788145435,0.7558388990947971
0.6705439368417336,-0.17511092752252033,-0.674793042198325,-0.5698484585507488,-0.49321768554816114,-0.6379206270721114,0.4463176443857581,-0.5893911865088293,-0.6345765164906138,-0.5924670641021468,-0.6970727186041755,-0.13912986275008188,-0.06704482885057848,-0.19925234148400328,-1.0421356478942814,0.8536528359950942,-0.3233876358978431,-0.3836876714694301,0.12487861124294515,0.970516789597028,-0.3674856792033894,-0.5314526475228368,-0.628111327450221,-0.29594343956473085,-0.8302347313695445,-0.3204458419204466,0.9105199406664386
0.4543117232904312,0.3448192489578447,-0.08901562138618284,-0.513252598930567,-0.11395310230872538,-0.6800198457208385,0.1762841104202462,0.5450122936639604,-0.2774151806983591,0.13283208661569518,-0.3441397742829831,-0.40160222175884236,0.26180742404493823,-0.10201921403416082,0.8666181943038169,0.7746336526152126,0.24484513843347416,-0.45984906259727143,0.04413632658670257,0.9281629760544104,-0.2085849348481448,-0.5314526475228368,-0.3071967379124506,-0.7079620075471417,0.19037229509110573,-0.06947637384246204,0.35663485430559827
-0.5187332376904303,-0.5635178434231237,-0.7333707842795393,-0.6003231521923852,0.038793911523337735,-0.7927371085545273,0.92930445310456,-0.02218944642243442,-1.4547247690506058,0.6512589709775891,-1.1025701439944817,-0.6754864224636359,1.3403645153867818,-0.06960817155088,-0.9601239417306587,-0.726730831602538,0.11371449820317028,0.5911781349669384,-0.3595750966945112,-1.0201124469060003,-0.47749388683394295,0.09018590382205717,-0.5478826800657784,-0.667568030293964,-0.8302347313695445,-1.2705445425013882,0.06476696860678553
-2.0323587325495485,-0.5635178434231237,-1.0178912458168654,-0.5937928606977488,1.1085291147443173,-0.8090335802895184,0.806362356339774,-0.5893911865088293,-1.203389014233834,3.3306286858287235,-0.9749135471123483,-0.09348249596594962,3.335010025508993,-0.16684129900072245,-2.0388311912714956,-0.5291828731528343,-0.3670978493079445,-0.20090033276261057,0.12487861124294515,-1.6130658365026471,-0.807518509725604,0.09018590382205717,-0.10662511945134415,-0.2474706668609178,-0.8302347313695445,-0.46385696653643776,1.485140042947132e-06
0.8867761503930365,2.636034103298257,0.1034541025949496,0.12345082179647841,-0.7237345428720781,0.9930845857382519,-0.6469888589868025,-0.3057903164656318,-0.1319050068570703,-0.20613933777477395,0.5044011344041391,0.6254635308841335,-0.7384515118455918,0.4813795506648932,0.6350251774647806,1.248748752894502,-0.12232065421137706,-0.5360104537251128,0.12487861124294515,1.7752392469067628,-0.013014787949383037,0.7118244551669513,0.09394649900976233,-0.4332829622255344,0.19037229509110573,-0.15910832672745653,0.6835208937363156
0.8867761503930365,-0.05273952271320074,0.9235424917319487,0.09188774623906933,-0.8003832914236988,1.4045704970467783,-0.6316210968912042,1.1122140337503552,-0.4626099474054542,-0.24851076582358256,1.0525735798391829,0.34016748848330686,-0.7580260507084201,1.1944224852970704,-0.7839902113046072,1.248748752894502,-0.5419387029483497,-0.5969395666273856,-1.570709366538152,1.7752392469067628,-0.3797088133845618,0.4010051794945042,0.6555470307008596,0.2291782647265769,0.19037229509110573,-0.06947637384246204,0.7190996574163839
0.8867761503930365,-0.5635178434231237,-1.7124559019226913,-0.5721482643414354,-0.382969729903907,-0.6650814132970967,1.0355321695158923,-3.141799016897606,-0.9255968641731912,-0.8580145711887,-0.5243608522342303,1.5384108665667786,0.18155181470734189,-4.283043694377382,0.16036244213189438,-2.820739191169401,-0.8828783675471399,6.242353356652764,0.3671054652116733,-0.6812819385650595,-3.508831163764756,-0.8422719231952839,-0.38742538529689324,3.3395145132212463,-0.8302347313695445,3.8922559436742947,0.9766576338964289
0.7786600436173851,-0.37092828596432675,-0.4906915670859375,-0.621002408592067,-0.66044169030175,-0.6419947450058592,1.5945090123854555,-0.8729920565520267,-0.7668584927099674,-1.7115712519795043,-1.1175885671570858,-1.029253515040661,0.0778067587343515,-0.39371859638368817,-1.5061837113641185,-0.8847691983623014,1.599861754146615,-0.45984906259727143,0.4478477498679161,-0.6389281250224418,-0.5630558261021512,-1.774729750212625,-0.7484542985268848,-0.9422470756155713,-0.8302347313695445,-0.21288749845845323,0.9988985216923515
0.8867761503930365,0.3252675570846277,-0.5827423046421313,-0.44359615632111243,-0.5159107994039434,-0.3649547255110098,-0.2342546769907354,-0.3057903164656318,-0.18481779734481177,-0.320791437200962,0.21905109431466444,1.1275845655095884,-0.4604930599934288,-0.2640744264505649,0.7355543644492218,-0.2921253230131893,-0.8479101968190589,0.13420978819989055,0.7708168884928869,-0.34245143022411817,-0.7341797046385682,-0.5314526475228368,0.013717851625319735,2.935574740689471,-0.8302347313695445,0.8268431550074828,0.7738185742694538
0.4543117232904312,-0.1748644128889731,0.1034541025949496,-0.4925733425308852,0.21860970538928445,-0.7194029857470672,-0.08057705603475299,0.261411423620763,-0.5419791331370658,0.5042051912787826,-0.4117226785147008,-0.7667811560319004,0.324445948405989,0.027624955898962453,0.4291531618178412,-0.3316349147031301,3.0860090100900597,-0.2313648892137475,0.5285900345241589,-0.5542204979372065,-0.14746926394228185,0.09018590382205717,-0.3071967379124506,-1.0068774392206552,-0.8302347313695445,-0.5176361382674345,0.11105596671140756
0.021847296187825962,-0.5635178434231237,0.03650811164499049,-0.5088990712674761,0.1294179227400798,-0.723477103680815,0.0028479381984946026,-0.3057903164656318,-0.8462276784415796,0.43690939378949833,-0.4042134669333988,-0.6640745807676028,0.3459779411551002,-0.2640744264505649,0.46935229834162023,-0.37114450639307095,3.785372424651681,-0.033345272281360555,0.48821889219603753,-0.5542204979372065,-0.3063700082975259,-0.5314526475228368,-0.42753970898911453,-1.0311138255725618,-0.8302347313695445,-0.7148264346144223,0.14063812573413417
0.4543117232904312,2.886169420525743,-0.7919485263607535,-0.5720252223822943,-0.4902498523659135,-0.64063670569461,0.4660761956515273,-0.3057903164656318,-0.18481779734481177,-0.5949595010461943,0.09890370901383295,1.230291140773886,-0.05138519776031578,-0.6205958937666539,-1.1040412300312898,-0.4501636897729526,-0.7342636419527955,-0.09427438518363339,0.6900746038366445,-0.4271590573093535,-0.5630558261021512,-1.4639104745401779,-0.628111327450221,1.1986337188028378,-0.8302347313695445,0.5758736869294983,0.9113313367452667
-0.7349654512417332,-0.37092828596432675,0.22897783562612292,-0.44033101057379426,0.03105582758909445,-0.6392786663833607,-0.25181783367141913,0.5450122936639604,-0.4758381450273893,0.21508250576926485,-0.03626209944960245,-0.3673666966707431,-0.055300105532881456,-0.06960817155088,0.5799341443819993,-0.2921253230131893,-0.043642270073194614,-0.5969395666273856,0.6900746038366445,-0.4271590573093535,-0.41637821592808,-0.5314526475228368,-0.38742538529689324,-0.522149712182525,0.19037229509110573,-0.03362359268846425,0.28495789429901025
0.12996340296347736,0.32578369709861726,-1.6706146575789669,-0.6231791724236124,-0.7423322068056958,-0.6066857229133784,1.6274399311617374,-1.4401937966384215,-0.23773058783255266,-2.0430653655378306,-0.39670425535209686,1.6753529669191753,-0.15317279984702334,-0.6854179787332149,-1.5194401547270153,-0.726730831602538,-0.8216840687729982,1.2918629333430787,0.5689611768522803,-0.4271590573093535,-1.5164602922336168,-0.8422719231952839,-0.02639647206690156,2.3296650818918083,-0.8302347313695445,1.9024265896274166,0.9997084478292226
0.8867761503930365,-0.2928678865351272,0.06998110711997003,0.1582790431012057,0.023112163980865606,-0.06890215565867076,-0.6623566210824007,-1.1565929265952242,-0.22450239021061758,0.06802872607045844,0.7296774818431983,1.0134661485492578,-0.5368337615584595,-0.5881848512833731,0.7907300447548186,-0.17359654794336674,-0.43703419076410643,-0.21613261098817904,1.2148994541022218,-0.4271590573093535,-0.5019401551962882,-0.5314526475228368,-0.18685376683578675,-0.053579576045665864,1.210979321551756,0.4324625623135071,0.4182406231581638
0.8867761503930365,-0.17510322394022199,0.22897783562612292,0.10603671114411477,1.0374353820913047,-0.22173225750074024,-0.6360118860613752,-0.3057903164656318,-0.8859122713073854,0.451126744726699,0.2040326711520605,-0.002187762397685103,-0.22331281078194296,-0.2316633839672841,0.37026493807349664,-0.17359654794336674,1.77470260778702,0.2560680140044373,0.9323014578053724,-3.095449310494264,-0.0863535930364189,-0.5314526475228368,-0.18685376683578675,-0.9260894847143003,-0.8302347313695445,-1.0733542461544001,0.1404355277979482
0.8867761503930365,0.20996804082519505,-1.0262594946856103,-0.3412882562384761,-0.5956854987029676,0.07369197202250172,-0.3352428279046667,-1.7237946666816188,-0.727173899844161,-0.34073093275334254,-0.6369990259537598,0.4314622220515714,-0.566195569852702,-0.8474731911496189,1.071831701783015,-0.25261573132324844,-0.7255215992707752,-0.5512427319506812,-0.3999462390226326,-0.25774380313888284,-0.5875020944644964,-1.4639104745401779,-0.6682256511424423,1.1986337188028378,-0.8302347313695445,-0.12325554557345873,0.7875131558774608
0.7786600436173851,-0.059418528565871785,-0.36516783405476416,-0.17585420504102156,0.42172236133160124,-0.5374257180396661,-0.5108743947115038,-0.5893911865088293,-0.23773058783255266,0.34967410074783345,-0.30659371637647326,0.032047762690414094,-0.18057715425498305,-0.32889651141712656,-0.16476505597363378,-0.21310613963330757,-0.288419465169762,-0.3227585585671573,0.48821889219603753,-0.3848052437667358,-0.41637821592808,-0.5314526475228368,0.013717851625319735,-0.27978584866345985,-0.8302347313695445,0.2890514376975159,0.18846732521381943
-0.3025010241391279,-0.5635178434231237,-1.8881891281663339,-0.6340629915813397,-0.7085328144819658,-0.7533539685282987,3.8425930675129694,-1.8826111539058097,-0.5552073307590015,-3.5858838339032744,-0.5468884869781362,1.7438240170953736,0.6102342158032833,-0.7826511061830572,-1.448095096876635,-0.6872212399125972,-0.8391681541370386,1.3680243244709198,0.08450746891482375,0.7587477218839402,-1.7242535733135516,-0.5314526475228368,-0.18685376683578675,2.3296650818918083,-0.8302347313695445,1.7769418555884244,0.9999994021946262
0.23807950973912845,-0.5635178434231237,-1.285675209616702,-0.604676679855476,0.22973657661923005,-0.8022433837332721,1.0171202365079786,-0.8729920565520267,-1.388583780940929,1.2295043419966247,-1.6056873199417137,-0.6868982641596689,1.8727919724557136,-0.19925234148400328,-0.8434904464429218,0.6165952858554492,0.5508166323041834,0.027583840620913357,-0.11734824272578302,0.03873289165944037,-0.8319647780879493,-0.5314526475228368,-0.8286829459113275,-0.8049075529547676,-0.8302347313695445,-0.6610472628834257,0.00675966051071325
0.23807950973912845,-0.5635178434231237,-0.15596161233614195,-0.5818206596242488,-0.06624844273606785,-0.7628602437070435,0.5912136870013986,0.5450122936639604,-0.6874893069783552,0.294840487978787,-0.37417662060819096,-0.35595485497471013,0.7590007111607789,0.1248580833488049,-0.18401719480953468,0.7746336526152126,0.008809986018927017,-0.5055458972739758,0.08450746891482375,0.6740400947987049,-0.5141632893774606,-0.8422719231952839,-0.22696809052800804,-0.6029376666888799,-0.8302347313695445,-0.17703471730445544,0.22443598573092652
0.8867761503930365,2.596822869399646,0.5971807858508981,0.7612426244392966,1.6474828939483939,0.001961674223500141,-0.8182296366234686,-1.1565929265952242,-1.124019828502222,0.2087847421091948,0.6320577312862726,0.14616617965074474,-0.520620679607372,-0.06960817155088,-0.10412024951245775,1.3277679362743837,0.5945268457142846,-0.15520349808590622,0.6093323191804018,-3.095449310494264,-0.6730640337327053,-1.774729750212625,0.05383217531754103,-0.7564347802509547,-0.8302347313695445,-0.5355625288444334,0.24548720625608939
0.23807950973912845,-0.5635178434231237,-0.4070090783984886,-0.5981463883608397,-0.06543206154987956,-0.7818727940645331,0.8832011668177653,-0.02218944642243442,-0.9123686665512561,0.35715141157997615,-0.7496371996732893,-0.5841916888953713,1.0682784251934674,-0.037197129067599186,-0.6611647059565102,-0.726730831602538,1.3376004736860072,-0.5360104537251128,0.16524975357106655,-0.8930510062781474,-0.8564110464502946,-0.5314526475228368,-0.2670824142202293,-0.9180106892636648,-0.8302347313695445,0.03808196961953134,0.18392172741950427
0.6705439368417336,0.20949041872269725,-1.193624472060508,-0.6057650617712488,-0.6364681255421052,-0.6379206270721114,1.0346833931886623,-0.5893911865088293,-0.31709977356416486,-1.2604401651068946,0.01630238161951132,1.6525292835271093,-0.06704482885057848,-0.2640744264505649,-1.8496894627381735,-0.7662404232924789,-0.7080375139067346,0.3322294051322786,0.28636318055543075,-0.6389281250224418,-0.9786423882620211,-0.8422719231952839,-0.3071967379124506,0.7946939462710624,-0.8302347313695445,1.0061070607774718,0.9933071490757153
0.5624278300660823,-0.5632405144603831,-0.11412036799241751,-0.4816895233731579,-0.25339207058713814,-0.6039696442908798,-0.12009415856629133,0.261411423620763,-0.48906634264932497,-0.06905530585215774,-0.15640948475043392,-0.08207065426991655,-0.16100261539215469,0.15726912583208572,0.21263765507249927,-0.3316349147031301,-0.017416142027133992,-0.3684553932438617,0.7304457461647654,-0.4271590573093535,-0.2085849348481448,0.4010051794945042,-0.3071967379124506,-0.5302285076331605,1.210979321551756,-0.3383722324974455,0.5547792351072148
-0.3025010241391279,-0.5635178434231237,-0.21453935441735617,-0.5774671319611578,-0.3372561009376977,-0.7044645533233252,0.5297426386190057,-0.02218944642243442,-0.6742611093564195,-0.2958670677604863,-0.28406608163256736,-0.13912986275008188,0.240275431295827,0.09244704086552409,0.6134738064753542,0.8141432443051534,-0.3933239773540051,-0.4903136190484084,-0.03660595806954023,0.8858091625117928,-0.48971702101511533,-0.8422719231952839,-0.06651079575912286,-0.21515548505837576,-0.8302347313695445,-0.19496110788145435,0.7558388990947971
0.6705439368417336,-0.17511092752252033,-0.674793042198325,-0.5698484585507488,-0.49321768554816114,-0.6379206270721114,0.4463176443857581,-0.5893911865088293,-0.6345765164906138,-0.5924670641021468,-0.6970727186041755,-0.13912986275008188,-0.06704482885057848,-0.19925234148400328,-1.0421356478942814,0.8536528359950942,-0.3233876358978431,-0.3836876714694301,0.12487861124294515,0.970516789597028,-0.3674856792033894,-0.5314526475228368,-0.628111327450221,-0.29594343956473085,-0.8302347313695445,-0.3204458419204466,0.9105199406664386
0.4543117232904312,0.3448192489578447,-0.08901562138618284,-0.513252598930567,-0.11395310230872538,-0.6800198457208385,0.1762841104202462,0.5450122936639604,-0.2774151806983591,0.13283208661569518,-0.3441397742829831,-0.40160222175884236,0.26180742404493823,-0.10201921403416082,0.8666181943038093,0.7746336526152126,0.24484513843347416,-0.45984906259727143,0.04413632658670257,0.9281629760544104,-0.2085849348481448,-0.5314526475228368,-0.3071967379124506,-0.7079620075471417,0.19037229509110573,-0.06947637384246204,0.35663485430559827
